Date,ASCL
2016-02-09,200.0
2016-02-10,206.0
2016-02-11,210.25
2016-02-12,218.0
2016-02-15,221.875
2016-02-16,220.0
2016-02-17,220.5
2016-02-18,220.0
2016-02-19,225.125
2016-02-22,223.0
2016-02-23,228.0
2016-02-24,225.125
2016-02-25,230.0
2016-02-26,236.25
2016-02-29,235.25
2016-03-01,237.75
2016-03-02,239.5
2016-03-03,239.75
2016-03-04,244.25
2016-03-07,245.0
2016-03-08,244.0
2016-03-09,248.0
2016-03-10,236.25
2016-03-11,240.0
2016-03-14,240.0
2016-03-15,232.0
2016-03-16,242.0
2016-03-17,230.75
2016-03-18,232.5
2016-03-21,232.0
2016-03-22,234.0
2016-03-23,234.0
2016-03-24,234.0
2016-03-29,234.5
2016-03-30,230.0
2016-03-31,230.0
2016-04-01,230.125
2016-04-04,230.25
2016-04-05,240.0
2016-04-06,237.0
2016-04-07,236.25
2016-04-08,236.25
2016-04-11,238.0
2016-04-12,236.25
2016-04-13,238.0
2016-04-14,239.75
2016-04-15,237.25
2016-04-18,236.0
2016-04-19,237.5
2016-04-20,239.0
2016-04-21,239.0
2016-04-22,240.0
2016-04-25,239.0
2016-04-26,240.0
2016-04-27,236.25
2016-04-28,233.0
2016-04-29,226.0
2016-05-03,231.75
2016-05-04,235.0
2016-05-05,236.25
2016-05-06,238.0
2016-05-09,239.0
2016-05-10,237.75
2016-05-11,236.0
2016-05-12,233.0
2016-05-13,230.25
2016-05-16,230.25
2016-05-17,232.0
2016-05-18,225.0
2016-05-19,229.25
2016-05-20,229.0
2016-05-23,234.0
2016-05-24,229.0
2016-05-25,225.0
2016-05-26,228.0
2016-05-27,231.0
2016-05-31,235.5
2016-06-01,235.25
2016-06-02,243.75
2016-06-03,247.0
2016-06-06,251.5
2016-06-07,253.0
2016-06-08,254.5
2016-06-09,254.0
2016-06-10,252.0
2016-06-13,250.0
2016-06-14,249.25
2016-06-15,250.5
2016-06-16,254.0
2016-06-17,268.0
2016-06-20,267.0
2016-06-21,267.0
2016-06-22,262.6
2016-06-23,259.0
2016-06-24,243.1
2016-06-27,231.8
2016-06-28,240.0
2016-06-29,250.0
2016-06-30,250.0
2016-07-01,250.0
2016-07-04,243.8
2016-07-05,242.6
2016-07-06,240.0
2016-07-07,238.0
2016-07-08,233.7
2016-07-11,244.5
2016-07-12,257.0
2016-07-13,256.9
2016-07-14,264.2
2016-07-15,257.7
2016-07-18,245.8
2016-07-19,249.9
2016-07-20,251.0
2016-07-21,254.3
2016-07-22,247.2
2016-07-25,251.3
2016-07-26,256.4
2016-07-27,267.2
2016-07-28,272.4
2016-07-29,270.3
2016-08-01,265.4
2016-08-02,250.0
2016-08-03,242.3
2016-08-04,248.0
2016-08-05,246.5
2016-08-08,242.0
2016-08-09,245.4
2016-08-10,240.1
2016-08-11,246.2
2016-08-12,250.0
2016-08-15,245.3
2016-08-16,245.0
2016-08-17,248.9
2016-08-18,257.1
2016-08-19,255.3
2016-08-22,255.0
2016-08-23,262.0
2016-08-24,268.4
2016-08-25,265.5
2016-08-26,266.4
2016-08-30,268.2
2016-08-31,265.0
2016-09-01,255.0
2016-09-02,254.0
2016-09-05,255.0
2016-09-06,265.6
2016-09-07,260.0
2016-09-08,260.0
2016-09-09,260.0
2016-09-12,259.9
2016-09-13,260.0
2016-09-14,262.2
2016-09-15,262.0
2016-09-16,267.7
2016-09-19,275.0
2016-09-20,279.0
2016-09-21,273.2
2016-09-22,269.5
2016-09-23,268.0
2016-09-26,269.9
2016-09-27,270.6
2016-09-28,277.4
2016-09-29,283.5
2016-09-30,281.0
2016-10-03,287.5
2016-10-04,282.8
2016-10-05,286.1
2016-10-06,285.4
2016-10-07,284.3
2016-10-10,281.9
2016-10-11,284.8
2016-10-12,283.7
2016-10-13,286.0
2016-10-14,286.3
2016-10-17,284.0
2016-10-18,288.1
2016-10-19,289.7
2016-10-20,287.3
2016-10-21,288.2
2016-10-24,287.2
2016-10-25,289.6
2016-10-26,285.7
2016-10-27,287.0
2016-10-28,288.2
2016-10-31,288.5
2016-11-01,285.9
2016-11-02,289.9
2016-11-03,291.4
2016-11-04,287.7
2016-11-07,294.8
2016-11-08,291.7
2016-11-09,295.0
2016-11-10,297.9
2016-11-11,290.0
2016-11-14,284.8
2016-11-15,280.0
2016-11-16,282.0
2016-11-17,284.3
2016-11-18,283.6
2016-11-21,282.0
2016-11-22,277.6
2016-11-23,280.3
2016-11-24,275.3
2016-11-25,276.7
2016-11-28,277.3
2016-11-29,277.5
2016-11-30,276.3
2016-12-01,265.1
2016-12-02,265.0
2016-12-05,265.0
2016-12-06,266.3
2016-12-07,263.0
2016-12-08,264.5
2016-12-09,265.1
2016-12-12,267.0
2016-12-13,268.7
2016-12-14,267.0
2016-12-15,268.9
2016-12-16,264.1
2016-12-19,265.5
2016-12-20,265.2
2016-12-21,265.3
2016-12-22,267.8
2016-12-23,269.9
2016-12-28,270.0
2016-12-29,267.9
2016-12-30,269.9
2017-01-03,269.9
2017-01-04,268.0
2017-01-05,273.1
2017-01-06,278.9
2017-01-09,283.0
2017-01-10,283.0
2017-01-11,279.5
2017-01-12,281.9
2017-01-13,291.4
2017-01-16,296.2
2017-01-17,293.9
2017-01-18,293.5
2017-01-19,292.5
2017-01-20,292.4
2017-01-23,293.9
2017-01-24,290.7
2017-01-25,288.0
2017-01-26,289.0
2017-01-27,289.0
2017-01-30,288.5
2017-01-31,286.1
2017-02-01,288.5
2017-02-02,288.7
2017-02-03,292.0
2017-02-06,289.9
2017-02-07,300.5
2017-02-08,315.0
2017-02-09,313.3
2017-02-10,312.5
2017-02-13,309.5
2017-02-14,303.7
2017-02-15,305.8
2017-02-16,305.0
2017-02-17,306.3
2017-02-20,316.9
2017-02-21,310.0
2017-02-22,310.0
2017-02-23,307.0
2017-02-24,306.1
2017-02-27,295.8
2017-02-28,297.0
2017-03-01,295.0
2017-03-02,303.3
2017-03-03,301.0
2017-03-06,301.0
2017-03-07,305.3
2017-03-08,316.0
2017-03-09,312.0
2017-03-10,314.6
2017-03-13,314.8
2017-03-14,314.0
2017-03-15,311.8
2017-03-16,312.9
2017-03-17,319.8
2017-03-20,317.9
2017-03-21,315.2
2017-03-22,309.1
2017-03-23,315.2
2017-03-24,319.8
2017-03-27,318.0
2017-03-28,317.5
2017-03-29,316.2
2017-03-30,319.0
2017-03-31,320.5
2017-04-03,320.0
2017-04-04,319.0
2017-04-05,320.0
2017-04-06,320.6
2017-04-07,320.0
2017-04-10,320.4
2017-04-11,315.0
2017-04-12,318.3
2017-04-13,319.6
2017-04-18,312.0
2017-04-19,319.0
2017-04-20,320.3
2017-04-21,322.5
2017-04-24,330.8
2017-04-25,341.3
2017-04-26,343.3
2017-04-27,345.0
2017-04-28,352.8
2017-05-02,350.7
2017-05-03,345.3
2017-05-04,335.2
2017-05-05,331.1
2017-05-08,334.9
2017-05-09,339.5
2017-05-10,336.9
2017-05-11,337.0
2017-05-12,335.6
2017-05-15,338.1
2017-05-16,354.0
2017-05-17,346.5
2017-05-18,337.0
2017-05-19,339.4
2017-05-22,340.0
2017-05-23,341.2
2017-05-24,350.7
2017-05-25,360.1
2017-05-26,353.2
2017-05-30,352.6
2017-05-31,354.9
2017-06-01,350.6
2017-06-02,351.6
2017-06-05,348.0
2017-06-06,343.5
2017-06-07,350.7
2017-06-08,351.0
2017-06-09,352.3
2017-06-12,351.8
2017-06-13,352.3
2017-06-14,359.0
2017-06-15,339.6
2017-06-16,335.6
2017-06-19,336.9
2017-06-20,336.0
2017-06-21,321.0
2017-06-22,315.6
2017-06-23,336.0
2017-06-26,320.0
2017-06-27,319.8
2017-06-28,320.0
2017-06-29,318.7
2017-06-30,323.6
2017-07-03,330.7
2017-07-04,330.0
2017-07-05,326.1
2017-07-06,322.9
2017-07-07,323.9
2017-07-10,321.8
2017-07-11,322.9
2017-07-12,322.4
2017-07-13,326.6
2017-07-14,325.9
2017-07-17,327.6
2017-07-18,336.3
2017-07-19,334.0
2017-07-20,335.0
2017-07-21,336.4
2017-07-24,350.0
2017-07-25,362.0
2017-07-26,353.0
2017-07-27,358.4
2017-07-28,357.1
2017-07-31,359.0
2017-08-01,371.1
2017-08-02,362.2
2017-08-03,362.0
2017-08-04,361.0
2017-08-07,360.8
2017-08-08,361.5
2017-08-09,364.4
2017-08-10,359.7
2017-08-11,355.6
2017-08-14,354.3
2017-08-15,364.9
2017-08-16,364.3
2017-08-17,365.1
2017-08-18,365.7
2017-08-21,365.0
2017-08-22,368.6
2017-08-23,365.1
2017-08-24,366.0
2017-08-25,370.4
2017-08-29,364.3
2017-08-30,371.9
2017-08-31,375.6
2017-09-01,386.0
2017-09-04,378.9
2017-09-05,376.9
2017-09-06,374.0
2017-09-07,375.4
2017-09-08,375.7
2017-09-11,375.6
2017-09-12,365.7
2017-09-13,365.7
2017-09-14,368.6
2017-09-15,368.2
2017-09-18,366.5
2017-09-19,365.8
2017-09-20,360.7
2017-09-21,352.7
2017-09-22,350.5
2017-09-25,351.6
2017-09-26,354.2
2017-09-27,355.9
2017-09-28,347.0
2017-09-29,343.5
2017-10-02,346.1
2017-10-03,346.2
2017-10-04,344.9
2017-10-05,346.0
2017-10-06,345.7
2017-10-09,341.5
2017-10-10,342.1
2017-10-11,335.7
2017-10-12,345.9
2017-10-13,352.7
2017-10-16,347.8
2017-10-17,342.5
2017-10-18,347.4
2017-10-19,346.6
2017-10-20,347.8
2017-10-23,347.8
2017-10-24,348.4
2017-10-25,345.0
2017-10-26,348.9
2017-10-27,345.2
2017-10-30,344.486
2017-10-31,341.032
2017-11-01,340.345
2017-11-02,350.482
2017-11-03,359.97
2017-11-06,366.7
2017-11-07,369.1
2017-11-08,371.7
2017-11-09,370.0
2017-11-10,366.0
2017-11-13,364.527
2017-11-14,359.655
2017-11-15,348.777
2017-11-16,349.818
2017-11-17,348.322
2017-11-20,352.6
2017-11-21,350.3
2017-11-22,351.0
2017-11-23,352.0
2017-11-24,353.4
2017-11-27,355.9
2017-11-28,364.6
2017-11-29,355.0
2017-11-30,354.1
2017-12-01,354.1
2017-12-04,354.4
2017-12-05,356.3
2017-12-06,356.8
2017-12-07,353.8
2017-12-08,356.5
2017-12-11,362.9
2017-12-12,365.2
2017-12-13,360.8
2017-12-14,361.5
2017-12-15,360.0
2017-12-18,361.0
2017-12-19,368.8
2017-12-20,368.0
2017-12-21,367.8
2017-12-22,368.1
2017-12-27,377.9
2017-12-28,383.1
2017-12-29,385.3
2018-01-02,390.4
2018-01-03,386.4
2018-01-04,384.8
2018-01-05,391.0
2018-01-08,390.0
2018-01-09,387.8
2018-01-10,381.4
2018-01-11,382.2
2018-01-12,383.4
2018-01-15,382.4
2018-01-16,382.8
2018-01-17,379.0
2018-01-18,377.0
2018-01-19,377.0
2018-01-22,378.8
2018-01-23,380.0
2018-01-24,371.0
2018-01-25,371.0
2018-01-26,372.4
2018-01-29,372.2
2018-01-30,368.2
2018-01-31,363.4
2018-02-01,366.6
2018-02-02,362.8
2018-02-05,353.0
2018-02-06,346.0
2018-02-07,363.2
2018-02-08,351.0
2018-02-09,350.2
2018-02-12,359.2
2018-02-13,357.2
2018-02-14,361.8
2018-02-15,371.2
2018-02-16,364.0
2018-02-19,362.0
2018-02-20,370.6
2018-02-21,376.0
2018-02-22,370.8
2018-02-23,378.2
2018-02-26,400.6
2018-02-27,410.0
2018-02-28,407.2
2018-03-01,400.0
2018-03-02,397.8
2018-03-05,398.0
2018-03-06,399.8
2018-03-07,400.0
2018-03-08,408.0
2018-03-09,403.4
2018-03-12,403.6
2018-03-13,403.8
2018-03-14,414.4
2018-03-15,412.705
2018-03-16,421.0
2018-03-19,415.2
2018-03-20,413.6
2018-03-21,414.2
2018-03-22,409.233
2018-03-23,410.7
2018-03-26,403.0
2018-03-27,410.4
2018-03-28,410.8
2018-03-29,416.8
2018-04-03,418.4
2018-04-04,416.6
2018-04-05,419.0
2018-04-06,420.2
2018-04-09,420.2
2018-04-10,405.2
2018-04-11,406.6
2018-04-12,404.2
2018-04-13,403.0
2018-04-16,403.2
2018-04-17,402.4
2018-04-18,413.0
2018-04-19,407.6
2018-04-20,407.2
2018-04-23,412.4
2018-04-24,416.0
2018-04-25,416.0
2018-04-26,407.6
2018-04-27,412.0
2018-04-30,421.4
2018-05-01,420.0
2018-05-02,422.4
2018-05-03,422.2
2018-05-04,425.4
2018-05-08,424.8
2018-05-09,424.4
2018-05-10,422.8
2018-05-11,420.6
2018-05-14,420.0
2018-05-15,416.6
2018-05-16,413.4
2018-05-17,409.0
2018-05-18,409.8
2018-05-21,424.4
2018-05-22,430.0
2018-05-23,426.0
2018-05-24,430.6
2018-05-25,433.4
2018-05-29,422.4
2018-05-30,423.4
2018-05-31,431.2
2018-06-01,428.4
2018-06-04,432.6
2018-06-05,432.2
2018-06-06,435.6
2018-06-07,415.8
2018-06-08,419.0
2018-06-11,426.0
2018-06-12,436.2
2018-06-13,437.2
2018-06-14,437.2
2018-06-15,435.0
2018-06-18,430.6
2018-06-19,421.2
2018-06-20,423.0
2018-06-21,429.0
2018-06-22,445.6
2018-06-25,443.4
2018-06-26,443.2
2018-06-27,447.6
2018-06-28,448.8
2018-06-29,452.6
2018-07-02,452.4
2018-07-03,447.8
2018-07-04,435.8
2018-07-05,432.4
2018-07-06,432.8
2018-07-09,432.0
2018-07-10,455.4
2018-07-11,452.6
2018-07-12,457.2
2018-07-13,451.0
2018-07-16,453.722
2018-07-17,457.0
2018-07-18,465.0
2018-07-19,460.2
2018-07-20,459.4
2018-07-23,433.4
2018-07-24,429.0
2018-07-25,423.4
2018-07-26,408.0
2018-07-27,410.2
2018-07-30,421.0
2018-07-31,420.0
2018-08-01,408.4
2018-08-02,404.0
2018-08-03,403.6
2018-08-06,413.2
2018-08-07,416.0
2018-08-08,412.4
2018-08-09,416.8
2018-08-10,418.0
2018-08-13,415.0
2018-08-14,420.0
2018-08-15,412.0
2018-08-16,419.8
2018-08-17,423.6
2018-08-20,429.2
2018-08-21,428.0
2018-08-22,421.6
2018-08-23,420.0
2018-08-24,425.2
2018-08-28,426.8
2018-08-29,428.2
2018-08-30,427.4
2018-08-31,430.8
2018-09-03,431.6
2018-09-04,434.8
2018-09-05,423.6
2018-09-06,424.0
2018-09-07,434.6
2018-09-10,424.0
2018-09-11,422.0
2018-09-12,424.0
2018-09-13,421.4
2018-09-14,418.0
2018-09-17,416.8
2018-09-18,422.4
2018-09-19,419.2
2018-09-20,424.4
2018-09-21,427.2
2018-09-24,424.0
2018-09-25,419.2
2018-09-26,417.2
2018-09-27,418.2
2018-09-28,418.0
2018-10-01,424.4
2018-10-02,408.8
2018-10-03,404.6
2018-10-04,402.8
2018-10-05,399.0
2018-10-08,386.0
2018-10-09,370.8
2018-10-10,363.2
2018-10-11,358.6
2018-10-12,357.4
2018-10-15,349.4
2018-10-16,369.6
2018-10-17,376.4
2018-10-18,376.0
2018-10-19,367.8
2018-10-22,373.2
2018-10-23,372.2
2018-10-24,378.0
2018-10-25,376.6
2018-10-26,369.8
2018-10-29,369.6
2018-10-30,367.8
2018-10-31,376.8
2018-11-01,402.4
2018-11-02,409.8
2018-11-05,404.4
2018-11-06,399.8
2018-11-07,402.8
2018-11-08,404.8
2018-11-09,403.8
2018-11-12,393.6
2018-11-13,399.2
2018-11-14,393.6
2018-11-15,393.4
2018-11-16,392.0
2018-11-19,396.0
2018-11-20,376.6
2018-11-21,384.8
2018-11-22,381.8
2018-11-23,383.0
2018-11-26,385.0
2018-11-27,383.4
2018-11-28,382.0
2018-11-29,381.0
2018-11-30,379.0
2018-12-03,382.0
2018-12-04,372.6
2018-12-05,368.8
2018-12-06,356.8
2018-12-07,362.8
2018-12-10,358.4
2018-12-11,365.2
2018-12-12,372.6
2018-12-13,366.6
2018-12-14,369.8
2018-12-17,359.8
2018-12-18,370.0
2018-12-19,381.6
2018-12-20,374.2
2018-12-21,376.2
2018-12-24,370.0
2018-12-27,365.4
2018-12-28,374.4
2018-12-31,377.0
2019-01-02,375.0
2019-01-03,380.6
2019-01-04,390.2
2019-01-07,397.8
2019-01-08,411.0
2019-01-09,404.2
2019-01-10,407.8
2019-01-11,405.0
2019-01-14,404.4
2019-01-15,394.4
2019-01-16,388.4
2019-01-17,385.0
2019-01-18,388.8
2019-01-21,392.4
2019-01-22,386.4
2019-01-23,381.6
2019-01-24,383.0
2019-01-25,382.2
2019-01-28,383.0
2019-01-29,383.2
2019-01-30,385.0
2019-01-31,380.0
2019-02-01,388.0
2019-02-04,396.0
2019-02-05,399.4
2019-02-06,396.6
2019-02-07,389.6
2019-02-08,387.2
2019-02-11,385.2
2019-02-12,387.2
2019-02-13,386.0
2019-02-14,383.2
2019-02-15,386.8
2019-02-18,386.0
2019-02-19,382.8
2019-02-20,381.6
2019-02-21,384.0
2019-02-22,384.4
2019-02-25,377.0
2019-02-26,366.0
2019-02-27,360.6
2019-02-28,367.8
2019-03-01,362.0
2019-03-04,364.4
2019-03-05,354.6
2019-03-06,340.6
2019-03-07,351.4
2019-03-08,353.2
2019-03-11,351.0
2019-03-12,348.8
2019-03-13,351.6
2019-03-14,349.8
2019-03-15,357.6
2019-03-18,355.0
2019-03-19,362.8
2019-03-20,359.2
2019-03-21,347.8
2019-03-22,347.0
2019-03-25,341.0
2019-03-26,337.2
2019-03-27,342.2
2019-03-28,342.4
2019-03-29,356.6
2019-04-01,355.6
2019-04-02,364.6
2019-04-03,361.4
2019-04-04,367.2
2019-04-05,369.2
2019-04-08,369.0
2019-04-09,361.6
2019-04-10,354.0
2019-04-11,354.0
2019-04-12,353.0
2019-04-15,355.4
2019-04-16,352.0
2019-04-17,355.0
2019-04-18,354.4
2019-04-23,351.8
2019-04-24,357.0
2019-04-25,357.8
2019-04-26,359.2
2019-04-29,356.0
2019-04-30,356.6
2019-05-01,368.6
2019-05-02,358.6
2019-05-03,351.0
2019-05-07,351.8
2019-05-08,355.0
2019-05-09,348.6
2019-05-10,349.2
2019-05-13,354.0
2019-05-14,362.4
2019-05-15,370.6
2019-05-16,384.0
2019-05-17,382.2
2019-05-20,386.6
2019-05-21,389.4
2019-05-22,392.0
2019-05-23,396.2
2019-05-24,400.0
2019-05-28,398.4
2019-05-29,396.0
2019-05-30,397.2
2019-05-31,383.6
2019-06-03,367.0
2019-06-04,366.0
2019-06-05,360.4
2019-06-06,369.8
2019-06-07,380.4
2019-06-10,382.2
2019-06-11,377.8
2019-06-12,374.0
2019-06-13,380.0
2019-06-14,369.4
2019-06-17,370.4
2019-06-18,366.8
2019-06-19,356.8
2019-06-20,363.0
2019-06-21,365.4
2019-06-24,366.6
2019-06-25,355.6
2019-06-26,355.2
2019-06-27,354.4
2019-06-28,356.2
2019-07-01,352.4
2019-07-02,351.2
2019-07-03,349.4
2019-07-04,347.6
2019-07-05,352.2
2019-07-08,350.8
2019-07-09,357.6
2019-07-10,356.2
2019-07-11,360.0
2019-07-12,375.6
2019-07-15,378.4
2019-07-16,381.8
2019-07-17,374.2
2019-07-18,376.2
2019-07-19,379.4
2019-07-22,396.2
2019-07-23,390.0
2019-07-24,378.8
2019-07-25,375.6
2019-07-26,390.0
2019-07-29,387.2
2019-07-30,397.6
2019-07-31,398.2
2019-08-01,392.0
2019-08-02,384.0
2019-08-05,373.4
2019-08-06,371.2
2019-08-07,372.0
2019-08-08,369.6
2019-08-09,373.0
2019-08-12,366.4
2019-08-13,363.0
2019-08-14,356.6
2019-08-15,367.6
2019-08-16,373.8
2019-08-19,377.0
2019-08-20,370.4
2019-08-21,374.6
2019-08-22,377.0
2019-08-23,379.0
2019-08-27,387.4
2019-08-28,382.6
2019-08-29,375.8
2019-08-30,378.6
2019-09-02,385.8
2019-09-03,387.8
2019-09-04,395.0
2019-09-05,394.8
2019-09-06,385.8
2019-09-09,380.2
2019-09-10,369.0
2019-09-11,384.6
2019-09-12,377.6
2019-09-13,386.4
2019-09-16,380.2
2019-09-17,381.0
2019-09-18,395.8
2019-09-19,392.0
2019-09-20,392.4
2019-09-23,386.6
2019-09-24,379.2
2019-09-25,376.6
2019-09-26,378.2
2019-09-27,379.0
2019-09-30,379.0
2019-10-01,376.0
2019-10-02,359.2
2019-10-03,354.0
2019-10-04,354.4
2019-10-07,348.0
2019-10-08,348.6
2019-10-09,357.4
2019-10-10,355.8
2019-10-11,365.0
2019-10-14,363.4
2019-10-15,361.2
2019-10-16,356.4
2019-10-17,362.4
2019-10-18,361.2
2019-10-21,357.2
2019-10-22,355.6
2019-10-23,358.6
2019-10-24,363.6
2019-10-25,352.4
2019-10-28,359.2
2019-10-29,350.0
2019-10-30,349.0
2019-10-31,349.2
2019-11-01,352.0
2019-11-04,349.4
2019-11-05,335.0
2019-11-06,332.6
2019-11-07,332.4
2019-11-08,339.4
2019-11-11,338.6
2019-11-12,339.0
2019-11-13,338.4
2019-11-14,338.4
2019-11-15,338.0
2019-11-18,341.6
2019-11-19,343.0
2019-11-20,329.2
2019-11-21,319.8
2019-11-22,325.0
2019-11-25,324.2
2019-11-26,324.2
2019-11-27,322.0
2019-11-28,319.0
2019-11-29,328.0
2019-12-02,328.4
2019-12-03,324.4
2019-12-04,323.4
2019-12-05,330.0
2019-12-06,336.2
2019-12-09,342.0
2019-12-10,342.0
2019-12-11,340.4
2019-12-12,345.8
2019-12-13,360.8
2019-12-16,363.4
2019-12-17,360.8
2019-12-18,368.8
2019-12-19,373.4
2019-12-20,378.2
2019-12-23,387.0
2019-12-24,388.4
2019-12-27,391.0
2019-12-30,391.0
2019-12-31,391.8
2020-01-02,387.8
2020-01-03,389.6
2020-01-06,386.8
2020-01-07,390.0
2020-01-08,402.4
2020-01-09,403.2
2020-01-10,403.8
2020-01-13,409.8
2020-01-14,412.4
2020-01-15,421.2
2020-01-16,410.8
2020-01-17,412.4
2020-01-20,407.6
2020-01-21,408.0
2020-01-22,409.0
2020-01-23,405.0
2020-01-24,403.6
2020-01-27,396.0
2020-01-28,390.8
2020-01-29,367.2
2020-01-30,360.6
2020-01-31,365.2
2020-02-03,366.0
2020-02-04,378.6
2020-02-05,382.6
2020-02-06,388.6
2020-02-07,386.4
2020-02-10,386.0
2020-02-11,390.0
2020-02-12,380.4
2020-02-13,368.2
2020-02-14,373.0
2020-02-17,366.6
2020-02-18,361.4
2020-02-19,367.4
2020-02-20,361.8
2020-02-21,354.0
2020-02-24,367.6
2020-02-25,361.0
2020-02-26,354.8
2020-02-27,347.2
2020-02-28,341.8
2020-03-02,327.8
2020-03-03,330.4
2020-03-04,335.6
2020-03-05,316.2
2020-03-06,297.4
2020-03-09,273.242
2020-03-10,264.2
2020-03-11,272.0
2020-03-12,267.8
2020-03-13,280.0
2020-03-16,265.2
2020-03-17,255.0
2020-03-18,241.0
2020-03-19,224.0
2020-03-20,223.2
2020-03-23,208.4
2020-03-24,219.8
2020-03-25,251.6
2020-03-26,255.2
2020-03-27,242.4
2020-03-30,242.8
2020-03-31,246.8
2020-04-01,236.4
2020-04-02,224.4
2020-04-03,192.6
2020-04-06,176.5
2020-04-07,209.8
2020-04-08,195.6
2020-04-09,210.6
2020-04-14,218.0
2020-04-15,200.4
2020-04-16,208.6
2020-04-17,220.8
2020-04-20,219.0
2020-04-21,219.0
2020-04-22,208.4
2020-04-23,211.0
2020-04-24,209.4
2020-04-27,216.0
2020-04-28,231.2
2020-04-29,261.0
2020-04-30,253.0
2020-05-01,241.6
2020-05-04,235.2
2020-05-05,235.6
2020-05-06,234.2
2020-05-07,242.0
2020-05-11,236.0
2020-05-12,240.4
2020-05-13,237.0
2020-05-14,222.0
2020-05-15,233.2
2020-05-18,253.8
2020-05-19,257.2
2020-05-20,257.2
2020-05-21,271.0
2020-05-22,274.8
2020-05-26,270.0
2020-05-27,288.6
2020-05-28,278.0
2020-05-29,273.6
2020-06-01,279.6
2020-06-02,275.0
2020-06-03,271.6
2020-06-04,297.0
2020-06-05,303.2
2020-06-08,300.0
2020-06-09,297.8
2020-06-10,278.6
2020-06-11,272.0
2020-06-12,279.6
2020-06-15,281.4
2020-06-16,289.6
2020-06-17,301.8
2020-06-18,301.6
2020-06-19,290.6
2020-06-22,297.0
2020-06-23,304.0
2020-06-24,279.8
2020-06-25,282.0
2020-06-26,284.0
2020-06-29,285.4
2020-06-30,289.6
2020-07-01,283.6
2020-07-02,290.0
2020-07-03,282.4
2020-07-06,285.2
2020-07-07,289.8
2020-07-08,288.2
2020-07-09,284.6
2020-07-10,294.2
2020-07-13,303.6
2020-07-14,300.4
2020-07-15,303.4
2020-07-16,309.0
2020-07-17,307.6
2020-07-20,314.4
2020-07-21,324.4
2020-07-22,315.8
2020-07-23,309.8
2020-07-24,298.2
2020-07-27,272.0
2020-07-28,281.2
2020-07-29,276.8
2020-07-30,270.8
2020-07-31,270.0
2020-08-03,278.2
2020-08-04,275.6
2020-08-05,271.8
2020-08-06,283.0
2020-08-07,294.6
2020-08-10,299.0
2020-08-11,300.4
2020-08-12,307.6
2020-08-13,308.4
2020-08-14,300.6
2020-08-17,291.0
2020-08-18,290.0
2020-08-19,298.4
2020-08-20,297.2
2020-08-21,301.0
2020-08-24,307.0
2020-08-25,307.0
2020-08-26,300.2
2020-08-27,310.2
2020-08-28,313.0
2020-09-01,287.6
2020-09-02,293.0
2020-09-03,287.6
2020-09-04,284.6
2020-09-07,302.0
2020-09-08,310.0
2020-09-09,310.0
2020-09-10,310.4
2020-09-11,289.4
2020-09-14,292.4
2020-09-15,293.8
2020-09-16,294.2
2020-09-17,287.8
2020-09-18,293.2
2020-09-21,281.2
2020-09-22,273.0
2020-09-23,269.4
2020-09-24,268.4
2020-09-25,298.2
2020-09-28,297.6
2020-09-29,288.4
2020-09-30,294.4
2020-10-01,299.6
2020-10-02,304.6
2020-10-05,311.8
2020-10-06,316.8
2020-10-07,311.0
2020-10-08,318.0
2020-10-09,325.2
2020-10-12,318.6
2020-10-13,311.2
2020-10-14,304.2
2020-10-15,299.8
2020-10-16,298.0
2020-10-19,298.0
2020-10-20,299.0
2020-10-21,299.6
2020-10-22,308.6
2020-10-23,317.0
2020-10-26,315.8
2020-10-27,295.6
2020-10-28,284.0
2020-10-29,275.0
2020-10-30,276.4
2020-11-02,267.0
2020-11-03,275.0
2020-11-04,275.0
2020-11-05,275.0
2020-11-06,273.0
2020-11-09,341.6
2020-11-10,355.8
2020-11-11,344.4
2020-11-12,345.0
2020-11-13,345.0
2020-11-16,358.0
2020-11-17,351.0
2020-11-18,355.0
2020-11-19,349.6
2020-11-20,352.2
2020-11-23,351.4
2020-11-24,352.0
2020-11-25,345.2
2020-11-26,332.4
2020-11-27,340.6
2020-11-30,336.0
2020-12-01,352.2
2020-12-02,363.2
2020-12-03,380.2
2020-12-04,393.2
2020-12-07,377.2
2020-12-08,364.8
2020-12-09,366.4
2020-12-10,358.8
2020-12-11,362.0
2020-12-14,361.0
2020-12-15,368.2
2020-12-16,375.6
2020-12-17,373.8
2020-12-18,364.8
2020-12-21,362.6
2020-12-22,375.0
2020-12-23,393.2
2020-12-24,394.0
2020-12-29,401.0
2020-12-30,393.0
2020-12-31,384.0
2021-01-04,390.8
2021-01-05,376.6
2021-01-06,386.4
2021-01-07,375.0
2021-01-08,371.4
2021-01-11,360.0
2021-01-12,366.0
2021-01-13,364.6
2021-01-14,368.4
2021-01-15,358.2
2021-01-18,355.8
2021-01-19,354.4
2021-01-20,373.0
2021-01-21,360.0
2021-01-22,357.4
2021-01-25,347.6
2021-01-26,352.0
2021-01-27,337.0
2021-01-28,338.0
2021-01-29,331.6
2021-02-01,332.8
2021-02-02,345.8
2021-02-03,342.4
2021-02-04,351.6
2021-02-05,358.0
2021-02-08,364.2
2021-02-09,365.0
2021-02-10,364.0
2021-02-11,367.2
2021-02-12,368.8
2021-02-15,374.8
2021-02-16,375.8
2021-02-17,365.0
2021-02-18,365.4
2021-02-19,371.8
2021-02-22,380.4
2021-02-23,374.0
2021-02-24,373.6
2021-02-25,359.2
2021-02-26,357.6
2021-03-01,365.2
2021-03-02,362.6
2021-03-03,379.8
2021-03-04,380.2
2021-03-05,366.8
2021-03-08,379.4
2021-03-09,377.8
2021-03-10,370.0
2021-03-11,370.0
2021-03-12,371.0
2021-03-15,356.0
2021-03-16,370.0
2021-03-17,365.0
2021-03-18,362.4
2021-03-19,356.0
2021-03-22,360.2
2021-03-23,358.2
2021-03-24,354.6
2021-03-25,344.2
2021-03-26,347.0
2021-03-29,348.0
2021-03-30,341.6
2021-03-31,336.0
2021-04-01,340.0
2021-04-06,345.6
2021-04-07,350.4
2021-04-08,346.0
2021-04-09,342.2
2021-04-12,341.4
2021-04-13,344.0
2021-04-14,355.2
2021-04-15,354.0
2021-04-16,354.2
2021-04-19,354.2
2021-04-20,344.4
2021-04-21,340.0
2021-04-22,344.0
2021-04-23,345.6
2021-04-26,354.4
2021-04-27,340.0
2021-04-28,339.2
2021-04-29,346.4
2021-04-30,350.144
2021-05-04,351.0
2021-05-05,352.8
2021-05-06,354.4
2021-05-07,363.0
2021-05-10,362.0
2021-05-11,354.6
2021-05-12,352.0
2021-05-13,348.4
2021-05-14,352.8
2021-05-17,351.8
2021-05-18,342.0
2021-05-19,339.0
2021-05-20,339.0
2021-05-21,335.8
2021-05-24,345.0
2021-05-25,354.8
2021-05-26,357.0
2021-05-27,364.2
2021-05-28,365.0
2021-06-01,369.2
2021-06-02,376.0
2021-06-03,375.6
2021-06-04,377.4
2021-06-07,384.4
2021-06-08,383.8
2021-06-09,381.8
2021-06-10,379.8
2021-06-11,388.0
2021-06-14,390.0
2021-06-15,393.4
2021-06-16,398.4
2021-06-17,400.0
2021-06-18,404.8
2021-06-21,404.4
2021-06-22,406.0
2021-06-23,410.4
2021-06-24,408.0
2021-06-25,411.8
2021-06-28,418.0
2021-06-29,417.6
2021-06-30,416.0
2021-07-01,420.0
2021-07-02,419.2
2021-07-05,420.4
2021-07-06,422.4
2021-07-07,425.6
2021-07-08,415.0
2021-07-09,416.0
2021-07-12,420.8
2021-07-13,425.6
2021-07-14,419.6
2021-07-15,420.0
2021-07-16,421.2
2021-07-19,424.2
2021-07-20,427.0
2021-07-21,440.4
2021-07-22,444.6
2021-07-23,449.4
2021-07-26,454.4
2021-07-27,425.0
2021-07-28,430.6
2021-07-29,423.4
2021-07-30,432.2
2021-08-02,430.4
2021-08-03,426.8
2021-08-04,417.0
2021-08-05,423.0
2021-08-06,415.0
2021-08-09,411.2
2021-08-10,421.6
2021-08-11,426.6
2021-08-12,428.2
2021-08-13,426.2
2021-08-16,421.4
2021-08-17,420.8
2021-08-18,422.0
2021-08-19,409.0
2021-08-20,413.2
2021-08-23,415.6
2021-08-24,415.0
2021-08-25,414.0
2021-08-26,416.6
2021-08-27,412.0
2021-08-31,416.4
2021-09-01,417.4
2021-09-02,418.4
2021-09-03,413.4
2021-09-06,421.8
2021-09-07,417.6
2021-09-08,414.8
2021-09-09,413.2
2021-09-10,413.8
2021-09-13,417.4
2021-09-14,420.0
2021-09-15,417.2
2021-09-16,417.6
2021-09-17,410.8
2021-09-20,410.2
2021-09-21,416.0
2021-09-22,425.2
2021-09-23,429.4
2021-09-24,421.8
2021-09-27,415.8
2021-09-28,409.4
2021-09-29,406.0
2021-09-30,410.2
2021-10-01,421.6
2021-10-04,413.4
2021-10-05,418.6
2021-10-06,404.4
2021-10-07,401.4
2021-10-08,399.4
2021-10-11,395.8
2021-10-12,392.2
2021-10-13,394.8
2021-10-14,402.8
2021-10-15,400.8
2021-10-18,403.0
2021-10-19,404.2
2021-10-20,400.8
2021-10-21,397.0
2021-10-22,392.0
2021-10-25,392.0
2021-10-26,392.8
2021-10-27,393.4
2021-10-28,399.8
2021-10-29,404.0
2021-11-01,405.0
2021-11-02,407.4
2021-11-03,407.0
2021-11-04,415.0
2021-11-05,420.0
2021-11-08,416.2
2021-11-09,415.8
2021-11-10,411.8
2021-11-11,410.8
2021-11-12,420.0
2021-11-15,437.8
2021-11-16,443.2
2021-11-17,446.0
2021-11-18,444.2
2021-11-19,439.4
2021-11-22,438.2
2021-11-23,440.4
2021-11-24,442.2
2021-11-25,448.8
2021-11-26,432.0
2021-11-29,437.0
2021-11-30,434.0
2021-12-01,439.8
2021-12-02,432.2
2021-12-03,425.8
2021-12-06,432.4
2021-12-07,438.0
2021-12-08,430.6
2021-12-09,428.4
2021-12-10,424.2
2021-12-13,413.6
2021-12-14,407.8
2021-12-15,404.6
2021-12-16,394.0
2021-12-17,398.4
2021-12-20,390.6
2021-12-21,398.4
2021-12-22,404.4
2021-12-23,411.8
2021-12-24,406.0
2021-12-29,410.2
2021-12-30,408.4
2021-12-31,402.4
2022-01-04,413.4
2022-01-05,409.2
2022-01-06,391.4
2022-01-07,385.0
2022-01-10,373.6
2022-01-11,371.6
2022-01-12,378.6
2022-01-13,377.4
2022-01-14,375.0
2022-01-17,381.4
2022-01-18,379.0
2022-01-19,375.2
2022-01-20,378.6
2022-01-21,370.4
2022-01-24,343.2
2022-01-25,346.8
2022-01-26,350.2
2022-01-27,349.6
2022-01-28,344.6
2022-01-31,351.6
2022-02-01,350.4
2022-02-02,351.8
2022-02-03,341.4
2022-02-04,337.8
2022-02-07,331.8
2022-02-08,333.4
2022-02-09,336.6
2022-02-10,342.2
2022-02-11,338.2
2022-02-14,327.2
2022-02-15,330.8
2022-02-16,330.6
2022-02-17,321.0
2022-02-18,314.8
2022-02-21,311.6
2022-02-22,313.6
2022-02-23,314.4
2022-02-24,306.0
2022-02-25,323.2
2022-02-28,327.8
2022-03-01,314.2
2022-03-02,339.6
2022-03-03,332.2
2022-03-04,317.0
2022-03-07,308.8
2022-03-08,319.2
2022-03-09,335.2
2022-03-10,334.0
2022-03-11,337.6
2022-03-14,340.6
2022-03-15,339.8
2022-03-16,350.4
2022-03-17,347.6
2022-03-18,350.8
2022-03-21,346.0
2022-03-22,347.6
2022-03-23,343.8
2022-03-24,334.4
2022-03-25,336.2
2022-03-28,339.2
2022-03-29,348.0
2022-03-30,333.0
2022-03-31,346.6
2022-04-01,336.0
2022-04-04,334.2
2022-04-05,334.4
2022-04-06,342.8
2022-04-07,333.2
2022-04-08,331.0
2022-04-11,338.0
2022-04-12,336.6
2022-04-13,335.6
2022-04-14,338.0
2022-04-19,333.0
2022-04-20,334.0
2022-04-21,336.0
2022-04-22,336.4
2022-04-25,327.8
2022-04-26,322.6
2022-04-27,320.6
2022-04-28,320.0
2022-04-29,318.2
2022-05-03,312.2
2022-05-04,307.4
2022-05-05,310.0
2022-05-06,297.6
2022-05-09,286.6
2022-05-10,282.8
2022-05-11,287.2
2022-05-12,285.0
2022-05-13,296.4
2022-05-16,295.8
2022-05-17,300.6
2022-05-18,298.0
2022-05-19,296.0
2022-05-20,300.2
2022-05-23,302.6
2022-05-24,300.4
2022-05-25,297.6
2022-05-26,308.6
2022-05-27,310.0
2022-05-30,314.6
2022-05-31,311.0
2022-06-01,309.2
2022-06-06,315.6
2022-06-07,312.2
2022-06-08,311.4
2022-06-09,308.0
2022-06-10,300.4
2022-06-13,270.4
2022-06-14,262.2
2022-06-15,266.2
2022-06-16,257.2
2022-06-17,253.8
2022-06-20,257.8
2022-06-21,264.4
2022-06-22,266.2
2022-06-23,265.8
2022-06-24,273.2
2022-06-27,274.6
2022-06-28,271.2
2022-06-29,263.4
2022-06-30,259.6
2022-07-01,261.8
2022-07-04,262.2
2022-07-05,271.6
2022-07-06,280.8
2022-07-07,284.8
2022-07-08,291.0
2022-07-11,294.0
2022-07-12,294.0
2022-07-13,287.2
2022-07-14,281.6
2022-07-15,286.2
2022-07-18,287.8
2022-07-19,293.4
2022-07-20,298.2
2022-07-21,308.2
2022-07-22,306.6
2022-07-25,302.0
2022-07-26,294.4
2022-07-27,293.6
2022-07-28,293.2
2022-07-29,292.0
2022-08-01,246.4
2022-08-02,240.4
2022-08-03,233.2
2022-08-04,246.6
2022-08-05,240.0
2022-08-08,248.8
2022-08-09,245.0
2022-08-10,249.6
2022-08-11,250.8
2022-08-12,255.2
2022-08-15,257.6
2022-08-16,260.0
2022-08-17,256.0
2022-08-18,244.4
2022-08-19,237.8
2022-08-22,228.4
2022-08-23,226.2
2022-08-24,225.4
2022-08-25,223.2
2022-08-26,219.6
2022-08-30,207.6
2022-08-31,203.0
2022-09-01,195.0
2022-09-02,203.8
2022-09-05,200.4
2022-09-06,208.4
2022-09-07,211.4
2022-09-08,215.0
2022-09-09,220.4
2022-09-12,228.6
2022-09-13,228.0
2022-09-14,219.0
2022-09-15,225.6
2022-09-16,223.6
2022-09-20,218.0
2022-09-21,217.2
2022-09-22,215.2
2022-09-23,213.0
2022-09-26,211.6
2022-09-27,210.0
2022-09-28,213.0
2022-09-29,211.2
2022-09-30,205.6
2022-10-03,203.0
2022-10-04,205.0
2022-10-05,194.3
2022-10-06,194.1
2022-10-07,191.1
2022-10-10,190.9
2022-10-11,183.6
2022-10-12,176.2
2022-10-13,184.5
2022-10-14,182.1
2022-10-17,194.6
2022-10-18,198.7
2022-10-19,198.9
2022-10-20,195.0
2022-10-21,185.3
2022-10-24,184.9
2022-10-25,195.1
2022-10-26,200.2
2022-10-27,197.7
2022-10-28,193.0
2022-10-31,192.0
2022-11-01,197.7
2022-11-02,200.4
2022-11-03,194.1
2022-11-04,194.8
2022-11-07,198.1
2022-11-08,202.0
2022-11-09,203.4
2022-11-10,214.8
2022-11-11,230.0
2022-11-14,231.8
2022-11-15,227.6
2022-11-16,215.8
2022-11-17,210.6
2022-11-18,212.4
2022-11-21,211.8
2022-11-22,210.6
2022-11-23,209.8
2022-11-24,212.8
2022-11-25,212.0
2022-11-28,211.4
2022-11-29,212.0
2022-11-30,215.8
2022-12-01,227.4
2022-12-02,226.2
2022-12-05,213.4
2022-12-06,206.6
2022-12-07,204.6
2022-12-08,201.0
2022-12-09,199.1
2022-12-12,197.9
2022-12-13,201.4
2022-12-14,201.4
2022-12-15,193.6
2022-12-16,190.3
2022-12-19,191.1
2022-12-20,190.7
2022-12-21,197.5
2022-12-22,196.9
2022-12-23,198.6
2022-12-28,196.8
2022-12-29,199.9
2022-12-30,201.6
2023-01-03,205.2
2023-01-04,209.6
2023-01-05,208.6
2023-01-06,198.2
2023-01-09,200.4
2023-01-10,196.2
2023-01-11,198.4
2023-01-12,201.6
2023-01-13,207.6
2023-01-16,224.0
2023-01-17,208.2
2023-01-18,203.8
2023-01-19,201.6
2023-01-20,201.0
2023-01-23,201.0
2023-01-24,208.0
2023-01-25,262.0
2023-01-26,256.8
2023-01-27,263.6
2023-01-30,266.8
2023-01-31,268.8
2023-02-01,267.4
2023-02-02,281.0
2023-02-03,280.6
2023-02-06,271.8
2023-02-07,265.4
2023-02-08,269.6
2023-02-09,273.4
2023-02-10,269.2
2023-02-13,269.0
2023-02-14,265.0
2023-02-15,272.0
2023-02-16,268.6
2023-02-17,267.6
2023-02-20,270.2
2023-02-21,271.8
2023-02-22,271.8
2023-02-23,271.8
2023-02-24,267.0
2023-02-27,269.8
2023-02-28,270.4
2023-03-01,268.0
2023-03-02,268.4
2023-03-03,275.6
2023-03-06,274.8
2023-03-07,276.0
2023-03-08,273.2
2023-03-09,277.4
2023-03-10,269.0
2023-03-13,264.2
2023-03-14,270.0
2023-03-15,255.4
2023-03-16,261.2
2023-03-17,260.4
2023-03-20,259.4
2023-03-21,257.2
2023-03-22,253.8
2023-03-23,257.0
2023-03-24,253.6
2023-03-27,247.6
2023-03-28,243.8
2023-03-29,242.0
2023-03-30,243.2
2023-03-31,241.0
2023-04-03,241.6
2023-04-04,237.0
2023-04-05,235.8
2023-04-06,238.6
2023-04-11,238.8
2023-04-12,238.4
2023-04-13,239.4
2023-04-14,244.0
2023-04-17,245.8
2023-04-18,243.0
2023-04-19,244.2
2023-04-20,246.0
2023-04-21,249.8
2023-04-24,251.2
2023-04-25,251.8
2023-04-26,258.6
2023-04-27,255.0
2023-04-28,255.2
2023-05-02,243.8
2023-05-03,244.6
2023-05-04,240.2
2023-05-05,241.2
2023-05-09,238.8
2023-05-10,239.0
2023-05-11,241.6
2023-05-12,239.2
2023-05-15,237.0
2023-05-16,241.0
2023-05-17,247.0
2023-05-18,244.4
2023-05-19,243.6
2023-05-22,239.6
2023-05-23,237.8
2023-05-24,232.4
2023-05-25,233.4
2023-05-26,230.0
2023-05-30,227.4
2023-05-31,224.6
2023-06-01,225.6
2023-06-02,236.4
2023-06-05,234.8
2023-06-06,238.0
2023-06-07,240.6
2023-06-08,244.0
2023-06-09,241.2
2023-06-12,246.4
2023-06-13,248.0
2023-06-14,248.2
2023-06-15,245.4
2023-06-16,247.6
2023-06-19,246.6
2023-06-20,241.2
2023-06-21,237.0
2023-06-22,237.2
2023-06-23,233.0
2023-06-26,226.0
2023-06-27,224.0
2023-06-28,226.0
2023-06-29,223.8
2023-06-30,221.4
2023-07-03,225.6
2023-07-04,227.6
2023-07-05,224.6
2023-07-06,217.8
2023-07-07,217.4
2023-07-10,217.6
2023-07-11,218.2
2023-07-12,227.8
2023-07-13,222.6
2023-07-14,224.0
2023-07-17,220.6
2023-07-18,223.4
2023-07-19,230.6
2023-07-20,210.0
2023-07-21,212.6
2023-07-24,209.8
2023-07-25,208.8
2023-07-26,216.6
2023-07-27,211.8
2023-07-28,211.0
2023-07-31,209.2
2023-08-01,208.4
2023-08-02,206.8
2023-08-03,208.0
2023-08-04,213.0
2023-08-07,212.8
2023-08-08,213.4
2023-08-09,214.4
2023-08-10,215.2
2023-08-11,212.2
2023-08-14,213.0
2023-08-15,209.4
2023-08-16,208.4
2023-08-17,205.6
2023-08-18,201.6
2023-08-21,199.1
2023-08-22,197.2
2023-08-23,199.7
2023-08-24,196.2
2023-08-25,192.7
2023-08-29,199.2
2023-08-30,203.0
2023-08-31,200.6
2023-09-01,205.8
2023-09-04,201.2
2023-09-05,202.4
2023-09-06,199.4
2023-09-07,198.3
2023-09-08,198.9
2023-09-11,201.4
2023-09-12,206.4
2023-09-13,205.8
2023-09-14,207.0
2023-09-15,205.6
2023-09-18,192.8
2023-09-19,188.3
2023-09-20,194.2
2023-09-21,190.3
2023-09-22,201.8
2023-09-25,192.6
2023-09-26,196.0
2023-09-27,196.4
2023-09-28,197.8
2023-09-29,209.0
2023-10-02,204.6
2023-10-03,203.0
2023-10-04,217.8
2023-10-05,217.6
2023-10-06,220.2
2023-10-09,218.4
2023-10-10,220.6
2023-10-11,219.2
2023-10-12,224.2
2023-10-13,223.0
2023-10-16,220.0
2023-10-17,220.0
2023-10-18,218.0
2023-10-19,216.0
2023-10-20,214.0
2023-10-23,217.4
2023-10-24,214.8
2023-10-25,213.0
2023-10-26,213.0
2023-10-27,215.6
2023-10-30,265.0
2023-10-31,261.8
2023-11-01,264.6
2023-11-02,270.0
2023-11-03,274.2
2023-11-06,270.4
2023-11-07,269.0
2023-11-08,270.0
2023-11-09,270.0
2023-11-10,268.2
2023-11-13,271.0
2023-11-14,274.6
2023-11-15,277.6
2023-11-16,276.0
2023-11-17,278.4
2023-11-20,285.0
2023-11-21,277.4
2023-11-22,278.2
2023-11-23,282.2
2023-11-24,281.2
2023-11-27,276.4
2023-11-28,278.6
2023-11-29,277.0
2023-11-30,275.0
2023-12-01,279.8
2023-12-04,283.0
2023-12-05,280.6
2023-12-06,279.0
2023-12-07,279.0
2023-12-08,283.6
2023-12-11,283.8
2023-12-12,281.4
2023-12-13,283.2
2023-12-14,286.2
2023-12-15,290.6
2023-12-18,288.8
2023-12-19,290.0
2023-12-20,295.4
2023-12-21,293.2
2023-12-22,295.2
2023-12-27,295.4
2023-12-28,294.6
2023-12-29,293.4
2024-01-02,289.4
2024-01-03,290.0
2024-01-04,292.2
2024-01-05,292.4
2024-01-08,289.4
2024-01-09,287.2
2024-01-10,288.2
2024-01-11,286.0
2024-01-12,290.4
2024-01-15,289.6
2024-01-16,291.2
2024-01-17,288.8
2024-01-18,291.0
2024-01-19,288.6
2024-01-22,296.0
2024-01-23,296.0
2024-01-24,299.8
2024-01-25,301.6
2024-01-26,302.2
2024-01-29,301.0
2024-01-30,302.4
2024-01-31,304.356
2024-02-01,301.4
2024-02-02,298.0
2024-02-05,298.0
2024-02-06,303.6
2024-02-07,301.4
2024-02-08,301.0
2024-02-09,302.6
2024-02-12,304.8
2024-02-13,300.8
2024-02-14,301.0
2024-02-15,300.0
2024-02-16,302.0
2024-02-19,302.8
2024-02-20,301.4
2024-02-21,299.6
2024-02-22,302.6
2024-02-23,302.6
2024-02-26,302.2
2024-02-27,302.8
2024-02-28,300.0
2024-02-29,298.4
2024-03-01,301.0
2024-03-04,299.8
2024-03-05,299.4
2024-03-06,300.0
2024-03-07,301.4
2024-03-08,301.0
2024-03-11,301.0
2024-03-12,299.4
2024-03-13,300.0
2024-03-14,299.8
2024-03-15,299.6
2024-03-18,300.4
2024-03-19,301.8
2024-03-20,301.0
2024-03-21,312.6
2024-03-22,311.0
2024-03-25,307.0
2024-03-26,307.2
2024-03-27,304.0
2024-03-28,303.8
2024-04-02,304.0
2024-04-03,305.2
2024-04-04,313.0
2024-04-05,315.0
2024-04-08,315.8
