CBOE,Date
28.503894805908203,2010-06-15
28.135417938232422,2010-06-16
27.635356903076172,2010-06-17
27.205463409423828,2010-06-18
28.109100341796875,2010-06-21
28.679349899291992,2010-06-22
29.372440338134766,2010-06-23
29.205745697021484,2010-06-24
28.135417938232422,2010-06-25
28.75830078125,2010-06-28
27.863452911376953,2010-06-29
28.556529998779297,2010-06-30
26.591341018676758,2010-07-01
27.073871612548828,2010-07-02
26.143917083740234,2010-07-06
25.64385223388672,2010-07-07
25.450841903686523,2010-07-08
25.415752410888672,2010-07-09
23.51197624206543,2010-07-12
24.433156967163086,2010-07-13
23.985727310180664,2010-07-14
23.248788833618164,2010-07-15
23.204923629760742,2010-07-16
23.240015029907227,2010-07-19
22.880319595336914,2010-07-20
23.34528923034668,2010-07-21
23.713760375976562,2010-07-22
23.819040298461914,2010-07-23
23.248788833618164,2010-07-26
23.85413932800293,2010-07-27
23.819040298461914,2010-07-28
23.397933959960938,2010-07-29
23.336524963378906,2010-07-30
24.161195755004883,2010-08-02
23.906780242919922,2010-08-03
23.433027267456055,2010-08-04
21.757352828979492,2010-08-05
20.880041122436523,2010-08-06
21.029193878173828,2010-08-09
20.178197860717773,2010-08-10
20.13433074951172,2010-08-11
20.450159072875977,2010-08-12
20.178197860717773,2010-08-13
19.993959426879883,2010-08-16
20.283472061157227,2010-08-17
20.274696350097656,2010-08-18
20.178197860717773,2010-08-19
20.06414794921875,2010-08-20
20.178197860717773,2010-08-23
19.116647720336914,2010-08-24
19.011369705200195,2010-08-25
18.66921615600586,2010-08-26
18.30951690673828,2010-08-27
18.09018898010254,2010-08-30
18.344602584838867,2010-08-31
19.058650970458984,2010-09-01
19.102724075317383,2010-09-02
19.543487548828125,2010-09-03
19.596376419067383,2010-09-07
19.437707901000977,2010-09-08
19.217317581176758,2010-09-09
19.34073829650879,2010-09-10
19.24376678466797,2010-09-13
19.543487548828125,2010-09-14
19.69334602355957,2010-09-15
19.658084869384766,2010-09-16
19.799131393432617,2010-09-17
19.270217895507812,2010-09-20
18.970497131347656,2010-09-21
18.803007125854492,2010-09-22
18.141860961914062,2010-09-23
18.168304443359375,2010-09-24
18.57380485534668,2010-09-27
18.785375595092773,2010-09-28
18.318166732788086,2010-09-29
17.8068790435791,2010-09-30
18.159494400024414,2010-10-01
17.974367141723633,2010-10-04
18.362245559692383,2010-10-05
18.362245559692383,2010-10-06
18.159494400024414,2010-10-07
18.379871368408203,2010-10-08
18.564992904663086,2010-10-11
19.596376419067383,2010-10-12
19.578746795654297,2010-10-13
19.948997497558594,2010-10-14
19.816757202148438,2010-10-15
20.45146369934082,2010-10-18
20.389751434326172,2010-10-19
20.918670654296875,2010-10-20
21.077342987060547,2010-10-21
21.632709503173828,2010-10-22
21.48284912109375,2010-10-25
21.359434127807617,2010-10-26
21.30654525756836,2010-10-27
21.15668296813965,2010-10-28
21.165496826171875,2010-10-29
20.795257568359375,2010-11-01
21.253650665283203,2010-11-02
21.15668296813965,2010-11-03
21.165496826171875,2010-11-04
21.72968101501465,2010-11-05
21.923614501953125,2010-11-08
21.967689514160156,2010-11-09
21.897171020507812,2010-11-10
21.78257179260254,2010-11-11
21.288909912109375,2010-11-12
21.456409454345703,2010-11-15
21.68560028076172,2010-11-16
21.509294509887695,2010-11-17
21.78257179260254,2010-11-18
22.05584144592285,2010-11-19
21.861906051635742,2010-11-22
21.764944076538086,2010-11-23
21.050901412963867,2010-11-24
20.715923309326172,2010-11-26
20.830524444580078,2010-11-29
20.97156524658203,2010-11-30
21.16631507873535,2010-12-01
21.546981811523438,2010-12-02
21.60009002685547,2010-12-03
21.971899032592773,2010-12-06
21.945341110229492,2010-12-07
21.449596405029297,2010-12-08
20.829923629760742,2010-12-09
20.33417510986328,2010-12-10
20.369596481323242,2010-12-13
20.316482543945312,2010-12-14
20.236804962158203,2010-12-15
19.510902404785156,2010-12-16
19.572874069213867,2010-12-17
19.652542114257812,2010-12-20
19.652542114257812,2010-12-21
19.56401252746582,2010-12-22
19.84730339050293,2010-12-23
19.856151580810547,2010-12-27
20.396150588989258,2010-12-28
20.086313247680664,2010-12-29
20.121728897094727,2010-12-30
20.236804962158203,2010-12-31
21.024682998657227,2011-01-03
21.08664321899414,2011-01-04
21.024682998657227,2011-01-05
20.89189338684082,2011-01-06
21.07779312133789,2011-01-07
21.476154327392578,2011-01-10
21.228286743164062,2011-01-11
21.1928768157959,2011-01-12
20.838773727416992,2011-01-13
21.068939208984375,2011-01-14
20.883037567138672,2011-01-18
20.537792205810547,2011-01-19
20.360746383666992,2011-01-20
20.537792205810547,2011-01-21
20.44926643371582,2011-01-24
20.30763053894043,2011-01-25
20.52894401550293,2011-01-26
20.493528366088867,2011-01-27
20.33417510986328,2011-01-28
20.369596481323242,2011-01-31
20.316482543945312,2011-02-01
20.582048416137695,2011-02-02
21.051237106323242,2011-02-03
21.228286743164062,2011-02-04
21.51156234741211,2011-02-07
21.662052154541016,2011-02-08
22.58271598815918,2011-02-09
23.78666114807129,2011-02-10
23.299772262573242,2011-02-11
24.645347595214844,2011-02-14
23.202390670776367,2011-02-15
23.299772262573242,2011-02-16
24.176162719726562,2011-02-17
23.999116897583008,2011-02-18
22.98993682861328,2011-02-22
23.361736297607422,2011-02-23
24.362070083618164,2011-02-24
26.052898406982422,2011-02-25
26.194534301757812,2011-02-28
24.671907424926758,2011-03-01
24.511987686157227,2011-03-02
24.982864379882812,2011-03-03
24.81406021118164,2011-03-04
25.21385383605957,2011-03-07
25.267160415649414,2011-03-08
25.222740173339844,2011-03-09
23.943387985229492,2011-03-10
24.671905517578125,2011-03-11
24.831823348999023,2011-03-14
24.485336303710938,2011-03-15
24.60971450805664,2011-03-16
24.716333389282227,2011-03-17
24.6807918548584,2011-03-18
25.00063133239746,2011-03-21
25.542577743530273,2011-03-22
25.755794525146484,2011-03-23
25.986797332763672,2011-03-24
25.844646453857422,2011-03-25
25.471498489379883,2011-03-28
25.48927116394043,2011-03-29
25.773571014404297,2011-03-30
25.738035202026367,2011-03-31
24.440914154052734,2011-04-01
24.60971450805664,2011-04-04
24.494216918945312,2011-04-05
23.961153030395508,2011-04-06
23.9966983795166,2011-04-07
23.88119888305664,2011-04-08
23.890085220336914,2011-04-11
23.792346954345703,2011-04-12
23.85454559326172,2011-04-13
24.005578994750977,2011-04-14
24.13884162902832,2011-04-15
23.916730880737305,2011-04-18
23.69462776184082,2011-04-19
23.85454559326172,2011-04-20
24.07665252685547,2011-04-21
23.827890396118164,2011-04-25
23.863428115844727,2011-04-26
24.156620025634766,2011-04-27
24.298765182495117,2011-04-28
23.827890396118164,2011-04-29
23.827890396118164,2011-05-02
23.810117721557617,2011-05-03
23.34813690185547,2011-05-04
23.392555236816406,2011-05-05
23.392555236816406,2011-05-06
23.827890396118164,2011-05-09
23.9522762298584,2011-05-10
24.01445960998535,2011-05-11
24.129961013793945,2011-05-12
23.934507369995117,2011-05-13
24.55640983581543,2011-05-16
24.911785125732422,2011-05-17
24.751869201660156,2011-05-18
24.920665740966797,2011-05-19
25.027286529541016,2011-05-20
24.81406021118164,2011-05-23
23.667978286743164,2011-05-24
23.019412994384766,2011-05-25
22.841724395751953,2011-05-26
22.98387336730957,2011-05-27
23.38367462158203,2011-05-31
22.44725227355957,2011-06-01
22.71480941772461,2011-06-02
22.7683162689209,2011-06-03
21.912158966064453,2011-06-06
21.724876403808594,2011-06-07
21.18086814880371,2011-06-08
21.814058303833008,2011-06-09
21.635690689086914,2011-06-10
21.724876403808594,2011-06-13
21.582181930541992,2011-06-14
21.19870376586914,2011-06-15
20.868728637695312,2011-06-16
21.21653938293457,2011-06-17
21.19870376586914,2011-06-20
21.66244888305664,2011-06-21
21.733797073364258,2011-06-22
21.501920700073242,2011-06-23
21.493003845214844,2011-06-24
21.154109954833984,2011-06-27
21.510835647583008,2011-06-28
21.751628875732422,2011-06-29
21.938915252685547,2011-06-30
22.045930862426758,2011-07-01
22.090524673461914,2011-07-05
22.12619972229004,2011-07-06
22.24213409423828,2011-07-07
21.99242401123047,2011-07-08
21.21653938293457,2011-07-11
21.377071380615234,2011-07-12
21.14518928527832,2011-07-13
20.886568069458008,2011-07-14
20.55658721923828,2011-07-15
20.38713264465332,2011-07-18
20.547666549682617,2011-07-19
20.833053588867188,2011-07-20
21.12735366821289,2011-07-21
20.69035530090332,2011-07-22
21.21653938293457,2011-07-25
21.163021087646484,2011-07-26
20.69927406311035,2011-07-27
20.574420928955078,2011-07-28
20.547666549682617,2011-07-29
20.36038589477539,2011-08-01
20.083919525146484,2011-08-02
20.404966354370117,2011-08-03
19.423967361450195,2011-08-04
20.315793991088867,2011-08-05
19.325862884521484,2011-08-08
20.797380447387695,2011-08-09
19.86988067626953,2011-08-10
21.31463623046875,2011-08-11
21.047090530395508,2011-08-12
21.57326889038086,2011-08-15
21.368148803710938,2011-08-16
21.207616806030273,2011-08-17
20.404966354370117,2011-08-18
20.69035530090332,2011-08-19
20.173097610473633,2011-08-22
20.547666549682617,2011-08-23
21.22545623779297,2011-08-24
20.7884578704834,2011-08-25
21.858654022216797,2011-08-26
22.286727905273438,2011-08-29
22.259971618652344,2011-08-30
22.62738800048828,2011-08-31
22.161399841308594,2011-09-01
21.53410530090332,2011-09-02
21.677488327026367,2011-09-06
23.18299102783203,2011-09-07
22.923112869262695,2011-09-08
23.00376319885254,2011-09-09
23.568328857421875,2011-09-12
24.034320831298828,2011-09-13
24.034320831298828,2011-09-14
23.604171752929688,2011-09-15
24.4465389251709,2011-09-16
24.410690307617188,2011-09-19
24.276273727416992,2011-09-20
23.6400203704834,2011-09-21
24.168737411499023,2011-09-22
23.83717155456543,2011-09-23
24.2045841217041,2011-09-26
24.339004516601562,2011-09-27
23.613134384155273,2011-09-28
23.048572540283203,2011-09-29
21.928401947021484,2011-09-30
21.552024841308594,2011-10-03
21.776052474975586,2011-10-04
22.528810501098633,2011-10-05
22.23308753967285,2011-10-06
21.937362670898438,2011-10-07
22.851423263549805,2011-10-10
23.200908660888672,2011-10-11
23.469755172729492,2011-10-12
23.27260398864746,2011-10-13
23.02168846130371,2011-10-14
22.985837936401367,2011-10-17
23.057531356811523,2011-10-18
22.824535369873047,2011-10-19
23.00376319885254,2011-10-20
22.914148330688477,2011-10-21
23.36221694946289,2011-10-24
22.394392013549805,2011-10-25
23.08441734313965,2011-10-26
23.433908462524414,2011-10-27
23.47871971130371,2011-10-28
23.415983200073242,2011-10-31
22.699073791503906,2011-11-01
22.582576751708984,2011-11-02
23.200908660888672,2011-11-03
24.347965240478516,2011-11-04
24.81395149230957,2011-11-07
24.034320831298828,2011-11-08
23.7475528717041,2011-11-09
24.016395568847656,2011-11-10
24.23147201538086,2011-11-11
23.83717155456543,2011-11-14
24.10601043701172,2011-11-15
23.85509490966797,2011-11-16
23.39806365966797,2011-11-17
23.604171752929688,2011-11-18
23.066497802734375,2011-11-21
23.27260398864746,2011-11-22
22.77077293395996,2011-11-23
23.07546043395996,2011-11-25
23.604171752929688,2011-11-28
23.613134384155273,2011-11-29
24.234294891357422,2011-11-30
24.324321746826172,2011-12-01
23.919214248657227,2011-12-02
23.946226119995117,2011-12-05
23.62213706970215,2011-12-06
23.6401424407959,2011-12-07
23.62213706970215,2011-12-08
23.946226119995117,2011-12-09
23.514110565185547,2011-12-12
23.072998046875,2011-12-13
22.775920867919922,2011-12-14
23.072998046875,2011-12-15
23.37907600402832,2011-12-16
23.19902992248535,2011-12-19
23.631132125854492,2011-12-20
23.631132125854492,2011-12-21
22.901952743530273,2011-12-22
23.613136291503906,2011-12-23
23.559125900268555,2011-12-27
23.397079467773438,2011-12-28
23.24403953552246,2011-12-29
23.280048370361328,2011-12-30
23.37907600402832,2012-01-03
23.027978897094727,2012-01-04
22.82093048095703,2012-01-05
22.568870544433594,2012-01-06
22.523849487304688,2012-01-09
22.595869064331055,2012-01-10
22.793920516967773,2012-01-11
22.775920867919922,2012-01-12
23.136009216308594,2012-01-13
22.85694122314453,2012-01-17
22.892948150634766,2012-01-18
23.1090030670166,2012-01-19
23.072998046875,2012-01-20
23.19902992248535,2012-01-23
23.08199691772461,2012-01-24
22.98297691345215,2012-01-25
23.06399154663086,2012-01-26
23.027978897094727,2012-01-27
22.973970413208008,2012-01-30
23.0369873046875,2012-01-31
23.1450138092041,2012-02-01
23.613136291503906,2012-02-02
23.8922119140625,2012-02-03
23.946226119995117,2012-02-06
24.063249588012695,2012-02-07
23.67615509033203,2012-02-08
23.829191207885742,2012-02-09
25.269567489624023,2012-02-10
25.02650260925293,2012-02-13
24.62139129638672,2012-02-14
24.61240005493164,2012-02-15
24.810443878173828,2012-02-16
24.756431579589844,2012-02-17
24.558382034301758,2012-02-21
24.630403518676758,2012-02-22
25.116525650024414,2012-02-23
24.891468048095703,2012-02-24
25.02650260925293,2012-02-27
25.116525650024414,2012-02-28
24.926660537719727,2012-02-29
25.206937789916992,2012-03-01
24.971866607666016,2012-03-02
24.91761589050293,2012-03-05
24.447479248046875,2012-03-06
24.565011978149414,2012-03-07
24.736797332763672,2012-03-08
24.745838165283203,2012-03-09
24.962831497192383,2012-03-12
24.998991012573242,2012-03-13
25.234058380126953,2012-03-14
25.333515167236328,2012-03-15
25.333515167236328,2012-03-16
25.56859016418457,2012-03-19
25.857908248901367,2012-03-20
26.228595733642578,2012-03-21
26.23763656616211,2012-03-22
26.680654525756836,2012-03-23
26.725868225097656,2012-03-26
25.966398239135742,2012-03-27
26.08393669128418,2012-03-28
25.830781936645508,2012-03-29
25.695167541503906,2012-03-30
25.432971954345703,2012-04-02
25.442007064819336,2012-04-03
25.288305282592773,2012-04-04
25.053239822387695,2012-04-05
24.763916015625,2012-04-09
24.41131019592285,2012-04-10
24.320899963378906,2012-04-11
24.39322853088379,2012-04-12
24.0767822265625,2012-04-13
24.067747116088867,2012-04-16
24.0767822265625,2012-04-17
23.914043426513672,2012-04-18
23.859792709350586,2012-04-19
23.769386291503906,2012-04-20
23.59760284423828,2012-04-23
23.58855628967285,2012-04-24
23.850759506225586,2012-04-25
24.131031036376953,2012-04-26
24.194324493408203,2012-04-27
23.904998779296875,2012-04-30
24.085824966430664,2012-05-01
23.425817489624023,2012-05-02
23.54335594177246,2012-05-03
23.398696899414062,2012-05-04
22.96471405029297,2012-05-07
22.90142250061035,2012-05-08
23.037044525146484,2012-05-09
22.90142250061035,2012-05-10
22.874305725097656,2012-05-11
22.603065490722656,2012-05-14
22.88334083557129,2012-05-15
22.5669002532959,2012-05-16
22.205249786376953,2012-05-17
22.530736923217773,2012-05-18
22.5669002532959,2012-05-21
22.657312393188477,2012-05-22
22.774845123291016,2012-05-23
22.955673217773438,2012-05-24
22.820056915283203,2012-05-25
23.17266273498535,2012-05-29
22.745723724365234,2012-05-30
22.93648338317871,2012-05-31
22.80022430419922,2012-06-01
23.099990844726562,2012-06-04
23.526926040649414,2012-06-05
24.153705596923828,2012-06-06
24.162796020507812,2012-06-07
24.253629684448242,2012-06-08
24.244544982910156,2012-06-11
24.471643447875977,2012-06-12
24.46255874633789,2012-06-13
24.825902938842773,2012-06-14
24.74414825439453,2012-06-15
25.416349411010742,2012-06-18
25.198339462280273,2012-06-19
25.03483009338379,2012-06-20
24.735069274902344,2012-06-21
24.507976531982422,2012-06-22
24.48980712890625,2012-06-25
24.616979598999023,2012-06-26
24.725982666015625,2012-06-27
25.053001403808594,2012-06-28
25.143831253051758,2012-06-29
25.343679428100586,2012-07-02
25.361845016479492,2012-07-03
25.425439834594727,2012-07-05
25.20742416381836,2012-07-06
25.20742416381836,2012-07-09
25.143831253051758,2012-07-10
25.09841537475586,2012-07-11
25.171091079711914,2012-07-12
25.5980281829834,2012-07-13
25.588945388793945,2012-07-16
25.60711097717285,2012-07-17
25.79787254333496,2012-07-18
25.67069435119629,2012-07-19
25.552608489990234,2012-07-20
25.716115951538086,2012-07-23
25.46177101135254,2012-07-24
25.716115951538086,2012-07-25
26.024959564208984,2012-07-26
26.043136596679688,2012-07-27
25.9250431060791,2012-07-30
25.888704299926758,2012-07-31
25.79787254333496,2012-08-01
25.416349411010742,2012-08-02
25.60711097717285,2012-08-03
25.943208694458008,2012-08-06
26.361059188842773,2012-08-07
26.37923240661621,2012-08-08
26.27931022644043,2012-08-09
26.27931022644043,2012-08-10
26.351974487304688,2012-08-13
26.37923240661621,2012-08-14
26.324722290039062,2012-08-15
26.33380699157715,2012-08-16
26.22480583190918,2012-08-17
26.188472747802734,2012-08-20
26.143049240112305,2012-08-21
26.097631454467773,2012-08-22
26.088546752929688,2012-08-23
26.152132034301758,2012-08-24
26.115806579589844,2012-08-27
26.252058029174805,2012-08-28
26.233795166015625,2012-08-29
26.10595703125,2012-08-30
25.9689884185791,2012-08-31
26.416419982910156,2012-09-04
26.17901039123535,2012-09-05
26.215530395507812,2012-09-06
26.343368530273438,2012-09-07
26.169878005981445,2012-09-10
26.197267532348633,2012-09-11
26.297712326049805,2012-09-12
26.48033332824707,2012-09-13
26.7542667388916,2012-09-14
27.046466827392578,2012-09-17
27.21995735168457,2012-09-18
27.585205078125,2012-09-19
27.639989852905273,2012-09-20
27.61259651184082,2012-09-21
27.61259651184082,2012-09-24
27.137781143188477,2012-09-25
26.77252960205078,2012-09-26
27.101253509521484,2012-09-27
26.845579147338867,2012-09-28
26.99167823791504,2012-10-01
26.872974395751953,2012-10-02
26.946022033691406,2012-10-03
27.09212303161621,2012-10-04
27.1195125579834,2012-10-05
27.028200149536133,2012-10-08
27.03733253479004,2012-10-09
26.946022033691406,2012-10-10
26.900365829467773,2012-10-11
26.74513816833496,2012-10-12
26.79079818725586,2012-10-15
26.909500122070312,2012-10-16
27.00994300842285,2012-10-17
26.909500122070312,2012-10-18
26.452939987182617,2012-10-19
26.443803787231445,2012-10-22
26.25206184387207,2012-10-23
26.4346866607666,2012-10-24
26.516862869262695,2012-10-25
26.617300033569336,2012-10-26
26.909500122070312,2012-10-31
27.99610710144043,2012-11-01
27.57607078552246,2012-11-02
27.8134822845459,2012-11-05
27.950450897216797,2012-11-06
27.740436553955078,2012-11-07
27.548681259155273,2012-11-08
27.439105987548828,2012-11-09
27.393449783325195,2012-11-12
27.110382080078125,2012-11-13
26.854711532592773,2012-11-14
26.77252960205078,2012-11-15
27.019071578979492,2012-11-16
26.918630599975586,2012-11-19
26.854711532592773,2012-11-20
26.909500122070312,2012-11-21
26.99167823791504,2012-11-23
26.92776107788086,2012-11-26
26.96428871154785,2012-11-27
27.276323318481445,2012-11-28
27.303863525390625,2012-11-29
27.514951705932617,2012-11-30
27.28550910949707,2012-12-03
27.377283096313477,2012-12-04
27.395641326904297,2012-12-05
27.652620315551758,2012-12-06
27.524126052856445,2012-12-07
27.459888458251953,2012-12-10
27.450708389282227,2012-12-11
27.625085830688477,2012-12-12
27.533306121826172,2012-12-13
27.423175811767578,2012-12-14
27.423175811767578,2012-12-17
27.689329147338867,2012-12-18
27.083593368530273,2012-12-19
28.157394409179688,2012-12-20
27.661794662475586,2012-12-21
27.423175811767578,2012-12-24
27.147846221923828,2012-12-26
26.918397903442383,2012-12-27
26.955106735229492,2012-12-28
27.037710189819336,2012-12-31
27.652620315551758,2013-01-02
28.019733428955078,2013-01-03
28.680532455444336,2013-01-04
28.763132095336914,2013-01-07
28.66217613220215,2013-01-08
29.001752853393555,2013-01-09
29.1302433013916,2013-01-10
29.249549865722656,2013-01-11
29.332151412963867,2013-01-14
29.598302841186523,2013-01-15
29.818571090698242,2013-01-16
29.947065353393555,2013-01-17
30.396772384643555,2013-01-18
30.506906509399414,2013-01-22
30.42430305480957,2013-01-23
30.65374755859375,2013-01-24
30.64457130432129,2013-01-25
30.727176666259766,2013-01-28
30.800596237182617,2013-01-29
30.8281307220459,2013-01-30
31.094280242919922,2013-01-31
31.20441246032715,2013-02-01
31.140169143676758,2013-02-04
31.250301361083984,2013-02-05
31.415510177612305,2013-02-06
31.47974395751953,2013-02-07
31.6265811920166,2013-02-08
31.92027473449707,2013-02-11
32.085479736328125,2013-02-12
32.11301803588867,2013-02-13
32.75544357299805,2013-02-14
33.003257751464844,2013-02-15
32.856407165527344,2013-02-19
32.46177673339844,2013-02-20
32.470947265625,2013-02-21
32.617794036865234,2013-02-22
31.88357162475586,2013-02-25
32.727928161621094,2013-02-26
33.07815933227539,2013-02-27
33.10580062866211,2013-02-28
32.64496994018555,2013-03-01
33.04127502441406,2013-03-04
33.19797134399414,2013-03-05
33.050506591796875,2013-03-06
32.97677230834961,2013-03-07
32.86617660522461,2013-03-08
33.07815933227539,2013-03-11
32.95833206176758,2013-03-12
33.050506591796875,2013-03-13
33.511329650878906,2013-03-14
33.33621597290039,2013-03-15
33.299354553222656,2013-03-18
33.142669677734375,2013-03-19
33.55742263793945,2013-03-20
33.39151382446289,2013-03-21
33.53899002075195,2013-03-22
33.72331619262695,2013-03-25
33.71409606933594,2013-03-26
33.69566345214844,2013-03-27
34.045894622802734,2013-03-28
33.83391189575195,2013-04-01
33.97216033935547,2013-04-02
33.299354553222656,2013-04-03
33.53899002075195,2013-04-04
33.55742263793945,2013-04-05
33.67721939086914,2013-04-08
33.317787170410156,2013-04-09
34.03667449951172,2013-04-10
34.32239532470703,2013-04-11
34.0643196105957,2013-04-12
33.35464859008789,2013-04-15
33.8431282043457,2013-04-16
33.37308120727539,2013-04-17
33.317787170410156,2013-04-18
33.74174118041992,2013-04-19
33.511329650878906,2013-04-22
33.59428024291992,2013-04-23
33.59428024291992,2013-04-24
33.74174118041992,2013-04-25
33.66801071166992,2013-04-26
34.1380500793457,2013-04-29
34.58966827392578,2013-04-30
34.377689361572266,2013-05-01
34.571224212646484,2013-05-02
35.714088439941406,2013-05-03
35.87076187133789,2013-05-06
36.06432342529297,2013-05-07
36.13804244995117,2013-05-08
35.99980545043945,2013-05-09
36.2302131652832,2013-05-10
36.543575286865234,2013-05-13
36.856929779052734,2013-05-14
36.893802642822266,2013-05-15
37.11500549316406,2013-05-16
37.557395935058594,2013-05-17
37.43758010864258,2013-05-20
37.612693786621094,2013-05-21
37.0044059753418,2013-05-22
37.36384582519531,2013-05-23
37.34541320800781,2013-05-24
37.5389518737793,2013-05-28
37.52045440673828,2013-05-29
37.62220764160156,2013-05-30
37.13192367553711,2013-05-31
37.39094543457031,2013-06-03
36.97468185424805,2013-06-04
36.93765640258789,2013-06-05
37.46495056152344,2013-06-06
38.11249542236328,2013-06-07
39.04680633544922,2013-06-10
38.67678451538086,2013-06-11
38.380760192871094,2013-06-12
39.10231399536133,2013-06-13
39.37983703613281,2013-06-14
39.897865295410156,2013-06-17
40.11988067626953,2013-06-18
39.72209930419922,2013-06-19
39.38908004760742,2013-06-20
39.41684341430664,2013-06-21
40.499149322509766,2013-06-24
40.95243835449219,2013-06-25
42.0162467956543,2013-06-26
43.339088439941406,2013-06-27
43.14482498168945,2013-06-28
43.83861541748047,2013-07-01
43.2003288269043,2013-07-02
43.450096130371094,2013-07-03
43.8756217956543,2013-07-05
44.0513801574707,2013-07-08
43.96812057495117,2013-07-09
43.5426025390625,2013-07-10
43.746116638183594,2013-07-11
43.70911407470703,2013-07-12
44.04213333129883,2013-07-15
44.439918518066406,2013-07-16
44.97644805908203,2013-07-17
45.43897247314453,2013-07-18
45.02269744873047,2013-07-19
45.78125,2013-07-22
45.32797622680664,2013-07-23
45.947757720947266,2013-07-24
45.5684814453125,2013-07-25
45.772003173828125,2013-07-26
45.762752532958984,2013-07-29
46.003265380859375,2013-07-30
46.34553527832031,2013-07-31
46.99306869506836,2013-08-01
47.03007888793945,2013-08-02
45.08744812011719,2013-08-05
44.03288650512695,2013-08-06
43.93112564086914,2013-08-07
44.73592758178711,2013-08-08
45.115196228027344,2013-08-09
45.45747756958008,2013-08-12
45.84599304199219,2013-08-13
45.37422561645508,2013-08-14
44.31964874267578,2013-08-15
44.27340316772461,2013-08-16
44.014381408691406,2013-08-19
44.38441848754883,2013-08-20
44.26414108276367,2013-08-21
45.22622299194336,2013-08-22
44.89319610595703,2013-08-23
44.93019485473633,2013-08-26
42.98756408691406,2013-08-27
43.468605041503906,2013-08-28
43.63509750366211,2013-08-29
42.45103454589844,2013-08-30
41.655479431152344,2013-09-03
41.80348587036133,2013-09-04
41.886749267578125,2013-09-05
41.840492248535156,2013-09-06
42.192020416259766,2013-09-09
42.45103454589844,2013-09-10
42.96906280517578,2013-09-11
42.65454864501953,2013-09-12
42.700801849365234,2013-09-13
41.82199478149414,2013-09-16
41.905242919921875,2013-09-17
42.071754455566406,2013-09-18
42.27527618408203,2013-09-19
41.923744201660156,2013-09-20
41.75723648071289,2013-09-23
41.76649856567383,2013-09-24
41.64622116088867,2013-09-25
42.03475570678711,2013-09-26
41.96073532104492,2013-09-27
41.840492248535156,2013-09-30
43.255836486816406,2013-10-01
42.210514068603516,2013-10-02
42.506534576416016,2013-10-03
42.728553771972656,2013-10-04
42.38627624511719,2013-10-07
42.04400634765625,2013-10-08
42.0162467956543,2013-10-09
43.385345458984375,2013-10-10
43.52410125732422,2013-10-11
44.153141021728516,2013-10-14
43.70911407470703,2013-10-15
44.32890319824219,2013-10-16
44.495418548583984,2013-10-17
45.772003173828125,2013-10-18
45.85525131225586,2013-10-21
46.50279998779297,2013-10-22
46.88206481933594,2013-10-23
46.51204299926758,2013-10-24
46.84506607055664,2013-10-25
45.892250061035156,2013-10-28
46.16978073120117,2013-10-29
45.59624481201172,2013-10-30
44.80067825317383,2013-10-31
45.3187255859375,2013-11-01
45.97550582885742,2013-11-04
46.34553527832031,2013-11-05
46.73406219482422,2013-11-06
45.67948913574219,2013-11-07
47.28910827636719,2013-11-08
47.5573616027832,2013-11-11
46.41954040527344,2013-11-12
46.85432815551758,2013-11-13
46.7525634765625,2013-11-14
47.71462631225586,2013-11-15
47.29834747314453,2013-11-18
47.51110076904297,2013-11-19
48.954200744628906,2013-11-20
50.082763671875,2013-11-21
50.44355010986328,2013-11-22
49.76826095581055,2013-11-25
49.38770294189453,2013-11-26
48.90507125854492,2013-11-27
48.524513244628906,2013-11-29
49.174232482910156,2013-12-02
47.58707046508789,2013-12-03
47.46640396118164,2013-12-04
46.95591735839844,2013-12-05
47.7541389465332,2013-12-06
47.512813568115234,2013-12-09
47.69845199584961,2013-12-10
47.08586120605469,2013-12-11
47.98618698120117,2013-12-12
48.0325927734375,2013-12-13
48.821529388427734,2013-12-16
48.58948516845703,2013-12-17
48.66373825073242,2013-12-18
48.20894241333008,2013-12-19
48.61733627319336,2013-12-20
49.29489517211914,2013-12-23
49.28561019897461,2013-12-24
49.04429244995117,2013-12-26
48.830814361572266,2013-12-27
48.48740005493164,2013-12-30
48.69355773925781,2013-12-31
47.77517318725586,2014-01-02
48.412418365478516,2014-01-03
47.728309631347656,2014-01-06
47.503387451171875,2014-01-07
46.87552261352539,2014-01-08
46.63185501098633,2014-01-09
46.71620178222656,2014-01-10
45.422950744628906,2014-01-13
46.613121032714844,2014-01-14
46.69746398925781,2014-01-15
45.96649169921875,2014-01-16
46.744327545166016,2014-01-17
46.734947204589844,2014-01-21
47.55962371826172,2014-01-22
47.54087829589844,2014-01-23
46.8848991394043,2014-01-24
45.93838882446289,2014-01-27
47.03483200073242,2014-01-28
46.5943717956543,2014-01-29
48.16876220703125,2014-01-30
48.749794006347656,2014-01-31
46.04146194458008,2014-02-03
47.79390335083008,2014-02-04
47.53151321411133,2014-02-05
48.4311637878418,2014-02-06
50.0617790222168,2014-02-07
50.952056884765625,2014-02-10
51.298797607421875,2014-02-11
52.52644729614258,2014-02-12
53.09809494018555,2014-02-13
52.770111083984375,2014-02-14
52.938785552978516,2014-02-18
51.870445251464844,2014-02-19
51.25193786621094,2014-02-20
50.764625549316406,2014-02-21
50.858341217041016,2014-02-24
50.474117279052734,2014-02-25
50.5117301940918,2014-02-26
50.69978332519531,2014-02-27
50.80321502685547,2014-02-28
52.091392517089844,2014-03-03
53.210323333740234,2014-03-04
53.830902099609375,2014-03-05
53.97195816040039,2014-03-06
53.8591194152832,2014-03-07
53.08808517456055,2014-03-10
52.75898361206055,2014-03-11
53.25735092163086,2014-03-12
53.76508712768555,2014-03-13
55.04387283325195,2014-03-14
55.109683990478516,2014-03-17
53.68986129760742,2014-03-18
52.843624114990234,2014-03-19
53.27613830566406,2014-03-20
52.636756896972656,2014-03-21
53.19152069091797,2014-03-24
53.577030181884766,2014-03-25
52.71196746826172,2014-03-26
53.10689163208008,2014-03-27
52.42049026489258,2014-03-28
53.219722747802734,2014-03-31
52.95644760131836,2014-04-01
51.950340270996094,2014-04-02
51.4802131652832,2014-04-03
50.530540466308594,2014-04-04
48.58415603637695,2014-04-07
48.0576057434082,2014-04-08
49.24235534667969,2014-04-09
48.067012786865234,2014-04-10
47.7191047668457,2014-04-11
47.41822052001953,2014-04-14
47.4276123046875,2014-04-15
48.433719635009766,2014-04-16
49.082515716552734,2014-04-17
48.941471099853516,2014-04-21
49.59025573730469,2014-04-22
49.52444076538086,2014-04-23
49.76890563964844,2014-04-24
49.308170318603516,2014-04-25
49.33638381958008,2014-04-28
49.75010681152344,2014-04-29
50.173221588134766,2014-04-30
50.26725387573242,2014-05-01
49.62786865234375,2014-05-02
50.10740280151367,2014-05-05
48.88505172729492,2014-05-06
48.019981384277344,2014-05-07
47.92597579956055,2014-05-08
47.7755241394043,2014-05-09
48.47132110595703,2014-05-12
47.822532653808594,2014-05-13
47.18313980102539,2014-05-14
46.13003158569336,2014-05-15
45.810340881347656,2014-05-16
45.93257141113281,2014-05-19
45.36840057373047,2014-05-20
46.11122512817383,2014-05-21
46.412113189697266,2014-05-22
46.844642639160156,2014-05-23
47.79433059692383,2014-05-27
47.813194274902344,2014-05-28
47.74714279174805,2014-05-29
47.822635650634766,2014-05-30
47.4168815612793,2014-06-02
45.3503532409668,2014-06-03
45.133323669433594,2014-06-04
45.49189376831055,2014-06-05
45.92595672607422,2014-06-06
45.92595672607422,2014-06-09
44.916290283203125,2014-06-10
45.36922073364258,2014-06-11
46.47325897216797,2014-06-12
47.369693756103516,2014-06-13
47.4168815612793,2014-06-16
48.4171142578125,2014-06-17
47.46406936645508,2014-06-18
46.67141342163086,2014-06-19
46.124122619628906,2014-06-20
46.454383850097656,2014-06-23
45.69004821777344,2014-06-24
45.99201202392578,2014-06-25
46.18073654174805,2014-06-26
46.3222770690918,2014-06-27
46.43550491333008,2014-06-30
46.21847915649414,2014-07-01
45.699485778808594,2014-07-02
45.72780227661133,2014-07-03
45.57681655883789,2014-07-07
44.69925308227539,2014-07-08
44.94459915161133,2014-07-09
44.22744369506836,2014-07-10
44.293495178222656,2014-07-11
44.98234176635742,2014-07-14
44.53883743286133,2014-07-15
44.1236457824707,2014-07-16
45.435272216796875,2014-07-17
46.19960403442383,2014-07-18
46.79408645629883,2014-07-21
45.36922073364258,2014-07-22
45.718353271484375,2014-07-23
45.982574462890625,2014-07-24
46.07693862915039,2014-07-25
46.43550491333008,2014-07-28
45.99201202392578,2014-07-29
46.341156005859375,2014-07-30
45.737239837646484,2014-07-31
46.90732955932617,2014-08-01
46.42608642578125,2014-08-04
46.8507080078125,2014-08-05
47.322505950927734,2014-08-06
47.369693756103516,2014-08-07
47.822635650634766,2014-08-08
47.822635650634766,2014-08-11
47.52067565917969,2014-08-12
47.681087493896484,2014-08-13
47.6056022644043,2014-08-14
48.228389739990234,2014-08-15
48.832305908203125,2014-08-18
48.62471389770508,2014-08-19
48.14345932006836,2014-08-20
48.134033203125,2014-08-21
48.18121337890625,2014-08-22
50.05900573730469,2014-08-25
50.85165786743164,2014-08-26
50.103271484375,2014-08-27
50.22642135620117,2014-08-28
50.23590087890625,2014-08-29
50.586402893066406,2014-09-02
50.28327178955078,2014-09-03
50.160118103027344,2014-09-04
50.52009582519531,2014-09-05
51.12636947631836,2014-09-08
50.9369010925293,2014-09-09
51.486351013183594,2014-09-10
51.666343688964844,2014-09-11
51.922115325927734,2014-09-12
51.84632873535156,2014-09-15
51.865272521972656,2014-09-16
52.41472244262695,2014-09-17
52.86942672729492,2014-09-18
52.21577835083008,2014-09-19
51.67581558227539,2014-09-22
51.287418365478516,2014-09-23
51.12636947631836,2014-09-24
50.700077056884766,2014-09-25
50.97480392456055,2014-09-26
50.643245697021484,2014-09-29
50.70955276489258,2014-09-30
50.62428665161133,2014-10-01
51.47687911987305,2014-10-02
51.61897277832031,2014-10-03
51.55266189575195,2014-10-06
51.02216720581055,2014-10-07
52.462074279785156,2014-10-08
52.954673767089844,2014-10-09
52.689430236816406,2014-10-10
51.88422775268555,2014-10-13
52.642066955566406,2014-10-14
53.475704193115234,2014-10-15
52.63260269165039,2014-10-16
51.47687911987305,2014-10-17
53.153621673583984,2014-10-20
53.28623962402344,2014-10-21
53.3525505065918,2014-10-22
53.95882797241211,2014-10-23
54.50827407836914,2014-10-24
54.555633544921875,2014-10-27
54.72614669799805,2014-10-28
55.20928192138672,2014-10-29
55.34189987182617,2014-10-30
55.83449935913086,2014-10-31
57.32178497314453,2014-11-03
58.8753776550293,2014-11-04
58.240684509277344,2014-11-05
58.155418395996094,2014-11-06
58.62908172607422,2014-11-07
58.61012649536133,2014-11-10
59.09326171875,2014-11-11
57.83333206176758,2014-11-12
57.67229080200195,2014-11-13
57.605979919433594,2014-11-14
56.971282958984375,2014-11-17
56.478675842285156,2014-11-18
56.706024169921875,2014-11-19
56.355533599853516,2014-11-20
56.29869079589844,2014-11-21
56.2513313293457,2014-11-24
56.51750946044922,2014-11-25
56.83123016357422,2014-11-26
56.95482635498047,2014-11-28
57.182979583740234,2014-12-01
57.54423141479492,2014-12-02
57.37311935424805,2014-12-03
57.58226013183594,2014-12-04
57.715362548828125,2014-12-05
58.599483489990234,2014-12-08
59.065311431884766,2014-12-09
60.05400848388672,2014-12-10
60.39624786376953,2014-12-11
59.26495361328125,2014-12-12
59.14137268066406,2014-12-15
59.14137268066406,2014-12-16
59.68324661254883,2014-12-17
61.289894104003906,2014-12-18
61.00468444824219,2014-12-19
61.48952865600586,2014-12-22
61.49904251098633,2014-12-23
61.3469352722168,2014-12-24
61.023712158203125,2014-12-26
61.40396499633789,2014-12-29
60.976165771484375,2014-12-30
60.29167938232422,2014-12-31
60.23464584350586,2015-01-02
62.154991149902344,2015-01-05
62.80144500732422,2015-01-06
63.866214752197266,2015-01-07
63.219757080078125,2015-01-08
62.744415283203125,2015-01-09
62.87750244140625,2015-01-12
62.1454963684082,2015-01-13
61.8127555847168,2015-01-14
61.85078048706055,2015-01-15
63.21025848388672,2015-01-16
62.639835357666016,2015-01-20
60.757503509521484,2015-01-21
62.630340576171875,2015-01-22
62.62083435058594,2015-01-23
63.14371871948242,2015-01-26
62.45921325683594,2015-01-27
62.07894515991211,2015-01-28
62.383174896240234,2015-01-29
61.289894104003906,2015-01-30
60.83357238769531,2015-02-02
60.73850631713867,2015-02-03
61.30889892578125,2015-02-04
61.926841735839844,2015-02-05
59.379032135009766,2015-02-06
58.304779052734375,2015-02-09
58.55195617675781,2015-02-10
58.97975540161133,2015-02-11
59.10333251953125,2015-02-12
59.90190887451172,2015-02-13
59.52163314819336,2015-02-17
59.07482147216797,2015-02-18
58.90370178222656,2015-02-19
59.52163314819336,2015-02-20
59.89240264892578,2015-02-23
59.59769058227539,2015-02-24
59.00628662109375,2015-02-25
58.04288864135742,2015-02-26
57.260719299316406,2015-02-27
56.736083984375,2015-03-02
56.2591552734375,2015-03-03
55.84899139404297,2015-03-04
56.230533599853516,2015-03-05
57.12717056274414,2015-03-06
57.65180206298828,2015-03-09
57.794883728027344,2015-03-10
57.91889190673828,2015-03-11
56.95547866821289,2015-03-12
56.6693229675293,2015-03-13
57.23210144042969,2015-03-16
57.108097076416016,2015-03-17
56.068382263183594,2015-03-18
57.06040573120117,2015-03-19
56.76470184326172,2015-03-20
56.70746994018555,2015-03-23
55.56283187866211,2015-03-24
54.47542190551758,2015-03-25
55.066810607910156,2015-03-26
54.818817138671875,2015-03-27
55.54375076293945,2015-03-30
54.7615852355957,2015-03-31
54.103416442871094,2015-04-01
53.435699462890625,2015-04-02
53.588321685791016,2015-04-06
54.065250396728516,2015-04-07
53.960330963134766,2015-04-08
54.51357650756836,2015-04-09
54.58988571166992,2015-04-10
54.62804412841797,2015-04-13
55.4388313293457,2015-04-14
55.7059211730957,2015-04-15
55.801292419433594,2015-04-16
55.32435989379883,2015-04-17
54.990509033203125,2015-04-20
54.685272216796875,2015-04-21
54.66619873046875,2015-04-22
54.98097229003906,2015-04-23
54.60895538330078,2015-04-24
53.941261291503906,2015-04-27
54.465877532958984,2015-04-28
54.26557159423828,2015-04-29
53.67417526245117,2015-04-30
52.9492301940918,2015-05-01
52.96830749511719,2015-05-04
52.93968963623047,2015-05-05
53.24492645263672,2015-05-06
54.217872619628906,2015-05-07
54.62804412841797,2015-05-08
55.410213470458984,2015-05-11
56.058841705322266,2015-05-12
56.13514709472656,2015-05-13
56.65978240966797,2015-05-14
55.98252868652344,2015-05-15
55.62007141113281,2015-05-18
55.75360107421875,2015-05-19
55.46744918823242,2015-05-20
55.38159942626953,2015-05-21
56.43085861206055,2015-05-22
56.09699630737305,2015-05-26
55.88638687133789,2015-05-27
55.93425750732422,2015-05-28
56.02041244506836,2015-05-29
55.58006286621094,2015-06-01
54.9003791809082,2015-06-02
54.96739196777344,2015-06-03
55.01526641845703,2015-06-04
54.66106033325195,2015-06-05
54.93867874145508,2015-06-08
55.1301383972168,2015-06-09
55.5609130859375,2015-06-10
56.06827926635742,2015-06-11
55.81938934326172,2015-06-12
56.929840087890625,2015-06-15
56.67136764526367,2015-06-16
56.72879409790039,2015-06-17
56.14485549926758,2015-06-18
55.93425750732422,2015-06-19
55.905548095703125,2015-06-22
55.426902770996094,2015-06-23
54.68021011352539,2015-06-24
55.10141372680664,2015-06-25
54.852516174316406,2015-06-26
54.622772216796875,2015-06-29
54.77593994140625,2015-06-30
55.98212432861328,2015-07-01
56.89154815673828,2015-07-02
57.810543060302734,2015-07-06
57.657379150390625,2015-07-07
57.75309753417969,2015-07-08
58.28917694091797,2015-07-09
59.20817184448242,2015-07-10
57.810543060302734,2015-07-13
58.16473388671875,2015-07-14
58.796539306640625,2015-07-15
58.94013977050781,2015-07-16
59.27519607543945,2015-07-17
58.959285736083984,2015-07-20
58.53807830810547,2015-07-21
59.39962387084961,2015-07-22
58.796539306640625,2015-07-23
59.284767150878906,2015-07-24
58.193450927734375,2015-07-27
57.77225112915039,2015-07-28
58.279605865478516,2015-07-29
59.035858154296875,2015-07-30
59.33262634277344,2015-07-31
59.68681716918945,2015-08-03
59.86871337890625,2015-08-04
60.32820129394531,2015-08-05
60.21332550048828,2015-08-06
60.68239974975586,2015-08-07
61.17061233520508,2015-08-10
60.644107818603516,2015-08-11
60.59623718261719,2015-08-12
60.739830017089844,2015-08-13
61.65883255004883,2015-08-14
61.62053298950195,2015-08-17
61.45779800415039,2015-08-18
61.03659439086914,2015-08-19
60.3377799987793,2015-08-20
58.796539306640625,2015-08-21
57.7913932800293,2015-08-24
57.93498611450195,2015-08-25
60.03144454956055,2015-08-26
60.672821044921875,2015-08-27
61.09402847290039,2015-08-28
60.557945251464844,2015-08-31
59.90699768066406,2015-09-01
61.271358489990234,2015-09-02
61.26174545288086,2015-09-03
61.021541595458984,2015-09-04
61.924713134765625,2015-09-08
61.83823776245117,2015-09-09
62.837493896484375,2015-09-10
63.404361724853516,2015-09-11
63.34672927856445,2015-09-14
63.35633850097656,2015-09-15
63.740665435791016,2015-09-16
62.57806396484375,2015-09-17
62.10727310180664,2015-09-18
62.82788848876953,2015-09-21
62.587677001953125,2015-09-22
63.44279861450195,2015-09-23
63.567710876464844,2015-09-24
63.798316955566406,2015-09-25
63.07769775390625,2015-09-28
63.20259475708008,2015-09-29
64.45167541503906,2015-09-30
64.61500549316406,2015-10-01
64.68226623535156,2015-10-02
63.673397064208984,2015-10-05
63.039268493652344,2015-10-06
62.539634704589844,2015-10-07
63.26024627685547,2015-10-08
62.866310119628906,2015-10-09
63.34672927856445,2015-10-12
62.63571548461914,2015-10-13
63.1929931640625,2015-10-14
63.75987243652344,2015-10-15
62.6645393371582,2015-10-16
63.11613464355469,2015-10-19
63.22182083129883,2015-10-20
62.587677001953125,2015-10-21
63.567710876464844,2015-10-22
64.3459701538086,2015-10-23
64.73029327392578,2015-10-26
65.28756713867188,2015-10-27
66.10427856445312,2015-10-28
66.45016479492188,2015-10-29
64.4132308959961,2015-10-30
65.64308166503906,2015-11-02
66.1138916015625,2015-11-03
65.2395248413086,2015-11-04
65.7007064819336,2015-11-05
66.1138916015625,2015-11-06
66.48859405517578,2015-11-09
67.31488800048828,2015-11-10
67.86257934570312,2015-11-11
66.79606628417969,2015-11-12
66.83448791503906,2015-11-13
67.25725555419922,2015-11-16
67.83374786376953,2015-11-17
68.60240173339844,2015-11-18
68.91947937011719,2015-11-19
69.15968322753906,2015-11-20
68.74651336669922,2015-11-23
68.5351333618164,2015-11-24
69.01554870605469,2015-11-25
69.56320190429688,2015-11-27
69.38066101074219,2015-11-30
67.68001556396484,2015-12-01
67.33296966552734,2015-12-02
65.66532897949219,2015-12-03
66.96668243408203,2015-12-04
66.76424407958984,2015-12-07
63.85307312011719,2015-12-08
61.944419860839844,2015-12-09
62.18540954589844,2015-12-10
62.985496520996094,2015-12-11
64.43144226074219,2015-12-14
64.96162414550781,2015-12-15
63.6313591003418,2015-12-16
62.696319580078125,2015-12-17
62.19504928588867,2015-12-18
62.86018371582031,2015-12-21
63.26504898071289,2015-12-22
62.368560791015625,2015-12-23
63.08189010620117,2015-12-24
63.08189010620117,2015-12-28
63.58316421508789,2015-12-29
63.31324768066406,2015-12-30
62.56135177612305,2015-12-31
61.68415069580078,2016-01-04
60.82621383666992,2016-01-05
60.20927429199219,2016-01-06
60.5948600769043,2016-01-07
60.29603576660156,2016-01-08
60.97081756591797,2016-01-11
61.36603927612305,2016-01-12
60.45027160644531,2016-01-13
60.97081756591797,2016-01-14
61.5202751159668,2016-01-15
61.5202751159668,2016-01-19
61.192527770996094,2016-01-20
60.0550422668457,2016-01-21
62.37820053100586,2016-01-22
61.06721878051758,2016-01-25
61.58775329589844,2016-01-26
61.96369552612305,2016-01-27
62.18540954589844,2016-01-28
64.21937561035156,2016-01-29
63.75666809082031,2016-02-01
63.303611755371094,2016-02-02
61.97333526611328,2016-02-03
59.42847442626953,2016-02-04
58.464508056640625,2016-02-05
57.712608337402344,2016-02-08
59.56342315673828,2016-02-09
59.650184631347656,2016-02-10
60.0261344909668,2016-02-11
60.12251663208008,2016-02-12
59.88153076171875,2016-02-16
59.57306671142578,2016-02-17
59.56342315673828,2016-02-18
60.479190826416016,2016-02-19
60.0357666015625,2016-02-22
60.797298431396484,2016-02-23
61.616668701171875,2016-02-24
60.88404846191406,2016-02-25
60.691261291503906,2016-02-26
60.247833251953125,2016-02-29
61.02865982055664,2016-03-01
60.9318962097168,2016-03-02
61.70588302612305,2016-03-03
61.928409576416016,2016-03-04
61.125396728515625,2016-03-07
63.428009033203125,2016-03-08
63.05067825317383,2016-03-09
63.0119743347168,2016-03-10
62.992637634277344,2016-03-11
63.71826171875,2016-03-14
64.42449951171875,2016-03-15
63.950443267822266,2016-03-16
63.73759460449219,2016-03-17
62.74109649658203,2016-03-18
62.61531066894531,2016-03-21
62.60564422607422,2016-03-22
63.32157516479492,2016-03-23
62.61531066894531,2016-03-24
62.93458938598633,2016-03-28
63.2344970703125,2016-03-29
63.060367584228516,2016-03-30
63.20548629760742,2016-03-31
64.71475219726562,2016-04-01
64.05686950683594,2016-04-04
63.33126449584961,2016-04-05
63.30221939086914,2016-04-06
62.87655258178711,2016-04-07
62.04450225830078,2016-04-08
62.054176330566406,2016-04-11
61.996131896972656,2016-04-12
62.50889205932617,2016-04-13
62.2476692199707,2016-04-14
62.37345504760742,2016-04-15
62.673370361328125,2016-04-18
63.34092712402344,2016-04-19
63.650535583496094,2016-04-20
63.02165985107422,2016-04-21
63.39897918701172,2016-04-22
62.96361541748047,2016-04-25
63.35061264038086,2016-04-26
62.88621520996094,2016-04-27
61.967105865478516,2016-04-28
59.945072174072266,2016-04-29
61.018978118896484,2016-05-02
60.4384880065918,2016-05-03
60.6223030090332,2016-05-04
60.631988525390625,2016-05-05
61.047996520996094,2016-05-06
61.135074615478516,2016-05-09
61.80263900756836,2016-05-10
61.23183059692383,2016-05-11
62.23800277709961,2016-05-12
61.522064208984375,2016-05-13
61.551090240478516,2016-05-16
60.709381103515625,2016-05-17
60.74808120727539,2016-05-18
61.23183059692383,2016-05-19
61.657508850097656,2016-05-20
61.3769416809082,2016-05-23
62.16059875488281,2016-05-24
62.09287643432617,2016-05-25
61.580116271972656,2016-05-26
61.83165740966797,2016-05-27
61.580116271972656,2016-05-31
61.39562225341797,2016-06-01
61.04607391357422,2016-06-02
61.16259002685547,2016-06-03
61.00722885131836,2016-06-06
60.61883544921875,2016-06-07
61.17230987548828,2016-06-08
61.41504669189453,2016-06-09
62.5413932800293,2016-06-10
62.72587966918945,2016-06-13
63.26964569091797,2016-06-14
62.560813903808594,2016-06-15
62.92008972167969,2016-06-16
61.725765228271484,2016-06-17
61.35678482055664,2016-06-20
61.385921478271484,2016-06-21
61.900543212890625,2016-06-22
62.784141540527344,2016-06-23
62.91036605834961,2016-06-24
61.7160530090332,2016-06-27
62.0558967590332,2016-06-28
63.842529296875,2016-06-29
64.68729400634766,2016-06-30
63.95904541015625,2016-07-01
65.4543685913086,2016-07-05
64.95915985107422,2016-07-06
64.93973541259766,2016-07-07
65.67768859863281,2016-07-08
66.04666137695312,2016-07-11
66.34767150878906,2016-07-12
65.78450012207031,2016-07-13
66.37680053710938,2016-07-14
66.57099151611328,2016-07-15
66.21173095703125,2016-07-18
66.63896942138672,2016-07-19
66.00782012939453,2016-07-20
65.56116485595703,2016-07-21
65.89131164550781,2016-07-22
66.43505859375,2016-07-25
66.22142791748047,2016-07-26
66.84285736083984,2016-07-27
66.35736846923828,2016-07-28
66.80403137207031,2016-07-29
66.43505859375,2016-08-01
66.53215026855469,2016-08-02
66.7943344116211,2016-08-03
66.72635650634766,2016-08-04
66.73607635498047,2016-08-05
66.6001205444336,2016-08-08
66.31855010986328,2016-08-09
66.30883026123047,2016-08-10
65.18247985839844,2016-08-11
65.15335845947266,2016-08-12
66.16317749023438,2016-08-15
65.26988983154297,2016-08-16
66.26028442382812,2016-08-17
66.63896942138672,2016-08-18
66.22142791748047,2016-08-19
66.41563415527344,2016-08-22
66.25057220458984,2016-08-23
66.72635650634766,2016-08-24
66.61955261230469,2016-08-25
66.90113830566406,2016-08-26
67.04679107666016,2016-08-29
67.07592010498047,2016-08-30
66.93948364257812,2016-08-31
67.1928482055664,2016-09-01
66.78355407714844,2016-09-02
66.76406860351562,2016-09-06
66.88101196289062,2016-09-07
66.79330444335938,2016-09-08
66.2670669555664,2016-09-09
67.65086364746094,2016-09-12
66.56916046142578,2016-09-13
66.0234375,2016-09-14
66.4132308959961,2016-09-15
67.18310546875,2016-09-16
67.63138580322266,2016-09-19
67.84577941894531,2016-09-20
67.96272277832031,2016-09-21
67.64114379882812,2016-09-22
68.50845336914062,2016-09-23
64.89299011230469,2016-09-26
65.20484161376953,2016-09-27
64.6201400756836,2016-09-28
63.606632232666016,2016-09-29
63.19734191894531,2016-09-30
64.08415222167969,2016-10-03
65.13661193847656,2016-10-04
65.69210815429688,2016-10-05
65.83827209472656,2016-10-06
66.12089538574219,2016-10-07
65.18535614013672,2016-10-10
65.38999938964844,2016-10-11
65.10737609863281,2016-10-12
64.2108383178711,2016-10-13
64.40574645996094,2016-10-14
62.93421936035156,2016-10-17
63.353271484375,2016-10-18
63.19734191894531,2016-10-19
62.15460968017578,2016-10-20
62.29104232788086,2016-10-21
62.69059371948242,2016-10-24
62.29104232788086,2016-10-25
61.891483306884766,2016-10-26
60.575889587402344,2016-10-27
61.62837219238281,2016-10-28
61.59913635253906,2016-10-31
61.501686096191406,2016-11-01
61.29703140258789,2016-11-02
61.38474655151367,2016-11-03
61.784297943115234,2016-11-04
62.0766487121582,2016-11-07
61.969451904296875,2016-11-08
64.5031967163086,2016-11-09
65.91624450683594,2016-11-10
66.2085952758789,2016-11-11
67.01744079589844,2016-11-14
66.78355407714844,2016-11-15
66.85176086425781,2016-11-16
67.11489868164062,2016-11-17
66.92972564697266,2016-11-18
66.71534729003906,2016-11-21
66.52044677734375,2016-11-22
66.2085952758789,2016-11-23
66.68611145019531,2016-11-25
66.88101196289062,2016-11-28
67.04668426513672,2016-11-29
67.38899993896484,2016-11-30
67.95628356933594,2016-12-01
70.47970581054688,2016-12-02
71.04698944091797,2016-12-05
71.93702697753906,2016-12-06
73.19873046875,2016-12-07
73.62908935546875,2016-12-08
74.9983901977539,2016-12-09
74.97882843017578,2016-12-12
74.91035461425781,2016-12-13
74.59736633300781,2016-12-14
73.91272735595703,2016-12-15
74.05944061279297,2016-12-16
73.7660140991211,2016-12-19
73.25743103027344,2016-12-20
72.50430297851562,2016-12-21
72.083740234375,2016-12-22
71.79032135009766,2016-12-23
72.12285614013672,2016-12-27
71.70228576660156,2016-12-28
72.05438995361328,2016-12-29
72.26957702636719,2016-12-30
71.40886688232422,2017-01-03
74.21593475341797,2017-01-04
73.44324493408203,2017-01-05
73.8442611694336,2017-01-06
72.8955307006836,2017-01-09
72.0641860961914,2017-01-10
72.3184814453125,2017-01-11
72.21088409423828,2017-01-12
73.37478637695312,2017-01-13
73.12049102783203,2017-01-17
73.63886260986328,2017-01-18
74.08877563476562,2017-01-19
74.95926666259766,2017-01-20
74.38220977783203,2017-01-23
75.10595703125,2017-01-24
76.24053955078125,2017-01-25
76.2601089477539,2017-01-26
76.12317657470703,2017-01-27
76.16230010986328,2017-01-30
77.8739242553711,2017-01-31
76.72957611083984,2017-02-01
76.23075866699219,2017-02-02
76.42637634277344,2017-02-03
76.08403778076172,2017-02-06
77.4533462524414,2017-02-07
75.28202819824219,2017-02-08
76.41658020019531,2017-02-09
75.96666717529297,2017-02-10
77.36532592773438,2017-02-13
77.8739242553711,2017-02-14
78.40206909179688,2017-02-15
78.63680267333984,2017-02-16
79.16496276855469,2017-02-17
78.77373504638672,2017-02-21
78.77373504638672,2017-02-22
78.49987030029297,2017-02-23
77.95215606689453,2017-02-24
77.22838592529297,2017-02-27
76.33834075927734,2017-02-28
77.81016540527344,2017-03-01
76.7799072265625,2017-03-02
76.79950714111328,2017-03-03
76.52477264404297,2017-03-06
76.50515747070312,2017-03-07
76.91726684570312,2017-03-08
77.10369873046875,2017-03-09
78.13395690917969,2017-03-10
78.74232482910156,2017-03-13
78.86988067626953,2017-03-14
78.75213623046875,2017-03-15
78.93855285644531,2017-03-16
79.0562973022461,2017-03-17
78.99742889404297,2017-03-20
78.14376831054688,2017-03-21
78.23208618164062,2017-03-22
78.3498306274414,2017-03-23
77.9475326538086,2017-03-24
77.69241333007812,2017-03-27
77.65316009521484,2017-03-28
77.72184753417969,2017-03-29
78.49700164794922,2017-03-30
79.54690551757812,2017-03-31
79.1544189453125,2017-04-03
79.37028503417969,2017-04-04
78.90911865234375,2017-04-05
78.81099700927734,2017-04-06
79.55671691894531,2017-04-07
79.5861587524414,2017-04-10
79.07591247558594,2017-04-11
79.99825286865234,2017-04-12
79.76277923583984,2017-04-13
80.61644744873047,2017-04-17
80.39073944091797,2017-04-18
80.67530059814453,2017-04-19
81.44065856933594,2017-04-20
81.43084716796875,2017-04-21
82.26486206054688,2017-04-24
82.578857421875,2017-04-25
82.05882263183594,2017-04-26
80.85191345214844,2017-04-27
80.86173248291016,2017-04-28
81.1070327758789,2017-05-01
81.4210205078125,2017-05-02
81.4700927734375,2017-05-03
81.4210205078125,2017-05-04
82.1863784790039,2017-05-05
80.71454620361328,2017-05-08
83.39325714111328,2017-05-09
83.24606323242188,2017-05-10
82.77510070800781,2017-05-11
82.49055480957031,2017-05-12
83.403076171875,2017-05-15
82.35317993164062,2017-05-16
82.56905364990234,2017-05-17
82.82415771484375,2017-05-18
83.44232177734375,2017-05-19
83.45213317871094,2017-05-22
84.11935424804688,2017-05-23
84.4137191772461,2017-05-24
84.6590347290039,2017-05-25
85.00244140625,2017-05-26
85.0220718383789,2017-05-30
84.9925537109375,2017-05-31
85.43537902832031,2017-06-01
85.36648559570312,2017-06-02
85.51409912109375,2017-06-05
85.38616943359375,2017-06-06
87.46251678466797,2017-06-07
87.5609359741211,2017-06-08
88.31864929199219,2017-06-09
88.3284912109375,2017-06-12
88.49578857421875,2017-06-13
88.56465148925781,2017-06-14
88.11199951171875,2017-06-15
87.15746307373047,2017-06-16
88.19071960449219,2017-06-19
87.54124450683594,2017-06-20
87.40348052978516,2017-06-21
87.15746307373047,2017-06-22
87.35427856445312,2017-06-23
88.19071960449219,2017-06-26
88.57450103759766,2017-06-27
89.10589599609375,2017-06-28
89.54871368408203,2017-06-29
89.94233703613281,2017-06-30
90.44419860839844,2017-07-03
91.54634094238281,2017-07-05
90.70989227294922,2017-07-06
91.49714660644531,2017-07-07
91.21176147460938,2017-07-10
91.3101577758789,2017-07-11
90.47372436523438,2017-07-12
91.06415557861328,2017-07-13
90.5130844116211,2017-07-14
90.55244445800781,2017-07-17
91.63490295410156,2017-07-18
91.42825317382812,2017-07-19
91.6644287109375,2017-07-20
92.44182586669922,2017-07-21
92.35325622558594,2017-07-24
91.91043853759766,2017-07-25
92.54022979736328,2017-07-26
91.80219268798828,2017-07-27
91.9990005493164,2017-07-28
93.02240753173828,2017-07-31
93.69157409667969,2017-08-01
93.27826690673828,2017-08-02
93.47508239746094,2017-08-03
92.00883483886719,2017-08-04
93.13065338134766,2017-08-07
93.93757629394531,2017-08-08
95.2562255859375,2017-08-09
95.12828826904297,2017-08-10
94.69530487060547,2017-08-11
95.52190399169922,2017-08-14
95.98441314697266,2017-08-15
96.26978302001953,2017-08-16
95.63998413085938,2017-08-17
94.76419067382812,2017-08-18
95.54158020019531,2017-08-21
97.52937316894531,2017-08-22
96.83070373535156,2017-08-23
96.8897476196289,2017-08-24
98.17884063720703,2017-08-25
98.55278778076172,2017-08-28
98.73974609375,2017-08-29
98.93710327148438,2017-08-30
99.5488510131836,2017-08-31
99.59819030761719,2017-09-01
100.8414306640625,2017-09-05
102.35110473632812,2017-09-06
102.30177307128906,2017-09-07
103.3476791381836,2017-09-08
102.99246215820312,2017-09-11
103.33782196044922,2017-09-12
103.96930694580078,2017-09-13
104.44291687011719,2017-09-14
103.27860260009766,2017-09-15
104.08770751953125,2017-09-18
104.02851104736328,2017-09-19
104.9856185913086,2017-09-20
104.84748077392578,2017-09-21
105.18294525146484,2017-09-22
104.89680480957031,2017-09-25
103.31808471679688,2017-09-26
105.28162384033203,2017-09-27
105.89337921142578,2017-09-28
106.19925689697266,2017-09-29
106.74195098876953,2017-10-02
107.62012481689453,2017-10-03
107.88652801513672,2017-10-04
106.98861694335938,2017-10-05
106.7320785522461,2017-10-06
107.76812744140625,2017-10-09
106.98861694335938,2017-10-10
107.64971923828125,2017-10-11
108.55747985839844,2017-10-12
109.0311050415039,2017-10-13
108.24173736572266,2017-10-16
108.07400512695312,2017-10-17
108.1332015991211,2017-10-18
107.48198699951172,2017-10-19
108.52789306640625,2017-10-20
109.21858978271484,2017-10-23
108.78443145751953,2017-10-24
108.27135467529297,2017-10-25
110.00794982910156,2017-10-26
110.46182250976562,2017-10-27
110.3730239868164,2017-10-30
111.55708312988281,2017-10-31
111.1327896118164,2017-11-01
114.0337142944336,2017-11-02
113.49102020263672,2017-11-03
112.91873931884766,2017-11-06
111.91230010986328,2017-11-07
111.91230010986328,2017-11-08
112.61285400390625,2017-11-09
112.92860412597656,2017-11-10
114.20145416259766,2017-11-13
115.05001831054688,2017-11-14
113.97451782226562,2017-11-15
114.47773742675781,2017-11-16
114.9316177368164,2017-11-17
117.64506530761719,2017-11-20
118.03973388671875,2017-11-21
117.76345825195312,2017-11-22
118.53309631347656,2017-11-24
118.8981704711914,2017-11-27
121.08866882324219,2017-11-28
119.32246398925781,2017-11-29
122.06175231933594,2017-11-30
122.8726577758789,2017-12-01
121.74530029296875,2017-12-04
122.39798736572266,2017-12-05
122.04197692871094,2017-12-06
122.8133316040039,2017-12-07
123.88135528564453,2017-12-08
124.94938659667969,2017-12-11
126.20530700683594,2017-12-12
124.88015747070312,2017-12-13
124.66259765625,2017-12-14
124.96916961669922,2017-12-15
124.39559173583984,2017-12-18
123.26823425292969,2017-12-19
122.8528823852539,2017-12-20
123.24844360351562,2017-12-21
123.0902328491211,2017-12-22
122.66498565673828,2017-12-26
123.37701416015625,2017-12-27
123.46601104736328,2017-12-28
123.20890045166016,2017-12-29
121.3892822265625,2018-01-02
122.1903076171875,2018-01-03
122.66498565673828,2018-01-04
126.1855239868164,2018-01-05
128.09414672851562,2018-01-08
129.3401641845703,2018-01-09
130.86309814453125,2018-01-10
130.7246551513672,2018-01-11
130.0521697998047,2018-01-12
129.3401641845703,2018-01-16
130.0620574951172,2018-01-17
131.43667602539062,2018-01-18
132.3959197998047,2018-01-19
133.06837463378906,2018-01-22
133.3155975341797,2018-01-23
134.0671844482422,2018-01-24
135.6395721435547,2018-01-25
135.50111389160156,2018-01-26
133.61227416992188,2018-01-29
131.81243896484375,2018-01-30
132.9002685546875,2018-01-31
135.0461883544922,2018-02-01
133.15737915039062,2018-02-02
129.08303833007812,2018-02-05
115.6436996459961,2018-02-06
113.29996490478516,2018-02-07
109.91787719726562,2018-02-08
105.92266082763672,2018-02-09
109.45309448242188,2018-02-12
110.97602081298828,2018-02-13
113.7251968383789,2018-02-14
116.14804077148438,2018-02-15
110.21455383300781,2018-02-16
109.5519790649414,2018-02-20
110.06622314453125,2018-02-21
108.7410659790039,2018-02-22
107.54448699951172,2018-02-23
110.09588623046875,2018-02-26
108.96852111816406,2018-02-27
110.76834106445312,2018-02-28
110.39164733886719,2018-03-01
113.99999237060547,2018-03-02
114.34695434570312,2018-03-05
117.14242553710938,2018-03-06
117.75704193115234,2018-03-07
118.84747314453125,2018-03-08
123.45703887939453,2018-03-09
122.74330139160156,2018-03-12
118.87721252441406,2018-03-13
118.25269317626953,2018-03-14
117.57860565185547,2018-03-15
118.18329620361328,2018-03-16
117.49930572509766,2018-03-19
118.85739135742188,2018-03-20
116.30973052978516,2018-03-21
111.64069366455078,2018-03-22
110.73860168457031,2018-03-23
113.59355926513672,2018-03-26
111.08556365966797,2018-03-27
110.93687438964844,2018-03-28
113.10781860351562,2018-03-29
111.50191497802734,2018-04-02
110.02486419677734,2018-04-03
110.24295043945312,2018-04-04
110.62955474853516,2018-04-05
108.38920593261719,2018-04-06
109.07321166992188,2018-04-09
109.32103729248047,2018-04-10
107.50694274902344,2018-04-11
108.71634674072266,2018-04-12
107.4078140258789,2018-04-13
107.86381530761719,2018-04-16
109.1326904296875,2018-04-17
108.37930297851562,2018-04-18
108.92451477050781,2018-04-19
109.20208740234375,2018-04-20
107.00138092041016,2018-04-23
104.63217163085938,2018-04-24
105.34590148925781,2018-04-25
105.9406967163086,2018-04-26
105.26660919189453,2018-04-27
105.85147094726562,2018-04-30
106.35704803466797,2018-05-01
105.86138916015625,2018-05-02
104.53303527832031,2018-05-03
101.5987777709961,2018-05-04
102.26295471191406,2018-05-07
101.47982025146484,2018-05-08
103.00643920898438,2018-05-09
104.49339294433594,2018-05-10
105.89112854003906,2018-05-11
107.16991424560547,2018-05-14
107.16991424560547,2018-05-15
107.50694274902344,2018-05-16
107.43755340576172,2018-05-17
105.63338470458984,2018-05-18
105.56399536132812,2018-05-21
103.53182220458984,2018-05-22
102.9370346069336,2018-05-23
101.8862533569336,2018-05-24
102.19356536865234,2018-05-25
101.1031265258789,2018-05-29
98.15894317626953,2018-05-30
96.97607421875,2018-05-31
97.83092498779297,2018-06-01
97.48301696777344,2018-06-04
98.70565795898438,2018-06-05
99.71955871582031,2018-06-06
102.29405975341797,2018-06-07
103.32781982421875,2018-06-08
104.29202270507812,2018-06-11
104.96794891357422,2018-06-12
103.87454223632812,2018-06-13
103.18866729736328,2018-06-14
102.20458984375,2018-06-15
102.9202880859375,2018-06-18
104.57034301757812,2018-06-19
103.59622192382812,2018-06-20
103.32781982421875,2018-06-21
104.35166931152344,2018-06-22
103.5266342163086,2018-06-25
105.1369400024414,2018-06-26
103.32781982421875,2018-06-27
103.18866729736328,2018-06-28
103.44711303710938,2018-06-29
103.1290283203125,2018-07-02
101.8069839477539,2018-07-03
102.32388305664062,2018-07-05
100.1867446899414,2018-07-06
102.5922622680664,2018-07-09
102.28411865234375,2018-07-10
101.53860473632812,2018-07-11
102.51273345947266,2018-07-12
102.28411865234375,2018-07-13
103.10914611816406,2018-07-16
104.25225830078125,2018-07-17
105.38543701171875,2018-07-18
104.13298797607422,2018-07-19
103.99382019042969,2018-07-20
103.6657943725586,2018-07-23
103.50675201416016,2018-07-24
104.69956970214844,2018-07-25
103.29801177978516,2018-07-26
101.55847930908203,2018-07-27
96.1013412475586,2018-07-30
96.54864501953125,2018-07-31
95.78325653076172,2018-08-01
95.22661590576172,2018-08-02
94.06360626220703,2018-08-03
92.40361022949219,2018-08-06
93.05966186523438,2018-08-07
92.1451644897461,2018-08-08
91.54875946044922,2018-08-09
91.93641662597656,2018-08-10
92.22467803955078,2018-08-13
92.9006118774414,2018-08-14
94.08348846435547,2018-08-15
94.54074096679688,2018-08-16
95.19678497314453,2018-08-17
98.18877410888672,2018-08-20
97.25439453125,2018-08-21
98.52674102783203,2018-08-22
99.48099517822266,2018-08-23
101.995849609375,2018-08-24
100.5346450805664,2018-08-27
99.63009643554688,2018-08-28
100.16686248779297,2018-08-29
100.3463363647461,2018-08-30
100.50587463378906,2018-08-31
103.70650482177734,2018-09-04
103.008544921875,2018-09-05
102.59974670410156,2018-09-06
104.02557373046875,2018-09-07
103.10826110839844,2018-09-10
103.73641967773438,2018-09-11
103.19799041748047,2018-09-12
103.76632690429688,2018-09-13
103.89595031738281,2018-09-14
104.47425842285156,2018-09-17
105.88014221191406,2018-09-18
106.62796020507812,2018-09-19
106.86725616455078,2018-09-20
106.83734130859375,2018-09-21
104.98277282714844,2018-09-24
101.69239807128906,2018-09-25
98.58150482177734,2018-09-26
97.47474670410156,2018-09-27
95.67999267578125,2018-09-28
96.74687194824219,2018-10-01
96.33807373046875,2018-10-02
95.36092376708984,2018-10-03
95.15154266357422,2018-10-04
96.92634582519531,2018-10-05
99.6284408569336,2018-10-08
101.10411834716797,2018-10-09
101.66248321533203,2018-10-10
100.50587463378906,2018-10-11
99.81788635253906,2018-10-12
98.97036743164062,2018-10-15
102.49006652832031,2018-10-16
102.34049987792969,2018-10-17
102.99858093261719,2018-10-18
104.6038818359375,2018-10-19
104.12528228759766,2018-10-22
106.46842193603516,2018-10-23
105.49128723144531,2018-10-24
106.3886489868164,2018-10-25
106.61798095703125,2018-10-26
108.59220886230469,2018-10-29
111.62332916259766,2018-10-30
112.52070617675781,2018-10-31
110.17756652832031,2018-11-01
111.9224624633789,2018-11-02
111.81278228759766,2018-11-05
112.11190795898438,2018-11-06
110.90544128417969,2018-11-07
109.4796142578125,2018-11-08
108.58223724365234,2018-11-09
107.28602600097656,2018-11-12
109.1705093383789,2018-11-13
109.28018951416016,2018-11-14
109.3898696899414,2018-11-15
109.78870391845703,2018-11-16
110.5963363647461,2018-11-19
109.67902374267578,2018-11-20
107.65495300292969,2018-11-21
107.07664489746094,2018-11-23
106.95698547363281,2018-11-26
107.61506652832031,2018-11-27
105.92999267578125,2018-11-28
106.83000183105469,2018-11-29
107.62000274658203,2018-11-30
105.12999725341797,2018-12-03
103.9000015258789,2018-12-04
103.62000274658203,2018-12-06
104.33999633789062,2018-12-07
105.45999908447266,2018-12-10
103.37999725341797,2018-12-11
104.48999786376953,2018-12-12
102.86000061035156,2018-12-13
100.88999938964844,2018-12-14
100.2699966430664,2018-12-17
99.1500015258789,2018-12-18
98.08000183105469,2018-12-19
96.75,2018-12-20
96.08000183105469,2018-12-21
91.2300033569336,2018-12-24
94.12000274658203,2018-12-26
95.62000274658203,2018-12-27
96.20999908447266,2018-12-28
97.83000183105469,2018-12-31
95.88999938964844,2019-01-02
95.58999633789062,2019-01-03
98.36000061035156,2019-01-04
96.55000305175781,2019-01-07
93.5199966430664,2019-01-08
92.80000305175781,2019-01-09
91.55000305175781,2019-01-10
91.38999938964844,2019-01-11
92.19999694824219,2019-01-14
92.72000122070312,2019-01-15
92.97000122070312,2019-01-16
93.52999877929688,2019-01-17
95.08999633789062,2019-01-18
97.26000213623047,2019-01-22
98.20999908447266,2019-01-23
96.08999633789062,2019-01-24
96.02999877929688,2019-01-25
96.7300033569336,2019-01-28
95.54000091552734,2019-01-29
93.5199966430664,2019-01-30
93.2699966430664,2019-01-31
94.05000305175781,2019-02-01
93.70999908447266,2019-02-04
95.0999984741211,2019-02-05
95.04000091552734,2019-02-06
95.0,2019-02-07
94.6500015258789,2019-02-08
94.12000274658203,2019-02-11
94.0,2019-02-12
95.0,2019-02-13
92.63999938964844,2019-02-14
93.54000091552734,2019-02-15
94.16000366210938,2019-02-19
95.1500015258789,2019-02-20
94.83999633789062,2019-02-21
96.5999984741211,2019-02-22
95.4000015258789,2019-02-25
94.9000015258789,2019-02-26
94.1500015258789,2019-02-27
95.91000366210938,2019-02-28
96.19999694824219,2019-03-01
97.54000091552734,2019-03-04
96.91000366210938,2019-03-05
94.80000305175781,2019-03-06
92.7300033569336,2019-03-07
92.33000183105469,2019-03-08
94.5,2019-03-11
95.66000366210938,2019-03-12
95.83000183105469,2019-03-13
95.2699966430664,2019-03-14
97.05999755859375,2019-03-15
95.83000183105469,2019-03-18
95.51000213623047,2019-03-19
94.69000244140625,2019-03-20
94.70999908447266,2019-03-21
95.44000244140625,2019-03-22
95.25,2019-03-25
94.7699966430664,2019-03-26
94.27999877929688,2019-03-27
94.16000366210938,2019-03-28
95.44000244140625,2019-03-29
96.83000183105469,2019-04-01
96.5,2019-04-02
95.69999694824219,2019-04-03
95.75,2019-04-04
95.8499984741211,2019-04-05
95.58999633789062,2019-04-08
94.91000366210938,2019-04-09
96.13999938964844,2019-04-10
95.91000366210938,2019-04-11
96.1500015258789,2019-04-12
97.69000244140625,2019-04-15
98.93000030517578,2019-04-16
100.80000305175781,2019-04-17
101.26000213623047,2019-04-18
101.06999969482422,2019-04-22
101.12000274658203,2019-04-23
101.3499984741211,2019-04-24
101.73999786376953,2019-04-25
101.55000305175781,2019-04-26
101.0,2019-04-29
101.61000061035156,2019-04-30
101.04000091552734,2019-05-01
99.9000015258789,2019-05-02
100.9800033569336,2019-05-03
103.06999969482422,2019-05-06
101.77999877929688,2019-05-07
102.62999725341797,2019-05-08
103.5999984741211,2019-05-09
103.41999816894531,2019-05-10
103.13999938964844,2019-05-13
105.06999969482422,2019-05-14
103.87999725341797,2019-05-15
105.25,2019-05-16
105.79000091552734,2019-05-17
107.63999938964844,2019-05-20
107.33999633789062,2019-05-21
107.79000091552734,2019-05-22
106.20999908447266,2019-05-23
106.94999694824219,2019-05-24
105.5,2019-05-28
107.2699966430664,2019-05-29
106.5999984741211,2019-05-30
108.54000091552734,2019-05-31
109.13999938964844,2019-06-03
109.94000244140625,2019-06-04
110.91999816894531,2019-06-05
111.06999969482422,2019-06-06
111.30999755859375,2019-06-07
111.12999725341797,2019-06-10
108.02999877929688,2019-06-11
107.69999694824219,2019-06-12
107.26000213623047,2019-06-13
107.73999786376953,2019-06-14
106.69999694824219,2019-06-17
106.33999633789062,2019-06-18
106.23999786376953,2019-06-19
107.08000183105469,2019-06-20
106.44000244140625,2019-06-21
107.3499984741211,2019-06-24
107.5,2019-06-25
105.8499984741211,2019-06-26
106.05999755859375,2019-06-27
103.62999725341797,2019-06-28
106.69999694824219,2019-07-01
108.47000122070312,2019-07-02
110.0,2019-07-03
110.4000015258789,2019-07-05
110.62000274658203,2019-07-08
110.9800033569336,2019-07-09
111.69999694824219,2019-07-10
113.0,2019-07-11
114.05999755859375,2019-07-12
114.06999969482422,2019-07-15
114.08000183105469,2019-07-16
114.19999694824219,2019-07-17
114.52999877929688,2019-07-18
114.91000366210938,2019-07-19
114.5199966430664,2019-07-22
114.7699966430664,2019-07-23
111.6500015258789,2019-07-24
111.20999908447266,2019-07-25
111.1500015258789,2019-07-26
110.44999694824219,2019-07-29
110.55999755859375,2019-07-30
109.30999755859375,2019-07-31
115.06999969482422,2019-08-01
116.4800033569336,2019-08-02
114.7699966430664,2019-08-05
118.4800033569336,2019-08-06
118.01000213623047,2019-08-07
118.86000061035156,2019-08-08
119.01000213623047,2019-08-09
119.37999725341797,2019-08-12
120.72000122070312,2019-08-13
119.41000366210938,2019-08-14
121.87000274658203,2019-08-15
121.37000274658203,2019-08-16
120.33000183105469,2019-08-19
119.44999694824219,2019-08-20
119.16999816894531,2019-08-21
119.88999938964844,2019-08-22
119.8499984741211,2019-08-23
120.69999694824219,2019-08-26
120.05999755859375,2019-08-27
119.95999908447266,2019-08-28
118.94000244140625,2019-08-29
119.16000366210938,2019-08-30
119.08999633789062,2019-09-03
119.18000030517578,2019-09-04
119.20999908447266,2019-09-05
118.69999694824219,2019-09-06
118.69999694824219,2019-09-09
115.2300033569336,2019-09-10
114.98999786376953,2019-09-11
115.05999755859375,2019-09-12
111.05999755859375,2019-09-13
111.0,2019-09-16
113.4800033569336,2019-09-17
115.66000366210938,2019-09-18
116.44000244140625,2019-09-19
115.55999755859375,2019-09-20
115.91999816894531,2019-09-23
118.2300033569336,2019-09-24
117.93000030517578,2019-09-25
117.7699966430664,2019-09-26
115.44000244140625,2019-09-27
114.91000366210938,2019-09-30
115.58000183105469,2019-10-01
112.80000305175781,2019-10-02
116.16000366210938,2019-10-03
116.27999877929688,2019-10-04
118.25,2019-10-07
116.4800033569336,2019-10-08
117.1500015258789,2019-10-09
117.08000183105469,2019-10-10
115.5999984741211,2019-10-11
115.18000030517578,2019-10-14
115.05000305175781,2019-10-15
115.4800033569336,2019-10-16
116.44999694824219,2019-10-17
116.7699966430664,2019-10-18
115.2699966430664,2019-10-21
114.68000030517578,2019-10-22
114.02999877929688,2019-10-23
115.69999694824219,2019-10-24
114.0999984741211,2019-10-25
113.22000122070312,2019-10-28
113.83999633789062,2019-10-29
116.63999938964844,2019-10-30
115.1500015258789,2019-10-31
114.8499984741211,2019-11-01
113.5199966430664,2019-11-04
115.26000213623047,2019-11-05
114.44999694824219,2019-11-06
115.4000015258789,2019-11-07
114.87999725341797,2019-11-08
115.0999984741211,2019-11-11
115.87999725341797,2019-11-12
117.4000015258789,2019-11-13
117.5199966430664,2019-11-14
119.48999786376953,2019-11-15
120.47000122070312,2019-11-18
122.5,2019-11-19
123.31999969482422,2019-11-20
123.1500015258789,2019-11-21
123.7699966430664,2019-11-22
123.76000213623047,2019-11-25
119.5199966430664,2019-11-26
118.44000244140625,2019-11-27
118.9000015258789,2019-11-29
119.27999877929688,2019-12-02
120.06999969482422,2019-12-03
120.23999786376953,2019-12-04
119.87000274658203,2019-12-05
120.58999633789062,2019-12-06
119.66000366210938,2019-12-09
115.66000366210938,2019-12-10
115.69999694824219,2019-12-11
115.41999816894531,2019-12-12
115.5,2019-12-13
117.08999633789062,2019-12-16
116.70999908447266,2019-12-17
116.43000030517578,2019-12-18
117.55999755859375,2019-12-19
119.0199966430664,2019-12-20
118.30000305175781,2019-12-23
118.97000122070312,2019-12-24
119.05000305175781,2019-12-26
118.83999633789062,2019-12-27
119.25,2019-12-30
120.0,2019-12-31
119.5199966430664,2020-01-02
121.33000183105469,2020-01-03
120.19000244140625,2020-01-06
118.22000122070312,2020-01-07
117.01000213623047,2020-01-08
116.01000213623047,2020-01-09
115.8499984741211,2020-01-10
115.08999633789062,2020-01-13
115.48999786376953,2020-01-14
116.87000274658203,2020-01-15
117.52999877929688,2020-01-16
116.52999877929688,2020-01-17
117.38999938964844,2020-01-21
118.72000122070312,2020-01-22
119.62000274658203,2020-01-23
119.80999755859375,2020-01-24
119.7300033569336,2020-01-27
121.19999694824219,2020-01-28
121.5,2020-01-29
123.18000030517578,2020-01-30
123.22000122070312,2020-01-31
123.86000061035156,2020-02-03
122.47000122070312,2020-02-04
123.7699966430664,2020-02-05
127.93000030517578,2020-02-06
122.54000091552734,2020-02-07
123.69000244140625,2020-02-10
123.30999755859375,2020-02-11
123.52999877929688,2020-02-12
124.2699966430664,2020-02-13
125.62999725341797,2020-02-14
123.54000091552734,2020-02-18
120.44000244140625,2020-02-19
122.83000183105469,2020-02-20
122.61000061035156,2020-02-21
121.98999786376953,2020-02-24
122.0999984741211,2020-02-25
123.80999755859375,2020-02-26
121.2300033569336,2020-02-27
114.0,2020-02-28
118.18000030517578,2020-03-02
117.20999908447266,2020-03-03
118.58999633789062,2020-03-04
115.94999694824219,2020-03-05
116.7699966430664,2020-03-06
111.7699966430664,2020-03-09
110.9000015258789,2020-03-10
106.3499984741211,2020-03-11
93.47000122070312,2020-03-12
94.80000305175781,2020-03-13
82.69999694824219,2020-03-16
88.54000091552734,2020-03-17
75.8499984741211,2020-03-18
82.91000366210938,2020-03-19
79.69000244140625,2020-03-20
76.54000091552734,2020-03-23
78.1500015258789,2020-03-24
80.0,2020-03-25
90.81999969482422,2020-03-26
90.88999938964844,2020-03-27
93.02999877929688,2020-03-30
89.25,2020-03-31
88.18000030517578,2020-04-01
92.37000274658203,2020-04-02
89.62000274658203,2020-04-03
94.88999938964844,2020-04-06
93.5,2020-04-07
95.69999694824219,2020-04-08
93.41999816894531,2020-04-09
93.30999755859375,2020-04-13
100.51000213623047,2020-04-14
98.08999633789062,2020-04-15
97.94000244140625,2020-04-16
102.0,2020-04-17
102.95999908447266,2020-04-20
100.38999938964844,2020-04-21
100.19999694824219,2020-04-22
99.05000305175781,2020-04-23
96.5199966430664,2020-04-24
97.13999938964844,2020-04-27
98.5,2020-04-28
99.31999969482422,2020-04-29
99.37999725341797,2020-04-30
94.01000213623047,2020-05-01
94.44999694824219,2020-05-04
98.94000244140625,2020-05-05
97.4800033569336,2020-05-06
99.45999908447266,2020-05-07
100.18000030517578,2020-05-08
99.87999725341797,2020-05-11
97.9000015258789,2020-05-12
98.05999755859375,2020-05-13
99.33999633789062,2020-05-14
99.87999725341797,2020-05-15
102.76000213623047,2020-05-18
98.94000244140625,2020-05-19
100.48999786376953,2020-05-20
97.9800033569336,2020-05-21
99.30999755859375,2020-05-22
101.41999816894531,2020-05-26
102.66000366210938,2020-05-27
102.62999725341797,2020-05-28
106.45999908447266,2020-05-29
105.08000183105469,2020-06-01
102.68000030517578,2020-06-02
104.0,2020-06-03
101.02999877929688,2020-06-04
97.83999633789062,2020-06-05
103.43000030517578,2020-06-08
103.05000305175781,2020-06-09
101.37000274658203,2020-06-10
97.0,2020-06-11
99.9000015258789,2020-06-12
101.0999984741211,2020-06-15
101.44999694824219,2020-06-16
101.04000091552734,2020-06-17
100.25,2020-06-18
98.75,2020-06-19
100.05000305175781,2020-06-22
95.76000213623047,2020-06-23
93.76000213623047,2020-06-24
95.08999633789062,2020-06-25
91.51000213623047,2020-06-26
92.80999755859375,2020-06-29
93.27999877929688,2020-06-30
96.45999908447266,2020-07-01
95.08999633789062,2020-07-02
95.0,2020-07-06
93.70999908447266,2020-07-07
93.01000213623047,2020-07-08
90.19000244140625,2020-07-09
91.55000305175781,2020-07-10
91.48999786376953,2020-07-13
90.61000061035156,2020-07-14
94.04000091552734,2020-07-15
92.91000366210938,2020-07-16
92.66000366210938,2020-07-17
93.31999969482422,2020-07-20
93.12000274658203,2020-07-21
91.6500015258789,2020-07-22
91.20999908447266,2020-07-23
89.45999908447266,2020-07-24
87.33000183105469,2020-07-27
87.43000030517578,2020-07-28
89.13999938964844,2020-07-29
86.88999938964844,2020-07-30
87.69999694824219,2020-07-31
86.33000183105469,2020-08-03
85.58000183105469,2020-08-04
86.66999816894531,2020-08-05
85.0,2020-08-06
88.05999755859375,2020-08-07
85.54000091552734,2020-08-10
88.81999969482422,2020-08-11
86.81999969482422,2020-08-12
86.23999786376953,2020-08-13
88.26000213623047,2020-08-14
89.81999969482422,2020-08-17
90.18000030517578,2020-08-18
89.0199966430664,2020-08-19
89.62000274658203,2020-08-20
91.63999938964844,2020-08-21
92.69000244140625,2020-08-24
90.5999984741211,2020-08-25
91.2300033569336,2020-08-26
92.41000366210938,2020-08-27
91.75,2020-08-28
91.79000091552734,2020-08-31
90.06999969482422,2020-09-01
88.47000122070312,2020-09-02
89.80000305175781,2020-09-03
91.02999877929688,2020-09-04
89.66999816894531,2020-09-08
89.94999694824219,2020-09-09
87.08999633789062,2020-09-10
88.8499984741211,2020-09-11
89.94000244140625,2020-09-14
89.61000061035156,2020-09-15
90.55999755859375,2020-09-16
88.94000244140625,2020-09-17
90.8499984741211,2020-09-18
90.0,2020-09-21
89.83999633789062,2020-09-22
89.06999969482422,2020-09-23
89.30000305175781,2020-09-24
89.69999694824219,2020-09-25
89.0,2020-09-28
86.88999938964844,2020-09-29
87.73999786376953,2020-09-30
88.58999633789062,2020-10-01
87.48999786376953,2020-10-02
87.83000183105469,2020-10-05
86.83999633789062,2020-10-06
84.88999938964844,2020-10-07
85.02999877929688,2020-10-08
85.36000061035156,2020-10-09
84.4800033569336,2020-10-12
84.20999908447266,2020-10-13
84.58000183105469,2020-10-14
83.75,2020-10-15
83.9000015258789,2020-10-16
81.98999786376953,2020-10-19
81.7300033569336,2020-10-20
80.0999984741211,2020-10-21
80.73999786376953,2020-10-22
81.72000122070312,2020-10-23
80.62999725341797,2020-10-26
81.30000305175781,2020-10-27
78.47000122070312,2020-10-28
79.22000122070312,2020-10-29
81.29000091552734,2020-10-30
83.37000274658203,2020-11-02
86.73999786376953,2020-11-03
87.0,2020-11-04
83.05000305175781,2020-11-05
84.6500015258789,2020-11-06
87.19999694824219,2020-11-09
86.04000091552734,2020-11-10
88.06999969482422,2020-11-11
86.18000030517578,2020-11-12
87.6500015258789,2020-11-13
88.2300033569336,2020-11-16
86.80000305175781,2020-11-17
88.66000366210938,2020-11-18
89.91000366210938,2020-11-19
89.94000244140625,2020-11-20
92.58999633789062,2020-11-23
92.0199966430664,2020-11-24
91.80999755859375,2020-11-25
91.70999908447266,2020-11-27
91.31999969482422,2020-11-30
93.44999694824219,2020-12-01
93.7300033569336,2020-12-02
93.19000244140625,2020-12-03
93.16000366210938,2020-12-04
93.5199966430664,2020-12-07
91.36000061035156,2020-12-08
88.87999725341797,2020-12-09
86.94000244140625,2020-12-10
85.97000122070312,2020-12-11
88.25,2020-12-14
90.77999877929688,2020-12-15
90.43000030517578,2020-12-16
89.54000091552734,2020-12-17
90.77999877929688,2020-12-18
90.26000213623047,2020-12-21
90.70999908447266,2020-12-22
91.0999984741211,2020-12-23
92.05000305175781,2020-12-24
93.30000305175781,2020-12-28
91.66000366210938,2020-12-29
92.62000274658203,2020-12-30
93.12000274658203,2020-12-31
92.61000061035156,2021-01-04
92.55000305175781,2021-01-05
95.47000122070312,2021-01-06
96.79000091552734,2021-01-07
98.80999755859375,2021-01-08
99.80000305175781,2021-01-11
101.0199966430664,2021-01-12
97.37999725341797,2021-01-13
95.77999877929688,2021-01-14
96.61000061035156,2021-01-15
97.44999694824219,2021-01-19
97.5,2021-01-20
96.08000183105469,2021-01-21
95.19999694824219,2021-01-22
95.58999633789062,2021-01-25
95.7300033569336,2021-01-26
91.55999755859375,2021-01-27
92.5199966430664,2021-01-28
91.7300033569336,2021-01-29
94.94999694824219,2021-02-01
97.48999786376953,2021-02-02
95.3499984741211,2021-02-03
95.12000274658203,2021-02-04
89.55999755859375,2021-02-05
92.01000213623047,2021-02-08
92.13999938964844,2021-02-09
90.29000091552734,2021-02-10
88.0,2021-02-11
89.38999938964844,2021-02-12
96.83999633789062,2021-02-16
96.0199966430664,2021-02-17
99.58999633789062,2021-02-18
96.22000122070312,2021-02-19
96.11000061035156,2021-02-22
97.51000213623047,2021-02-23
100.37999725341797,2021-02-24
100.0,2021-02-25
98.95999908447266,2021-02-26
100.31999969482422,2021-03-01
97.62000274658203,2021-03-02
96.0199966430664,2021-03-03
98.22000122070312,2021-03-04
104.63999938964844,2021-03-05
105.37999725341797,2021-03-08
103.75,2021-03-09
103.48999786376953,2021-03-10
102.66000366210938,2021-03-11
104.33999633789062,2021-03-12
104.80000305175781,2021-03-15
103.19000244140625,2021-03-16
103.79000091552734,2021-03-17
102.4000015258789,2021-03-18
102.06999969482422,2021-03-19
100.98999786376953,2021-03-22
101.6500015258789,2021-03-23
103.05999755859375,2021-03-24
98.94999694824219,2021-03-25
97.72000122070312,2021-03-26
99.16000366210938,2021-03-29
97.19999694824219,2021-03-30
98.69000244140625,2021-03-31
100.86000061035156,2021-04-01
101.51000213623047,2021-04-05
99.83999633789062,2021-04-06
100.26000213623047,2021-04-07
99.36000061035156,2021-04-08
100.08999633789062,2021-04-09
101.41999816894531,2021-04-12
100.98999786376953,2021-04-13
101.86000061035156,2021-04-14
103.5,2021-04-15
104.72000122070312,2021-04-16
103.69999694824219,2021-04-19
104.27999877929688,2021-04-20
104.98999786376953,2021-04-21
104.30000305175781,2021-04-22
104.37000274658203,2021-04-23
104.94000244140625,2021-04-26
103.9800033569336,2021-04-27
102.70999908447266,2021-04-28
103.33999633789062,2021-04-29
104.37000274658203,2021-04-30
106.76000213623047,2021-05-03
107.91000366210938,2021-05-04
109.63999938964844,2021-05-05
107.23999786376953,2021-05-06
108.0999984741211,2021-05-07
110.62999725341797,2021-05-10
109.52999877929688,2021-05-11
111.16000366210938,2021-05-12
113.66000366210938,2021-05-13
113.83000183105469,2021-05-14
112.63999938964844,2021-05-17
109.91000366210938,2021-05-18
111.5999984741211,2021-05-19
111.77999877929688,2021-05-20
111.4000015258789,2021-05-21
110.06999969482422,2021-05-24
109.7699966430664,2021-05-25
110.47000122070312,2021-05-26
110.2300033569336,2021-05-27
111.30000305175781,2021-05-28
110.62999725341797,2021-06-01
112.87999725341797,2021-06-02
112.19999694824219,2021-06-03
111.94999694824219,2021-06-04
112.0,2021-06-07
112.44999694824219,2021-06-08
114.11000061035156,2021-06-09
113.41999816894531,2021-06-10
113.91999816894531,2021-06-11
114.76000213623047,2021-06-14
114.56999969482422,2021-06-15
116.33000183105469,2021-06-16
117.37999725341797,2021-06-17
113.41999816894531,2021-06-18
118.04000091552734,2021-06-21
119.98999786376953,2021-06-22
118.69000244140625,2021-06-23
121.12999725341797,2021-06-24
121.7699966430664,2021-06-25
119.4000015258789,2021-06-28
119.97000122070312,2021-06-29
119.05000305175781,2021-06-30
118.5,2021-07-01
118.0,2021-07-02
117.37999725341797,2021-07-06
117.22000122070312,2021-07-07
116.23999786376953,2021-07-08
118.79000091552734,2021-07-09
118.23999786376953,2021-07-12
116.36000061035156,2021-07-13
116.20999908447266,2021-07-14
117.13999938964844,2021-07-15
116.62999725341797,2021-07-16
115.55999755859375,2021-07-19
115.55999755859375,2021-07-20
118.30000305175781,2021-07-21
117.0199966430664,2021-07-22
120.19999694824219,2021-07-23
118.0199966430664,2021-07-26
115.58000183105469,2021-07-27
116.80000305175781,2021-07-28
115.94999694824219,2021-07-29
118.47000122070312,2021-07-30
120.68000030517578,2021-08-02
122.43000030517578,2021-08-03
123.41000366210938,2021-08-04
121.0,2021-08-05
122.83000183105469,2021-08-06
121.04000091552734,2021-08-09
122.27999877929688,2021-08-10
124.95999908447266,2021-08-11
126.87999725341797,2021-08-12
127.0,2021-08-13
125.75,2021-08-16
124.11000061035156,2021-08-17
122.62999725341797,2021-08-18
127.62000274658203,2021-08-19
129.75999450683594,2021-08-20
126.36000061035156,2021-08-23
125.5999984741211,2021-08-24
125.61000061035156,2021-08-25
125.0999984741211,2021-08-26
125.4000015258789,2021-08-27
124.0199966430664,2021-08-30
126.1500015258789,2021-08-31
127.29000091552734,2021-09-01
127.80999755859375,2021-09-02
126.25,2021-09-03
123.38999938964844,2021-09-07
124.97000122070312,2021-09-08
124.29000091552734,2021-09-09
126.13999938964844,2021-09-10
124.4000015258789,2021-09-13
124.2300033569336,2021-09-14
123.83000183105469,2021-09-15
123.70999908447266,2021-09-16
123.61000061035156,2021-09-17
121.75,2021-09-20
123.87999725341797,2021-09-21
123.98999786376953,2021-09-22
123.8499984741211,2021-09-23
125.83999633789062,2021-09-24
123.5999984741211,2021-09-27
122.69999694824219,2021-09-28
125.18000030517578,2021-09-29
123.86000061035156,2021-09-30
123.44000244140625,2021-10-01
123.41000366210938,2021-10-04
120.83999633789062,2021-10-05
121.69000244140625,2021-10-06
125.01000213623047,2021-10-07
126.37000274658203,2021-10-08
125.1500015258789,2021-10-11
125.19999694824219,2021-10-12
124.95999908447266,2021-10-13
126.58999633789062,2021-10-14
125.54000091552734,2021-10-15
127.25,2021-10-18
125.87999725341797,2021-10-19
127.02999877929688,2021-10-20
127.08999633789062,2021-10-21
129.33999633789062,2021-10-22
129.39999389648438,2021-10-25
131.25999450683594,2021-10-26
130.13999938964844,2021-10-27
131.1699981689453,2021-10-28
131.94000244140625,2021-10-29
133.6699981689453,2021-11-01
135.07000732421875,2021-11-02
134.67999267578125,2021-11-03
132.52000427246094,2021-11-04
133.27000427246094,2021-11-05
133.77000427246094,2021-11-08
131.22000122070312,2021-11-09
127.86000061035156,2021-11-10
129.1999969482422,2021-11-11
130.9600067138672,2021-11-12
131.0,2021-11-15
132.00999450683594,2021-11-16
129.49000549316406,2021-11-17
129.50999450683594,2021-11-18
129.47999572753906,2021-11-19
126.87000274658203,2021-11-22
128.99000549316406,2021-11-23
130.9600067138672,2021-11-24
128.8800048828125,2021-11-26
129.6999969482422,2021-11-29
128.94000244140625,2021-11-30
127.08999633789062,2021-12-01
129.77999877929688,2021-12-02
129.0800018310547,2021-12-03
131.1999969482422,2021-12-06
130.97000122070312,2021-12-07
131.36000061035156,2021-12-08
129.0399932861328,2021-12-09
132.0500030517578,2021-12-10
130.69000244140625,2021-12-13
128.42999267578125,2021-12-14
129.86000061035156,2021-12-15
132.0500030517578,2021-12-16
128.25,2021-12-17
125.97000122070312,2021-12-20
125.91999816894531,2021-12-21
129.19000244140625,2021-12-22
129.0,2021-12-23
129.8000030517578,2021-12-27
130.1699981689453,2021-12-28
129.0,2021-12-29
129.25999450683594,2021-12-30
130.39999389648438,2021-12-31
128.4600067138672,2022-01-03
125.7300033569336,2022-01-04
124.48999786376953,2022-01-05
125.4800033569336,2022-01-06
124.16999816894531,2022-01-07
122.66999816894531,2022-01-10
125.94000244140625,2022-01-11
124.58000183105469,2022-01-12
120.36000061035156,2022-01-13
118.16000366210938,2022-01-14
119.30000305175781,2022-01-18
120.29000091552734,2022-01-19
120.3499984741211,2022-01-20
118.08999633789062,2022-01-21
118.0999984741211,2022-01-24
115.61000061035156,2022-01-25
114.8499984741211,2022-01-26
114.75,2022-01-27
116.31999969482422,2022-01-28
118.52999877929688,2022-01-31
118.88999938964844,2022-02-01
120.0,2022-02-02
116.68000030517578,2022-02-03
120.25,2022-02-04
119.94999694824219,2022-02-07
122.58999633789062,2022-02-08
121.30000305175781,2022-02-09
121.0999984741211,2022-02-10
120.29000091552734,2022-02-11
120.58000183105469,2022-02-14
121.80999755859375,2022-02-15
121.22000122070312,2022-02-16
118.43000030517578,2022-02-17
118.80999755859375,2022-02-18
116.47000122070312,2022-02-22
114.54000091552734,2022-02-23
117.2699966430664,2022-02-24
117.44000244140625,2022-02-25
117.29000091552734,2022-02-28
117.19999694824219,2022-03-01
118.63999938964844,2022-03-02
117.33999633789062,2022-03-03
120.5199966430664,2022-03-04
116.41999816894531,2022-03-07
113.69000244140625,2022-03-08
115.08000183105469,2022-03-09
114.12000274658203,2022-03-10
114.0,2022-03-11
113.72000122070312,2022-03-14
114.33000183105469,2022-03-15
115.2300033569336,2022-03-16
117.63999938964844,2022-03-17
116.80000305175781,2022-03-18
116.0199966430664,2022-03-21
119.45999908447266,2022-03-22
115.29000091552734,2022-03-23
113.69999694824219,2022-03-24
114.7300033569336,2022-03-25
112.94000244140625,2022-03-28
114.77999877929688,2022-03-29
114.69000244140625,2022-03-30
114.41999816894531,2022-03-31
116.8499984741211,2022-04-01
112.91999816894531,2022-04-04
113.18000030517578,2022-04-05
114.91999816894531,2022-04-06
117.94000244140625,2022-04-07
116.3499984741211,2022-04-08
116.75,2022-04-11
117.76000213623047,2022-04-12
119.55000305175781,2022-04-13
117.33000183105469,2022-04-14
116.33999633789062,2022-04-18
117.77999877929688,2022-04-19
118.20999908447266,2022-04-20
115.0,2022-04-21
114.11000061035156,2022-04-22
115.2699966430664,2022-04-25
111.55999755859375,2022-04-26
115.45999908447266,2022-04-27
115.2699966430664,2022-04-28
112.9800033569336,2022-04-29
111.95999908447266,2022-05-02
112.3499984741211,2022-05-03
114.69999694824219,2022-05-04
111.29000091552734,2022-05-05
111.25,2022-05-06
107.19000244140625,2022-05-09
108.23999786376953,2022-05-10
108.5199966430664,2022-05-11
107.05999755859375,2022-05-12
109.37999725341797,2022-05-13
109.27999877929688,2022-05-16
108.45999908447266,2022-05-17
104.83999633789062,2022-05-18
105.55999755859375,2022-05-19
106.94000244140625,2022-05-20
107.63999938964844,2022-05-23
106.94999694824219,2022-05-24
107.72000122070312,2022-05-25
109.4000015258789,2022-05-26
111.8499984741211,2022-05-27
112.30999755859375,2022-05-31
112.41999816894531,2022-06-01
115.54000091552734,2022-06-02
114.0,2022-06-03
114.9000015258789,2022-06-06
113.63999938964844,2022-06-07
113.48999786376953,2022-06-08
113.62000274658203,2022-06-09
109.7699966430664,2022-06-10
108.5199966430664,2022-06-13
107.5199966430664,2022-06-14
109.72000122070312,2022-06-15
108.87000274658203,2022-06-16
109.1500015258789,2022-06-17
109.69000244140625,2022-06-21
109.37999725341797,2022-06-22
112.3499984741211,2022-06-23
114.94000244140625,2022-06-24
114.52999877929688,2022-06-27
114.06999969482422,2022-06-28
113.9000015258789,2022-06-29
113.19000244140625,2022-06-30
114.68000030517578,2022-07-01
117.44000244140625,2022-07-05
117.7300033569336,2022-07-06
119.19000244140625,2022-07-07
118.51000213623047,2022-07-08
121.27999877929688,2022-07-11
120.12000274658203,2022-07-12
118.11000061035156,2022-07-13
117.93000030517578,2022-07-14
118.9800033569336,2022-07-15
118.18000030517578,2022-07-18
121.86000061035156,2022-07-19
121.77999877929688,2022-07-20
124.0,2022-07-21
123.7300033569336,2022-07-22
124.75,2022-07-25
125.08000183105469,2022-07-26
125.1500015258789,2022-07-27
125.66999816894531,2022-07-28
123.37999725341797,2022-07-29
116.52999877929688,2022-08-01
117.63999938964844,2022-08-02
117.8499984741211,2022-08-03
119.08999633789062,2022-08-04
120.4800033569336,2022-08-05
118.80999755859375,2022-08-08
118.75,2022-08-09
118.45999908447266,2022-08-10
117.5,2022-08-11
119.63999938964844,2022-08-12
119.3499984741211,2022-08-15
119.91999816894531,2022-08-16
123.55999755859375,2022-08-17
126.31999969482422,2022-08-18
123.77999877929688,2022-08-19
123.43000030517578,2022-08-22
121.95999908447266,2022-08-23
122.48999786376953,2022-08-24
123.29000091552734,2022-08-25
120.3499984741211,2022-08-26
120.33000183105469,2022-08-29
117.77999877929688,2022-08-30
117.97000122070312,2022-08-31
121.2300033569336,2022-09-01
119.80999755859375,2022-09-02
121.48999786376953,2022-09-06
123.69000244140625,2022-09-07
124.11000061035156,2022-09-08
123.97000122070312,2022-09-09
123.7300033569336,2022-09-12
120.93000030517578,2022-09-13
121.41999816894531,2022-09-14
119.13999938964844,2022-09-15
120.55000305175781,2022-09-16
120.63999938964844,2022-09-19
119.44000244140625,2022-09-20
118.06999969482422,2022-09-21
117.62000274658203,2022-09-22
116.12999725341797,2022-09-23
116.41000366210938,2022-09-26
116.97000122070312,2022-09-27
118.36000061035156,2022-09-28
117.7300033569336,2022-09-29
117.37000274658203,2022-09-30
118.12999725341797,2022-10-03
119.97000122070312,2022-10-04
119.7699966430664,2022-10-05
121.68000030517578,2022-10-06
118.94000244140625,2022-10-07
118.70999908447266,2022-10-10
118.05999755859375,2022-10-11
118.13999938964844,2022-10-12
120.06999969482422,2022-10-13
116.11000061035156,2022-10-14
120.1500015258789,2022-10-17
121.98999786376953,2022-10-18
119.75,2022-10-19
118.9800033569336,2022-10-20
119.87000274658203,2022-10-21
122.08999633789062,2022-10-24
124.41000366210938,2022-10-25
123.95999908447266,2022-10-26
123.94999694824219,2022-10-27
125.44999694824219,2022-10-28
124.5,2022-10-31
127.36000061035156,2022-11-01
126.0999984741211,2022-11-02
124.9000015258789,2022-11-03
128.3000030517578,2022-11-04
127.31999969482422,2022-11-07
125.76000213623047,2022-11-08
123.26000213623047,2022-11-09
120.95999908447266,2022-11-10
115.0999984741211,2022-11-11
118.62000274658203,2022-11-14
122.62999725341797,2022-11-15
122.51000213623047,2022-11-16
123.70999908447266,2022-11-17
121.51000213623047,2022-11-18
124.02999877929688,2022-11-21
125.36000061035156,2022-11-22
124.83999633789062,2022-11-23
125.8499984741211,2022-11-25
124.66999816894531,2022-11-28
123.25,2022-11-29
126.83999633789062,2022-11-30
126.81999969482422,2022-12-01
128.3300018310547,2022-12-02
127.23999786376953,2022-12-05
128.38999938964844,2022-12-06
128.5,2022-12-07
126.81999969482422,2022-12-08
124.38999938964844,2022-12-09
125.69000244140625,2022-12-12
122.97000122070312,2022-12-13
121.68000030517578,2022-12-14
124.13999938964844,2022-12-15
124.0199966430664,2022-12-16
123.26000213623047,2022-12-19
123.18000030517578,2022-12-20
126.19000244140625,2022-12-21
124.26000213623047,2022-12-22
126.18000030517578,2022-12-23
126.37000274658203,2022-12-27
126.12000274658203,2022-12-28
127.18000030517578,2022-12-29
125.47000122070312,2022-12-30
126.33000183105469,2023-01-03
124.47000122070312,2023-01-04
123.7699966430664,2023-01-05
123.48999786376953,2023-01-06
122.18000030517578,2023-01-09
122.48999786376953,2023-01-10
123.43000030517578,2023-01-11
123.7699966430664,2023-01-12
124.48999786376953,2023-01-13
123.62000274658203,2023-01-17
122.58000183105469,2023-01-18
122.29000091552734,2023-01-19
122.30000305175781,2023-01-20
123.02999877929688,2023-01-23
121.56999969482422,2023-01-24
122.38999938964844,2023-01-25
123.33000183105469,2023-01-26
122.0999984741211,2023-01-27
122.6500015258789,2023-01-30
122.87999725341797,2023-01-31
123.05000305175781,2023-02-01
120.81999969482422,2023-02-02
124.26000213623047,2023-02-03
126.25,2023-02-06
127.38999938964844,2023-02-07
126.87999725341797,2023-02-08
125.63999938964844,2023-02-09
126.19999694824219,2023-02-10
128.5800018310547,2023-02-13
126.55000305175781,2023-02-14
128.5399932861328,2023-02-15
126.7300033569336,2023-02-16
129.08999633789062,2023-02-17
128.4600067138672,2023-02-21
128.27000427246094,2023-02-22
128.72999572753906,2023-02-23
129.69000244140625,2023-02-24
127.58000183105469,2023-02-27
126.16999816894531,2023-02-28
126.70999908447266,2023-03-01
126.18000030517578,2023-03-02
126.41000366210938,2023-03-03
125.31999969482422,2023-03-06
123.48999786376953,2023-03-07
123.2300033569336,2023-03-08
121.16999816894531,2023-03-09
118.6500015258789,2023-03-10
122.26000213623047,2023-03-13
124.61000061035156,2023-03-14
122.25,2023-03-15
123.9800033569336,2023-03-16
125.55000305175781,2023-03-17
125.6500015258789,2023-03-20
128.3800048828125,2023-03-21
127.05999755859375,2023-03-22
127.18000030517578,2023-03-23
129.27999877929688,2023-03-24
131.4600067138672,2023-03-27
131.77000427246094,2023-03-28
132.69000244140625,2023-03-29
132.30999755859375,2023-03-30
134.24000549316406,2023-03-31
134.55999755859375,2023-04-03
135.24000549316406,2023-04-04
135.6199951171875,2023-04-05
136.02000427246094,2023-04-06
133.19000244140625,2023-04-10
133.9600067138672,2023-04-11
134.52000427246094,2023-04-12
135.1699981689453,2023-04-13
136.75999450683594,2023-04-14
137.5500030517578,2023-04-17
137.1999969482422,2023-04-18
137.97999572753906,2023-04-19
138.72000122070312,2023-04-20
139.50999450683594,2023-04-21
139.72000122070312,2023-04-24
139.10000610351562,2023-04-25
137.66000366210938,2023-04-26
138.1999969482422,2023-04-27
139.6999969482422,2023-04-28
138.32000732421875,2023-05-01
138.72999572753906,2023-05-02
138.30999755859375,2023-05-03
137.07000732421875,2023-05-04
136.5800018310547,2023-05-05
136.47000122070312,2023-05-08
136.05999755859375,2023-05-09
138.4499969482422,2023-05-10
139.0399932861328,2023-05-11
138.77999877929688,2023-05-12
139.02000427246094,2023-05-15
138.02999877929688,2023-05-16
136.57000732421875,2023-05-17
137.25,2023-05-18
138.97000122070312,2023-05-19
139.27999877929688,2023-05-22
135.5500030517578,2023-05-23
135.52999877929688,2023-05-24
133.85000610351562,2023-05-25
133.77000427246094,2023-05-26
132.30999755859375,2023-05-30
132.4199981689453,2023-05-31
133.60000610351562,2023-06-01
135.17999267578125,2023-06-02
135.05999755859375,2023-06-05
131.72000122070312,2023-06-06
133.02999877929688,2023-06-07
135.63999938964844,2023-06-08
138.42999267578125,2023-06-09
135.47000122070312,2023-06-12
135.77000427246094,2023-06-13
138.80999755859375,2023-06-14
138.0800018310547,2023-06-15
137.36000061035156,2023-06-16
136.8800048828125,2023-06-20
136.50999450683594,2023-06-21
137.41000366210938,2023-06-22
135.3300018310547,2023-06-23
133.75,2023-06-26
134.08999633789062,2023-06-27
134.52000427246094,2023-06-28
135.75999450683594,2023-06-29
138.00999450683594,2023-06-30
137.39999389648438,2023-07-03
138.07000732421875,2023-07-05
136.89999389648438,2023-07-06
135.83999633789062,2023-07-07
136.0,2023-07-10
137.60000610351562,2023-07-11
136.4600067138672,2023-07-12
140.47999572753906,2023-07-13
141.6300048828125,2023-07-14
141.02999877929688,2023-07-17
140.19000244140625,2023-07-18
140.19000244140625,2023-07-19
142.22000122070312,2023-07-20
143.49000549316406,2023-07-21
142.30999755859375,2023-07-24
142.97999572753906,2023-07-25
143.72000122070312,2023-07-26
141.60000610351562,2023-07-27
140.36000061035156,2023-07-28
139.67999267578125,2023-07-31
139.85000610351562,2023-08-01
139.80999755859375,2023-08-02
140.00999450683594,2023-08-03
145.57000732421875,2023-08-04
146.2899932861328,2023-08-07
145.9600067138672,2023-08-08
146.17999267578125,2023-08-09
148.36000061035156,2023-08-10
150.25,2023-08-11
148.52999877929688,2023-08-14
149.33999633789062,2023-08-15
149.99000549316406,2023-08-16
149.77999877929688,2023-08-17
150.1199951171875,2023-08-18
150.58999633789062,2023-08-21
149.7899932861328,2023-08-22
150.1199951171875,2023-08-23
148.8699951171875,2023-08-24
151.22999572753906,2023-08-25
151.67999267578125,2023-08-28
150.27000427246094,2023-08-29
149.88999938964844,2023-08-30
149.7100067138672,2023-08-31
150.36000061035156,2023-09-01
149.0,2023-09-05
149.97999572753906,2023-09-06
153.55999755859375,2023-09-07
153.05999755859375,2023-09-08
154.6199951171875,2023-09-11
153.16000366210938,2023-09-12
151.6199951171875,2023-09-13
150.63999938964844,2023-09-14
149.25999450683594,2023-09-15
151.6999969482422,2023-09-18
155.8699951171875,2023-09-19
155.1300048828125,2023-09-20
155.32000732421875,2023-09-21
157.10000610351562,2023-09-22
155.3699951171875,2023-09-25
155.92999267578125,2023-09-26
154.77000427246094,2023-09-27
156.39999389648438,2023-09-28
156.2100067138672,2023-09-29
156.8000030517578,2023-10-02
157.24000549316406,2023-10-03
159.9600067138672,2023-10-04
160.2100067138672,2023-10-05
161.64999389648438,2023-10-06
162.8699951171875,2023-10-09
161.5500030517578,2023-10-10
161.5800018310547,2023-10-11
160.85000610351562,2023-10-12
162.0800018310547,2023-10-13
163.1999969482422,2023-10-16
163.57000732421875,2023-10-17
163.6999969482422,2023-10-18
162.72999572753906,2023-10-19
161.97000122070312,2023-10-20
161.22999572753906,2023-10-23
162.27000427246094,2023-10-24
162.4199981689453,2023-10-25
163.88999938964844,2023-10-26
161.25999450683594,2023-10-27
163.5,2023-10-30
163.88999938964844,2023-10-31
165.67999267578125,2023-11-01
162.8000030517578,2023-11-02
169.5,2023-11-03
174.0800018310547,2023-11-06
172.88999938964844,2023-11-07
173.99000549316406,2023-11-08
176.35000610351562,2023-11-09
174.97000122070312,2023-11-10
178.47999572753906,2023-11-13
177.38999938964844,2023-11-14
176.97999572753906,2023-11-15
177.7899932861328,2023-11-16
176.66000366210938,2023-11-17
176.8000030517578,2023-11-20
176.9499969482422,2023-11-21
180.05999755859375,2023-11-22
180.05999755859375,2023-11-24
180.39999389648438,2023-11-27
180.88999938964844,2023-11-28
179.5,2023-11-29
182.19000244140625,2023-11-30
180.25999450683594,2023-12-01
181.77999877929688,2023-12-04
181.9600067138672,2023-12-05
177.75999450683594,2023-12-06
177.25999450683594,2023-12-07
178.72000122070312,2023-12-08
178.0,2023-12-11
178.4199981689453,2023-12-12
