CFG,Date
16.959335327148438,2014-09-24
16.937286376953125,2014-09-25
17.084251403808594,2014-09-26
17.069551467895508,2014-09-29
17.20917510986328,2014-09-30
17.223867416381836,2014-10-01
17.150386810302734,2014-10-02
17.069551467895508,2014-10-03
16.636014938354492,2014-10-06
16.547842025756836,2014-10-07
16.716848373413086,2014-10-08
16.518449783325195,2014-10-09
16.37149429321289,2014-10-10
16.496408462524414,2014-10-13
16.496408462524414,2014-10-14
16.055519104003906,2014-10-15
16.018779754638672,2014-10-16
16.10696029663086,2014-10-17
16.444971084594727,2014-10-20
16.768281936645508,2014-10-21
16.606626510620117,2014-10-22
16.922597885131836,2014-10-23
17.032821655273438,2014-10-24
16.790332794189453,2014-10-27
17.106298446655273,2014-10-28
17.253259658813477,2014-10-29
17.223867416381836,2014-10-30
17.356136322021484,2014-10-31
17.635358810424805,2014-11-03
17.413997650146484,2014-11-04
17.635351181030273,2014-11-05
17.930511474609375,2014-11-06
17.687007904052734,2014-11-07
17.672256469726562,2014-11-10
17.664871215820312,2014-11-11
17.60584259033203,2014-11-12
17.576322555541992,2014-11-13
17.67963218688965,2014-11-14
17.70914649963379,2014-11-17
17.509918212890625,2014-11-18
17.502540588378906,2014-11-19
17.495162963867188,2014-11-20
17.539432525634766,2014-11-21
17.893617630004883,2014-11-24
17.731277465820312,2014-11-25
17.878856658935547,2014-11-26
18.174007415771484,2014-11-28
17.69439125061035,2014-12-01
17.85671615600586,2014-12-02
17.878856658935547,2014-12-03
18.004297256469727,2014-12-04
18.557706832885742,2014-12-05
18.47654151916504,2014-12-08
18.565088272094727,2014-12-09
18.18876838684082,2014-12-10
18.218286514282227,2014-12-11
18.048572540283203,2014-12-12
18.070711135864258,2014-12-15
17.893617630004883,2014-12-16
18.122358322143555,2014-12-17
18.506052017211914,2014-12-18
18.4470272064209,2014-12-19
18.520814895629883,2014-12-22
18.77169418334961,2014-12-23
18.823347091674805,2014-12-24
18.675769805908203,2014-12-26
18.720041275024414,2014-12-29
18.587221145629883,2014-12-30
18.343727111816406,2014-12-31
18.269933700561523,2015-01-02
17.84196662902832,2015-01-05
17.642736434936523,2015-01-06
17.70914649963379,2015-01-07
17.84196662902832,2015-01-08
17.627979278564453,2015-01-09
17.62059783935547,2015-01-12
17.613222122192383,2015-01-13
17.295934677124023,2015-01-14
16.941747665405273,2015-01-15
17.11146354675293,2015-01-16
17.04505729675293,2015-01-20
17.177873611450195,2015-01-21
17.81244468688965,2015-01-22
17.495162963867188,2015-01-23
17.775556564331055,2015-01-26
17.819833755493164,2015-01-27
17.60584259033203,2015-01-28
17.8862361907959,2015-01-29
17.635351181030273,2015-01-30
17.70914649963379,2015-02-02
17.998119354248047,2015-02-03
17.79065704345703,2015-02-04
18.042573928833008,2015-02-05
18.15372657775879,2015-02-06
17.975894927978516,2015-02-09
18.390838623046875,2015-02-10
18.501985549926758,2015-02-11
18.768733978271484,2015-02-12
18.85765266418457,2015-02-13
18.939157485961914,2015-02-17
18.679811477661133,2015-02-18
18.539030075073242,2015-02-19
18.709449768066406,2015-02-20
18.457521438598633,2015-02-23
18.472341537475586,2015-02-24
18.494571685791016,2015-02-25
18.413068771362305,2015-02-26
18.40565299987793,2015-02-27
18.413068771362305,2015-03-02
18.553850173950195,2015-03-03
18.45011329650879,2015-03-04
18.74650764465332,2015-03-05
18.894697189331055,2015-03-06
18.69463348388672,2015-03-09
18.52420997619629,2015-03-10
18.605716705322266,2015-03-11
18.88728141784668,2015-03-12
18.353792190551758,2015-03-13
18.7539119720459,2015-03-16
18.96879768371582,2015-03-17
18.66499137878418,2015-03-18
18.376014709472656,2015-03-19
18.376014709472656,2015-03-20
18.34637451171875,2015-03-23
18.020349502563477,2015-03-24
17.783241271972656,2015-03-25
17.872159957885742,2015-03-26
18.138912200927734,2015-03-27
18.020349502563477,2015-03-30
17.87957000732422,2015-03-31
18.04999351501465,2015-04-01
18.242639541625977,2015-04-02
18.338970184326172,2015-04-06
18.45011329650879,2015-04-07
18.52420997619629,2015-04-08
18.553850173950195,2015-04-09
18.605716705322266,2015-04-10
18.85765266418457,2015-04-13
18.62795066833496,2015-04-14
18.96879768371582,2015-04-15
18.88728141784668,2015-04-16
18.61313247680664,2015-04-17
18.605716705322266,2015-04-20
18.553850173950195,2015-04-21
18.88728141784668,2015-04-22
18.998430252075195,2015-04-23
18.946565628051758,2015-04-24
18.879878997802734,2015-04-27
19.102169036865234,2015-04-28
19.331865310668945,2015-04-29
19.302227020263672,2015-04-30
19.324542999267578,2015-05-01
19.56256675720215,2015-05-04
19.517942428588867,2015-05-05
19.227848052978516,2015-05-06
19.302228927612305,2015-05-07
19.19809341430664,2015-05-08
19.3914852142334,2015-05-11
19.45099449157715,2015-05-12
19.510496139526367,2015-05-13
19.696449279785156,2015-05-14
19.287351608276367,2015-05-15
19.56256675720215,2015-05-18
19.979110717773438,2015-05-19
19.897287368774414,2015-05-20
19.9642276763916,2015-05-21
20.02373504638672,2015-05-22
19.86009407043457,2015-05-26
19.912166595458984,2015-05-27
19.956789016723633,2015-05-28
19.9642276763916,2015-05-29
20.046052932739258,2015-06-01
20.22456932067871,2015-06-02
20.54441261291504,2015-06-03
20.6411075592041,2015-06-04
21.065088272094727,2015-06-05
20.85681915283203,2015-06-08
20.886573791503906,2015-06-09
20.82706642150879,2015-06-10
20.470035552978516,2015-06-11
20.484907150268555,2015-06-12
20.76012420654297,2015-06-15
21.01302146911621,2015-06-16
20.76012420654297,2015-06-17
20.87913703918457,2015-06-18
20.968393325805664,2015-06-19
21.02790069580078,2015-06-22
20.968393325805664,2015-06-23
20.864255905151367,2015-06-24
20.365894317626953,2015-06-25
20.484907150268555,2015-06-26
20.031171798706055,2015-06-29
20.313825607299805,2015-06-30
20.410524368286133,2015-07-01
20.19481658935547,2015-07-02
20.090681076049805,2015-07-06
19.889846801757812,2015-07-07
19.815465927124023,2015-07-08
20.0683650970459,2015-07-09
20.306394577026367,2015-07-10
20.26919937133789,2015-07-13
20.492345809936523,2015-07-14
20.678298950195312,2015-07-15
20.908885955810547,2015-07-16
20.76012420654297,2015-07-17
20.797319412231445,2015-07-20
19.874971389770508,2015-07-21
20.11299705505371,2015-07-22
19.67413902282715,2015-07-23
19.45099449157715,2015-07-24
19.294788360595703,2015-07-27
19.46586799621582,2015-07-28
19.339414596557617,2015-07-29
19.77996826171875,2015-07-30
19.466360092163086,2015-07-31
19.436492919921875,2015-08-03
19.61570167541504,2015-08-04
19.906904220581055,2015-08-05
19.899438858032227,2015-08-06
19.936771392822266,2015-08-07
20.302656173706055,2015-08-10
20.041311264038086,2015-08-11
19.436492919921875,2015-08-12
19.563430786132812,2015-08-13
19.697832107543945,2015-08-14
19.623165130615234,2015-08-17
19.832237243652344,2015-08-18
19.608234405517578,2015-08-19
18.913801193237305,2015-08-20
18.3463134765625,2015-08-21
17.196407318115234,2015-08-24
17.248672485351562,2015-08-25
18.062572479248047,2015-08-26
18.27911376953125,2015-08-27
18.4359130859375,2015-08-28
18.53298568725586,2015-08-31
17.68922233581543,2015-09-01
18.01776695251465,2015-09-02
18.294038772583008,2015-09-03
17.987905502319336,2015-09-04
18.391117095947266,2015-09-08
18.21937370300293,2015-09-09
18.24924659729004,2015-09-10
18.159635543823242,2015-09-11
18.22684097290039,2015-09-14
18.68979263305664,2015-09-15
18.57778549194336,2015-09-16
17.950565338134766,2015-09-17
17.73402976989746,2015-09-18
17.846027374267578,2015-09-21
17.622018814086914,2015-09-22
17.42787742614746,2015-09-23
17.353206634521484,2015-09-24
17.629486083984375,2015-09-25
16.897724151611328,2015-09-28
17.33827018737793,2015-09-29
17.816158294677734,2015-09-30
17.54734992980957,2015-10-01
17.480144500732422,2015-10-02
17.711624145507812,2015-10-05
17.442811965942383,2015-10-06
17.502548217773438,2015-10-07
17.562286376953125,2015-10-08
17.517475128173828,2015-10-09
17.592151641845703,2015-10-12
17.517475128173828,2015-10-13
17.106801986694336,2015-10-14
17.562286376953125,2015-10-15
17.33827018737793,2015-10-16
17.34574317932129,2015-10-19
17.4652099609375,2015-10-20
17.300941467285156,2015-10-21
17.076934814453125,2015-10-22
18.084970474243164,2015-10-23
17.622018814086914,2015-10-26
17.569751739501953,2015-10-27
18.055103302001953,2015-10-28
18.002836227416992,2015-10-29
18.144704818725586,2015-10-30
18.256710052490234,2015-11-02
18.309194564819336,2015-11-03
18.39166831970215,2015-11-04
18.451650619506836,2015-11-05
19.291385650634766,2015-11-06
19.396347045898438,2015-11-09
19.493818283081055,2015-11-10
19.561294555664062,2015-11-11
19.126432418823242,2015-11-12
19.14143180847168,2015-11-13
19.253894805908203,2015-11-16
19.193912506103516,2015-11-17
19.64377784729004,2015-11-18
19.583786010742188,2015-11-19
19.508811950683594,2015-11-20
19.298873901367188,2015-11-23
19.591283798217773,2015-11-24
19.688758850097656,2015-11-25
19.786224365234375,2015-11-27
19.96616554260254,2015-11-30
19.868698120117188,2015-12-01
19.97366714477539,2015-12-02
19.846202850341797,2015-12-03
20.333553314208984,2015-12-04
19.876197814941406,2015-12-07
19.801218032836914,2015-12-08
19.568788528442383,2015-12-09
19.71874237060547,2015-12-10
19.2014102935791,2015-12-11
19.283885955810547,2015-12-14
19.898691177368164,2015-12-15
20.176097869873047,2015-12-16
19.85370445251465,2015-12-17
19.418846130371094,2015-12-18
19.516311645507812,2015-12-21
19.681257247924805,2015-12-22
19.883697509765625,2015-12-23
19.943675994873047,2015-12-24
19.801218032836914,2015-12-28
19.958669662475586,2015-12-29
19.71874237060547,2015-12-30
19.636268615722656,2015-12-31
19.3438663482666,2016-01-04
19.253894805908203,2016-01-05
18.953990936279297,2016-01-06
18.436655044555664,2016-01-07
17.859338760375977,2016-01-08
17.9193172454834,2016-01-11
17.9193172454834,2016-01-12
17.40947723388672,2016-01-13
17.169553756713867,2016-01-14
16.73468780517578,2016-01-15
16.667217254638672,2016-01-19
16.194866180419922,2016-01-20
15.992436408996582,2016-01-21
15.580063819885254,2016-01-22
14.837794303894043,2016-01-25
15.212677001953125,2016-01-26
15.902458190917969,2016-01-27
16.299827575683594,2016-01-28
15.932441711425781,2016-01-29
15.580063819885254,2016-02-01
15.225968360900879,2016-02-02
15.105422973632812,2016-02-03
15.241032600402832,2016-02-04
14.954748153686523,2016-02-05
14.465044021606445,2016-02-08
14.728729248046875,2016-02-09
14.208890914916992,2016-02-10
13.666454315185547,2016-02-11
14.231497764587402,2016-02-12
14.585585594177246,2016-02-16
14.804070472717285,2016-02-17
14.397238731384277,2016-02-18
14.495182037353516,2016-02-19
14.917078018188477,2016-02-22
14.593125343322754,2016-02-23
14.314366340637207,2016-02-24
14.449975967407227,2016-02-25
14.871875762939453,2016-02-26
14.487648010253906,2016-02-29
15.271170616149902,2016-03-01
15.791008949279785,2016-03-02
16.152637481689453,2016-03-03
16.521793365478516,2016-03-04
16.22043800354004,2016-03-07
15.76087760925293,2016-03-08
15.595126152038574,2016-03-09
15.828682899475098,2016-03-10
16.506729125976562,2016-03-11
16.6423397064209,2016-03-14
16.717676162719727,2016-03-15
16.28071403503418,2016-03-16
16.371116638183594,2016-03-17
16.63479995727539,2016-03-18
16.574527740478516,2016-03-21
16.521793365478516,2016-03-22
16.340978622436523,2016-03-23
16.265644073486328,2016-03-24
16.114961624145508,2016-03-28
15.971822738647461,2016-03-29
16.00948715209961,2016-03-30
15.783478736877441,2016-03-31
16.0848331451416,2016-04-01
16.205373764038086,2016-04-04
15.640332221984863,2016-04-05
16.07729148864746,2016-04-06
15.662932395935059,2016-04-07
15.72320556640625,2016-04-08
15.851277351379395,2016-04-11
16.205373764038086,2016-04-12
17.026565551757812,2016-04-13
17.19230842590332,2016-04-14
16.988893508911133,2016-04-15
17.116966247558594,2016-04-18
17.403261184692383,2016-04-19
17.599136352539062,2016-04-20
17.727216720581055,2016-04-21
17.795021057128906,2016-04-22
17.61420440673828,2016-04-25
17.742279052734375,2016-04-26
17.795021057128906,2016-04-27
17.508729934692383,2016-04-28
17.214908599853516,2016-04-29
17.464839935302734,2016-05-02
17.048288345336914,2016-05-03
16.654457092285156,2016-05-04
16.745344161987305,2016-05-05
16.730195999145508,2016-05-06
16.548423767089844,2016-05-09
16.9346866607666,2016-05-10
16.813507080078125,2016-05-11
16.480260848999023,2016-05-12
16.20761489868164,2016-05-13
16.442392349243164,2016-05-16
16.525705337524414,2016-05-17
17.517852783203125,2016-05-18
17.343664169311523,2016-05-19
17.40424919128418,2016-05-20
17.396678924560547,2016-05-23
17.60873794555664,2016-05-24
17.94198226928711,2016-05-25
17.68447494506836,2016-05-26
17.86624526977539,2016-05-27
17.835948944091797,2016-05-31
17.87381935119629,2016-06-01
18.04800796508789,2016-06-02
17.52543067932129,2016-06-03
17.775360107421875,2016-06-06
17.782930374145508,2016-06-07
17.76778221130371,2016-06-08
17.328514099121094,2016-06-09
17.010421752929688,2016-06-10
16.72262191772461,2016-06-13
16.13945198059082,2016-06-14
16.177322387695312,2016-06-15
15.85922908782959,2016-06-16
15.980402946472168,2016-06-17
16.13945198059082,2016-06-20
16.321218490600586,2016-06-21
16.184898376464844,2016-06-22
16.75292205810547,2016-06-23
15.109435081481934,2016-06-24
13.965813636779785,2016-06-27
14.367216110229492,2016-06-28
14.783764839172363,2016-06-29
15.132152557373047,2016-06-30
14.882226943969727,2016-07-01
14.314199447631836,2016-07-05
14.382363319396973,2016-07-06
14.708027839660645,2016-07-07
15.033699035644531,2016-07-08
15.238186836242676,2016-07-11
15.480545043945312,2016-07-12
15.571425437927246,2016-07-13
15.897099494934082,2016-07-14
15.88952350616455,2016-07-15
15.88952350616455,2016-07-18
15.92739200592041,2016-07-19
16.147024154663086,2016-07-20
16.419675827026367,2016-07-21
16.510555267333984,2016-07-22
16.684757232666016,2016-07-25
17.033138275146484,2016-07-26
17.101301193237305,2016-07-27
17.002843856811523,2016-07-28
16.911962509155273,2016-07-29
16.90435028076172,2016-08-01
16.79013442993164,2016-08-02
17.102327346801758,2016-08-03
17.216548919677734,2016-08-04
17.81048011779785,2016-08-05
17.856172561645508,2016-08-08
17.886629104614258,2016-08-09
17.70387840270996,2016-08-10
17.818098068237305,2016-08-11
17.71910858154297,2016-08-12
17.92470359802246,2016-08-15
17.81048011779785,2016-08-16
17.848552703857422,2016-08-17
17.81048011779785,2016-08-18
17.95516014099121,2016-08-19
17.894241333007812,2016-08-22
17.917089462280273,2016-08-23
17.886629104614258,2016-08-24
18.0008544921875,2016-08-25
18.366348266601562,2016-08-26
18.625244140625,2016-08-29
18.830835342407227,2016-08-30
18.861295700073242,2016-08-31
18.670930862426758,2016-09-01
18.79275894165039,2016-09-02
18.503408432006836,2016-09-06
18.709003448486328,2016-09-07
18.975515365600586,2016-09-08
18.891754150390625,2016-09-09
19.08972930908203,2016-09-12
18.747074127197266,2016-09-13
18.579557418823242,2016-09-14
18.640466690063477,2016-09-15
18.351116180419922,2016-09-16
18.419654846191406,2016-09-19
18.404420852661133,2016-09-20
18.511018753051758,2016-09-21
18.457721710205078,2016-09-22
18.587169647216797,2016-09-23
18.2445125579834,2016-09-26
18.511018753051758,2016-09-27
18.587169647216797,2016-09-28
18.313039779663086,2016-09-29
18.81560516357422,2016-09-30
18.731842041015625,2016-10-03
19.02880859375,2016-10-04
19.470457077026367,2016-10-05
19.561838150024414,2016-10-06
19.417156219482422,2016-10-07
19.447620391845703,2016-10-10
19.00597381591797,2016-10-11
19.226797103881836,2016-10-12
18.670930862426758,2016-10-13
18.876522064208984,2016-10-14
18.71661949157715,2016-10-17
18.922210693359375,2016-10-18
19.264863967895508,2016-10-19
19.455232620239258,2016-10-20
19.775039672851562,2016-10-21
20.06439781188965,2016-10-24
20.148155212402344,2016-10-25
20.460359573364258,2016-10-26
20.460359573364258,2016-10-27
20.06439781188965,2016-10-28
20.14853858947754,2016-10-31
20.5310115814209,2016-11-01
19.964954376220703,2016-11-02
20.09499740600586,2016-11-03
20.202085494995117,2016-11-04
20.92112922668457,2016-11-07
20.615156173706055,2016-11-08
21.571331024169922,2016-11-09
22.64225196838379,2016-11-10
22.833480834960938,2016-11-11
23.621370315551758,2016-11-14
23.667272567749023,2016-11-15
23.50663185119629,2016-11-16
24.271575927734375,2016-11-17
24.45516014099121,2016-11-18
24.424558639526367,2016-11-21
24.416908264160156,2016-11-22
24.78408432006836,2016-11-23
24.829980850219727,2016-11-25
24.3098201751709,2016-11-28
24.77643585205078,2016-11-29
25.63316535949707,2016-11-30
26.298667907714844,2016-12-01
26.122726440429688,2016-12-02
26.122726440429688,2016-12-05
26.54344940185547,2016-12-06
26.81883430480957,2016-12-07
27.18599510192871,2016-12-08
27.163043975830078,2016-12-09
26.78057098388672,2016-12-12
26.619935989379883,2016-12-13
26.489900588989258,2016-12-14
27.07891082763672,2016-12-15
27.017711639404297,2016-12-16
27.055953979492188,2016-12-19
27.59906578063965,2016-12-20
27.553165435791016,2016-12-21
27.537870407104492,2016-12-22
27.790300369262695,2016-12-23
27.889738082885742,2016-12-27
27.537870407104492,2016-12-28
26.987117767333984,2016-12-29
27.25484848022461,2016-12-30
27.430776596069336,2017-01-03
27.66790771484375,2017-01-04
27.32368278503418,2017-01-05
27.469026565551758,2017-01-06
27.2930850982666,2017-01-09
27.752056121826172,2017-01-10
27.74439811706543,2017-01-11
27.476675033569336,2017-01-12
27.75969886779785,2017-01-13
26.099782943725586,2017-01-17
26.76527214050293,2017-01-18
26.566390991210938,2017-01-19
27.400175094604492,2017-01-20
27.453733444213867,2017-01-23
27.767351150512695,2017-01-24
28.700578689575195,2017-01-25
28.71587562561035,2017-01-26
28.295154571533203,2017-01-27
27.943281173706055,2017-01-30
27.77435874938965,2017-01-31
28.02006721496582,2017-02-01
27.674528121948242,2017-02-02
28.250438690185547,2017-02-03
28.004722595214844,2017-02-06
28.09685516357422,2017-02-07
27.144685745239258,2017-02-08
27.828107833862305,2017-02-09
27.966318130493164,2017-02-10
28.35026741027832,2017-02-13
29.164215087890625,2017-02-14
29.463699340820312,2017-02-15
29.371557235717773,2017-02-16
29.056720733642578,2017-02-17
29.21797752380371,2017-02-21
28.926179885864258,2017-02-22
28.603666305541992,2017-02-23
28.142940521240234,2017-02-24
28.557594299316406,2017-02-27
28.69580841064453,2017-02-28
30.400514602661133,2017-03-01
29.21797752380371,2017-03-02
29.41762351989746,2017-03-03
29.386905670166016,2017-03-06
29.156551361083984,2017-03-07
29.064388275146484,2017-03-08
28.972253799438477,2017-03-09
28.90313720703125,2017-03-10
28.69580841064453,2017-03-13
28.557594299316406,2017-03-14
28.242761611938477,2017-03-15
28.48847770690918,2017-03-16
28.119897842407227,2017-03-17
27.820430755615234,2017-03-20
26.384483337402344,2017-03-21
26.438232421875,2017-03-22
26.54573631286621,2017-03-23
26.499670028686523,2017-03-24
26.29233741760254,2017-03-27
26.89896011352539,2017-03-28
26.484310150146484,2017-03-29
26.78377914428711,2017-03-30
26.53038215637207,2017-03-31
26.73770523071289,2017-04-03
26.799142837524414,2017-04-04
26.399843215942383,2017-04-05
26.814495086669922,2017-04-06
26.591812133789062,2017-04-07
26.399843215942383,2017-04-10
26.399843215942383,2017-04-11
25.90071678161621,2017-04-12
25.524456024169922,2017-04-13
26.046611785888672,2017-04-17
25.877683639526367,2017-04-18
26.276981353759766,2017-04-19
27.083261489868164,2017-04-20
26.799142837524414,2017-04-21
27.52863121032715,2017-04-24
27.989360809326172,2017-04-25
28.258121490478516,2017-04-26
28.23508071899414,2017-04-27
28.189016342163086,2017-04-28
28.620676040649414,2017-05-01
28.397136688232422,2017-05-02
28.682336807250977,2017-05-03
28.782546997070312,2017-05-04
28.497339248657227,2017-05-05
28.79796028137207,2017-05-08
28.659212112426758,2017-05-09
28.682336807250977,2017-05-10
28.52046775817871,2017-05-11
28.250680923461914,2017-05-12
28.535884857177734,2017-05-15
28.58213233947754,2017-05-16
26.647367477416992,2017-05-17
26.562578201293945,2017-05-18
26.647367477416992,2017-05-19
26.647367477416992,2017-05-22
27.04819107055664,2017-05-23
26.693613052368164,2017-05-24
26.647367477416992,2017-05-25
26.70132064819336,2017-05-26
26.40070343017578,2017-05-30
26.28507423400879,2017-05-31
26.593408584594727,2017-06-01
26.308204650878906,2017-06-02
26.19257354736328,2017-06-05
26.10007667541504,2017-06-06
26.608821868896484,2017-06-07
27.45673179626465,2017-06-08
28.01172637939453,2017-06-09
28.219844818115234,2017-06-12
28.427967071533203,2017-06-13
28.196720123291016,2017-06-14
28.296926498413086,2017-06-15
28.034847259521484,2017-06-16
28.173595428466797,2017-06-19
27.703397750854492,2017-06-20
27.132984161376953,2017-06-21
26.96340560913086,2017-06-22
26.585695266723633,2017-06-23
26.716739654541016,2017-06-26
26.855485916137695,2017-06-27
27.24090003967285,2017-06-28
27.4798583984375,2017-06-29
27.502975463867188,2017-06-30
28.165882110595703,2017-07-03
28.427967071533203,2017-07-05
28.212139129638672,2017-07-06
28.57442283630371,2017-07-07
28.55900764465332,2017-07-10
28.312345504760742,2017-07-11
28.150468826293945,2017-07-12
28.404842376708984,2017-07-13
27.934642791748047,2017-07-14
27.819021224975586,2017-07-17
27.43360137939453,2017-07-18
27.18694305419922,2017-07-19
27.171524047851562,2017-07-20
26.577993392944336,2017-07-21
27.325687408447266,2017-07-24
27.63401985168457,2017-07-25
27.109861373901367,2017-07-26
27.00965118408203,2017-07-27
26.93256950378418,2017-07-28
27.180517196655273,2017-07-31
27.288982391357422,2017-08-01
27.598907470703125,2017-08-02
27.288982391357422,2017-08-03
27.598907470703125,2017-08-04
27.38970947265625,2017-08-07
27.381961822509766,2017-08-08
27.14176368713379,2017-08-09
26.119009017944336,2017-08-10
25.87107276916504,2017-08-11
26.51416778564453,2017-08-14
26.33596420288086,2017-08-15
26.304967880249023,2017-08-16
25.421682357788086,2017-08-17
25.61539077758789,2017-08-18
25.336450576782227,2017-08-21
25.894315719604492,2017-08-22
25.956298828125,2017-08-23
26.343708038330078,2017-08-24
26.227489471435547,2017-08-25
25.933059692382812,2017-08-28
25.8090877532959,2017-08-29
25.87107276916504,2017-08-30
25.66962242126465,2017-08-31
26.041528701782227,2017-09-01
25.297710418701172,2017-09-05
25.39069366455078,2017-09-06
24.856063842773438,2017-09-07
25.421682357788086,2017-09-08
25.92530632019043,2017-09-11
26.715621948242188,2017-09-12
26.878324508666992,2017-09-13
26.948062896728516,2017-09-14
27.242496490478516,2017-09-15
27.57566261291504,2017-09-18
27.753864288330078,2017-09-19
27.73063087463379,2017-09-20
28.102535247802734,2017-09-21
28.16452407836914,2017-09-22
28.249752044677734,2017-09-25
28.5286808013916,2017-09-26
28.838613510131836,2017-09-27
28.722389221191406,2017-09-28
29.34223747253418,2017-09-29
28.838613510131836,2017-10-02
28.544185638427734,2017-10-03
28.33498764038086,2017-10-04
28.768882751464844,2017-10-05
29.047813415527344,2017-10-06
28.90835189819336,2017-10-09
29.29575538635254,2017-10-10
29.016813278198242,2017-10-11
28.79212760925293,2017-10-12
28.652650833129883,2017-10-13
28.70689582824707,2017-10-16
28.420215606689453,2017-10-17
28.807619094848633,2017-10-18
29.001323699951172,2017-10-19
29.698665618896484,2017-10-20
29.830371856689453,2017-10-23
29.729652404785156,2017-10-24
29.466217041015625,2017-10-25
29.83812141418457,2017-10-26
29.791635513305664,2017-10-27
29.504955291748047,2017-10-30
29.5905818939209,2017-10-31
29.870847702026367,2017-11-01
30.158899307250977,2017-11-02
30.221168518066406,2017-11-03
30.143320083618164,2017-11-06
29.325895309448242,2017-11-07
29.04564666748047,2017-11-08
28.65639305114746,2017-11-09
28.555192947387695,2017-11-10
28.960010528564453,2017-11-13
29.63730239868164,2017-11-14
29.691787719726562,2017-11-15
29.520524978637695,2017-11-16
29.71514892578125,2017-11-17
29.77742576599121,2017-11-20
29.504953384399414,2017-11-21
29.450458526611328,2017-11-22
29.38817596435547,2017-11-24
29.29476547241211,2017-11-27
30.190031051635742,2017-11-28
31.66138458251953,2017-11-29
31.684743881225586,2017-11-30
31.676959991455078,2017-12-01
32.58000946044922,2017-12-04
31.83265495300293,2017-12-05
31.63024139404297,2017-12-06
32.253047943115234,2017-12-07
32.494380950927734,2017-12-08
32.24525833129883,2017-12-11
32.6345100402832,2017-12-12
32.1829833984375,2017-12-13
31.817087173461914,2017-12-14
32.46324157714844,2017-12-15
32.72012710571289,2017-12-18
32.759063720703125,2017-12-19
32.64228439331055,2017-12-20
33.163875579833984,2017-12-21
33.18724060058594,2017-12-22
33.10159683227539,2017-12-26
32.9770393371582,2017-12-27
33.0393180847168,2017-12-28
32.68120574951172,2017-12-29
33.22615432739258,2018-01-02
33.60762023925781,2018-01-03
34.00465393066406,2018-01-04
34.16035461425781,2018-01-05
34.30048751831055,2018-01-08
34.401695251464844,2018-01-09
34.95442199707031,2018-01-10
35.265811920166016,2018-01-11
35.43708419799805,2018-01-12
35.226890563964844,2018-01-16
35.68619918823242,2018-01-17
35.623924255371094,2018-01-18
36.449127197265625,2018-01-19
37.219844818115234,2018-01-22
37.26655197143555,2018-01-23
36.88508987426758,2018-01-24
36.33235168457031,2018-01-25
36.550331115722656,2018-01-26
36.39463424682617,2018-01-29
35.94310760498047,2018-01-30
35.90399169921875,2018-01-31
36.61581802368164,2018-02-01
35.997867584228516,2018-02-02
34.16746520996094,2018-02-05
34.88710403442383,2018-02-06
35.07484436035156,2018-02-07
33.001953125,2018-02-08
33.67466354370117,2018-02-09
34.38649368286133,2018-02-12
34.72283935546875,2018-02-13
35.8648796081543,2018-02-14
35.997867584228516,2018-02-15
35.92746353149414,2018-02-16
36.052616119384766,2018-02-20
36.216880798339844,2018-02-21
35.551998138427734,2018-02-22
36.318572998046875,2018-02-23
34.840171813964844,2018-02-26
34.22222900390625,2018-02-27
34.01884460449219,2018-02-28
34.05012512207031,2018-03-01
34.558570861816406,2018-03-02
35.09048843383789,2018-03-05
35.45030212402344,2018-03-06
35.5441780090332,2018-03-07
35.37208557128906,2018-03-08
36.18559265136719,2018-03-09
36.099544525146484,2018-03-12
35.77101516723633,2018-03-13
35.30168533325195,2018-03-14
35.168704986572266,2018-03-15
35.098304748535156,2018-03-16
35.12959671020508,2018-03-19
35.02008819580078,2018-03-20
35.137413024902344,2018-03-21
33.596435546875,2018-03-22
32.28230285644531,2018-03-23
33.72941589355469,2018-03-26
32.53261947631836,2018-03-27
32.5013313293457,2018-03-28
32.837677001953125,2018-03-29
32.149322509765625,2018-04-02
32.7047119140625,2018-04-03
33.45563888549805,2018-04-04
33.65119934082031,2018-04-05
32.44657897949219,2018-04-06
32.64995574951172,2018-04-09
33.400882720947266,2018-04-10
32.994117736816406,2018-04-11
33.82328414916992,2018-04-12
33.07236099243164,2018-04-13
33.14274597167969,2018-04-16
32.29795455932617,2018-04-17
32.09457015991211,2018-04-18
32.74381637573242,2018-04-19
32.837677001953125,2018-04-20
33.252262115478516,2018-04-23
33.06452941894531,2018-04-24
33.26008224487305,2018-04-25
32.837677001953125,2018-04-26
33.220977783203125,2018-04-27
32.45439529418945,2018-04-30
32.2027473449707,2018-05-01
32.24992370605469,2018-05-02
31.77808952331543,2018-05-03
32.265655517578125,2018-05-04
32.297115325927734,2018-05-07
32.49372100830078,2018-05-08
33.16215515136719,2018-05-09
33.31156539916992,2018-05-10
33.34302520751953,2018-05-11
33.29582595825195,2018-05-14
33.59466552734375,2018-05-15
33.45311737060547,2018-05-16
33.42165756225586,2018-05-17
32.68245315551758,2018-05-18
32.94195556640625,2018-05-21
33.17787170410156,2018-05-22
32.863319396972656,2018-05-23
32.666717529296875,2018-05-24
32.64312744140625,2018-05-25
30.99169921875,2018-05-29
31.80169105529785,2018-05-30
32.12409973144531,2018-05-31
32.73749542236328,2018-06-01
32.95769500732422,2018-06-04
32.627403259277344,2018-06-05
33.32728958129883,2018-06-06
32.95769500732422,2018-06-07
33.01273727416992,2018-06-08
32.910499572753906,2018-06-11
33.193607330322266,2018-06-12
32.90264129638672,2018-06-13
32.5566291809082,2018-06-14
32.79254150390625,2018-06-15
32.910499572753906,2018-06-18
32.83186721801758,2018-06-19
32.94195556640625,2018-06-20
32.973419189453125,2018-06-21
32.38361740112305,2018-06-22
32.12409973144531,2018-06-25
31.56576919555664,2018-06-26
31.10967254638672,2018-06-27
31.070348739624023,2018-06-28
30.590639114379883,2018-06-29
30.968114852905273,2018-07-02
30.637826919555664,2018-07-03
30.810834884643555,2018-07-05
30.94451904296875,2018-07-06
31.848876953125,2018-07-09
31.487131118774414,2018-07-10
31.29052734375,2018-07-11
31.117528915405273,2018-07-12
30.952390670776367,2018-07-13
31.439939498901367,2018-07-16
31.487131118774414,2018-07-17
32.27351760864258,2018-07-18
31.97469711303711,2018-07-19
31.61295509338379,2018-07-20
31.87245750427246,2018-07-23
31.487131118774414,2018-07-24
31.392757415771484,2018-07-25
31.424211502075195,2018-07-26
31.534317016601562,2018-07-27
31.510725021362305,2018-07-30
31.494888305664062,2018-07-31
31.605735778808594,2018-08-01
31.898658752441406,2018-08-02
32.0015983581543,2018-08-03
31.771991729736328,2018-08-06
31.99367904663086,2018-08-07
32.46870803833008,2018-08-08
32.13618469238281,2018-08-09
31.882835388183594,2018-08-10
31.54239845275879,2018-08-13
31.98575782775879,2018-08-14
31.471134185791016,2018-08-15
32.03326416015625,2018-08-16
32.21535873413086,2018-08-17
32.34203338623047,2018-08-20
32.674560546875,2018-08-21
32.658729553222656,2018-08-22
32.492462158203125,2018-08-23
32.42120361328125,2018-08-24
32.801246643066406,2018-08-27
32.85666275024414,2018-08-28
32.563724517822266,2018-08-29
32.39745330810547,2018-08-30
32.58747482299805,2018-08-31
32.64290237426758,2018-09-04
32.84082794189453,2018-09-05
32.61122512817383,2018-09-06
32.46870803833008,2018-09-07
32.27077865600586,2018-09-10
32.48454666137695,2018-09-11
31.954090118408203,2018-09-12
31.486974716186523,2018-09-13
31.77991485595703,2018-09-14
31.58197784423828,2018-09-17
31.518648147583008,2018-09-18
32.0015983581543,2018-09-19
32.48454666137695,2018-09-20
32.4449577331543,2018-09-21
31.99367904663086,2018-09-24
31.77991485595703,2018-09-25
31.201950073242188,2018-09-26
30.82192039489746,2018-09-27
30.536897659301758,2018-09-28
30.370643615722656,2018-10-01
30.141033172607422,2018-10-02
30.742753982543945,2018-10-03
30.95650863647461,2018-10-04
30.703155517578125,2018-10-05
31.059436798095703,2018-10-08
30.853586196899414,2018-10-09
30.21229362487793,2018-10-10
29.28597068786621,2018-10-11
28.58925437927246,2018-10-12
28.383403778076172,2018-10-15
28.272560119628906,2018-10-16
28.415071487426758,2018-10-17
27.6470947265625,2018-10-18
28.795095443725586,2018-10-19
28.320070266723633,2018-10-22
28.692182540893555,2018-10-23
27.73418426513672,2018-10-24
28.415071487426758,2018-10-25
28.391324996948242,2018-10-26
28.628843307495117,2018-10-29
28.979820251464844,2018-10-30
29.793455123901367,2018-10-31
29.841318130493164,2018-11-01
29.92906379699707,2018-11-02
30.09657859802246,2018-11-05
30.09657859802246,2018-11-06
30.423625946044922,2018-11-07
30.55124855041504,2018-11-08
30.359806060791016,2018-11-09
30.008825302124023,2018-11-12
30.06466293334961,2018-11-13
28.884096145629883,2018-11-14
29.179243087768555,2018-11-15
28.923978805541992,2018-11-16
28.67670249938965,2018-11-19
28.102367401123047,2018-11-20
28.317747116088867,2018-11-21
28.07046127319336,2018-11-23
28.76444435119629,2018-11-26
28.75646209716797,2018-11-27
29.059579849243164,2018-11-28
28.740510940551758,2018-11-29
29.003751754760742,2018-11-30
29.155309677124023,2018-12-03
27.472192764282227,2018-12-04
26.94572639465332,2018-12-06
26.331510543823242,2018-12-07
25.565738677978516,2018-12-10
25.27059555053711,2018-12-11
25.2307071685791,2018-12-12
24.632442474365234,2018-12-13
24.13788604736328,2018-12-14
23.994300842285156,2018-12-17
23.778926849365234,2018-12-18
23.13280487060547,2018-12-19
23.013151168823242,2018-12-20
22.749916076660156,2018-12-21
22.28725814819336,2018-12-24
23.523666381835938,2018-12-26
23.595458984375,2018-12-27
23.587480545043945,2018-12-28
23.715110778808594,2018-12-31
24.337303161621094,2019-01-02
24.225629806518555,2019-01-03
25.222732543945312,2019-01-04
25.53382682800293,2019-01-07
25.53382682800293,2019-01-08
25.868858337402344,2019-01-09
25.71729850769043,2019-01-10
26.028396606445312,2019-01-11
26.37139320373535,2019-01-14
26.403301239013672,2019-01-15
27.081335067749023,2019-01-16
27.041454315185547,2019-01-17
28.261898040771484,2019-01-18
28.062484741210938,2019-01-22
27.879016876220703,2019-01-23
28.038557052612305,2019-01-24
28.26987648010254,2019-01-25
28.19011116027832,2019-01-28
27.95878791809082,2019-01-29
27.829978942871094,2019-01-30
27.306703567504883,2019-01-31
27.524063110351562,2019-02-01
27.733367919921875,2019-02-04
27.677030563354492,2019-02-05
27.789724349975586,2019-02-06
28.643064498901367,2019-02-07
28.43375587463379,2019-02-08
28.538410186767578,2019-02-11
28.99727439880371,2019-02-12
29.23073959350586,2019-02-13
28.90067481994629,2019-02-14
29.54469871520996,2019-02-15
29.850608825683594,2019-02-19
30.31753158569336,2019-02-20
29.97136878967285,2019-02-21
29.97136878967285,2019-02-22
29.818408966064453,2019-02-25
29.536651611328125,2019-02-26
29.810359954833984,2019-02-27
29.7379093170166,2019-02-28
29.786203384399414,2019-03-01
29.66545295715332,2019-03-04
29.415895462036133,2019-03-05
28.76382064819336,2019-03-06
28.11173439025879,2019-03-07
27.982934951782227,2019-03-08
28.25665283203125,2019-03-11
28.224443435668945,2019-03-12
28.578664779663086,2019-03-13
28.771867752075195,2019-03-14
28.87652587890625,2019-03-15
29.30318832397461,2019-03-18
28.771867752075195,2019-03-19
27.58041763305664,2019-03-20
26.791486740112305,2019-03-21
25.57588768005371,2019-03-22
25.447084426879883,2019-03-25
25.938152313232422,2019-03-26
25.75299835205078,2019-03-27
26.107208251953125,2019-03-28
26.163562774658203,2019-03-29
27.16985321044922,2019-04-01
27.37915802001953,2019-04-02
27.491865158081055,2019-04-03
27.934640884399414,2019-04-04
27.838027954101562,2019-04-05
27.91048240661621,2019-04-08
27.33890724182129,2019-04-09
27.459665298461914,2019-04-10
27.660924911499023,2019-04-11
28.224443435668945,2019-04-12
27.733367919921875,2019-04-15
28.09563446044922,2019-04-16
28.1761417388916,2019-04-17
28.46595573425293,2019-04-18
28.739667892456055,2019-04-22
29.061676025390625,2019-04-23
28.82822036743164,2019-04-24
28.755767822265625,2019-04-25
28.957029342651367,2019-04-26
29.295135498046875,2019-04-29
29.400724411010742,2019-04-30
29.14894676208496,2019-05-01
29.44133186340332,2019-05-02
29.88802719116211,2019-05-03
29.71747398376465,2019-05-06
29.157072067260742,2019-05-07
28.97027015686035,2019-05-08
29.092100143432617,2019-05-09
29.278892517089844,2019-05-10
28.036264419555664,2019-05-13
28.35301399230957,2019-05-14
27.78449821472168,2019-05-15
28.231185913085938,2019-05-16
28.231185913085938,2019-05-17
28.304285049438477,2019-05-20
28.645402908325195,2019-05-21
28.328651428222656,2019-05-22
27.63018035888672,2019-05-23
27.971294403076172,2019-05-24
27.419015884399414,2019-05-28
27.57332992553711,2019-05-29
27.224098205566406,2019-05-30
26.460649490356445,2019-05-31
26.88298225402832,2019-06-03
28.052515029907227,2019-06-04
27.865713119506836,2019-06-05
27.946928024291992,2019-06-06
27.500240325927734,2019-06-07
27.987533569335938,2019-06-10
28.296161651611328,2019-06-11
28.223066329956055,2019-06-12
28.328651428222656,2019-06-13
28.40174674987793,2019-06-14
27.922569274902344,2019-06-17
28.661638259887695,2019-06-18
28.158090591430664,2019-06-19
28.393625259399414,2019-06-20
28.25555992126465,2019-06-21
27.987533569335938,2019-06-24
27.890079498291016,2019-06-25
27.930686950683594,2019-06-26
28.23931312561035,2019-06-27
28.718496322631836,2019-06-28
28.91342544555664,2019-07-01
28.442354202270508,2019-07-02
28.840320587158203,2019-07-03
29.14894676208496,2019-07-05
28.91342544555664,2019-07-08
29.230167388916016,2019-07-09
28.41799545288086,2019-07-10
28.88093376159668,2019-07-11
29.035249710083008,2019-07-12
28.491086959838867,2019-07-15
28.377376556396484,2019-07-16
27.8981990814209,2019-07-17
28.117481231689453,2019-07-18
29.912395477294922,2019-07-19
29.709348678588867,2019-07-22
30.18040657043457,2019-07-23
30.55401039123535,2019-07-24
30.06670379638672,2019-07-25
30.602739334106445,2019-07-26
30.48091697692871,2019-07-29
30.8663330078125,2019-07-30
30.554719924926758,2019-07-31
29.259056091308594,2019-08-01
29.11964988708496,2019-08-02
28.389808654785156,2019-08-05
28.521015167236328,2019-08-06
27.249954223632812,2019-08-07
27.471364974975586,2019-08-08
27.315561294555664,2019-08-09
26.798934936523438,2019-08-12
27.167953491210938,2019-08-13
26.01169204711914,2019-08-14
25.765682220458984,2019-08-15
26.569324493408203,2019-08-16
27.020341873168945,2019-08-19
26.487314224243164,2019-08-20
26.73333168029785,2019-08-21
26.872739791870117,2019-08-22
26.052696228027344,2019-08-23
26.413511276245117,2019-08-26
26.151098251342773,2019-08-27
26.946544647216797,2019-08-28
27.463165283203125,2019-08-29
27.66817855834961,2019-08-30
26.971141815185547,2019-09-03
27.2663516998291,2019-09-04
28.045400619506836,2019-09-05
27.99618911743164,2019-09-06
29.291858673095703,2019-09-09
29.751081466674805,2019-09-10
29.693679809570312,2019-09-11
29.82488441467285,2019-09-12
30.20210838317871,2019-09-13
30.308706283569336,2019-09-16
29.849485397338867,2019-09-17
30.02168846130371,2019-09-18
29.660871505737305,2019-09-19
29.423065185546875,2019-09-20
29.41486167907715,2019-09-23
28.922840118408203,2019-09-24
29.19346046447754,2019-09-25
28.8326358795166,2019-09-26
29.013046264648438,2019-09-27
29.004838943481445,2019-09-30
28.045400619506836,2019-10-01
27.471364974975586,2019-10-02
27.413965225219727,2019-10-03
27.6845760345459,2019-10-04
27.832183837890625,2019-10-07
26.716930389404297,2019-10-08
27.05314826965332,2019-10-09
27.692779541015625,2019-10-10
28.275007247924805,2019-10-11
28.340608596801758,2019-10-14
28.79983901977539,2019-10-15
28.80803680419922,2019-10-16
28.709627151489258,2019-10-17
28.963838577270508,2019-10-18
29.177059173583984,2019-10-21
29.47226333618164,2019-10-22
29.505069732666016,2019-10-23
29.177059173583984,2019-10-24
29.398460388183594,2019-10-25
29.660871505737305,2019-10-28
29.594615936279297,2019-10-29
29.404109954833984,2019-10-30
29.12248420715332,2019-10-31
29.85966682434082,2019-11-01
30.770774841308594,2019-11-04
31.39199447631836,2019-11-05
31.20977210998535,2019-11-06
31.632190704345703,2019-11-07
31.905536651611328,2019-11-08
31.789566040039062,2019-11-11
31.797861099243164,2019-11-12
31.39199447631836,2019-11-13
31.11865234375,2019-11-14
31.474822998046875,2019-11-15
31.474822998046875,2019-11-18
31.49966812133789,2019-11-19
31.474822998046875,2019-11-20
31.565937042236328,2019-11-21
31.963502883911133,2019-11-22
32.08774948120117,2019-11-25
31.880680084228516,2019-11-26
32.013206481933594,2019-11-27
31.855825424194336,2019-11-29
31.731592178344727,2019-12-02
31.276031494140625,2019-12-03
31.773008346557617,2019-12-04
31.938663482666016,2019-12-05
32.32794952392578,2019-12-06
32.261695861816406,2019-12-09
32.576438903808594,2019-12-10
32.4190559387207,2019-12-11
33.59523391723633,2019-12-12
33.230770111083984,2019-12-13
33.3715934753418,2019-12-16
33.57038497924805,2019-12-17
33.462711334228516,2019-12-18
33.388153076171875,2019-12-19
33.57866287231445,2019-12-20
33.49583435058594,2019-12-23
33.55381393432617,2019-12-24
33.75259780883789,2019-12-26
33.52896499633789,2019-12-27
33.487548828125,2019-12-30
33.63664245605469,2019-12-31
33.75259780883789,2020-01-02
33.05684280395508,2020-01-03
32.882904052734375,2020-01-06
32.67583084106445,2020-01-07
32.932594299316406,2020-01-08
33.147953033447266,2020-01-09
32.73380661010742,2020-01-10
33.015419006347656,2020-01-13
33.13966751098633,2020-01-14
32.286537170410156,2020-01-15
32.79179382324219,2020-01-16
33.851993560791016,2020-01-17
33.2059326171875,2020-01-21
33.25563049316406,2020-01-22
33.015419006347656,2020-01-23
32.41079330444336,2020-01-24
31.557640075683594,2020-01-27
31.808698654174805,2020-01-28
31.482330322265625,2020-01-29
31.725013732910156,2020-01-30
31.19780158996582,2020-01-31
31.532541275024414,2020-02-03
32.043025970458984,2020-02-04
33.06398391723633,2020-02-05
32.40287780761719,2020-02-06
32.15180587768555,2020-02-07
32.21039581298828,2020-02-10
32.637184143066406,2020-02-11
32.536773681640625,2020-02-12
32.5953483581543,2020-02-13
32.36102294921875,2020-02-14
31.76685905456543,2020-02-18
32.09323501586914,2020-02-19
32.45307540893555,2020-02-20
31.47395896911621,2020-02-21
30.176843643188477,2020-02-24
28.82114028930664,2020-02-25
28.193506240844727,2020-02-26
27.14743995666504,2020-02-27
26.519804000854492,2020-02-28
27.883872985839844,2020-03-02
26.06790542602539,2020-03-03
26.536542892456055,2020-03-04
24.913057327270508,2020-03-05
23.41508674621582,2020-03-06
19.046730041503906,2020-03-09
21.264381408691406,2020-03-10
19.532102584838867,2020-03-11
17.783084869384766,2020-03-12
19.799894332885742,2020-03-13
15.490113258361816,2020-03-16
15.992219924926758,2020-03-17
12.820554733276367,2020-03-18
14.536100387573242,2020-03-19
14.661626815795898,2020-03-20
13.28082275390625,2020-03-23
14.89594554901123,2020-03-24
14.820629119873047,2020-03-25
17.339550018310547,2020-03-26
16.703542709350586,2020-03-27
16.444122314453125,2020-03-30
15.741165161132812,2020-03-31
14.477519989013672,2020-04-01
14.57794189453125,2020-04-02
14.176253318786621,2020-04-03
15.724428176879883,2020-04-06
16.343700408935547,2020-04-07
17.1805477142334,2020-04-08
18.50277328491211,2020-04-09
17.73287010192871,2020-04-13
17.0131778717041,2020-04-14
15.548689842224121,2020-04-15
14.385466575622559,2020-04-16
16.62822723388672,2020-04-17
16.98807144165039,2020-04-20
16.14285659790039,2020-04-21
16.385540008544922,2020-04-22
16.94622802734375,2020-04-23
17.2391300201416,2020-04-24
18.770566940307617,2020-04-27
18.98348045349121,2020-04-28
19.869203567504883,2020-04-29
19.068645477294922,2020-04-30
18.242536544799805,2020-05-01
18.05517578125,2020-05-04
18.038137435913086,2020-05-05
17.493080139160156,2020-05-06
18.097755432128906,2020-05-07
18.906831741333008,2020-05-08
17.95297622680664,2020-05-11
17.14389419555664,2020-05-12
16.46257209777832,2020-05-13
17.160930633544922,2020-05-14
16.965049743652344,2020-05-15
18.378799438476562,2020-05-18
17.603792190551758,2020-05-19
18.4554500579834,2020-05-20
18.18292236328125,2020-05-21
18.123306274414062,2020-05-22
20.363168716430664,2020-05-26
21.828020095825195,2020-05-27
21.001911163330078,2020-05-28
20.524982452392578,2020-05-29
21.06153106689453,2020-06-01
21.393678665161133,2020-06-02
22.84149742126465,2020-06-03
24.23821449279785,2020-06-04
24.911029815673828,2020-06-05
25.89895248413086,2020-06-08
25.132455825805664,2020-06-09
23.20771026611328,2020-06-10
20.84861183166504,2020-06-11
21.989835739135742,2020-06-12
22.696712493896484,2020-06-15
23.199193954467773,2020-06-16
22.458248138427734,2020-06-17
22.270883560180664,2020-06-18
21.589557647705078,2020-06-19
21.657690048217773,2020-06-22
21.972803115844727,2020-06-23
20.507951736450195,2020-06-24
21.512908935546875,2020-06-25
19.72442054748535,2020-06-26
20.03953742980957,2020-06-29
21.495878219604492,2020-06-30
20.635698318481445,2020-07-01
20.23541831970215,2020-07-02
20.669769287109375,2020-07-06
20.013988494873047,2020-07-07
20.15025520324707,2020-07-08
19.35820960998535,2020-07-09
20.59311866760254,2020-07-10
20.75493049621582,2020-07-13
20.346134185791016,2020-07-14
21.674724578857422,2020-07-15
21.674724578857422,2020-07-16
21.41922378540039,2020-07-17
21.010427474975586,2020-07-20
21.759889602661133,2020-07-21
21.72582244873047,2020-07-22
22.185718536376953,2020-07-23
21.78544044494629,2020-07-24
21.172245025634766,2020-07-27
20.92133140563965,2020-07-28
21.93364715576172,2020-07-29
21.440465927124023,2020-07-30
21.46642303466797,2020-07-31
20.96458625793457,2020-08-03
20.947280883789062,2020-08-04
21.51833724975586,2020-08-05
21.423158645629883,2020-08-06
22.002866744995117,2020-08-07
22.39221954345703,2020-08-10
23.058448791503906,2020-08-11
22.920013427734375,2020-08-12
22.227828979492188,2020-08-13
22.409526824951172,2020-08-14
22.011518478393555,2020-08-17
21.423158645629883,2020-08-18
21.4577693939209,2020-08-19
21.025156021118164,2020-08-20
20.929981231689453,2020-08-21
21.82982063293457,2020-08-24
22.098045349121094,2020-08-25
21.942302703857422,2020-08-26
22.504703521728516,2020-08-27
22.74696922302246,2020-08-28
22.38357162475586,2020-08-31
22.643138885498047,2020-09-01
23.179582595825195,2020-09-02
23.15362548828125,2020-09-03
23.672765731811523,2020-09-04
23.032495498657227,2020-09-08
23.473758697509766,2020-09-09
23.1190185546875,2020-09-10
23.456459045410156,2020-09-11
24.217864990234375,2020-09-14
23.093061447143555,2020-09-15
23.89772605895996,2020-09-16
23.785242080688477,2020-09-17
23.499717712402344,2020-09-18
22.348960876464844,2020-09-21
21.20685386657715,2020-09-22
20.722320556640625,2020-09-23
20.61849594116211,2020-09-24
21.13763427734375,2020-09-25
21.924997329711914,2020-09-28
21.440465927124023,2020-09-29
21.873085021972656,2020-09-30
22.002866744995117,2020-10-01
22.677745819091797,2020-10-02
23.776594161987305,2020-10-05
23.473758697509766,2020-10-06
24.33034324645996,2020-10-07
24.711044311523438,2020-10-08
24.191904067993164,2020-10-09
24.633174896240234,2020-10-12
24.243820190429688,2020-10-13
23.863115310668945,2020-10-14
24.13999366760254,2020-10-15
23.023839950561523,2020-10-16
23.04979705810547,2020-10-19
23.89772605895996,2020-10-20
23.837160110473633,2020-10-21
24.970617294311523,2020-10-22
25.2042236328125,2020-10-23
24.538002014160156,2020-10-26
23.388734817504883,2020-10-27
22.70444679260254,2020-10-28
23.43260383605957,2020-10-29
23.90634536743164,2020-10-30
24.59063720703125,2020-11-02
25.45038414001465,2020-11-03
23.441377639770508,2020-11-04
25.362659454345703,2020-11-05
24.30990219116211,2020-11-06
28.36301612854004,2020-11-09
28.77534294128418,2020-11-10
27.792770385742188,2020-11-11
26.91547203063965,2020-11-12
27.85418128967285,2020-11-13
28.985897064208984,2020-11-16
29.0122127532959,2020-11-17
28.52092742919922,2020-11-18
28.784120559692383,2020-11-19
28.319149017333984,2020-11-20
29.170129776000977,2020-11-23
30.758039474487305,2020-11-24
30.44220733642578,2020-11-25
29.9509220123291,2020-11-27
28.652524948120117,2020-11-30
29.49472999572754,2020-12-01
30.143924713134766,2020-12-02
30.345706939697266,2020-12-03
31.082637786865234,2020-12-04
30.977365493774414,2020-12-07
31.222997665405273,2020-12-08
31.4160099029541,2020-12-09
31.58269691467285,2020-12-10
31.029993057250977,2020-12-11
30.37202262878418,2020-12-14
30.959815979003906,2020-12-15
31.03877067565918,2020-12-16
30.51238441467285,2020-12-17
30.012331008911133,2020-12-18
30.494842529296875,2020-12-21
30.03865623474121,2020-12-22
31.021224975585938,2020-12-23
30.810670852661133,2020-12-24
30.801897048950195,2020-12-28
30.600122451782227,2020-12-29
31.056320190429688,2020-12-30
31.372140884399414,2020-12-31
31.16159439086914,2021-01-04
31.837116241455078,2021-01-05
34.04789733886719,2021-01-06
35.24102020263672,2021-01-07
34.705875396728516,2021-01-08
34.94274139404297,2021-01-11
35.355072021484375,2021-01-12
35.31120300292969,2021-01-13
36.36396408081055,2021-01-14
35.64457702636719,2021-01-15
35.82004165649414,2021-01-19
35.17083740234375,2021-01-20
34.14440155029297,2021-01-21
33.67943572998047,2021-01-22
33.38114547729492,2021-01-25
32.50385284423828,2021-01-26
30.889629364013672,2021-01-27
32.644222259521484,2021-01-28
31.96870994567871,2021-01-29
32.644222259521484,2021-02-01
33.69926452636719,2021-02-02
34.39080810546875,2021-02-03
35.39265060424805,2021-02-04
35.41038131713867,2021-02-05
35.88914489746094,2021-02-08
35.986663818359375,2021-02-09
35.79161071777344,2021-02-10
35.43698501586914,2021-02-11
35.92460250854492,2021-02-12
37.26335144042969,2021-02-16
37.086036682128906,2021-02-17
36.26150894165039,2021-02-18
37.68891906738281,2021-02-19
38.33613586425781,2021-02-22
39.408905029296875,2021-02-23
41.12002182006836,2021-02-24
39.187259674072266,2021-02-25
38.51344680786133,2021-02-26
39.275909423828125,2021-03-01
39.41776657104492,2021-03-02
39.550750732421875,2021-03-03
38.72622299194336,2021-03-04
39.275909423828125,2021-03-05
40.66785430908203,2021-03-08
39.06312561035156,2021-03-09
39.55961608886719,2021-03-10
39.568485260009766,2021-03-11
40.32209014892578,2021-03-12
39.843326568603516,2021-03-15
38.95674133300781,2021-03-16
39.612823486328125,2021-03-17
40.233428955078125,2021-03-18
39.48869323730469,2021-03-19
38.51344680786133,2021-03-22
37.47613525390625,2021-03-23
37.44954299926758,2021-03-24
39.09859085083008,2021-03-25
39.905391693115234,2021-03-26
38.451385498046875,2021-03-29
39.701473236083984,2021-03-30
39.142921447753906,2021-03-31
39.843326568603516,2021-04-01
39.81673049926758,2021-04-05
39.736934661865234,2021-04-06
39.88766098022461,2021-04-07
39.63941192626953,2021-04-08
40.22456359863281,2021-04-09
40.71218490600586,2021-04-12
39.701473236083984,2021-04-13
40.357547760009766,2021-04-14
39.612823486328125,2021-04-15
39.74580383300781,2021-04-16
39.550750732421875,2021-04-19
37.866233825683594,2021-04-20
39.0453987121582,2021-04-21
38.282928466796875,2021-04-22
39.83446502685547,2021-04-23
40.5526008605957,2021-04-26
40.871768951416016,2021-04-27
41.292030334472656,2021-04-28
42.05204772949219,2021-04-29
41.38144302368164,2021-04-30
41.882171630859375,2021-05-03
42.97304153442383,2021-05-04
43.536354064941406,2021-05-05
43.94766616821289,2021-05-06
44.20696258544922,2021-05-07
44.126495361328125,2021-05-10
43.80459976196289,2021-05-11
42.91938781738281,2021-05-12
44.242733001708984,2021-05-13
45.127952575683594,2021-05-14
45.369361877441406,2021-05-17
44.38579177856445,2021-05-18
43.768836975097656,2021-05-19
43.45587158203125,2021-05-20
44.162254333496094,2021-05-21
44.099666595458984,2021-05-24
43.2591667175293,2021-05-25
43.894012451171875,2021-05-26
44.78816604614258,2021-05-27
44.618282318115234,2021-05-28
45.02064895629883,2021-06-01
44.645103454589844,2021-06-02
44.97594451904297,2021-06-03
44.63615798950195,2021-06-04
44.618282318115234,2021-06-07
44.35897445678711,2021-06-08
43.31280517578125,2021-06-09
42.248775482177734,2021-06-10
42.78526306152344,2021-06-11
42.11464309692383,2021-06-14
42.66902160644531,2021-06-15
42.82997131347656,2021-06-16
40.47834396362305,2021-06-17
39.566314697265625,2021-06-18
40.68400192260742,2021-06-21
40.76447677612305,2021-06-22
41.05954360961914,2021-06-23
41.631805419921875,2021-06-24
42.320308685302734,2021-06-25
41.157901763916016,2021-06-28
40.90753936767578,2021-06-29
41.014835357666016,2021-06-30
41.533451080322266,2021-07-01
41.17578887939453,2021-07-02
39.96867752075195,2021-07-06
39.70936965942383,2021-07-07
38.931453704833984,2021-07-08
40.51411056518555,2021-07-09
41.014835357666016,2021-07-12
40.0938606262207,2021-07-13
39.888206481933594,2021-07-14
40.138572692871094,2021-07-15
38.44861602783203,2021-07-16
36.839141845703125,2021-07-19
38.15354919433594,2021-07-20
39.342769622802734,2021-07-21
38.88675308227539,2021-07-22
39.011932373046875,2021-07-23
39.530548095703125,2021-07-26
39.628902435302734,2021-07-27
38.716854095458984,2021-07-28
38.66272735595703,2021-07-29
38.04015350341797,2021-07-30
37.7063102722168,2021-08-02
38.68077087402344,2021-08-03
38.031131744384766,2021-08-04
38.91535949707031,2021-08-05
39.67327880859375,2021-08-06
39.592071533203125,2021-08-09
40.187583923339844,2021-08-10
40.90940475463867,2021-08-11
40.873313903808594,2021-08-12
40.39510726928711,2021-08-13
39.943965911865234,2021-08-16
39.086795806884766,2021-08-17
38.69881820678711,2021-08-18
37.78750991821289,2021-08-19
38.20256423950195,2021-08-20
38.62663650512695,2021-08-23
39.249202728271484,2021-08-24
40.06126022338867,2021-08-25
39.42966079711914,2021-08-26
40.3680305480957,2021-08-27
39.213111877441406,2021-08-30
39.51087188720703,2021-08-31
38.9785270690918,2021-09-01
39.24018478393555,2021-09-02
38.861228942871094,2021-09-03
38.716861724853516,2021-09-07
38.47324752807617,2021-09-08
39.01462173461914,2021-09-09
38.66272735595703,2021-09-10
39.69132614135742,2021-09-13
38.59054183959961,2021-09-14
39.46575927734375,2021-09-15
39.44770431518555,2021-09-16
39.411617279052734,2021-09-17
38.21158981323242,2021-09-20
37.715335845947266,2021-09-21
38.50933837890625,2021-09-22
40.53044128417969,2021-09-23
40.891361236572266,2021-09-24
42.51546096801758,2021-09-27
42.722984313964844,2021-09-28
43.300453186035156,2021-09-29
42.38914108276367,2021-09-30
43.55308532714844,2021-10-01
43.54405975341797,2021-10-04
44.202728271484375,2021-10-05
43.81475067138672,2021-10-06
43.90497970581055,2021-10-07
44.25686264038086,2021-10-08
43.60722351074219,2021-10-11
43.55308532714844,2021-10-12
42.82223892211914,2021-10-13
43.237281799316406,2021-10-14
43.39067840576172,2021-10-15
43.652339935302734,2021-10-18
44.301979064941406,2021-10-19
45.90803909301758,2021-10-20
44.62679672241211,2021-10-21
45.366668701171875,2021-10-22
45.393741607666016,2021-10-25
44.77116012573242,2021-10-26
42.95758056640625,2021-10-27
43.57619857788086,2021-10-28
43.10314178466797,2021-10-29
43.64897918701172,2021-11-01
42.95758056640625,2021-11-02
44.09474563598633,2021-11-03
43.51252365112305,2021-11-04
43.47613525390625,2021-11-05
43.585296630859375,2021-11-08
43.51252365112305,2021-11-09
43.685367584228516,2021-11-10
44.686073303222656,2021-11-11
44.90441131591797,2021-11-12
45.4411506652832,2021-11-15
45.68678283691406,2021-11-16
45.53212356567383,2021-11-17
45.61399841308594,2021-11-18
45.1318473815918,2021-11-19
45.732269287109375,2021-11-22
46.250816345214844,2021-11-23
46.432762145996094,2021-11-24
44.1766242980957,2021-11-26
44.37676239013672,2021-11-29
43.003074645996094,2021-11-30
42.320770263671875,2021-12-01
43.73086166381836,2021-12-02
42.166114807128906,2021-12-03
43.26689529418945,2021-12-06
43.967384338378906,2021-12-07
43.30328369140625,2021-12-08
43.09404373168945,2021-12-09
43.121337890625,2021-12-10
42.111534118652344,2021-12-13
42.830223083496094,2021-12-14
42.89390182495117,2021-12-15
42.86660385131836,2021-12-16
41.35645294189453,2021-12-17
40.4740104675293,2021-12-20
41.693058013916016,2021-12-21
41.97507095336914,2021-12-22
42.42083740234375,2021-12-23
42.939388275146484,2021-12-27
43.030364990234375,2021-12-28
43.030364990234375,2021-12-29
43.003074645996094,2021-12-30
42.98487854003906,2021-12-31
44.70426559448242,2022-01-03
46.732975006103516,2022-01-04
46.378177642822266,2022-01-05
48.943626403808594,2022-01-06
49.325714111328125,2022-01-07
49.05279541015625,2022-01-10
49.61682891845703,2022-01-11
50.226348876953125,2022-01-12
50.672119140625,2022-01-13
51.2634391784668,2022-01-14
50.64481735229492,2022-01-18
49.45307159423828,2022-01-19
47.45166015625,2022-01-20
46.05067825317383,2022-01-21
46.487342834472656,2022-01-24
46.95131301879883,2022-01-25
47.42437744140625,2022-01-26
47.12416458129883,2022-01-27
47.389984130859375,2022-01-28
47.17915725708008,2022-01-31
48.53577423095703,2022-02-01
48.709938049316406,2022-02-02
48.554107666015625,2022-02-03
49.54407501220703,2022-02-04
49.709068298339844,2022-02-07
50.7540283203125,2022-02-08
50.69903564453125,2022-02-09
50.41487121582031,2022-02-10
49.92905807495117,2022-02-11
49.18658447265625,2022-02-14
50.55237579345703,2022-02-15
50.62570571899414,2022-02-16
48.664100646972656,2022-02-17
48.81076431274414,2022-02-18
48.700767517089844,2022-02-22
47.527469635009766,2022-02-23
46.271690368652344,2022-02-24
48.56327438354492,2022-02-25
48.049957275390625,2022-02-28
44.51175308227539,2022-03-01
46.47335433959961,2022-03-02
46.005863189697266,2022-03-03
44.15426254272461,2022-03-04
41.6426887512207,2022-03-07
41.826019287109375,2022-03-08
43.86094284057617,2022-03-09
43.338462829589844,2022-03-10
42.97180938720703,2022-03-11
44.704246520996094,2022-03-14
44.630916595458984,2022-03-15
46.14336013793945,2022-03-16
45.59337615966797,2022-03-17
45.14422607421875,2022-03-18
44.9884033203125,2022-03-21
45.795040130615234,2022-03-22
44.11759948730469,2022-03-23
44.585086822509766,2022-03-24
44.64008331298828,2022-03-25
43.71427917480469,2022-03-28
44.585086822509766,2022-03-29
42.898475646972656,2022-03-30
41.551021575927734,2022-03-31
40.506065368652344,2022-04-01
39.919410705566406,2022-04-04
39.451934814453125,2022-04-05
38.57196807861328,2022-04-06
38.17781448364258,2022-04-07
38.34280776977539,2022-04-08
38.33363723754883,2022-04-11
37.490333557128906,2022-04-12
37.792823791503906,2022-04-13
37.462833404541016,2022-04-14
37.792823791503906,2022-04-18
40.36856460571289,2022-04-19
40.62522888183594,2022-04-20
39.44276428222656,2022-04-21
38.35197067260742,2022-04-22
38.2053108215332,2022-04-25
36.63786697387695,2022-04-26
36.399539947509766,2022-04-27
36.94035339355469,2022-04-28
36.11538314819336,2022-04-29
36.476444244384766,2022-05-02
37.189308166503906,2022-05-03
38.4113655090332,2022-05-04
37.57814407348633,2022-05-05
37.04117965698242,2022-05-06
36.49496078491211,2022-05-09
36.143165588378906,2022-05-10
35.208099365234375,2022-05-11
34.98590850830078,2022-05-12
35.12477111816406,2022-05-13
35.17107009887695,2022-05-16
36.48570251464844,2022-05-17
35.180328369140625,2022-05-18
34.902584075927734,2022-05-19
34.94887161254883,2022-05-20
36.15241622924805,2022-05-23
35.837646484375,2022-05-24
36.66160202026367,2022-05-25
37.309661865234375,2022-05-26
37.837364196777344,2022-05-27
38.30952835083008,2022-05-31
37.0689582824707,2022-06-01
38.041046142578125,2022-06-02
37.46704864501953,2022-06-03
37.59666061401367,2022-06-06
38.013267517089844,2022-06-07
37.383724212646484,2022-06-08
35.98576736450195,2022-06-09
33.87495040893555,2022-06-10
32.79176712036133,2022-06-13
33.01395797729492,2022-06-14
33.59721755981445,2022-06-15
32.439964294433594,2022-06-16
32.976924896240234,2022-06-17
33.486114501953125,2022-06-21
33.65275955200195,2022-06-22
32.541805267333984,2022-06-23
34.28229904174805,2022-06-24
33.68979263305664,2022-06-27
34.013824462890625,2022-06-28
33.44908905029297,2022-06-29
33.04173278808594,2022-06-30
33.43982696533203,2022-07-01
33.2176399230957,2022-07-05
32.921382904052734,2022-07-06
33.745338439941406,2022-07-07
33.61573028564453,2022-07-08
33.51388931274414,2022-07-11
33.384281158447266,2022-07-12
32.754737854003906,2022-07-13
32.3381233215332,2022-07-14
34.06937026977539,2022-07-15
34.41191101074219,2022-07-18
35.078487396240234,2022-07-19
34.78223419189453,2022-07-20
34.75446319580078,2022-07-21
34.41191101074219,2022-07-22
34.911842346191406,2022-07-25
33.893470764160156,2022-07-26
34.56004333496094,2022-07-27
34.57855224609375,2022-07-28
35.15255355834961,2022-07-29
35.180641174316406,2022-08-01
34.38491439819336,2022-08-02
34.8997917175293,2022-08-03
34.263206481933594,2022-08-04
34.83426284790039,2022-08-05
34.83426284790039,2022-08-08
34.77809143066406,2022-08-09
35.957645416259766,2022-08-10
36.86571502685547,2022-08-11
37.361873626708984,2022-08-12
37.286983489990234,2022-08-15
37.5303840637207,2022-08-16
36.98741149902344,2022-08-17
37.20273208618164,2022-08-18
36.491249084472656,2022-08-19
35.66743850708008,2022-08-22
35.658077239990234,2022-08-23
35.55509948730469,2022-08-24
36.229129791259766,2022-08-25
34.881072998046875,2022-08-26
34.43171691894531,2022-08-29
34.39426803588867,2022-08-30
34.33810043334961,2022-08-31
34.29129409790039,2022-09-01
33.87002182006836,2022-09-02
33.43002700805664,2022-09-06
33.898109436035156,2022-09-07
35.41468048095703,2022-09-08
35.873390197753906,2022-09-09
36.631675720214844,2022-09-12
34.86234664916992,2022-09-13
34.54405212402344,2022-09-14
35.302337646484375,2022-09-15
34.51596450805664,2022-09-16
34.8997917175293,2022-09-19
34.45980453491211,2022-09-20
34.16022872924805,2022-09-21
32.90578842163086,2022-09-22
32.231754302978516,2022-09-23
31.51091957092285,2022-09-26
30.88370132446289,2022-09-27
31.801124572753906,2022-09-28
31.68878746032715,2022-09-29
32.16622543334961,2022-09-30
32.80280685424805,2022-10-03
34.29129409790039,2022-10-04
33.80449295043945,2022-10-05
33.167911529541016,2022-10-06
32.784088134765625,2022-10-07
32.45642852783203,2022-10-10
32.11005783081055,2022-10-11
31.988351821899414,2022-10-12
33.823219299316406,2022-10-13
33.53301239013672,2022-10-14
33.97300338745117,2022-10-17
34.58149719238281,2022-10-18
34.37554931640625,2022-10-19
33.60790252685547,2022-10-20
35.51765060424805,2022-10-21
36.87507629394531,2022-10-24
37.858036041259766,2022-10-25
37.624000549316406,2022-10-26
37.483577728271484,2022-10-27
38.36355972290039,2022-10-28
38.28866958618164,2022-10-31
38.25082778930664,2022-11-01
37.41847229003906,2022-11-02
37.011749267578125,2022-11-03
37.94815444946289,2022-11-04
38.05219650268555,2022-11-07
38.02382278442383,2022-11-08
37.513057708740234,2022-11-09
39.17777633666992,2022-11-10
39.300743103027344,2022-11-11
38.118408203125,2022-11-14
38.26974868774414,2022-11-15
37.56034469604492,2022-11-16
37.54143142700195,2022-11-17
38.22245407104492,2022-11-18
38.44000244140625,2022-11-21
39.1494026184082,2022-11-22
39.310203552246094,2022-11-23
39.64125061035156,2022-11-25
38.894020080566406,2022-11-28
39.527748107910156,2022-11-29
40.085811614990234,2022-11-30
39.70746612548828,2022-12-01
39.442623138427734,2022-12-02
37.342796325683594,2022-12-05
37.19145965576172,2022-12-06
37.361717224121094,2022-12-07
37.43738555908203,2022-12-08
37.66439437866211,2022-12-09
38.241371154785156,2022-12-12
37.74006652832031,2022-12-13
36.94553756713867,2022-12-14
36.2455940246582,2022-12-15
36.25505447387695,2022-12-16
36.1320915222168,2022-12-19
35.99020767211914,2022-12-20
36.60502624511719,2022-12-21
36.78474044799805,2022-12-22
36.79419708251953,2022-12-23
37.0874137878418,2022-12-27
36.86040496826172,2022-12-28
37.333343505859375,2022-12-29
37.23875045776367,2022-12-30
37.39009094238281,2023-01-03
38.44947052001953,2023-01-04
38.27920913696289,2023-01-05
39.3858757019043,2023-01-06
38.87510299682617,2023-01-09
39.02643585205078,2023-01-10
39.225074768066406,2023-01-11
39.565589904785156,2023-01-12
39.46154022216797,2023-01-13
38.610260009765625,2023-01-17
38.68593215942383,2023-01-18
38.09003448486328,2023-01-19
39.02643585205078,2023-01-20
40.1236457824707,2023-01-23
39.556129455566406,2023-01-24
40.43578338623047,2023-01-25
40.7857551574707,2023-01-26
40.94654846191406,2023-01-27
40.39257049560547,2023-01-30
41.37636184692383,2023-01-31
41.70111083984375,2023-02-01
42.4652099609375,2023-02-02
42.446109771728516,2023-02-03
41.81571960449219,2023-02-06
42.29328536987305,2023-02-07
41.84437561035156,2023-02-08
41.233089447021484,2023-02-09
41.18532943725586,2023-02-10
41.519630432128906,2023-02-13
41.41456985473633,2023-02-14
41.481422424316406,2023-02-15
40.889244079589844,2023-02-16
41.24264144897461,2023-02-17
40.06782913208008,2023-02-21
39.9627685546875,2023-02-22
40.04872512817383,2023-02-23
40.010520935058594,2023-02-24
39.876800537109375,2023-02-27
39.8863525390625,2023-02-28
39.743080139160156,2023-03-01
38.539615631103516,2023-03-02
39.14134979248047,2023-03-03
38.940773010253906,2023-03-06
36.9540901184082,2023-03-07
36.371463775634766,2023-03-08
34.14600372314453,2023-03-09
32.894779205322266,2023-03-10
29.274826049804688,2023-03-13
30.46874237060547,2023-03-14
30.096240997314453,2023-03-15
31.127784729003906,2023-03-16
29.47540283203125,2023-03-17
30.134445190429688,2023-03-20
31.53849220275879,2023-03-21
29.5709171295166,2023-03-22
28.54892349243164,2023-03-23
29.704635620117188,2023-03-24
29.11245346069336,2023-03-27
29.35123634338379,2023-03-28
29.733287811279297,2023-03-29
29.389442443847656,2023-03-30
29.007389068603516,2023-03-31
28.845016479492188,2023-04-03
27.861230850219727,2023-04-04
27.335906982421875,2023-04-05
27.765714645385742,2023-04-06
27.975845336914062,2023-04-10
28.09046173095703,2023-04-11
28.06180763244629,2023-04-12
28.224180221557617,2023-04-13
27.794370651245117,2023-04-14
28.959630966186523,2023-04-17
29.074249267578125,2023-04-18
29.131553649902344,2023-04-19
27.756162643432617,2023-04-20
27.507829666137695,2023-04-21
27.316804885864258,2023-04-24
27.574691772460938,2023-04-25
27.8516788482666,2023-04-26
28.739952087402344,2023-04-27
29.551815032958984,2023-04-28
27.526933670043945,2023-05-01
26.10212516784668,2023-05-02
25.413949966430664,2023-05-03
24.0860652923584,2023-05-04
25.627187728881836,2023-05-05
24.968090057373047,2023-05-08
25.249174118041992,2023-05-09
24.619157791137695,2023-05-10
24.0376033782959,2023-05-11
24.0376033782959,2023-05-12
24.977783203125,2023-05-15
24.279916763305664,2023-05-16
25.569028854370117,2023-05-17
25.530261993408203,2023-05-18
25.375179290771484,2023-05-19
26.3541316986084,2023-05-22
27.013227462768555,2023-05-23
26.10212516784668,2023-05-24
26.02458381652832,2023-05-25
26.179662704467773,2023-05-26
26.334745407104492,2023-05-30
24.987476348876953,2023-05-31
25.57872200012207,2023-06-01
26.935686111450195,2023-06-02
26.644908905029297,2023-06-05
27.72078514099121,2023-06-06
28.118181228637695,2023-06-07
27.94371223449707,2023-06-08
27.46877670288086,2023-06-09
26.567367553710938,2023-06-12
27.313697814941406,2023-06-13
26.266897201538086,2023-06-14
26.838760375976562,2023-06-15
26.421979904174805,2023-06-16
26.36382484436035,2023-06-20
26.11181640625,2023-06-21
25.2685604095459,2023-06-22
24.68700408935547,2023-06-23
24.77423858642578,2023-06-26
25.27825355529785,2023-06-27
24.871166229248047,2023-06-28
25.13286590576172,2023-06-29
25.27825355529785,2023-06-30
25.704727172851562,2023-07-03
25.44302749633789,2023-07-05
25.2685604095459,2023-07-06
26.10212516784668,2023-07-07
25.879194259643555,2023-07-10
26.732139587402344,2023-07-11
27.245849609375,2023-07-12
27.50754737854004,2023-07-13
26.925992965698242,2023-07-14
27.21677017211914,2023-07-17
28.215106964111328,2023-07-18
30.017925262451172,2023-07-19
30.26024055480957,2023-07-20
30.09546661376953,2023-07-21
31.151958465576172,2023-07-24
30.21177864074707,2023-07-25
31.44273567199707,2023-07-26
30.948413848876953,2023-07-27
31.297348022460938,2023-07-28
31.268266677856445,2023-07-31
30.54155731201172,2023-08-01
30.492454528808594,2023-08-02
30.914731979370117,2023-08-03
30.68886375427246,2023-08-04
30.944194793701172,2023-08-07
30.44335174560547,2023-08-08
30.050535202026367,2023-08-09
30.178199768066406,2023-08-10
30.158557891845703,2023-08-11
29.048851013183594,2023-08-14
27.782014846801758,2023-08-15
27.595426559448242,2023-08-16
27.772193908691406,2023-08-17
27.212427139282227,2023-08-18
26.947277069091797,2023-08-21
26.26966667175293,2023-08-22
26.436614990234375,2023-08-23
26.593740463256836,2023-08-24
26.358051300048828,2023-08-25
26.8785343170166,2023-08-28
27.791833877563477,2023-08-29
27.48740005493164,2023-08-30
27.62488555908203,2023-08-31
28.115907669067383,2023-09-01
27.870397567749023,2023-09-05
27.182968139648438,2023-09-06
26.456254959106445,2023-09-07
26.8785343170166,2023-09-08
27.124046325683594,2023-09-11
27.860578536987305,2023-09-12
26.947277069091797,2023-09-13
27.762372970581055,2023-09-14
27.45793914794922,2023-09-15
26.907995223999023,2023-09-18
26.966917037963867,2023-09-19
27.025840759277344,2023-09-20
26.485715866088867,2023-09-21
26.083078384399414,2023-09-22
26.15182113647461,2023-09-25
25.523313522338867,2023-09-26
25.297443389892578,2023-09-27
25.876850128173828,2023-09-28
26.318767547607422,2023-09-29
25.44474983215332,2023-10-02
24.993011474609375,2023-10-03
25.179597854614258,2023-10-04
25.326906204223633,2023-10-05
25.709901809692383,2023-10-06
25.857208251953125,2023-10-09
26.328588485717773,2023-10-10
26.26966667175293,2023-10-11
25.88667106628418,2023-10-12
25.248340606689453,2023-10-13
26.033977508544922,2023-10-16
26.61338233947754,2023-10-17
25.130496978759766,2023-10-18
24.433244705200195,2023-10-19
23.333356857299805,2023-10-20
23.15658950805664,2023-10-23
23.15658950805664,2023-10-24
23.04856300354004,2023-10-25
23.3137149810791,2023-10-26
22.459339141845703,2023-10-27
22.969999313354492,2023-10-30
23.43000030517578,2023-10-31
23.170000076293945,2023-11-01
24.899999618530273,2023-11-02
26.170000076293945,2023-11-03
25.84000015258789,2023-11-06
25.809999465942383,2023-11-07
25.709999084472656,2023-11-08
25.020000457763672,2023-11-09
25.170000076293945,2023-11-10
24.950000762939453,2023-11-13
26.579999923706055,2023-11-14
27.31999969482422,2023-11-15
27.079999923706055,2023-11-16
27.770000457763672,2023-11-17
27.579999923706055,2023-11-20
26.8799991607666,2023-11-21
26.760000228881836,2023-11-22
26.8700008392334,2023-11-24
26.399999618530273,2023-11-27
26.579999923706055,2023-11-28
27.239999771118164,2023-11-29
27.270000457763672,2023-11-30
28.520000457763672,2023-12-01
28.649999618530273,2023-12-04
29.059999465942383,2023-12-05
28.760000228881836,2023-12-06
29.15999984741211,2023-12-07
29.610000610351562,2023-12-08
29.59000015258789,2023-12-11
29.309999465942383,2023-12-12
