CNTO,Date
0.25,2013-04-22
0.44999998807907104,2013-04-23
0.6000000238418579,2013-04-24
0.6399999856948853,2013-04-25
0.699999988079071,2013-04-26
0.6499999761581421,2013-04-29
0.7300000190734863,2013-04-30
0.75,2013-05-01
0.7599999904632568,2013-05-02
0.800000011920929,2013-05-03
0.8500000238418579,2013-05-06
0.8500000238418579,2013-05-07
0.8999999761581421,2013-05-08
0.8999999761581421,2013-05-09
0.9700000286102295,2013-05-10
0.9300000071525574,2013-05-13
1.0499999523162842,2013-05-14
1.0700000524520874,2013-05-15
1.0,2013-05-16
1.0,2013-05-17
1.0499999523162842,2013-05-20
1.059999942779541,2013-05-21
1.090000033378601,2013-05-22
1.0800000429153442,2013-05-23
1.0,2013-05-24
1.059999942779541,2013-05-28
0.9800000190734863,2013-05-29
0.8999999761581421,2013-05-30
0.8600000143051147,2013-05-31
0.8700000047683716,2013-06-03
0.9200000166893005,2013-06-04
0.9200000166893005,2013-06-05
0.925000011920929,2013-06-06
0.8600000143051147,2013-06-07
0.8399999737739563,2013-06-10
0.8389999866485596,2013-06-11
0.8899999856948853,2013-06-12
0.8700000047683716,2013-06-13
0.8899999856948853,2013-06-14
0.7799999713897705,2013-06-17
0.8299999833106995,2013-06-18
0.8299999833106995,2013-06-19
0.8299999833106995,2013-06-20
0.8600000143051147,2013-06-21
0.6100000143051147,2013-06-24
0.6100999712944031,2013-06-25
0.5705999732017517,2013-06-26
0.7599999904632568,2013-06-27
0.6899999976158142,2013-06-28
0.6499999761581421,2013-07-01
0.6100000143051147,2013-07-02
0.6100000143051147,2013-07-03
0.5101000070571899,2013-07-05
0.36000001430511475,2013-07-08
0.4000000059604645,2013-07-09
0.4000000059604645,2013-07-10
0.32499998807907104,2013-07-11
0.3799999952316284,2013-07-12
0.44999998807907104,2013-07-15
0.30000001192092896,2013-07-16
0.30000001192092896,2013-07-17
0.28999999165534973,2013-07-18
0.25,2013-07-19
0.2800000011920929,2013-07-22
0.2800000011920929,2013-07-23
0.2800000011920929,2013-07-24
0.1599999964237213,2013-07-25
0.25999999046325684,2013-07-26
0.23000000417232513,2013-07-29
0.20499999821186066,2013-07-30
0.1597999930381775,2013-07-31
0.11999999731779099,2013-08-01
0.11999999731779099,2013-08-02
0.18000000715255737,2013-08-05
0.18000000715255737,2013-08-06
0.18000000715255737,2013-08-07
0.11999999731779099,2013-08-08
0.17000000178813934,2013-08-09
0.11999999731779099,2013-08-12
0.17499999701976776,2013-08-13
0.17499999701976776,2013-08-14
0.1899999976158142,2013-08-15
0.1899999976158142,2013-08-16
0.1899999976158142,2013-08-19
0.1899999976158142,2013-08-20
0.1899999976158142,2013-08-21
0.1850000023841858,2013-08-22
0.1850000023841858,2013-08-23
0.1850000023841858,2013-08-26
0.1850000023841858,2013-08-27
0.1850000023841858,2013-08-28
0.1850000023841858,2013-08-29
0.1850000023841858,2013-08-30
0.15000000596046448,2013-09-03
0.15000000596046448,2013-09-04
0.15000000596046448,2013-09-05
0.1599999964237213,2013-09-06
0.1599999964237213,2013-09-09
0.1599999964237213,2013-09-10
0.1599999964237213,2013-09-11
0.12999999523162842,2013-09-12
0.11999999731779099,2013-09-13
0.11999999731779099,2013-09-16
0.11999999731779099,2013-09-17
0.11999999731779099,2013-09-18
0.15000000596046448,2013-09-19
0.14000000059604645,2013-09-20
0.14000000059604645,2013-09-23
0.11999999731779099,2013-09-24
0.11999999731779099,2013-09-25
0.11999999731779099,2013-09-26
0.11999999731779099,2013-09-27
0.11999999731779099,2013-09-30
0.11999999731779099,2013-10-01
0.11999999731779099,2013-10-02
0.11999999731779099,2013-10-03
0.11999999731779099,2013-10-04
0.14000000059604645,2013-10-07
0.14000000059604645,2013-10-08
0.11999999731779099,2013-10-09
0.11999999731779099,2013-10-10
0.11999999731779099,2013-10-11
0.14000000059604645,2013-10-14
0.14000000059604645,2013-10-15
0.12999999523162842,2013-10-16
0.12999999523162842,2013-10-17
0.12999999523162842,2013-10-18
0.25,2013-10-21
0.4000000059604645,2013-10-22
0.3499999940395355,2013-10-23
0.25,2013-10-24
0.20000000298023224,2013-10-25
0.20000000298023224,2013-10-28
0.13099999725818634,2013-10-29
0.13099999725818634,2013-10-30
0.13099999725818634,2013-10-31
0.30000001192092896,2013-11-01
0.3499999940395355,2013-11-04
0.3499999940395355,2013-11-05
0.3499999940395355,2013-11-06
0.30000001192092896,2013-11-07
0.30000001192092896,2013-11-08
0.4000000059604645,2013-11-11
0.3100000023841858,2013-11-12
0.5099999904632568,2013-11-13
0.5,2013-11-14
0.6000000238418579,2013-11-15
0.6499999761581421,2013-11-18
0.6000000238418579,2013-11-19
0.699999988079071,2013-11-20
0.6899999976158142,2013-11-21
0.6899999976158142,2013-11-22
0.6800000071525574,2013-11-25
0.5299999713897705,2013-11-26
0.7099999785423279,2013-11-27
0.699999988079071,2013-11-29
0.6000999808311462,2013-12-02
0.6499999761581421,2013-12-03
0.6499999761581421,2013-12-04
0.6200000047683716,2013-12-05
0.6200000047683716,2013-12-06
0.7200000286102295,2013-12-09
0.7300000190734863,2013-12-10
0.75,2013-12-11
0.7300000190734863,2013-12-12
0.7599999904632568,2013-12-13
0.9399999976158142,2013-12-16
1.100000023841858,2013-12-17
1.0499999523162842,2013-12-18
1.059999942779541,2013-12-19
1.0099999904632568,2013-12-20
1.0099999904632568,2013-12-23
1.0099999904632568,2013-12-24
1.0399999618530273,2013-12-26
1.100000023841858,2013-12-27
1.4299999475479126,2013-12-30
1.840000033378601,2013-12-31
2.3299999237060547,2014-01-02
1.9199999570846558,2014-01-03
1.590000033378601,2014-01-06
1.809999942779541,2014-01-07
1.899999976158142,2014-01-08
2.0999999046325684,2014-01-09
2.259999990463257,2014-01-10
2.440000057220459,2014-01-13
2.299999952316284,2014-01-14
2.0299999713897705,2014-01-15
2.319999933242798,2014-01-16
2.4100000858306885,2014-01-17
2.5,2014-01-21
2.680000066757202,2014-01-22
2.9579999446868896,2014-01-23
2.8499999046325684,2014-01-24
2.799999952316284,2014-01-27
2.6700000762939453,2014-01-28
2.180000066757202,2014-01-29
2.359999895095825,2014-01-30
2.450000047683716,2014-01-31
2.4700000286102295,2014-02-03
2.4000000953674316,2014-02-04
2.430000066757202,2014-02-05
2.4000000953674316,2014-02-06
2.4100000858306885,2014-02-07
2.0799999237060547,2014-02-10
2.0799999237060547,2014-02-11
2.0799999237060547,2014-02-12
2.0799999237060547,2014-02-13
2.0799999237060547,2014-02-14
2.0799999237060547,2014-02-18
2.0799999237060547,2014-02-19
2.0799999237060547,2014-02-20
2.0799999237060547,2014-02-21
2.0799999237060547,2014-02-24
2.0799999237060547,2014-02-25
0.9200000166893005,2014-02-26
0.699999988079071,2014-02-27
0.26499998569488525,2014-02-28
0.10999999940395355,2014-03-03
0.14499999582767487,2014-03-04
0.23000000417232513,2014-03-05
0.3799999952316284,2014-03-06
0.3499999940395355,2014-03-07
0.25999999046325684,2014-03-10
0.24500000476837158,2014-03-11
0.23999999463558197,2014-03-12
0.20999999344348907,2014-03-13
0.20000000298023224,2014-03-14
0.1599999964237213,2014-03-17
0.11999999731779099,2014-03-18
0.10499999672174454,2014-03-19
0.1420000046491623,2014-03-20
0.10999999940395355,2014-03-21
0.11999999731779099,2014-03-24
0.10999999940395355,2014-03-25
0.10000000149011612,2014-03-26
0.10999999940395355,2014-03-27
0.10999999940395355,2014-03-28
0.10000000149011612,2014-03-31
0.10000000149011612,2014-04-01
0.09000000357627869,2014-04-02
0.11999999731779099,2014-04-03
0.10999999940395355,2014-04-04
0.10000000149011612,2014-04-07
0.10000000149011612,2014-04-08
0.08500000089406967,2014-04-09
0.07999999821186066,2014-04-10
0.07999999821186066,2014-04-11
0.07500000298023224,2014-04-14
0.07999999821186066,2014-04-15
0.0729999989271164,2014-04-16
0.07199999690055847,2014-04-17
0.09000000357627869,2014-04-21
0.07999999821186066,2014-04-22
0.07999999821186066,2014-04-23
0.05000000074505806,2014-04-24
0.05999999865889549,2014-04-25
0.05999999865889549,2014-04-28
0.05000000074505806,2014-04-29
0.04399999976158142,2014-04-30
0.03610000014305115,2014-05-01
0.05000000074505806,2014-05-02
0.03610000014305115,2014-05-05
0.03610000014305115,2014-05-06
0.03799999877810478,2014-05-07
0.05000000074505806,2014-05-08
0.05000000074505806,2014-05-09
0.05000000074505806,2014-05-12
0.05000000074505806,2014-05-13
0.05000000074505806,2014-05-14
0.05000000074505806,2014-05-15
0.05000000074505806,2014-05-16
0.05000000074505806,2014-05-19
0.04800000041723251,2014-05-20
0.05000000074505806,2014-05-21
0.04500000178813934,2014-05-22
0.04500000178813934,2014-05-23
0.04500000178813934,2014-05-27
0.04500000178813934,2014-05-28
0.03999999910593033,2014-05-29
0.05000000074505806,2014-05-30
0.05000000074505806,2014-06-02
0.05000000074505806,2014-06-03
0.05000000074505806,2014-06-04
0.05000000074505806,2014-06-05
0.05000000074505806,2014-06-06
0.04500000178813934,2014-06-09
0.05000000074505806,2014-06-10
0.05000000074505806,2014-06-11
0.03999999910593033,2014-06-12
0.05000000074505806,2014-06-13
0.05000000074505806,2014-06-16
0.03999999910593033,2014-06-17
0.03999999910593033,2014-06-18
0.05000000074505806,2014-06-19
0.05000000074505806,2014-06-20
0.05000000074505806,2014-06-23
0.03999999910593033,2014-06-24
0.05000000074505806,2014-06-25
0.03999999910593033,2014-06-26
0.05000000074505806,2014-06-27
0.05000000074505806,2014-06-30
0.03999999910593033,2014-07-01
0.05000000074505806,2014-07-02
0.05000000074505806,2014-07-03
0.03999999910593033,2014-07-07
0.03680000081658363,2014-07-08
0.03799999877810478,2014-07-09
0.05000000074505806,2014-07-10
0.05000000074505806,2014-07-11
0.03880000114440918,2014-07-14
0.04050000011920929,2014-07-15
0.03830000013113022,2014-07-16
0.03999999910593033,2014-07-17
0.04699999839067459,2014-07-18
0.04699999839067459,2014-07-21
0.041099999099969864,2014-07-22
0.04050000011920929,2014-07-23
0.04699999839067459,2014-07-24
0.03799999877810478,2014-07-25
0.0471000000834465,2014-07-28
0.040699999779462814,2014-07-29
0.05000000074505806,2014-07-30
0.040800001472234726,2014-07-31
0.04749999940395355,2014-08-01
0.04129999876022339,2014-08-04
0.04129999876022339,2014-08-05
0.05000000074505806,2014-08-06
0.05000000074505806,2014-08-07
0.04230000078678131,2014-08-08
0.040699999779462814,2014-08-11
0.04780000075697899,2014-08-12
0.040699999779462814,2014-08-13
0.043800000101327896,2014-08-14
0.04899999871850014,2014-08-15
0.05000000074505806,2014-08-18
0.041600000113248825,2014-08-19
0.04690000042319298,2014-08-20
0.042100001126527786,2014-08-21
0.041999999433755875,2014-08-22
0.05000000074505806,2014-08-25
0.05000000074505806,2014-08-26
0.045099999755620956,2014-08-27
0.04500000178813934,2014-08-28
0.04500000178813934,2014-08-29
0.04899999871850014,2014-09-02
0.041200000792741776,2014-09-03
0.041099999099969864,2014-09-04
0.04010000079870224,2014-09-05
0.04010000079870224,2014-09-08
0.0494999997317791,2014-09-09
0.03999999910593033,2014-09-10
0.03999999910593033,2014-09-11
0.03999999910593033,2014-09-12
0.03999999910593033,2014-09-15
0.03500000014901161,2014-09-16
0.03550000116229057,2014-09-17
0.03500000014901161,2014-09-18
0.03500000014901161,2014-09-19
0.03500000014901161,2014-09-22
0.03500000014901161,2014-09-23
0.04399999976158142,2014-09-24
0.04399999976158142,2014-09-25
0.039900001138448715,2014-09-26
0.029999999329447746,2014-09-29
0.029999999329447746,2014-09-30
0.029999999329447746,2014-10-01
0.04399999976158142,2014-10-02
0.031199999153614044,2014-10-03
0.031700000166893005,2014-10-06
0.03779999911785126,2014-10-07
0.03689999878406525,2014-10-08
0.031599998474121094,2014-10-09
0.032099999487400055,2014-10-10
0.032999999821186066,2014-10-13
0.03779999911785126,2014-10-14
0.032099999487400055,2014-10-15
0.03200000151991844,2014-10-16
0.03999999910593033,2014-10-17
0.03009999915957451,2014-10-20
0.03020000085234642,2014-10-21
0.039000000804662704,2014-10-22
0.033399999141693115,2014-10-23
0.03370000049471855,2014-10-24
0.031099999323487282,2014-10-27
0.03220000118017197,2014-10-28
0.030300000682473183,2014-10-29
0.03889999911189079,2014-10-30
0.03889999911189079,2014-10-31
0.03099999949336052,2014-11-03
0.03889999911189079,2014-11-04
0.032999999821186066,2014-11-05
0.032499998807907104,2014-11-06
0.0348999984562397,2014-11-07
0.03099999949336052,2014-11-10
0.031300000846385956,2014-11-11
0.03200000151991844,2014-11-12
0.029999999329447746,2014-11-13
0.03099999949336052,2014-11-14
0.035999998450279236,2014-11-17
0.03099999949336052,2014-11-18
0.03099999949336052,2014-11-19
0.031599998474121094,2014-11-20
0.03759999945759773,2014-11-21
0.031599998474121094,2014-11-24
0.031599998474121094,2014-11-25
0.03099999949336052,2014-11-26
0.03009999915957451,2014-11-28
0.029999999329447746,2014-12-01
0.029899999499320984,2014-12-02
0.01850000023841858,2014-12-03
0.01810000091791153,2014-12-04
0.01810000091791153,2014-12-05
0.01810000091791153,2014-12-08
0.019999999552965164,2014-12-09
0.035999998450279236,2014-12-10
0.035999998450279236,2014-12-11
0.021299999207258224,2014-12-12
0.02199999988079071,2014-12-15
0.021199999377131462,2014-12-16
0.023099999874830246,2014-12-17
0.023099999874830246,2014-12-18
0.020800000056624413,2014-12-19
0.020099999383091927,2014-12-22
0.02449999935925007,2014-12-23
0.024399999529123306,2014-12-24
0.01810000091791153,2014-12-26
0.01899999938905239,2014-12-29
0.007499999832361937,2014-12-30
0.007799999788403511,2014-12-31
0.017500000074505806,2015-01-02
0.017500000074505806,2015-01-05
0.017500000074505806,2015-01-06
0.007000000216066837,2015-01-07
0.008820000104606152,2015-01-08
0.013899999670684338,2015-01-09
0.013899999670684338,2015-01-12
0.010999999940395355,2015-01-13
0.002099999925121665,2015-01-14
0.00800000037997961,2015-01-15
0.013399999588727951,2015-01-16
0.008500000461935997,2015-01-20
0.00800000037997961,2015-01-21
0.008999999612569809,2015-01-22
0.008999999612569809,2015-01-23
0.008999999612569809,2015-01-26
0.009499999694526196,2015-01-27
0.012900000438094139,2015-01-28
0.011900000274181366,2015-01-29
0.009600000455975533,2015-01-30
0.009600000455975533,2015-02-02
0.009100000374019146,2015-02-03
0.012799999676644802,2015-02-04
0.012900000438094139,2015-02-05
0.012799999676644802,2015-02-06
0.010499999858438969,2015-02-09
0.009999999776482582,2015-02-10
0.010099999606609344,2015-02-11
0.010089999996125698,2015-02-12
0.010499999858438969,2015-02-13
0.010099999606609344,2015-02-17
0.010099999606609344,2015-02-18
0.010099999606609344,2015-02-19
0.009999999776482582,2015-02-20
0.009999999776482582,2015-02-23
0.004000000189989805,2015-02-24
0.006000000052154064,2015-02-25
0.007000000216066837,2015-02-26
0.012299999594688416,2015-02-27
0.013000000268220901,2015-03-02
0.008100000210106373,2015-03-03
0.008899999782443047,2015-03-04
0.009700000286102295,2015-03-05
0.010099999606609344,2015-03-06
0.010099999606609344,2015-03-09
0.019899999722838402,2015-03-10
0.010099999606609344,2015-03-11
0.011500000022351742,2015-03-12
0.024900000542402267,2015-03-13
0.010099999606609344,2015-03-16
0.010099999606609344,2015-03-17
0.010099999606609344,2015-03-18
0.010099999606609344,2015-03-19
0.010599999688565731,2015-03-20
0.010099999606609344,2015-03-23
0.010099999606609344,2015-03-24
0.010099999606609344,2015-03-25
0.010099999606609344,2015-03-26
0.009999999776482582,2015-03-27
0.010099999606609344,2015-03-30
0.010099999606609344,2015-03-31
0.009999999776482582,2015-04-01
0.009999999776482582,2015-04-02
0.029999999329447746,2015-04-06
0.0024999999441206455,2015-04-07
0.02800000086426735,2015-04-08
0.026000000536441803,2015-04-09
0.006399999838322401,2015-04-10
0.007199999876320362,2015-04-13
0.009999999776482582,2015-04-14
0.010099999606609344,2015-04-15
0.010099999606609344,2015-04-16
0.007300000172108412,2015-04-17
0.009569999761879444,2015-04-20
0.00827999971807003,2015-04-21
0.006200000178068876,2015-04-22
0.006200000178068876,2015-04-23
0.027000000700354576,2015-04-24
0.004000000189989805,2015-04-27
0.024000000208616257,2015-04-28
0.006000000052154064,2015-04-29
0.014999999664723873,2015-04-30
0.007499999832361937,2015-05-01
0.007499999832361937,2015-05-04
0.007000000216066837,2015-05-05
0.006000000052154064,2015-05-06
0.006000000052154064,2015-05-07
0.009999999776482582,2015-05-08
0.009999999776482582,2015-05-11
0.009999999776482582,2015-05-12
0.009999999776482582,2015-05-13
0.009999999776482582,2015-05-14
0.009999999776482582,2015-05-15
0.009999999776482582,2015-05-18
0.009999999776482582,2015-05-19
0.009999999776482582,2015-05-20
0.009999999776482582,2015-05-21
0.009999999776482582,2015-05-22
0.009999999776482582,2015-05-26
0.009999999776482582,2015-05-27
0.009999999776482582,2015-05-28
0.009999999776482582,2015-05-29
0.009999999776482582,2015-06-01
0.009999999776482582,2015-06-02
0.009999999776482582,2015-06-03
0.009999999776482582,2015-06-04
0.009999999776482582,2015-06-05
0.009999999776482582,2015-06-08
0.009999999776482582,2015-06-09
0.002099999925121665,2015-06-10
0.010999999940395355,2015-06-11
0.010999999940395355,2015-06-12
0.010999999940395355,2015-06-15
0.010999999940395355,2015-06-16
0.010999999940395355,2015-06-17
0.010999999940395355,2015-06-18
0.009999999776482582,2015-06-19
0.002099999925121665,2015-06-22
0.002099999925121665,2015-06-23
0.009999999776482582,2015-06-24
0.002400000113993883,2015-06-25
0.009999999776482582,2015-06-26
0.009999999776482582,2015-06-29
0.009999999776482582,2015-06-30
0.009999999776482582,2015-07-01
0.004000000189989805,2015-07-02
0.009499999694526196,2015-07-06
0.009999999776482582,2015-07-07
0.009999999776482582,2015-07-08
0.004000000189989805,2015-07-09
0.004000000189989805,2015-07-10
0.004000000189989805,2015-07-13
0.004000000189989805,2015-07-14
0.004100000020116568,2015-07-15
0.004000000189989805,2015-07-16
0.004000000189989805,2015-07-17
0.009499999694526196,2015-07-20
0.004000000189989805,2015-07-21
0.004000000189989805,2015-07-22
0.004000000189989805,2015-07-23
0.004000000189989805,2015-07-24
0.001500000013038516,2015-07-27
0.001500000013038516,2015-07-28
0.00279999990016222,2015-07-29
0.0015999999595806003,2015-07-30
0.0010000000474974513,2015-07-31
0.0012000000569969416,2015-08-03
0.0012000000569969416,2015-08-04
0.0012000000569969416,2015-08-05
0.0012000000569969416,2015-08-06
0.0012000000569969416,2015-08-07
0.0012000000569969416,2015-08-10
0.0012000000569969416,2015-08-11
0.0012000000569969416,2015-08-12
0.0012000000569969416,2015-08-13
0.0012000000569969416,2015-08-14
0.0012000000569969416,2015-08-17
0.0012000000569969416,2015-08-18
0.0012000000569969416,2015-08-19
0.0012000000569969416,2015-08-20
0.0012000000569969416,2015-08-21
0.0012000000569969416,2015-08-24
0.0010000000474974513,2015-08-25
0.0010999999940395355,2015-08-26
0.0010999999940395355,2015-08-27
0.0010999999940395355,2015-08-28
0.001500000013038516,2015-08-31
0.001500000013038516,2015-09-01
0.0017999999690800905,2015-09-02
0.0017999999690800905,2015-09-03
0.0010000000474974513,2015-09-04
0.0010000000474974513,2015-09-08
0.0012000000569969416,2015-09-09
0.0012000000569969416,2015-09-10
0.0017999999690800905,2015-09-11
0.0017999999690800905,2015-09-14
0.0017999999690800905,2015-09-15
0.0012000000569969416,2015-09-16
0.0020000000949949026,2015-09-17
0.0003000000142492354,2015-09-18
0.0015999999595806003,2015-09-21
0.0015999999595806003,2015-09-22
0.0017000000225380063,2015-09-23
0.00139999995008111,2015-09-24
0.0035000001080334187,2015-09-25
0.005499999970197678,2015-09-28
0.008310000412166119,2015-09-29
0.001500000013038516,2015-09-30
0.004000000189989805,2015-10-01
0.004000000189989805,2015-10-02
0.0020000000949949026,2015-10-05
0.0020000000949949026,2015-10-06
0.0020000000949949026,2015-10-07
0.0020000000949949026,2015-10-08
0.0020000000949949026,2015-10-09
0.002099999925121665,2015-10-12
0.002099999925121665,2015-10-13
0.002099999925121665,2015-10-14
0.002099999925121665,2015-10-15
0.002099999925121665,2015-10-16
0.0024999999441206455,2015-10-19
0.0024999999441206455,2015-10-20
0.0024999999441206455,2015-10-21
0.0024999999441206455,2015-10-22
0.0024999999441206455,2015-10-23
0.002099999925121665,2015-10-26
0.002099999925121665,2015-10-27
0.002099999925121665,2015-10-28
0.002099999925121665,2015-10-29
0.002099999925121665,2015-10-30
0.00139999995008111,2015-11-02
0.001500000013038516,2015-11-03
0.001500000013038516,2015-11-04
0.001500000013038516,2015-11-05
0.0015999999595806003,2015-11-06
0.0015999999595806003,2015-11-09
0.003000000026077032,2015-11-10
0.003000000026077032,2015-11-11
0.002199999988079071,2015-11-12
0.003000000026077032,2015-11-13
0.003000000026077032,2015-11-16
0.003000000026077032,2015-11-17
0.002199999988079071,2015-11-18
0.002199999988079071,2015-11-19
0.002199999988079071,2015-11-20
0.002199999988079071,2015-11-23
0.002199999988079071,2015-11-24
0.002199999988079071,2015-11-25
0.002199999988079071,2015-11-27
0.003000000026077032,2015-11-30
0.003000000026077032,2015-12-01
0.002300000051036477,2015-12-02
0.002300000051036477,2015-12-03
0.002300000051036477,2015-12-04
0.002300000051036477,2015-12-07
0.002300000051036477,2015-12-08
0.002309999894350767,2015-12-09
0.002300000051036477,2015-12-10
0.0015999999595806003,2015-12-11
0.0015999999595806003,2015-12-14
0.0015999999595806003,2015-12-15
0.0015999999595806003,2015-12-16
0.0024999999441206455,2015-12-17
0.0020000000949949026,2015-12-18
0.0020000000949949026,2015-12-21
0.0020000000949949026,2015-12-22
0.0024999999441206455,2015-12-23
0.0024999999441206455,2015-12-24
0.0024999999441206455,2015-12-28
0.0024999999441206455,2015-12-29
0.0024999999441206455,2015-12-30
0.0024999999441206455,2015-12-31
0.0024999999441206455,2016-01-04
0.0024999999441206455,2016-01-05
0.0024999999441206455,2016-01-06
0.0024999999441206455,2016-01-07
0.0024999999441206455,2016-01-08
0.0024999999441206455,2016-01-11
0.0024999999441206455,2016-01-12
0.0024999999441206455,2016-01-13
0.0024999999441206455,2016-01-14
0.0024999999441206455,2016-01-15
0.0024999999441206455,2016-01-19
0.0024999999441206455,2016-01-20
0.0024999999441206455,2016-01-21
0.0015999999595806003,2016-01-22
0.0015999999595806003,2016-01-25
0.0015999999595806003,2016-01-26
0.0017000000225380063,2016-01-27
0.0017000000225380063,2016-01-28
0.0017000000225380063,2016-01-29
0.0017000000225380063,2016-02-01
0.0017000000225380063,2016-02-02
0.0017000000225380063,2016-02-03
0.0017000000225380063,2016-02-04
0.0017000000225380063,2016-02-05
0.0017000000225380063,2016-02-08
0.0020000000949949026,2016-02-09
0.006300000008195639,2016-02-10
0.006800000090152025,2016-02-11
0.013439999893307686,2016-02-12
0.013000000268220901,2016-02-16
0.005840000230818987,2016-02-17
0.003100000089034438,2016-02-18
0.003100000089034438,2016-02-19
0.009999999776482582,2016-02-22
0.007499999832361937,2016-02-23
0.007499999832361937,2016-02-24
0.004100000020116568,2016-02-25
0.006000000052154064,2016-02-26
0.006000000052154064,2016-02-29
0.006000000052154064,2016-03-01
0.0031999999191612005,2016-03-02
0.003599999938160181,2016-03-03
0.004000000189989805,2016-03-04
0.004000000189989805,2016-03-07
0.0035000001080334187,2016-03-08
0.004650000017136335,2016-03-09
0.004650000017136335,2016-03-10
0.004650000017136335,2016-03-11
0.003100000089034438,2016-03-14
0.003100000089034438,2016-03-15
0.003100000089034438,2016-03-16
0.003100000089034438,2016-03-17
0.003100000089034438,2016-03-18
0.0020000000949949026,2016-03-21
0.003010000102221966,2016-03-22
0.002199999988079071,2016-03-23
0.0032999999821186066,2016-03-24
0.002199999988079071,2016-03-28
0.003010000102221966,2016-03-29
0.002199999988079071,2016-03-30
0.002199999988079071,2016-03-31
0.002199999988079071,2016-04-01
0.002199999988079071,2016-04-04
0.004000000189989805,2016-04-05
0.004699999932199717,2016-04-06
0.0027000000700354576,2016-04-07
0.0027000000700354576,2016-04-08
0.014999999664723873,2016-04-11
0.014999999664723873,2016-04-12
0.014999999664723873,2016-04-13
0.002899999963119626,2016-04-14
0.0038499999791383743,2016-04-15
0.002899999963119626,2016-04-18
0.002899999963119626,2016-04-19
0.002899999963119626,2016-04-20
0.004530000034719706,2016-04-21
0.002899999963119626,2016-04-22
0.002899999963119626,2016-04-25
0.002899999963119626,2016-04-26
0.004530000034719706,2016-04-27
0.0044999998062849045,2016-04-28
0.0044999998062849045,2016-04-29
0.0044999998062849045,2016-05-02
0.002899999963119626,2016-05-03
0.00279999990016222,2016-05-04
0.00279999990016222,2016-05-05
0.00279999990016222,2016-05-06
0.00279999990016222,2016-05-09
0.00279999990016222,2016-05-10
0.00279999990016222,2016-05-11
0.00279999990016222,2016-05-12
0.0024999999441206455,2016-05-13
0.0024999999441206455,2016-05-16
0.0024999999441206455,2016-05-17
0.006000000052154064,2016-05-18
0.003650000086054206,2016-05-19
0.003650000086054206,2016-05-20
0.003650000086054206,2016-05-23
0.003650000086054206,2016-05-24
0.003650000086054206,2016-05-25
0.0024999999441206455,2016-05-26
0.0017999999690800905,2016-05-27
0.0017999999690800905,2016-05-31
0.006899999920278788,2016-06-01
0.006899999920278788,2016-06-02
0.002950000111013651,2016-06-03
0.002099999925121665,2016-06-06
0.002099999925121665,2016-06-07
0.002099999925121665,2016-06-08
0.002099999925121665,2016-06-09
0.002099999925121665,2016-06-10
0.002099999925121665,2016-06-13
0.002099999925121665,2016-06-14
0.002099999925121665,2016-06-15
0.002099999925121665,2016-06-16
0.002099999925121665,2016-06-17
0.002099999925121665,2016-06-20
0.002099999925121665,2016-06-21
0.002099999925121665,2016-06-22
0.002099999925121665,2016-06-23
0.002099999925121665,2016-06-24
0.002099999925121665,2016-06-27
0.002099999925121665,2016-06-28
0.002099999925121665,2016-06-29
0.00430000014603138,2016-06-30
0.006000000052154064,2016-07-01
0.006000000052154064,2016-07-05
0.002400000113993883,2016-07-06
0.002400000113993883,2016-07-07
0.0024999999441206455,2016-07-08
0.0017999999690800905,2016-07-11
0.001500000013038516,2016-07-12
0.001500000013038516,2016-07-13
0.001500000013038516,2016-07-14
0.001500000013038516,2016-07-15
0.0010999999940395355,2016-07-18
0.0010999999940395355,2016-07-19
0.0010999999940395355,2016-07-20
0.0010999999940395355,2016-07-21
0.0010999999940395355,2016-07-22
0.0010999999940395355,2016-07-25
0.0010999999940395355,2016-07-26
0.0010999999940395355,2016-07-27
0.009999999776482582,2016-07-28
0.009999999776482582,2016-07-29
0.006000000052154064,2016-08-01
0.006000000052154064,2016-08-02
0.009999999776482582,2016-08-03
0.009999999776482582,2016-08-04
0.005200000014156103,2016-08-05
0.005200000014156103,2016-08-08
0.005200000014156103,2016-08-09
0.005200000014156103,2016-08-10
0.0024999999441206455,2016-08-11
0.003000000026077032,2016-08-12
0.003599999938160181,2016-08-15
0.005200000014156103,2016-08-16
0.005200000014156103,2016-08-17
0.005200000014156103,2016-08-18
0.005200000014156103,2016-08-19
0.005200000014156103,2016-08-22
0.005840000230818987,2016-08-23
0.005840000230818987,2016-08-24
0.005840000230818987,2016-08-25
0.005840000230818987,2016-08-26
0.005200000014156103,2016-08-29
0.0052999998442828655,2016-08-30
0.0052999998442828655,2016-08-31
0.0052999998442828655,2016-09-01
0.0052999998442828655,2016-09-02
0.0052999998442828655,2016-09-06
0.0052999998442828655,2016-09-07
0.0052999998442828655,2016-09-08
0.0031999999191612005,2016-09-09
0.0031999999191612005,2016-09-12
0.0031999999191612005,2016-09-13
0.0031999999191612005,2016-09-14
0.0031999999191612005,2016-09-15
0.0031999999191612005,2016-09-16
0.0031999999191612005,2016-09-19
0.004279999993741512,2016-09-20
0.003700000001117587,2016-09-21
0.0032999999821186066,2016-09-22
0.0032999999821186066,2016-09-23
0.007899999618530273,2016-09-26
0.007899999618530273,2016-09-27
0.007899999618530273,2016-09-28
0.007899999618530273,2016-09-29
0.007899999618530273,2016-09-30
0.0032999999821186066,2016-10-03
0.0032999999821186066,2016-10-04
0.0032999999821186066,2016-10-05
0.0032999999821186066,2016-10-06
0.003920000046491623,2016-10-07
0.003920000046491623,2016-10-10
0.003920000046491623,2016-10-11
0.0032999999821186066,2016-10-12
0.0032999999821186066,2016-10-13
0.0031999999191612005,2016-10-14
0.0031999999191612005,2016-10-17
0.0031999999191612005,2016-10-18
0.0031999999191612005,2016-10-19
0.0031999999191612005,2016-10-20
0.0031999999191612005,2016-10-21
0.0031999999191612005,2016-10-24
0.0030700000934302807,2016-10-25
0.00279999990016222,2016-10-26
0.003000000026077032,2016-10-27
0.003000000026077032,2016-10-28
0.00279999990016222,2016-10-31
0.00279999990016222,2016-11-01
0.0024999999441206455,2016-11-02
0.0024999999441206455,2016-11-03
0.0027000000700354576,2016-11-04
0.0027000000700354576,2016-11-07
0.0027000000700354576,2016-11-08
0.0029299999587237835,2016-11-09
0.002940000034868717,2016-11-10
0.003000000026077032,2016-11-11
0.0032500000670552254,2016-11-14
0.0032500000670552254,2016-11-15
0.006599999964237213,2016-11-16
0.003000000026077032,2016-11-17
0.003000000026077032,2016-11-18
0.003000000026077032,2016-11-21
0.003000000026077032,2016-11-22
0.003000000026077032,2016-11-23
0.0045900000259280205,2016-11-25
0.0012000000569969416,2016-11-28
0.0012000000569969416,2016-11-29
0.003000000026077032,2016-11-30
0.003000000026077032,2016-12-01
0.003000000026077032,2016-12-02
0.003000000026077032,2016-12-05
0.003000000026077032,2016-12-06
0.003000000026077032,2016-12-07
0.003000000026077032,2016-12-08
0.002899999963119626,2016-12-09
0.002899999963119626,2016-12-12
0.0024999999441206455,2016-12-13
0.0024999999441206455,2016-12-14
0.0024999999441206455,2016-12-15
0.0024999999441206455,2016-12-16
0.0024999999441206455,2016-12-19
0.0024999999441206455,2016-12-20
0.003650000086054206,2016-12-21
0.0024999999441206455,2016-12-22
0.0024999999441206455,2016-12-23
0.0024999999441206455,2016-12-27
0.0024999999441206455,2016-12-28
0.003000000026077032,2016-12-29
0.0024999999441206455,2016-12-30
0.002099999925121665,2017-01-03
0.002099999925121665,2017-01-04
0.002099999925121665,2017-01-05
0.0031999999191612005,2017-01-06
0.0025400000158697367,2017-01-09
0.002099999925121665,2017-01-10
0.003229999914765358,2017-01-11
0.003229999914765358,2017-01-12
0.003229999914765358,2017-01-13
0.005799999926239252,2017-01-17
0.0031799999997019768,2017-01-18
0.002739999908953905,2017-01-19
0.0031799999997019768,2017-01-20
0.0031799999997019768,2017-01-23
0.0031799999997019768,2017-01-24
0.004410000052303076,2017-01-25
0.004000000189989805,2017-01-26
0.004100000020116568,2017-01-27
0.004100000020116568,2017-01-30
0.004999999888241291,2017-01-31
0.004999999888241291,2017-02-01
0.004100000020116568,2017-02-02
0.004000000189989805,2017-02-03
0.007499999832361937,2017-02-06
0.004000000189989805,2017-02-07
0.004000000189989805,2017-02-08
0.004000000189989805,2017-02-09
0.004000000189989805,2017-02-10
0.004000000189989805,2017-02-13
0.004670000169426203,2017-02-14
0.0072200000286102295,2017-02-15
0.0072200000286102295,2017-02-16
0.0072200000286102295,2017-02-17
0.006000000052154064,2017-02-21
0.006000000052154064,2017-02-22
0.006000000052154064,2017-02-23
0.006000000052154064,2017-02-24
0.007379999849945307,2017-02-27
0.007379999849945307,2017-02-28
0.006000000052154064,2017-03-01
0.006000000052154064,2017-03-02
0.006000000052154064,2017-03-03
0.004100000020116568,2017-03-06
0.004100000020116568,2017-03-07
0.004100000020116568,2017-03-08
0.004100000020116568,2017-03-09
0.004879999905824661,2017-03-10
0.004100000020116568,2017-03-13
0.004100000020116568,2017-03-14
0.005270000081509352,2017-03-15
0.004000000189989805,2017-03-16
0.004100000020116568,2017-03-17
0.005950000137090683,2017-03-20
0.004050000105053186,2017-03-21
0.004050000105053186,2017-03-22
0.004000000189989805,2017-03-23
0.004000000189989805,2017-03-24
0.004000000189989805,2017-03-27
0.0010000000474974513,2017-03-28
0.0010000000474974513,2017-03-29
0.0010000000474974513,2017-03-30
0.0010000000474974513,2017-03-31
0.004000000189989805,2017-04-03
0.004000000189989805,2017-04-04
0.004000000189989805,2017-04-05
0.004000000189989805,2017-04-06
0.004000000189989805,2017-04-07
0.004000000189989805,2017-04-10
0.004000000189989805,2017-04-11
0.004000000189989805,2017-04-12
0.004399999976158142,2017-04-13
0.004399999976158142,2017-04-17
0.004000000189989805,2017-04-18
0.004000000189989805,2017-04-19
0.004000000189989805,2017-04-20
0.004459999967366457,2017-04-21
0.004920000210404396,2017-04-24
0.004000000189989805,2017-04-25
0.004000000189989805,2017-04-26
0.004000000189989805,2017-04-27
0.004000000189989805,2017-04-28
0.004000000189989805,2017-05-01
0.004000000189989805,2017-05-02
0.004000000189989805,2017-05-03
0.004000000189989805,2017-05-04
0.004000000189989805,2017-05-05
0.004000000189989805,2017-05-08
0.005499999970197678,2017-05-09
0.004670000169426203,2017-05-10
0.004670000169426203,2017-05-11
0.004670000169426203,2017-05-12
0.004000000189989805,2017-05-15
0.004000000189989805,2017-05-16
0.004000000189989805,2017-05-17
0.004000000189989805,2017-05-18
0.004000000189989805,2017-05-19
0.004000000189989805,2017-05-22
0.004000000189989805,2017-05-23
0.004000000189989805,2017-05-24
0.004000000189989805,2017-05-25
0.004000000189989805,2017-05-26
0.004000000189989805,2017-05-30
0.004000000189989805,2017-05-31
0.004000000189989805,2017-06-01
0.004000000189989805,2017-06-02
0.004000000189989805,2017-06-05
0.004000000189989805,2017-06-06
0.004000000189989805,2017-06-07
0.004000000189989805,2017-06-08
0.004000000189989805,2017-06-09
0.004000000189989805,2017-06-12
0.004000000189989805,2017-06-13
0.004000000189989805,2017-06-14
0.005379999987781048,2017-06-15
0.005379999987781048,2017-06-16
0.004000000189989805,2017-06-19
0.004000000189989805,2017-06-20
0.004000000189989805,2017-06-21
0.004279999993741512,2017-06-22
0.008500000461935997,2017-06-23
0.006800000090152025,2017-06-26
0.004000000189989805,2017-06-27
0.004000000189989805,2017-06-28
0.004000000189989805,2017-06-29
0.004000000189989805,2017-06-30
0.004000000189989805,2017-07-03
0.004000000189989805,2017-07-05
0.004000000189989805,2017-07-06
0.004000000189989805,2017-07-07
0.004000000189989805,2017-07-10
0.004000000189989805,2017-07-11
0.004000000189989805,2017-07-12
0.004000000189989805,2017-07-13
0.004000000189989805,2017-07-14
0.004279999993741512,2017-07-17
0.004279999993741512,2017-07-18
0.004000000189989805,2017-07-19
0.004689999856054783,2017-07-20
0.004999999888241291,2017-07-21
0.004000000189989805,2017-07-24
0.004000000189989805,2017-07-25
0.004000000189989805,2017-07-26
0.004000000189989805,2017-07-27
0.004230000078678131,2017-07-28
0.004000000189989805,2017-07-31
0.004000000189989805,2017-08-01
0.004000000189989805,2017-08-02
0.004000000189989805,2017-08-03
0.004000000189989805,2017-08-04
0.004000000189989805,2017-08-07
0.004000000189989805,2017-08-08
0.004000000189989805,2017-08-09
0.004000000189989805,2017-08-10
0.004000000189989805,2017-08-11
0.004000000189989805,2017-08-14
0.004000000189989805,2017-08-15
0.003100000089034438,2017-08-16
0.004600000102072954,2017-08-17
0.003100000089034438,2017-08-18
0.004459999967366457,2017-08-21
0.004459999967366457,2017-08-22
0.004459999967366457,2017-08-23
0.004459999967366457,2017-08-24
0.003100000089034438,2017-08-25
0.003100000089034438,2017-08-28
0.003100000089034438,2017-08-29
0.003100000089034438,2017-08-30
0.003100000089034438,2017-08-31
0.003100000089034438,2017-09-01
0.003100000089034438,2017-09-05
0.003100000089034438,2017-09-06
0.0024999999441206455,2017-09-07
0.0024999999441206455,2017-09-08
0.0024999999441206455,2017-09-11
0.0024999999441206455,2017-09-12
0.002099999925121665,2017-09-13
0.002099999925121665,2017-09-14
0.002099999925121665,2017-09-15
0.002099999925121665,2017-09-18
0.002099999925121665,2017-09-19
0.003000000026077032,2017-09-20
0.003000000026077032,2017-09-21
0.002099999925121665,2017-09-22
0.002099999925121665,2017-09-25
0.002099999925121665,2017-09-26
0.002099999925121665,2017-09-27
0.002099999925121665,2017-09-28
0.002099999925121665,2017-09-29
0.002099999925121665,2017-10-02
0.002099999925121665,2017-10-03
0.003800000064074993,2017-10-04
0.003800000064074993,2017-10-05
0.003800000064074993,2017-10-06
0.002099999925121665,2017-10-09
0.002099999925121665,2017-10-10
0.005570000037550926,2017-10-11
0.005570000037550926,2017-10-12
0.002099999925121665,2017-10-13
0.0013000000035390258,2017-10-16
0.003000000026077032,2017-10-17
0.003000000026077032,2017-10-18
0.003000000026077032,2017-10-19
0.0013000000035390258,2017-10-20
0.0013000000035390258,2017-10-23
0.0013000000035390258,2017-10-24
0.006399999838322401,2017-10-25
0.004920000210404396,2017-10-26
0.0013000000035390258,2017-10-27
0.0013000000035390258,2017-10-30
0.0013000000035390258,2017-10-31
0.0013000000035390258,2017-11-01
0.0013000000035390258,2017-11-02
0.0013000000035390258,2017-11-03
0.0013000000035390258,2017-11-06
0.002360000042244792,2017-11-07
0.0013000000035390258,2017-11-08
0.0013000000035390258,2017-11-09
0.0013000000035390258,2017-11-10
0.0052999998442828655,2017-11-13
0.0013000000035390258,2017-11-14
0.0013000000035390258,2017-11-15
0.0013000000035390258,2017-11-16
0.0013000000035390258,2017-11-17
0.0013000000035390258,2017-11-20
0.0013000000035390258,2017-11-21
0.0013000000035390258,2017-11-22
0.0013000000035390258,2017-11-24
0.0013000000035390258,2017-11-27
0.0013000000035390258,2017-11-28
0.001500000013038516,2017-11-29
0.001500000013038516,2017-11-30
0.001500000013038516,2017-12-01
0.001500000013038516,2017-12-04
0.001500000013038516,2017-12-05
0.0031500000040978193,2017-12-06
0.0013000000035390258,2017-12-07
0.0013000000035390258,2017-12-08
0.0013000000035390258,2017-12-11
0.0013000000035390258,2017-12-12
0.0013000000035390258,2017-12-13
0.0013000000035390258,2017-12-14
0.0013500000350177288,2017-12-15
0.0018100000452250242,2017-12-18
0.0013000000035390258,2017-12-19
0.0013000000035390258,2017-12-20
0.0013000000035390258,2017-12-21
0.0013000000035390258,2017-12-22
0.0013000000035390258,2017-12-26
0.0013000000035390258,2017-12-27
0.0013000000035390258,2017-12-28
0.0015200000489130616,2017-12-29
0.0013000000035390258,2018-01-02
0.0013000000035390258,2018-01-03
0.002400000113993883,2018-01-04
0.002400000113993883,2018-01-05
0.002400000113993883,2018-01-08
0.0018100000452250242,2018-01-09
0.0018100000452250242,2018-01-10
0.0013000000035390258,2018-01-11
0.004000000189989805,2018-01-12
0.002099999925121665,2018-01-16
0.002099999925121665,2018-01-17
0.002099999925121665,2018-01-18
0.003000000026077032,2018-01-19
0.003000000026077032,2018-01-22
0.0024999999441206455,2018-01-23
0.002099999925121665,2018-01-24
0.002099999925121665,2018-01-25
0.002099999925121665,2018-01-26
0.002099999925121665,2018-01-29
0.002099999925121665,2018-01-30
0.004999999888241291,2018-01-31
0.005330000072717667,2018-02-01
0.003100000089034438,2018-02-02
0.0031999999191612005,2018-02-05
0.004999999888241291,2018-02-06
0.004000000189989805,2018-02-07
0.004000000189989805,2018-02-08
0.004000000189989805,2018-02-09
0.004000000189989805,2018-02-12
0.004000000189989805,2018-02-13
0.004000000189989805,2018-02-14
0.004000000189989805,2018-02-15
0.004000000189989805,2018-02-16
0.009999999776482582,2018-02-20
0.009999999776482582,2018-02-21
0.004000000189989805,2018-02-22
0.004000000189989805,2018-02-23
0.004000000189989805,2018-02-26
0.004000000189989805,2018-02-27
0.004000000189989805,2018-02-28
0.004000000189989805,2018-03-01
0.00559999980032444,2018-03-02
0.011950000189244747,2018-03-05
0.013000000268220901,2018-03-06
0.013000000268220901,2018-03-07
0.004000000189989805,2018-03-08
0.011830000206828117,2018-03-09
0.014999999664723873,2018-03-12
0.013819999992847443,2018-03-13
0.013799999840557575,2018-03-14
0.054999999701976776,2018-03-15
0.005200000014156103,2018-03-16
0.04919999837875366,2018-03-19
0.03959999978542328,2018-03-20
0.03959999978542328,2018-03-21
0.03959999978542328,2018-03-22
0.029899999499320984,2018-03-23
0.027300000190734863,2018-03-26
0.01489999983459711,2018-03-27
0.01489999983459711,2018-03-28
0.013919999822974205,2018-03-29
0.013969999738037586,2018-04-02
0.012659999541938305,2018-04-03
0.013399999588727951,2018-04-04
0.013299999758601189,2018-04-05
0.006000000052154064,2018-04-06
0.011459999717772007,2018-04-09
0.011459999717772007,2018-04-10
0.011459999717772007,2018-04-11
0.006800000090152025,2018-04-12
0.011509999632835388,2018-04-13
0.01140000019222498,2018-04-16
0.006000000052154064,2018-04-17
0.007000000216066837,2018-04-18
0.007000000216066837,2018-04-19
0.007000000216066837,2018-04-20
0.007000000216066837,2018-04-23
0.007000000216066837,2018-04-24
0.007000000216066837,2018-04-25
0.006000000052154064,2018-04-26
0.0006000000284984708,2018-04-27
0.0006000000284984708,2018-04-30
0.006000000052154064,2018-05-01
0.004000000189989805,2018-05-02
0.000699999975040555,2018-05-03
0.000699999975040555,2018-05-04
0.000699999975040555,2018-05-07
0.000699999975040555,2018-05-08
0.000699999975040555,2018-05-09
0.029899999499320984,2018-05-10
0.01489999983459711,2018-05-11
0.012900000438094139,2018-05-14
0.0272000003606081,2018-05-15
0.026900000870227814,2018-05-16
0.01489999983459711,2018-05-17
0.019999999552965164,2018-05-18
0.01810000091791153,2018-05-21
0.01679999940097332,2018-05-22
0.01679999940097332,2018-05-23
0.026799999177455902,2018-05-24
0.026799999177455902,2018-05-25
0.02669999934732914,2018-05-29
0.0022100000642240047,2018-05-30
0.0022100000642240047,2018-05-31
0.008050000295042992,2018-06-01
0.00800000037997961,2018-06-04
0.0017000000225380063,2018-06-05
0.014700000174343586,2018-06-06
0.00989999994635582,2018-06-07
0.00989999994635582,2018-06-08
0.009720000438392162,2018-06-11
0.009720000438392162,2018-06-12
0.009600000455975533,2018-06-13
0.009600000455975533,2018-06-14
0.0017000000225380063,2018-06-15
0.0017000000225380063,2018-06-18
0.0017000000225380063,2018-06-19
0.0017000000225380063,2018-06-20
0.0017000000225380063,2018-06-21
0.0015999999595806003,2018-06-22
0.0015999999595806003,2018-06-25
0.0015999999595806003,2018-06-26
0.0010999999940395355,2018-06-27
0.0010999999940395355,2018-06-28
0.0010999999940395355,2018-06-29
0.0013000000035390258,2018-07-02
0.0010999999940395355,2018-07-03
0.0010999999940395355,2018-07-05
0.0010999999940395355,2018-07-06
0.0010999999940395355,2018-07-09
0.0010999999940395355,2018-07-10
0.0010999999940395355,2018-07-11
0.001500000013038516,2018-07-12
0.001500000013038516,2018-07-13
0.0010999999940395355,2018-07-16
0.001500000013038516,2018-07-17
0.001500000013038516,2018-07-18
0.001500000013038516,2018-07-19
0.001500000013038516,2018-07-20
0.001500000013038516,2018-07-23
0.001500000013038516,2018-07-24
0.0015999999595806003,2018-07-25
0.0015999999595806003,2018-07-26
0.001500000013038516,2018-07-27
0.001500000013038516,2018-07-30
0.0010999999940395355,2018-07-31
0.001500000013038516,2018-08-01
0.0010999999940395355,2018-08-02
0.0010000000474974513,2018-08-03
0.001500000013038516,2018-08-06
0.001500000013038516,2018-08-07
0.001500000013038516,2018-08-08
0.001500000013038516,2018-08-09
0.001500000013038516,2018-08-10
0.001500000013038516,2018-08-13
0.001500000013038516,2018-08-14
0.001500000013038516,2018-08-15
0.001500000013038516,2018-08-16
0.001500000013038516,2018-08-17
0.001500000013038516,2018-08-20
0.001500000013038516,2018-08-21
0.001500000013038516,2018-08-22
0.008999999612569809,2018-08-23
0.007699999958276749,2018-08-24
0.007000000216066837,2018-08-27
0.001500000013038516,2018-08-28
0.001500000013038516,2018-08-29
0.001500000013038516,2018-08-30
0.001500000013038516,2018-08-31
0.001500000013038516,2018-09-04
0.001500000013038516,2018-09-05
0.001500000013038516,2018-09-06
0.001500000013038516,2018-09-07
0.001500000013038516,2018-09-10
0.001500000013038516,2018-09-11
0.001500000013038516,2018-09-12
0.001500000013038516,2018-09-13
0.001500000013038516,2018-09-14
0.001500000013038516,2018-09-17
0.001500000013038516,2018-09-18
0.001500000013038516,2018-09-19
0.001500000013038516,2018-09-20
0.001500000013038516,2018-09-21
0.001500000013038516,2018-09-24
0.0017999999690800905,2018-09-25
0.001500000013038516,2018-09-26
0.001500000013038516,2018-09-27
0.001500000013038516,2018-09-28
0.0010999999940395355,2018-10-01
0.0010999999940395355,2018-10-02
0.0010999999940395355,2018-10-03
0.0010999999940395355,2018-10-04
0.001500000013038516,2018-10-05
0.001500000013038516,2018-10-08
0.001500000013038516,2018-10-09
0.001500000013038516,2018-10-10
0.001500000013038516,2018-10-11
0.001500000013038516,2018-10-12
0.001500000013038516,2018-10-15
0.0010999999940395355,2018-10-16
0.0010999999940395355,2018-10-17
0.0010999999940395355,2018-10-18
0.0010999999940395355,2018-10-19
0.0010999999940395355,2018-10-22
0.0010999999940395355,2018-10-23
0.0010999999940395355,2018-10-24
0.0010999999940395355,2018-10-25
0.0010999999940395355,2018-10-26
0.00430000014603138,2018-10-29
0.00430000014603138,2018-10-30
0.004999999888241291,2018-10-31
0.0012000000569969416,2018-11-01
0.0012499999720603228,2018-11-02
0.006899999920278788,2018-11-05
0.006899999920278788,2018-11-06
0.006899999920278788,2018-11-07
0.006899999920278788,2018-11-08
0.006899999920278788,2018-11-09
0.0012000000569969416,2018-11-12
0.0012000000569969416,2018-11-13
0.001500000013038516,2018-11-14
0.0012000000569969416,2018-11-15
0.0012000000569969416,2018-11-16
0.0012000000569969416,2018-11-19
0.0012000000569969416,2018-11-20
0.0012000000569969416,2018-11-21
0.0012000000569969416,2018-11-23
0.0012000000569969416,2018-11-26
0.0015999999595806003,2018-11-27
0.0015999999595806003,2018-11-28
0.0015999999595806003,2018-11-29
0.0015999999595806003,2018-11-30
0.0017999999690800905,2018-12-03
0.0017999999690800905,2018-12-04
0.0017999999690800905,2018-12-06
0.0017999999690800905,2018-12-07
0.0017999999690800905,2018-12-10
0.0017999999690800905,2018-12-11
0.0017999999690800905,2018-12-12
0.0017999999690800905,2018-12-13
0.0017999999690800905,2018-12-14
0.0017999999690800905,2018-12-17
0.0017999999690800905,2018-12-18
0.0017999999690800905,2018-12-19
0.0017999999690800905,2018-12-20
0.007499999832361937,2018-12-21
0.007499999832361937,2018-12-24
0.0017999999690800905,2018-12-26
0.0017999999690800905,2018-12-27
0.0017999999690800905,2018-12-28
0.0012000000569969416,2018-12-31
0.0012000000569969416,2019-01-02
0.0012000000569969416,2019-01-03
0.0012000000569969416,2019-01-04
0.0012000000569969416,2019-01-07
0.0012000000569969416,2019-01-08
0.0012000000569969416,2019-01-09
0.0012000000569969416,2019-01-10
0.0012000000569969416,2019-01-11
0.0012000000569969416,2019-01-14
0.0012000000569969416,2019-01-15
0.0012000000569969416,2019-01-16
0.0012000000569969416,2019-01-17
0.0012000000569969416,2019-01-18
0.0012000000569969416,2019-01-22
0.0012000000569969416,2019-01-23
0.0012000000569969416,2019-01-24
0.0012000000569969416,2019-01-25
0.0012000000569969416,2019-01-28
0.0012000000569969416,2019-01-29
0.0012000000569969416,2019-01-30
0.0012000000569969416,2019-01-31
0.007499999832361937,2019-02-01
0.007499999832361937,2019-02-04
0.007499999832361937,2019-02-05
0.007499999832361937,2019-02-06
0.007499999832361937,2019-02-07
0.007499999832361937,2019-02-08
0.0010999999940395355,2019-02-11
0.0010999999940395355,2019-02-12
0.0010999999940395355,2019-02-13
0.0010999999940395355,2019-02-14
0.0010999999940395355,2019-02-15
0.0010999999940395355,2019-02-19
0.0010999999940395355,2019-02-20
0.0010999999940395355,2019-02-21
0.0010999999940395355,2019-02-22
0.0010999999940395355,2019-02-25
0.007499999832361937,2019-02-26
0.007499999832361937,2019-02-27
0.007499999832361937,2019-02-28
0.007499999832361937,2019-03-01
0.0010000000474974513,2019-03-04
0.0010000000474974513,2019-03-05
0.0010000000474974513,2019-03-06
0.0010000000474974513,2019-03-07
0.0010000000474974513,2019-03-08
0.0010000000474974513,2019-03-11
0.0010999999940395355,2019-03-12
0.0010999999940395355,2019-03-13
0.0010999999940395355,2019-03-14
0.0010999999940395355,2019-03-15
0.0010999999940395355,2019-03-18
0.0010999999940395355,2019-03-19
0.0010999999940395355,2019-03-20
0.0010999999940395355,2019-03-21
0.0010999999940395355,2019-03-22
0.0010999999940395355,2019-03-25
0.0010999999940395355,2019-03-26
0.0010999999940395355,2019-03-27
0.0010999999940395355,2019-03-28
0.0010999999940395355,2019-03-29
0.0010999999940395355,2019-04-01
0.0010999999940395355,2019-04-02
0.0010999999940395355,2019-04-03
0.0010999999940395355,2019-04-04
0.0010999999940395355,2019-04-05
0.0010999999940395355,2019-04-08
0.0010999999940395355,2019-04-09
0.0010999999940395355,2019-04-10
0.0010999999940395355,2019-04-11
0.0010999999940395355,2019-04-12
0.0010999999940395355,2019-04-15
0.0010999999940395355,2019-04-16
0.0010999999940395355,2019-04-17
0.0010999999940395355,2019-04-18
0.0010999999940395355,2019-04-22
0.0010999999940395355,2019-04-23
0.0008999999845400453,2019-04-24
0.0008999999845400453,2019-04-25
0.0008999999845400453,2019-04-26
0.0008999999845400453,2019-04-29
0.0008999999845400453,2019-04-30
0.0008999999845400453,2019-05-01
0.0013000000035390258,2019-05-02
0.0013000000035390258,2019-05-03
0.0013000000035390258,2019-05-06
0.0013000000035390258,2019-05-07
0.0013000000035390258,2019-05-08
0.0013000000035390258,2019-05-09
0.0013000000035390258,2019-05-10
0.0010000000474974513,2019-05-13
0.0005000000237487257,2019-05-14
0.0005000000237487257,2019-05-15
0.0005000000237487257,2019-05-16
0.0035000001080334187,2019-05-17
0.0035000001080334187,2019-05-20
0.0035000001080334187,2019-05-21
0.0005000000237487257,2019-05-22
0.0005000000237487257,2019-05-23
0.0005000000237487257,2019-05-24
0.0005000000237487257,2019-05-28
0.0005000000237487257,2019-05-29
0.0005000000237487257,2019-05-30
0.0005000000237487257,2019-05-31
0.0005000000237487257,2019-06-03
0.0005000000237487257,2019-06-04
0.0005000000237487257,2019-06-05
0.0005000000237487257,2019-06-06
0.0005000000237487257,2019-06-07
0.0005000000237487257,2019-06-10
0.0005000000237487257,2019-06-11
0.0005000000237487257,2019-06-12
0.0005000000237487257,2019-06-13
0.0005000000237487257,2019-06-14
0.0005000000237487257,2019-06-17
0.0005000000237487257,2019-06-18
0.0005000000237487257,2019-06-19
0.0005000000237487257,2019-06-20
0.0005000000237487257,2019-06-21
0.0005000000237487257,2019-06-24
0.0005000000237487257,2019-06-25
0.0005000000237487257,2019-06-26
0.0005000000237487257,2019-06-27
0.0005000000237487257,2019-06-28
0.0005000000237487257,2019-07-01
0.0005000000237487257,2019-07-02
0.0005000000237487257,2019-07-03
0.0005000000237487257,2019-07-05
0.0005000000237487257,2019-07-08
0.0005000000237487257,2019-07-09
0.0005000000237487257,2019-07-10
0.0007800000021234155,2019-07-11
0.0007800000021234155,2019-07-12
0.0007800000021234155,2019-07-15
0.0005000000237487257,2019-07-16
0.0005000000237487257,2019-07-17
0.0005000000237487257,2019-07-18
0.0005000000237487257,2019-07-19
0.0005000000237487257,2019-07-22
0.0005000000237487257,2019-07-23
0.0005000000237487257,2019-07-24
0.0005000000237487257,2019-07-25
0.0005000000237487257,2019-07-26
0.0006000000284984708,2019-07-29
0.0006000000284984708,2019-07-30
0.0006000000284984708,2019-07-31
0.0006000000284984708,2019-08-01
0.0006000000284984708,2019-08-02
0.0006000000284984708,2019-08-05
0.0006000000284984708,2019-08-06
0.0006000000284984708,2019-08-07
0.0006000000284984708,2019-08-08
0.0006000000284984708,2019-08-09
0.0005000000237487257,2019-08-12
0.0005000000237487257,2019-08-13
0.0005000000237487257,2019-08-14
0.0005000000237487257,2019-08-15
0.0005000000237487257,2019-08-16
0.0005000000237487257,2019-08-19
0.0005000000237487257,2019-08-20
0.0005000000237487257,2019-08-21
0.0005000000237487257,2019-08-22
0.0005000000237487257,2019-08-23
0.0005000000237487257,2019-08-26
0.0005000000237487257,2019-08-27
0.0005000000237487257,2019-08-28
0.0005000000237487257,2019-08-29
0.0005000000237487257,2019-08-30
0.0005000000237487257,2019-09-03
0.0005000000237487257,2019-09-04
0.0005000000237487257,2019-09-05
0.0005000000237487257,2019-09-06
0.0005000000237487257,2019-09-09
0.0005000000237487257,2019-09-10
0.0005000000237487257,2019-09-11
0.0005000000237487257,2019-09-12
0.0005000000237487257,2019-09-13
0.0005000000237487257,2019-09-16
0.0005000000237487257,2019-09-17
0.0018400000408291817,2019-09-18
0.0018400000408291817,2019-09-19
0.0018400000408291817,2019-09-20
0.0018400000408291817,2019-09-23
0.0003000000142492354,2019-09-24
0.0003000000142492354,2019-09-25
0.0003000000142492354,2019-09-26
0.0003000000142492354,2019-09-27
0.0003000000142492354,2019-09-30
0.0003000000142492354,2019-10-01
0.0003000000142492354,2019-10-02
0.0003000000142492354,2019-10-03
0.0003000000142492354,2019-10-04
0.0003000000142492354,2019-10-07
0.0003000000142492354,2019-10-08
0.00039999998989515007,2019-10-09
0.0012100000167265534,2019-10-10
0.00039999998989515007,2019-10-11
0.0012100000167265534,2019-10-14
0.00039999998989515007,2019-10-15
0.000539999979082495,2019-10-16
0.004000000189989805,2019-10-17
0.00039999998989515007,2019-10-18
0.00039999998989515007,2019-10-21
0.00039999998989515007,2019-10-22
0.00039999998989515007,2019-10-23
0.00039999998989515007,2019-10-24
0.00039999998989515007,2019-10-25
0.00039999998989515007,2019-10-28
0.00039999998989515007,2019-10-29
0.00039999998989515007,2019-10-30
0.00039999998989515007,2019-10-31
0.00039999998989515007,2019-11-01
0.00039999998989515007,2019-11-04
0.00039999998989515007,2019-11-05
0.00039999998989515007,2019-11-06
0.0010000000474974513,2019-11-07
0.0010999999940395355,2019-11-08
0.0006000000284984708,2019-11-11
0.0006000000284984708,2019-11-12
0.0006000000284984708,2019-11-13
0.0006000000284984708,2019-11-14
0.0007200000109151006,2019-11-15
0.0035000001080334187,2019-11-18
0.0006000000284984708,2019-11-19
0.0010000000474974513,2019-11-20
0.0010000000474974513,2019-11-21
0.003000000026077032,2019-11-22
0.0007999999797903001,2019-11-25
0.0008999999845400453,2019-11-26
0.0008999999845400453,2019-11-27
0.0008999999845400453,2019-11-29
0.0008999999845400453,2019-12-02
0.0008999999845400453,2019-12-03
0.0013200000394135714,2019-12-04
0.0013200000394135714,2019-12-05
0.00039999998989515007,2019-12-06
0.0011599999852478504,2019-12-09
0.0005000000237487257,2019-12-10
0.0005000000237487257,2019-12-11
0.0027000000700354576,2019-12-12
0.0027000000700354576,2019-12-13
0.0006000000284984708,2019-12-16
0.0006000000284984708,2019-12-17
0.001230000052601099,2019-12-18
0.001230000052601099,2019-12-19
0.001230000052601099,2019-12-20
0.0012000000569969416,2019-12-23
0.0012000000569969416,2019-12-24
0.0006000000284984708,2019-12-26
0.002400000113993883,2019-12-27
0.0027000000700354576,2019-12-30
0.0007999999797903001,2019-12-31
0.0007999999797903001,2020-01-02
0.0007999999797903001,2020-01-03
0.0007999999797903001,2020-01-06
0.0013699999544769526,2020-01-07
0.0007999999797903001,2020-01-08
0.0007999999797903001,2020-01-09
0.0007999999797903001,2020-01-10
0.0007999999797903001,2020-01-13
0.0007999999797903001,2020-01-14
0.0007999999797903001,2020-01-15
0.0027000000700354576,2020-01-16
0.0026000000070780516,2020-01-17
0.0007999999797903001,2020-01-21
0.0007999999797903001,2020-01-22
0.0017500000540167093,2020-01-23
0.0017500000540167093,2020-01-24
0.0027000000700354576,2020-01-27
0.0013699999544769526,2020-01-28
0.0007999999797903001,2020-01-29
0.0007999999797903001,2020-01-30
0.0007999999797903001,2020-01-31
0.0027000000700354576,2020-02-03
0.0008999999845400453,2020-02-04
0.0008999999845400453,2020-02-05
0.0008999999845400453,2020-02-06
0.0008999999845400453,2020-02-07
0.0008999999845400453,2020-02-10
0.0014400000218302011,2020-02-11
0.0008999999845400453,2020-02-12
0.0022100000642240047,2020-02-13
0.0022100000642240047,2020-02-14
0.0022100000642240047,2020-02-18
0.0022100000642240047,2020-02-19
0.0022100000642240047,2020-02-20
0.0022100000642240047,2020-02-21
0.0022100000642240047,2020-02-24
0.0020000000949949026,2020-02-25
0.001449999981559813,2020-02-26
0.0008999999845400453,2020-02-27
0.005499999970197678,2020-02-28
0.0008999999845400453,2020-03-02
0.0008999999845400453,2020-03-03
0.0020000000949949026,2020-03-04
0.0037400000728666782,2020-03-05
0.003700000001117587,2020-03-06
0.003700000001117587,2020-03-09
0.003700000001117587,2020-03-10
0.0007999999797903001,2020-03-11
0.0007999999797903001,2020-03-12
0.0007999999797903001,2020-03-13
0.0007999999797903001,2020-03-16
0.0007999999797903001,2020-03-17
0.0007999999797903001,2020-03-18
0.0007999999797903001,2020-03-19
0.0007999999797903001,2020-03-20
0.0007999999797903001,2020-03-23
0.0007999999797903001,2020-03-24
0.003000000026077032,2020-03-25
0.003000000026077032,2020-03-26
0.0006000000284984708,2020-03-27
0.0035000001080334187,2020-03-30
0.0035000001080334187,2020-03-31
0.0010000000474974513,2020-04-01
0.0035000001080334187,2020-04-02
0.0035000001080334187,2020-04-03
0.0010000000474974513,2020-04-06
0.0010000000474974513,2020-04-07
0.0010000000474974513,2020-04-08
0.0010000000474974513,2020-04-09
0.0010000000474974513,2020-04-13
0.0035000001080334187,2020-04-14
0.0034000000450760126,2020-04-15
0.0034000000450760126,2020-04-16
0.0035000001080334187,2020-04-17
0.0035000001080334187,2020-04-20
0.0035000001080334187,2020-04-21
0.0010000000474974513,2020-04-22
0.0010000000474974513,2020-04-23
0.0034000000450760126,2020-04-24
0.0034000000450760126,2020-04-27
0.0034000000450760126,2020-04-28
0.0010999999940395355,2020-04-29
0.0033499998971819878,2020-04-30
0.003379999892786145,2020-05-01
0.003379999892786145,2020-05-04
0.0010999999940395355,2020-05-05
0.0038999998942017555,2020-05-06
0.004999999888241291,2020-05-07
0.0044999998062849045,2020-05-08
0.0044999998062849045,2020-05-11
0.0044999998062849045,2020-05-12
0.004999999888241291,2020-05-13
0.004999999888241291,2020-05-14
0.0024999999441206455,2020-05-15
0.0024999999441206455,2020-05-18
0.0024999999441206455,2020-05-19
0.004999999888241291,2020-05-20
0.004999999888241291,2020-05-21
0.004999999888241291,2020-05-22
0.006000000052154064,2020-05-26
0.006000000052154064,2020-05-27
0.006000000052154064,2020-05-28
0.006000000052154064,2020-05-29
0.006000000052154064,2020-06-01
0.0022499999031424522,2020-06-02
0.006000000052154064,2020-06-03
0.006000000052154064,2020-06-04
0.008999999612569809,2020-06-05
0.008999999612569809,2020-06-08
0.008999999612569809,2020-06-09
0.0020000000949949026,2020-06-10
0.0020000000949949026,2020-06-11
0.0020000000949949026,2020-06-12
0.005499999970197678,2020-06-15
0.006000000052154064,2020-06-16
0.003000000026077032,2020-06-17
0.003000000026077032,2020-06-18
0.003000000026077032,2020-06-19
0.0044999998062849045,2020-06-22
0.004999999888241291,2020-06-23
0.003000000026077032,2020-06-24
0.007499999832361937,2020-06-25
0.008999999612569809,2020-06-26
0.0020000000949949026,2020-06-29
0.007499999832361937,2020-06-30
0.0020000000949949026,2020-07-01
0.006000000052154064,2020-07-02
0.0020000000949949026,2020-07-06
0.006000000052154064,2020-07-07
0.005499999970197678,2020-07-08
0.004000000189989805,2020-07-09
0.007499999832361937,2020-07-10
0.005900000222027302,2020-07-13
0.004999999888241291,2020-07-14
0.004999999888241291,2020-07-15
0.004999999888241291,2020-07-16
0.0020000000949949026,2020-07-17
0.0020000000949949026,2020-07-20
0.002300000051036477,2020-07-21
0.004999999888241291,2020-07-22
0.004999999888241291,2020-07-23
0.003000000026077032,2020-07-24
0.003000000026077032,2020-07-27
0.003000000026077032,2020-07-28
0.002300000051036477,2020-07-29
0.003000000026077032,2020-07-30
0.003000000026077032,2020-07-31
0.003000000026077032,2020-08-03
0.003000000026077032,2020-08-04
0.0047900001518428326,2020-08-05
0.003100000089034438,2020-08-06
0.004800000227987766,2020-08-07
0.003100000089034438,2020-08-10
0.004800000227987766,2020-08-11
0.003100000089034438,2020-08-12
0.003100000089034438,2020-08-13
0.006399999838322401,2020-08-14
0.002099999925121665,2020-08-17
0.002099999925121665,2020-08-18
0.002099999925121665,2020-08-19
0.002099999925121665,2020-08-20
0.006300000008195639,2020-08-21
0.006200000178068876,2020-08-24
0.004189999774098396,2020-08-25
0.004189999774098396,2020-08-26
0.00419999985024333,2020-08-27
0.0020000000949949026,2020-08-28
0.0021800000686198473,2020-08-31
0.004050000105053186,2020-09-01
0.005900000222027302,2020-09-02
0.005900000222027302,2020-09-03
0.003000000026077032,2020-09-04
0.003000000026077032,2020-09-08
0.0035000001080334187,2020-09-09
0.0035000001080334187,2020-09-10
0.002099999925121665,2020-09-11
0.002749999985098839,2020-09-14
0.0032999999821186066,2020-09-15
0.0032999999821186066,2020-09-16
0.00430000014603138,2020-09-17
0.00430000014603138,2020-09-18
0.0032999999821186066,2020-09-21
0.0038999998942017555,2020-09-22
0.0038999998942017555,2020-09-23
0.0038999998942017555,2020-09-24
0.002199999988079071,2020-09-25
0.003800000064074993,2020-09-28
0.004000000189989805,2020-09-29
0.004000000189989805,2020-09-30
0.004000000189989805,2020-10-01
0.004000000189989805,2020-10-02
0.002199999988079071,2020-10-05
0.0026499999221414328,2020-10-06
0.002099999925121665,2020-10-07
0.0032999999821186066,2020-10-08
0.0032999999821186066,2020-10-09
0.0034000000450760126,2020-10-12
0.002099999925121665,2020-10-13
0.0032999999821186066,2020-10-14
0.0035000001080334187,2020-10-15
0.002899999963119626,2020-10-16
0.002360000042244792,2020-10-19
0.0034000000450760126,2020-10-20
0.002749999985098839,2020-10-21
0.002099999925121665,2020-10-22
0.0032999999821186066,2020-10-23
0.0032999999821186066,2020-10-26
0.0032999999821186066,2020-10-27
0.0032999999821186066,2020-10-28
0.002099999925121665,2020-10-29
0.0034000000450760126,2020-10-30
0.0034000000450760126,2020-11-02
0.0034000000450760126,2020-11-03
0.0034000000450760126,2020-11-04
0.002199999988079071,2020-11-05
0.00279999990016222,2020-11-06
0.0032999999821186066,2020-11-09
0.0032999999821186066,2020-11-10
0.002099999925121665,2020-11-11
0.0032999999821186066,2020-11-12
0.0020000000949949026,2020-11-13
0.0020000000949949026,2020-11-16
0.002259999979287386,2020-11-17
0.0031999999191612005,2020-11-18
0.0031999999191612005,2020-11-19
0.0020000000949949026,2020-11-20
0.002099999925121665,2020-11-23
0.0013000000035390258,2020-11-24
0.0013000000035390258,2020-11-25
0.0013000000035390258,2020-11-27
0.003000000026077032,2020-11-30
0.003000000026077032,2020-12-01
0.003000000026077032,2020-12-02
0.0032999999821186066,2020-12-03
0.0032999999821186066,2020-12-04
0.0012000000569969416,2020-12-07
0.0012000000569969416,2020-12-08
0.0012000000569969416,2020-12-09
0.0032999999821186066,2020-12-10
0.0013000000035390258,2020-12-11
0.0013000000035390258,2020-12-14
0.0013000000035390258,2020-12-15
0.0013000000035390258,2020-12-16
0.0027000000700354576,2020-12-17
0.0013000000035390258,2020-12-18
0.0013000000035390258,2020-12-21
0.0013000000035390258,2020-12-22
0.003000000026077032,2020-12-23
9.999999747378752e-05,2020-12-24
0.0012000000569969416,2020-12-28
0.0012000000569969416,2020-12-29
0.0012000000569969416,2020-12-30
0.001560000004246831,2020-12-31
0.0010000000474974513,2021-01-04
0.0010000000474974513,2021-01-05
0.0005000000237487257,2021-01-06
0.0005000000237487257,2021-01-07
0.001500000013038516,2021-01-08
0.0010000000474974513,2021-01-11
0.003000000026077032,2021-01-12
0.0022499999031424522,2021-01-13
0.0020000000949949026,2021-01-14
0.0020000000949949026,2021-01-15
0.0010000000474974513,2021-01-19
0.0010000000474974513,2021-01-20
0.0007999999797903001,2021-01-21
0.0005000000237487257,2021-01-22
0.0031999999191612005,2021-01-25
0.0032999999821186066,2021-01-26
0.0020000000949949026,2021-01-27
0.0020000000949949026,2021-01-28
0.0020000000949949026,2021-01-29
0.0020000000949949026,2021-02-01
0.0034000000450760126,2021-02-02
0.0022799998987466097,2021-02-03
0.0034000000450760126,2021-02-04
0.0022799998987466097,2021-02-05
0.0034000000450760126,2021-02-08
0.0035000001080334187,2021-02-09
0.0064500002190470695,2021-02-10
0.00800000037997961,2021-02-11
0.00800000037997961,2021-02-12
0.013000000268220901,2021-02-16
0.013000000268220901,2021-02-17
0.008100000210106373,2021-02-18
0.008100000210106373,2021-02-19
0.00800000037997961,2021-02-22
0.0020000000949949026,2021-02-23
0.002300000051036477,2021-02-24
0.002300000051036477,2021-02-25
0.002300000051036477,2021-02-26
0.002300000051036477,2021-03-01
0.0026000000070780516,2021-03-02
0.0026000000070780516,2021-03-03
0.009999999776482582,2021-03-04
0.009399999864399433,2021-03-05
0.009399999864399433,2021-03-08
0.0017999999690800905,2021-03-09
0.0017999999690800905,2021-03-10
0.0019000000320374966,2021-03-11
0.007899999618530273,2021-03-12
0.007899999618530273,2021-03-15
0.0038999998942017555,2021-03-16
0.0038999998942017555,2021-03-17
0.0038999998942017555,2021-03-18
0.002300000051036477,2021-03-19
0.002300000051036477,2021-03-22
0.007400000002235174,2021-03-23
0.007400000002235174,2021-03-24
0.007400000002235174,2021-03-25
0.003100000089034438,2021-03-26
0.003100000089034438,2021-03-29
0.003100000089034438,2021-03-30
0.0044999998062849045,2021-03-31
0.0044999998062849045,2021-04-01
0.003100000089034438,2021-04-05
0.003100000089034438,2021-04-06
0.003100000089034438,2021-04-07
0.003100000089034438,2021-04-08
0.007300000172108412,2021-04-09
0.0031999999191612005,2021-04-12
0.0031999999191612005,2021-04-13
0.0031999999191612005,2021-04-14
0.003100000089034438,2021-04-15
0.003100000089034438,2021-04-16
0.007300000172108412,2021-04-19
0.0020000000949949026,2021-04-20
0.00559999980032444,2021-04-21
0.002300000051036477,2021-04-22
0.0026000000070780516,2021-04-23
0.0026000000070780516,2021-04-26
0.0026000000070780516,2021-04-27
0.0026000000070780516,2021-04-28
0.0026000000070780516,2021-04-29
0.0017999999690800905,2021-04-30
0.0017999999690800905,2021-05-03
0.0020099999383091927,2021-05-04
0.0020099999383091927,2021-05-05
0.0020099999383091927,2021-05-06
0.0017999999690800905,2021-05-07
0.0017999999690800905,2021-05-10
0.0017999999690800905,2021-05-11
0.0015999999595806003,2021-05-12
0.0031999999191612005,2021-05-13
0.0016799999866634607,2021-05-14
0.0015999999595806003,2021-05-17
0.001500000013038516,2021-05-18
0.001500000013038516,2021-05-19
0.0015999999595806003,2021-05-20
0.0015999999595806003,2021-05-21
0.0020000000949949026,2021-05-24
0.0020000000949949026,2021-05-25
0.0020000000949949026,2021-05-26
0.0020000000949949026,2021-05-27
0.0020000000949949026,2021-05-28
0.0020000000949949026,2021-06-01
0.0020000000949949026,2021-06-02
0.0020000000949949026,2021-06-03
0.0020000000949949026,2021-06-04
0.0020000000949949026,2021-06-07
0.0020000000949949026,2021-06-08
0.0020000000949949026,2021-06-09
0.0020000000949949026,2021-06-10
0.0020000000949949026,2021-06-11
0.0020000000949949026,2021-06-14
0.0020000000949949026,2021-06-15
0.0020000000949949026,2021-06-16
0.0020000000949949026,2021-06-17
0.0020000000949949026,2021-06-18
0.0020000000949949026,2021-06-21
0.0020000000949949026,2021-06-22
9.999999747378752e-06,2021-06-23
9.999999747378752e-06,2021-06-24
9.999999747378752e-06,2021-06-25
9.999999747378752e-06,2021-06-28
9.999999747378752e-06,2021-06-29
9.999999747378752e-06,2021-06-30
9.999999747378752e-06,2021-07-01
9.999999747378752e-06,2021-07-02
9.999999747378752e-06,2021-07-06
9.999999747378752e-06,2021-07-07
9.999999747378752e-06,2021-07-08
9.999999747378752e-06,2021-07-09
9.999999747378752e-06,2021-07-12
9.999999747378752e-06,2021-07-13
9.999999747378752e-06,2021-07-14
9.999999747378752e-06,2021-07-15
9.999999747378752e-06,2021-07-16
9.999999747378752e-06,2021-07-19
9.999999747378752e-06,2021-07-20
9.999999747378752e-06,2021-07-21
9.999999747378752e-06,2021-07-22
9.999999747378752e-06,2021-07-23
9.999999747378752e-06,2021-07-26
9.999999747378752e-06,2021-07-27
9.999999747378752e-06,2021-07-28
9.999999747378752e-06,2021-07-29
9.999999747378752e-06,2021-07-30
9.999999747378752e-06,2021-08-02
9.999999747378752e-06,2021-08-03
9.999999747378752e-06,2021-08-04
9.999999747378752e-06,2021-08-05
9.999999747378752e-06,2021-08-06
9.999999747378752e-06,2021-08-09
9.999999747378752e-06,2021-08-10
9.999999747378752e-06,2021-08-11
9.999999747378752e-06,2021-08-12
9.999999747378752e-06,2021-08-13
9.999999747378752e-06,2021-08-16
9.999999747378752e-06,2021-08-17
9.999999747378752e-06,2021-08-18
9.999999747378752e-06,2021-08-19
9.999999747378752e-06,2021-08-20
9.999999747378752e-06,2021-08-23
9.999999747378752e-06,2021-08-24
9.999999747378752e-06,2021-08-25
9.999999747378752e-06,2021-08-26
9.999999747378752e-06,2021-08-27
9.999999747378752e-06,2021-08-30
9.999999747378752e-06,2021-08-31
9.999999747378752e-06,2021-09-01
9.999999747378752e-06,2021-09-02
9.999999747378752e-06,2021-09-03
9.999999747378752e-06,2021-09-07
9.999999747378752e-06,2021-09-08
9.999999747378752e-06,2021-09-09
9.999999747378752e-06,2021-09-10
9.999999747378752e-06,2021-09-13
9.999999747378752e-06,2021-09-14
9.999999747378752e-06,2021-09-15
9.999999747378752e-06,2021-09-16
9.999999747378752e-05,2021-09-17
9.999999747378752e-05,2021-09-20
9.999999747378752e-05,2021-09-21
9.999999747378752e-05,2021-09-22
9.999999747378752e-05,2021-09-23
9.999999747378752e-05,2021-09-24
9.999999747378752e-05,2021-09-27
9.999999747378752e-05,2021-09-28
9.999999747378752e-05,2021-09-29
9.999999747378752e-05,2021-09-30
9.999999747378752e-05,2021-10-01
9.999999747378752e-05,2021-10-04
9.999999747378752e-05,2021-10-05
9.999999747378752e-05,2021-10-06
9.999999747378752e-05,2021-10-07
9.999999747378752e-05,2021-10-08
9.999999747378752e-05,2021-10-11
9.999999747378752e-05,2021-10-12
9.999999747378752e-05,2021-10-13
9.999999747378752e-05,2021-10-14
9.999999747378752e-05,2021-10-15
9.999999747378752e-05,2021-10-18
9.999999747378752e-05,2021-10-19
9.999999747378752e-05,2021-10-20
9.999999747378752e-05,2021-10-21
9.999999747378752e-05,2021-10-22
9.999999747378752e-05,2021-10-25
9.999999747378752e-05,2021-10-26
9.999999747378752e-05,2021-10-27
9.999999747378752e-05,2021-10-28
9.999999747378752e-05,2021-10-29
9.999999747378752e-05,2021-11-01
9.999999747378752e-05,2021-11-02
9.999999747378752e-05,2021-11-03
9.999999747378752e-05,2021-11-04
9.999999747378752e-05,2021-11-05
9.999999747378752e-05,2021-11-08
9.999999747378752e-05,2021-11-09
9.999999747378752e-05,2021-11-10
9.999999747378752e-05,2021-11-11
9.999999747378752e-05,2021-11-12
9.999999747378752e-05,2021-11-15
9.999999747378752e-05,2021-11-16
9.999999747378752e-05,2021-11-17
9.999999747378752e-05,2021-11-18
9.999999747378752e-05,2021-11-19
9.999999747378752e-05,2021-11-22
9.999999747378752e-05,2021-11-23
9.999999747378752e-05,2021-11-24
9.999999747378752e-05,2021-11-26
9.999999747378752e-05,2021-11-29
9.999999747378752e-05,2021-11-30
9.999999747378752e-05,2021-12-01
9.999999747378752e-05,2021-12-02
9.999999747378752e-05,2021-12-03
9.999999747378752e-05,2021-12-06
9.999999747378752e-05,2021-12-07
9.999999747378752e-05,2021-12-08
9.999999747378752e-05,2021-12-09
9.999999747378752e-05,2021-12-10
9.999999747378752e-05,2021-12-13
9.999999747378752e-05,2021-12-14
9.999999747378752e-05,2021-12-15
9.999999747378752e-05,2021-12-16
9.999999747378752e-05,2021-12-17
9.999999747378752e-05,2021-12-20
9.999999747378752e-05,2021-12-21
9.999999747378752e-05,2021-12-22
9.999999747378752e-05,2021-12-23
9.999999747378752e-05,2021-12-27
9.999999747378752e-05,2021-12-28
9.999999747378752e-05,2021-12-29
9.999999747378752e-05,2021-12-30
9.999999747378752e-05,2021-12-31
9.999999747378752e-05,2022-01-03
9.999999747378752e-05,2022-01-04
9.999999747378752e-05,2022-01-05
9.999999747378752e-05,2022-01-06
9.999999747378752e-05,2022-01-07
9.999999747378752e-05,2022-01-10
9.999999747378752e-05,2022-01-11
9.999999747378752e-05,2022-01-12
9.999999747378752e-05,2022-01-13
9.999999747378752e-05,2022-01-14
9.999999747378752e-05,2022-01-18
9.999999747378752e-05,2022-01-19
9.999999747378752e-05,2022-01-20
9.999999747378752e-05,2022-01-21
9.999999747378752e-05,2022-01-24
9.999999747378752e-05,2022-01-25
9.999999747378752e-05,2022-01-26
9.999999747378752e-05,2022-01-27
9.999999747378752e-05,2022-01-28
9.999999747378752e-05,2022-01-31
9.999999747378752e-05,2022-02-01
9.999999747378752e-05,2022-02-02
9.999999747378752e-05,2022-02-03
9.999999747378752e-05,2022-02-04
9.999999747378752e-05,2022-02-07
9.999999747378752e-05,2022-02-08
9.999999747378752e-05,2022-02-09
9.999999747378752e-05,2022-02-10
9.999999747378752e-05,2022-02-11
9.999999747378752e-05,2022-02-14
9.999999747378752e-05,2022-02-15
9.999999747378752e-05,2022-02-16
9.999999747378752e-05,2022-02-17
9.999999747378752e-05,2022-02-18
9.999999747378752e-05,2022-02-22
9.999999747378752e-05,2022-02-23
9.999999747378752e-05,2022-02-24
9.999999747378752e-05,2022-02-25
9.999999747378752e-05,2022-02-28
9.999999747378752e-05,2022-03-01
9.999999747378752e-05,2022-03-02
9.999999747378752e-05,2022-03-03
9.999999747378752e-05,2022-03-04
9.999999747378752e-05,2022-03-07
9.999999747378752e-05,2022-03-08
9.999999747378752e-05,2022-03-09
9.999999747378752e-05,2022-03-10
9.999999747378752e-05,2022-03-11
9.999999747378752e-05,2022-03-14
9.999999747378752e-05,2022-03-15
9.999999747378752e-05,2022-03-16
9.999999747378752e-05,2022-03-17
9.999999747378752e-05,2022-03-18
9.999999747378752e-05,2022-03-21
9.999999747378752e-05,2022-03-22
9.999999747378752e-05,2022-03-23
9.999999747378752e-05,2022-03-24
9.999999747378752e-05,2022-03-25
9.999999747378752e-05,2022-03-28
9.999999747378752e-05,2022-03-29
9.999999747378752e-05,2022-03-30
9.999999747378752e-05,2022-03-31
9.999999747378752e-05,2022-04-01
9.999999747378752e-05,2022-04-04
9.999999747378752e-05,2022-04-05
9.999999747378752e-05,2022-04-06
9.999999747378752e-05,2022-04-07
9.999999747378752e-05,2022-04-08
9.999999747378752e-05,2022-04-11
9.999999747378752e-05,2022-04-12
9.999999747378752e-05,2022-04-13
9.999999747378752e-05,2022-04-14
9.999999747378752e-05,2022-04-18
9.999999747378752e-05,2022-04-19
9.999999747378752e-05,2022-04-20
9.999999747378752e-05,2022-04-21
9.999999747378752e-05,2022-04-22
9.999999747378752e-05,2022-04-25
9.999999747378752e-05,2022-04-26
9.999999747378752e-05,2022-04-27
9.999999747378752e-05,2022-04-28
9.999999747378752e-05,2022-04-29
9.999999747378752e-05,2022-05-02
9.999999747378752e-05,2022-05-03
9.999999747378752e-05,2022-05-04
9.999999747378752e-05,2022-05-05
9.999999747378752e-05,2022-05-06
9.999999747378752e-05,2022-05-09
9.999999747378752e-05,2022-05-10
9.999999747378752e-05,2022-05-11
9.999999747378752e-05,2022-05-12
9.999999747378752e-05,2022-05-13
9.999999747378752e-05,2022-05-16
9.999999747378752e-05,2022-05-17
9.999999747378752e-05,2022-05-18
9.999999747378752e-05,2022-05-19
9.999999747378752e-05,2022-05-20
9.999999747378752e-05,2022-05-23
9.999999747378752e-05,2022-05-24
9.999999747378752e-05,2022-05-25
9.999999747378752e-05,2022-05-26
9.999999747378752e-05,2022-05-27
9.999999747378752e-05,2022-05-31
9.999999747378752e-05,2022-06-01
9.999999747378752e-05,2022-06-02
9.999999747378752e-05,2022-06-03
9.999999747378752e-05,2022-06-06
9.999999747378752e-05,2022-06-07
9.999999747378752e-05,2022-06-08
9.999999747378752e-05,2022-06-09
9.999999747378752e-05,2022-06-10
9.999999747378752e-05,2022-06-13
9.999999747378752e-05,2022-06-14
9.999999747378752e-05,2022-06-15
9.999999747378752e-05,2022-06-16
9.999999747378752e-05,2022-06-17
9.999999747378752e-05,2022-06-21
9.999999747378752e-05,2022-06-22
9.999999747378752e-05,2022-06-23
9.999999747378752e-05,2022-06-24
9.999999747378752e-05,2022-06-27
9.999999747378752e-05,2022-06-28
9.999999747378752e-05,2022-06-29
9.999999747378752e-05,2022-06-30
9.999999747378752e-05,2022-07-01
9.999999747378752e-05,2022-07-05
9.999999747378752e-05,2022-07-06
9.999999747378752e-05,2022-07-07
9.999999747378752e-05,2022-07-08
9.999999747378752e-05,2022-07-11
9.999999747378752e-05,2022-07-12
9.999999747378752e-05,2022-07-13
9.999999747378752e-05,2022-07-14
9.999999747378752e-05,2022-07-15
9.999999747378752e-05,2022-07-18
9.999999747378752e-05,2022-07-19
9.999999747378752e-05,2022-07-20
9.999999747378752e-05,2022-07-21
9.999999747378752e-05,2022-07-22
9.999999747378752e-05,2022-07-25
9.999999747378752e-05,2022-07-26
9.999999747378752e-05,2022-07-27
9.999999747378752e-05,2022-07-28
9.999999747378752e-05,2022-07-29
9.999999747378752e-05,2022-08-01
9.999999747378752e-05,2022-08-02
9.999999747378752e-05,2022-08-03
9.999999747378752e-05,2022-08-04
9.999999747378752e-05,2022-08-05
9.999999747378752e-05,2022-08-08
9.999999747378752e-05,2022-08-09
9.999999747378752e-05,2022-08-10
9.999999747378752e-05,2022-08-11
9.999999747378752e-05,2022-08-12
9.999999747378752e-05,2022-08-15
9.999999747378752e-05,2022-08-16
9.999999747378752e-05,2022-08-17
9.999999747378752e-05,2022-08-18
9.999999747378752e-05,2022-08-19
9.999999747378752e-05,2022-08-22
9.999999747378752e-05,2022-08-23
9.999999747378752e-05,2022-08-24
9.999999747378752e-05,2022-08-25
9.999999747378752e-05,2022-08-26
9.999999747378752e-05,2022-08-29
9.999999747378752e-05,2022-08-30
9.999999747378752e-05,2022-08-31
9.999999747378752e-05,2022-09-01
9.999999747378752e-05,2022-09-02
9.999999747378752e-05,2022-09-06
9.999999747378752e-05,2022-09-07
9.999999747378752e-05,2022-09-08
9.999999747378752e-05,2022-09-09
9.999999747378752e-05,2022-09-12
9.999999747378752e-05,2022-09-13
9.999999747378752e-05,2022-09-14
9.999999747378752e-05,2022-09-15
9.999999747378752e-05,2022-09-16
9.999999747378752e-05,2022-09-19
9.999999747378752e-05,2022-09-20
9.999999747378752e-05,2022-09-21
9.999999747378752e-05,2022-09-22
9.999999747378752e-05,2022-09-23
9.999999747378752e-05,2022-09-26
9.999999747378752e-05,2022-09-27
9.999999747378752e-05,2022-09-28
9.999999747378752e-05,2022-09-29
9.999999747378752e-05,2022-09-30
9.999999747378752e-05,2022-10-03
9.999999747378752e-05,2022-10-04
9.999999747378752e-05,2022-10-05
9.999999747378752e-05,2022-10-06
9.999999747378752e-05,2022-10-07
9.999999747378752e-05,2022-10-10
9.999999747378752e-05,2022-10-11
9.999999747378752e-05,2022-10-12
9.999999747378752e-05,2022-10-13
9.999999747378752e-05,2022-10-14
9.999999747378752e-05,2022-10-17
9.999999747378752e-05,2022-10-18
9.999999747378752e-05,2022-10-19
9.999999747378752e-05,2022-10-20
9.999999747378752e-05,2022-10-21
9.999999747378752e-05,2022-10-24
9.999999747378752e-05,2022-10-25
9.999999747378752e-05,2022-10-26
9.999999747378752e-05,2022-10-27
9.999999747378752e-05,2022-10-28
9.999999747378752e-05,2022-10-31
9.999999747378752e-05,2022-11-01
9.999999747378752e-05,2022-11-02
9.999999747378752e-05,2022-11-03
9.999999747378752e-05,2022-11-04
9.999999747378752e-05,2022-11-07
9.999999747378752e-05,2022-11-08
9.999999747378752e-05,2022-11-09
9.999999747378752e-05,2022-11-10
9.999999747378752e-05,2022-11-11
9.999999747378752e-05,2022-11-14
9.999999747378752e-05,2022-11-15
9.999999747378752e-05,2022-11-16
9.999999747378752e-05,2022-11-17
9.999999747378752e-05,2022-11-18
9.999999747378752e-05,2022-11-21
9.999999747378752e-05,2022-11-22
9.999999747378752e-05,2022-11-23
9.999999747378752e-05,2022-11-25
9.999999747378752e-05,2022-11-28
9.999999747378752e-05,2022-11-29
9.999999747378752e-05,2022-11-30
9.999999747378752e-05,2022-12-01
9.999999747378752e-05,2022-12-02
9.999999747378752e-05,2022-12-05
9.999999747378752e-05,2022-12-06
9.999999747378752e-05,2022-12-07
9.999999747378752e-05,2022-12-08
9.999999747378752e-05,2022-12-09
9.999999747378752e-05,2022-12-12
9.999999747378752e-05,2022-12-13
9.999999747378752e-05,2022-12-14
9.999999747378752e-05,2022-12-15
9.999999747378752e-05,2022-12-16
9.999999747378752e-05,2022-12-19
9.999999747378752e-05,2022-12-20
9.999999747378752e-05,2022-12-21
9.999999747378752e-05,2022-12-22
9.999999747378752e-05,2022-12-23
9.999999747378752e-05,2022-12-27
9.999999747378752e-05,2022-12-28
9.999999747378752e-05,2022-12-29
9.999999747378752e-05,2022-12-30
9.999999747378752e-05,2023-01-03
9.999999747378752e-05,2023-01-04
9.999999747378752e-05,2023-01-05
9.999999747378752e-05,2023-01-06
9.999999747378752e-05,2023-01-09
9.999999747378752e-05,2023-01-10
9.999999747378752e-05,2023-01-11
9.999999747378752e-05,2023-01-12
9.999999747378752e-05,2023-01-13
9.999999747378752e-05,2023-01-17
9.999999747378752e-05,2023-01-18
9.999999747378752e-05,2023-01-19
9.999999747378752e-05,2023-01-20
9.999999747378752e-05,2023-01-23
9.999999747378752e-05,2023-01-24
9.999999747378752e-05,2023-01-25
9.999999747378752e-05,2023-01-26
9.999999747378752e-05,2023-01-27
9.999999747378752e-05,2023-01-30
9.999999747378752e-05,2023-01-31
9.999999747378752e-05,2023-02-01
9.999999747378752e-05,2023-02-02
9.999999747378752e-05,2023-02-03
9.999999747378752e-05,2023-02-06
9.999999747378752e-05,2023-02-07
9.999999747378752e-05,2023-02-08
9.999999747378752e-05,2023-02-09
9.999999747378752e-05,2023-02-10
9.999999747378752e-05,2023-02-13
9.999999747378752e-05,2023-02-14
9.999999747378752e-05,2023-02-15
9.999999747378752e-05,2023-02-16
9.999999747378752e-05,2023-02-17
9.999999747378752e-05,2023-02-21
9.999999747378752e-05,2023-02-22
9.999999747378752e-05,2023-02-23
9.999999747378752e-05,2023-02-24
9.999999747378752e-05,2023-02-27
9.999999747378752e-05,2023-02-28
9.999999747378752e-05,2023-03-01
9.999999747378752e-05,2023-03-02
9.999999747378752e-05,2023-03-03
9.999999747378752e-05,2023-03-06
9.999999747378752e-05,2023-03-07
9.999999747378752e-05,2023-03-08
9.999999747378752e-05,2023-03-09
9.999999747378752e-05,2023-03-10
9.999999747378752e-05,2023-03-13
9.999999747378752e-05,2023-03-14
9.999999747378752e-05,2023-03-15
9.999999747378752e-05,2023-03-16
9.999999747378752e-05,2023-03-17
9.999999747378752e-05,2023-03-20
9.999999747378752e-05,2023-03-21
9.999999747378752e-05,2023-03-22
9.999999747378752e-05,2023-03-23
9.999999747378752e-05,2023-03-24
9.999999747378752e-05,2023-03-27
9.999999747378752e-05,2023-03-28
9.999999747378752e-05,2023-03-29
9.999999747378752e-05,2023-03-30
9.999999747378752e-05,2023-03-31
9.999999747378752e-05,2023-04-03
9.999999747378752e-05,2023-04-04
9.999999747378752e-05,2023-04-05
9.999999747378752e-05,2023-04-06
9.999999747378752e-05,2023-04-10
9.999999747378752e-05,2023-04-11
9.999999747378752e-05,2023-04-12
9.999999747378752e-05,2023-04-13
9.999999747378752e-05,2023-04-14
9.999999747378752e-05,2023-04-17
9.999999747378752e-05,2023-04-18
9.999999747378752e-05,2023-04-19
9.999999747378752e-05,2023-04-20
9.999999747378752e-05,2023-04-21
9.999999747378752e-05,2023-04-24
9.999999747378752e-05,2023-04-25
9.999999747378752e-05,2023-04-26
9.999999747378752e-05,2023-04-27
9.999999747378752e-05,2023-04-28
9.999999747378752e-05,2023-05-01
9.999999747378752e-05,2023-05-02
9.999999747378752e-05,2023-05-03
9.999999747378752e-05,2023-05-04
9.999999747378752e-05,2023-05-05
9.999999747378752e-05,2023-05-08
9.999999747378752e-05,2023-05-09
9.999999747378752e-05,2023-05-10
9.999999747378752e-05,2023-05-11
9.999999747378752e-05,2023-05-12
9.999999747378752e-05,2023-05-15
9.999999747378752e-05,2023-05-16
9.999999747378752e-05,2023-05-17
9.999999747378752e-05,2023-05-18
9.999999747378752e-05,2023-05-19
9.999999747378752e-05,2023-05-22
9.999999747378752e-05,2023-05-23
9.999999747378752e-05,2023-05-24
9.999999747378752e-05,2023-05-25
9.999999747378752e-05,2023-05-26
9.999999747378752e-05,2023-05-30
9.999999747378752e-05,2023-05-31
9.999999747378752e-05,2023-06-01
9.999999747378752e-05,2023-06-02
9.999999747378752e-05,2023-06-05
9.999999747378752e-05,2023-06-06
9.999999747378752e-05,2023-06-07
9.999999747378752e-05,2023-06-08
9.999999747378752e-05,2023-06-09
9.999999747378752e-05,2023-06-12
9.999999747378752e-05,2023-06-13
9.999999747378752e-05,2023-06-14
9.999999747378752e-05,2023-06-15
9.999999747378752e-05,2023-06-16
9.999999747378752e-05,2023-06-20
9.999999747378752e-05,2023-06-21
9.999999747378752e-05,2023-06-22
9.999999747378752e-05,2023-06-23
9.999999747378752e-05,2023-06-26
9.999999747378752e-05,2023-06-27
9.999999747378752e-05,2023-06-28
9.999999747378752e-05,2023-06-29
9.999999747378752e-05,2023-06-30
9.999999747378752e-05,2023-07-03
9.999999747378752e-05,2023-07-05
9.999999747378752e-05,2023-07-06
9.999999747378752e-05,2023-07-07
9.999999747378752e-05,2023-07-10
9.999999747378752e-05,2023-07-11
9.999999747378752e-05,2023-07-12
9.999999747378752e-05,2023-07-13
9.999999747378752e-05,2023-07-14
9.999999747378752e-05,2023-07-17
9.999999747378752e-05,2023-07-18
9.999999747378752e-05,2023-07-19
9.999999747378752e-05,2023-07-20
9.999999747378752e-05,2023-07-21
9.999999747378752e-05,2023-07-24
9.999999747378752e-05,2023-07-25
9.999999747378752e-05,2023-07-26
9.999999747378752e-05,2023-07-27
9.999999747378752e-05,2023-07-28
9.999999747378752e-05,2023-07-31
9.999999747378752e-05,2023-08-01
9.999999747378752e-05,2023-08-02
9.999999747378752e-05,2023-08-03
9.999999747378752e-05,2023-08-04
9.999999747378752e-05,2023-08-07
9.999999747378752e-05,2023-08-08
9.999999747378752e-05,2023-08-09
9.999999747378752e-05,2023-08-10
9.999999747378752e-05,2023-08-11
9.999999747378752e-05,2023-08-14
9.999999747378752e-05,2023-08-15
9.999999747378752e-05,2023-08-16
9.999999747378752e-05,2023-08-17
9.999999747378752e-05,2023-08-18
9.999999747378752e-05,2023-08-21
9.999999747378752e-05,2023-08-22
9.999999747378752e-05,2023-08-23
9.999999747378752e-05,2023-08-24
9.999999747378752e-05,2023-08-25
9.999999747378752e-05,2023-08-28
9.999999747378752e-05,2023-08-29
9.999999747378752e-05,2023-08-30
9.999999747378752e-05,2023-08-31
9.999999747378752e-05,2023-09-01
9.999999747378752e-05,2023-09-05
9.999999747378752e-05,2023-09-06
9.999999747378752e-05,2023-09-07
9.999999747378752e-05,2023-09-08
9.999999747378752e-05,2023-09-11
9.999999747378752e-05,2023-09-12
9.999999747378752e-05,2023-09-13
9.999999747378752e-05,2023-09-14
9.999999747378752e-05,2023-09-15
9.999999747378752e-05,2023-09-18
9.999999747378752e-05,2023-09-19
9.999999747378752e-05,2023-09-20
9.999999747378752e-05,2023-09-21
9.999999747378752e-05,2023-09-22
9.999999747378752e-05,2023-09-25
9.999999747378752e-05,2023-09-26
9.999999747378752e-05,2023-09-27
9.999999747378752e-05,2023-09-28
9.999999747378752e-05,2023-09-29
9.999999747378752e-05,2023-10-02
9.999999747378752e-05,2023-10-03
9.999999747378752e-05,2023-10-04
9.999999747378752e-05,2023-10-05
9.999999747378752e-05,2023-10-06
9.999999747378752e-05,2023-10-09
9.999999747378752e-05,2023-10-10
9.999999747378752e-05,2023-10-11
9.999999747378752e-05,2023-10-12
9.999999747378752e-05,2023-10-13
9.999999747378752e-05,2023-10-16
9.999999747378752e-05,2023-10-17
9.999999747378752e-05,2023-10-18
9.999999747378752e-05,2023-10-19
9.999999747378752e-05,2023-10-20
9.999999747378752e-05,2023-10-23
9.999999747378752e-05,2023-10-24
9.999999747378752e-05,2023-10-25
9.999999747378752e-05,2023-10-26
9.999999747378752e-05,2023-10-27
9.999999747378752e-05,2023-10-30
9.999999747378752e-05,2023-10-31
9.999999747378752e-05,2023-11-01
9.999999747378752e-05,2023-11-02
9.999999747378752e-05,2023-11-03
9.999999747378752e-05,2023-11-06
9.999999747378752e-05,2023-11-07
9.999999747378752e-05,2023-11-08
9.999999747378752e-05,2023-11-09
9.999999747378752e-05,2023-11-10
9.999999747378752e-05,2023-11-13
9.999999747378752e-05,2023-11-14
9.999999747378752e-05,2023-11-15
9.999999747378752e-05,2023-11-16
9.999999747378752e-05,2023-11-17
9.999999747378752e-05,2023-11-20
9.999999747378752e-05,2023-11-21
9.999999747378752e-05,2023-11-22
9.999999747378752e-05,2023-11-24
9.999999747378752e-05,2023-11-27
9.999999747378752e-05,2023-11-28
9.999999747378752e-05,2023-11-29
9.999999747378752e-05,2023-11-30
9.999999747378752e-05,2023-12-01
9.999999747378752e-05,2023-12-04
9.999999747378752e-05,2023-12-05
9.999999747378752e-05,2023-12-06
9.999999747378752e-05,2023-12-07
9.999999747378752e-05,2023-12-08
9.999999747378752e-05,2023-12-11
9.999999747378752e-05,2023-12-12
9.999999747378752e-05,2023-12-13
9.999999747378752e-05,2023-12-14
9.999999747378752e-05,2023-12-15
9.999999747378752e-05,2023-12-18
9.999999747378752e-05,2023-12-19
9.999999747378752e-05,2023-12-20
9.999999747378752e-05,2023-12-21
9.999999747378752e-05,2023-12-22
9.999999747378752e-05,2023-12-26
9.999999747378752e-05,2023-12-27
9.999999747378752e-05,2023-12-28
9.999999747378752e-05,2023-12-29
9.999999747378752e-05,2024-01-02
9.999999747378752e-05,2024-01-03
9.999999747378752e-05,2024-01-04
9.999999747378752e-05,2024-01-05
9.999999747378752e-05,2024-01-08
9.999999747378752e-05,2024-01-09
9.999999747378752e-05,2024-01-10
9.999999747378752e-05,2024-01-11
9.999999747378752e-05,2024-01-12
9.999999747378752e-05,2024-01-16
9.999999747378752e-05,2024-01-17
9.999999747378752e-05,2024-01-18
9.999999747378752e-05,2024-01-19
9.999999747378752e-05,2024-01-22
9.999999747378752e-05,2024-01-23
9.999999747378752e-05,2024-01-24
9.999999747378752e-05,2024-01-25
9.999999747378752e-05,2024-01-26
9.999999747378752e-05,2024-01-29
9.999999747378752e-05,2024-01-30
9.999999747378752e-05,2024-01-31
9.999999747378752e-05,2024-02-01
9.999999747378752e-05,2024-02-02
9.999999747378752e-05,2024-02-05
9.999999747378752e-05,2024-02-06
9.999999747378752e-05,2024-02-07
9.999999747378752e-05,2024-02-08
9.999999747378752e-05,2024-02-09
9.999999747378752e-05,2024-02-12
9.999999747378752e-05,2024-02-13
9.999999747378752e-05,2024-02-14
9.999999747378752e-05,2024-02-15
9.999999747378752e-05,2024-02-16
9.999999747378752e-05,2024-02-20
9.999999747378752e-05,2024-02-21
9.999999747378752e-05,2024-02-22
9.999999747378752e-05,2024-02-23
9.999999747378752e-05,2024-02-26
9.999999747378752e-05,2024-02-27
9.999999747378752e-05,2024-02-28
9.999999747378752e-05,2024-02-29
9.999999747378752e-05,2024-03-01
9.999999747378752e-05,2024-03-04
9.999999747378752e-05,2024-03-05
9.999999747378752e-05,2024-03-06
9.999999747378752e-05,2024-03-07
9.999999747378752e-05,2024-03-08
9.999999747378752e-05,2024-03-11
9.999999747378752e-05,2024-03-12
9.999999747378752e-05,2024-03-13
9.999999747378752e-05,2024-03-14
9.999999747378752e-05,2024-03-15
9.999999747378752e-05,2024-03-18
9.999999747378752e-05,2024-03-19
9.999999747378752e-05,2024-03-20
9.999999747378752e-05,2024-03-21
9.999999747378752e-05,2024-03-22
9.999999747378752e-05,2024-03-25
9.999999747378752e-05,2024-03-26
9.999999747378752e-05,2024-03-27
9.999999747378752e-05,2024-03-28
9.999999747378752e-05,2024-04-01
9.999999747378752e-05,2024-04-02
9.999999747378752e-05,2024-04-03
9.999999747378752e-05,2024-04-04
9.999999747378752e-05,2024-04-05
9.999999747378752e-05,2024-04-08
9.999999747378752e-05,2024-04-09
