DELL,Date
11.387267112731934,2016-08-17
11.321063041687012,2016-08-18
11.519676208496094,2016-08-19
11.55940055847168,2016-08-22
11.91690731048584,2016-08-23
12.075799942016602,2016-08-24
12.025484085083008,2016-08-25
12.115522384643555,2016-08-26
12.261173248291016,2016-08-29
11.956631660461426,2016-08-30
11.832165718078613,2016-08-31
11.519676208496094,2016-09-01
11.38197135925293,2016-09-02
12.036076545715332,2016-09-06
12.711368560791016,2016-09-07
13.323101043701172,2016-09-08
12.997373580932617,2016-09-09
13.082117080688477,2016-09-12
12.843777656555176,2016-09-13
12.804057121276855,2016-09-14
12.947057723999023,2016-09-15
12.835832595825195,2016-09-16
12.91263198852539,2016-09-19
12.904685974121094,2016-09-20
12.822591781616211,2016-09-21
12.71931266784668,2016-09-22
12.714016914367676,2016-09-23
12.682239532470703,2016-09-26
12.655755996704102,2016-09-27
12.674293518066406,2016-09-28
12.597495079040527,2016-09-29
12.658404350280762,2016-09-30
12.692831039428711,2016-10-03
12.674293518066406,2016-10-04
12.835832595825195,2016-10-05
12.814647674560547,2016-10-06
12.72990608215332,2016-10-07
12.58425521850586,2016-10-10
12.483623504638672,2016-10-11
12.475677490234375,2016-10-12
12.480975151062012,2016-10-13
12.510104179382324,2016-10-14
12.549827575683594,2016-10-17
12.626625061035156,2016-10-18
12.63456916809082,2016-10-19
12.631922721862793,2016-10-20
12.510104179382324,2016-10-21
12.695479393005371,2016-10-24
12.443899154663086,2016-10-25
12.372397422790527,2016-10-26
12.798758506774902,2016-10-27
12.941761016845703,2016-10-28
13.00002384185791,2016-10-31
12.835832595825195,2016-11-01
12.976188659667969,2016-11-02
12.915278434753418,2016-11-03
12.875556945800781,2016-11-04
13.113895416259766,2016-11-07
13.156265258789062,2016-11-08
13.074172019958496,2016-11-09
13.045042037963867,2016-11-10
13.015912055969238,2016-11-11
12.973539352416992,2016-11-14
13.262194633483887,2016-11-15
13.413141250610352,2016-11-16
13.717684745788574,2016-11-17
13.768001556396484,2016-11-18
13.88716983795166,2016-11-21
13.794482231140137,2016-11-22
13.648832321166992,2016-11-23
13.820964813232422,2016-11-25
13.807723045349121,2016-11-28
14.10697078704834,2016-11-29
14.183767318725586,2016-11-30
13.738869667053223,2016-12-01
13.96926498413086,2016-12-02
14.051359176635742,2016-12-05
14.133452415466309,2016-12-06
14.273807525634766,2016-12-07
14.279104232788086,2016-12-08
14.292344093322754,2016-12-09
14.273807525634766,2016-12-12
14.239380836486816,2016-12-13
14.355899810791016,2016-12-14
15.031192779541016,2016-12-15
14.946451187133789,2016-12-16
14.933209419250488,2016-12-19
15.107990264892578,2016-12-20
15.171547889709473,2016-12-21
14.787557601928711,2016-12-22
14.853763580322266,2016-12-23
14.843171119689941,2016-12-27
14.65514850616455,2016-12-28
14.63396167755127,2016-12-29
14.557164192199707,2016-12-30
14.451236724853516,2017-01-03
14.565109252929688,2017-01-04
14.636611938476562,2017-01-05
15.03913688659668,2017-01-06
14.959691047668457,2017-01-09
15.092101097106934,2017-01-10
15.248343467712402,2017-01-11
15.26423454284668,2017-01-12
15.40458869934082,2017-01-13
15.343679428100586,2017-01-17
15.510519981384277,2017-01-18
15.574074745178223,2017-01-19
15.693245887756348,2017-01-20
15.43371868133545,2017-01-23
15.828304290771484,2017-01-24
15.905097007751465,2017-01-25
15.785931587219238,2017-01-26
16.56450080871582,2017-01-27
16.535371780395508,2017-01-30
16.68102264404297,2017-01-31
16.710153579711914,2017-02-01
16.937896728515625,2017-02-02
17.041181564331055,2017-02-03
17.11532974243164,2017-02-06
17.176237106323242,2017-02-07
17.17093849182129,2017-02-08
17.21331214904785,2017-02-09
17.141807556152344,2017-02-10
17.168292999267578,2017-02-13
17.173587799072266,2017-02-14
17.24509048461914,2017-02-15
17.24509048461914,2017-02-16
17.104736328125,2017-02-17
17.23979377746582,2017-02-21
17.15239906311035,2017-02-22
16.980268478393555,2017-02-23
17.012048721313477,2017-02-24
16.95908546447754,2017-02-27
16.813434600830078,2017-02-28
16.969676971435547,2017-03-01
16.808135986328125,2017-03-02
16.800193786621094,2017-03-03
16.606876373291016,2017-03-06
16.69691276550293,2017-03-07
16.82137680053711,2017-03-08
16.718095779418945,2017-03-09
16.81078338623047,2017-03-10
16.816082000732422,2017-03-13
16.813434600830078,2017-03-14
16.876991271972656,2017-03-15
16.948488235473633,2017-03-16
16.998807907104492,2017-03-17
16.967025756835938,2017-03-20
16.535371780395508,2017-03-21
16.67837142944336,2017-03-22
16.704856872558594,2017-03-23
16.781654357910156,2017-03-24
16.781654357910156,2017-03-27
16.834617614746094,2017-03-28
16.922012329101562,2017-03-29
16.945842742919922,2017-03-30
16.969676971435547,2017-03-31
16.908767700195312,2017-04-03
16.996156692504883,2017-04-04
16.953786849975586,2017-04-05
17.001453399658203,2017-04-06
17.178884506225586,2017-04-07
17.189477920532227,2017-04-10
17.242441177368164,2017-04-11
16.922012329101562,2017-04-12
16.927303314208984,2017-04-13
17.014692306518555,2017-04-17
17.051773071289062,2017-04-18
17.08884620666504,2017-04-19
17.186830520629883,2017-04-20
17.05971336364746,2017-04-21
17.52579689025879,2017-04-24
17.570819854736328,2017-04-25
17.758840560913086,2017-04-26
17.856822967529297,2017-04-27
17.772083282470703,2017-04-28
17.89389991760254,2017-05-01
17.724414825439453,2017-05-02
17.523151397705078,2017-05-03
17.562875747680664,2017-05-04
17.819751739501953,2017-05-05
17.909788131713867,2017-05-08
17.806509017944336,2017-05-09
17.737655639648438,2017-05-10
17.50461196899414,2017-05-11
17.200071334838867,2017-05-12
17.546981811523438,2017-05-15
17.621135711669922,2017-05-16
17.184179306030273,2017-05-17
17.123271942138672,2017-05-18
17.192123413085938,2017-05-19
17.843582153320312,2017-05-22
17.843582153320312,2017-05-23
18.026309967041016,2017-05-24
18.182554244995117,2017-05-25
18.219627380371094,2017-05-26
18.20638656616211,2017-05-30
18.375871658325195,2017-05-31
18.34674072265625,2017-06-01
18.073974609375,2017-06-02
17.639671325683594,2017-06-05
17.777376174926758,2017-06-06
17.962751388549805,2017-06-07
17.23979377746582,2017-06-08
16.567150115966797,2017-06-09
16.482404708862305,2017-06-12
16.636001586914062,2017-06-13
16.463869094848633,2017-06-14
16.379127502441406,2017-06-15
16.450626373291016,2017-06-16
16.596277236938477,2017-06-19
16.47975730895996,2017-06-20
16.768415451049805,2017-06-21
16.831968307495117,2017-06-22
16.847858428955078,2017-06-23
16.802837371826172,2017-06-26
16.413555145263672,2017-06-27
16.604225158691406,2017-06-28
16.101064682006836,2017-06-29
16.18315887451172,2017-06-30
15.984543800354004,2017-07-03
16.101064682006836,2017-07-05
16.11166000366211,2017-07-06
16.289087295532227,2017-07-07
16.286439895629883,2017-07-10
16.291736602783203,2017-07-11
16.310272216796875,2017-07-12
16.233476638793945,2017-07-13
16.206993103027344,2017-07-14
16.65983772277832,2017-07-17
16.61216926574707,2017-07-18
16.850505828857422,2017-07-19
16.93260383605957,2017-07-20
16.850505828857422,2017-07-21
16.861101150512695,2017-07-24
16.87169075012207,2017-07-25
16.953786849975586,2017-07-26
16.824024200439453,2017-07-27
16.874340057373047,2017-07-28
17.019990921020508,2017-07-31
17.072956085205078,2017-08-01
16.908767700195312,2017-08-02
16.951141357421875,2017-08-03
17.051773071289062,2017-08-04
17.06766128540039,2017-08-07
17.06766128540039,2017-08-08
16.980268478393555,2017-08-09
16.728689193725586,2017-08-10
16.694265365600586,2017-08-11
17.938919067382812,2017-08-14
17.533742904663086,2017-08-15
17.801212310791016,2017-08-16
17.58405876159668,2017-08-17
17.6926326751709,2017-08-18
17.76148796081543,2017-08-21
18.1957950592041,2017-08-22
18.3255558013916,2017-08-23
18.516225814819336,2017-08-24
18.998201370239258,2017-08-25
19.278907775878906,2017-08-28
19.315982818603516,2017-08-29
19.657602310180664,2017-08-30
19.842975616455078,2017-08-31
19.79795265197754,2017-09-01
19.808549880981445,2017-09-05
19.776771545410156,2017-09-06
19.721158981323242,2017-09-07
19.665546417236328,2017-09-08
19.98332977294922,2017-09-11
20.192537307739258,2017-09-12
20.319650650024414,2017-09-13
20.48649024963379,2017-09-14
20.38585662841797,2017-09-15
20.351430892944336,2017-09-18
20.343486785888672,2017-09-19
20.346132278442383,2017-09-20
20.285226821899414,2017-09-21
20.393802642822266,2017-09-22
20.10779571533203,2017-09-25
20.158111572265625,2017-09-26
20.422931671142578,2017-09-27
20.430875778198242,2017-09-28
20.446765899658203,2017-09-29
20.640085220336914,2017-10-02
20.727476119995117,2017-10-03
20.714231491088867,2017-10-04
20.931385040283203,2017-10-05
20.931385040283203,2017-10-06
20.989646911621094,2017-10-09
20.941978454589844,2017-10-10
21.016130447387695,2017-10-11
21.262407302856445,2017-10-12
21.36568832397461,2017-10-13
21.47691535949707,2017-10-16
21.447784423828125,2017-10-17
21.543119430541992,2017-10-18
21.619918823242188,2017-10-19
21.77880859375,2017-10-20
21.903276443481445,2017-10-23
22.04627799987793,2017-10-24
21.874143600463867,2017-10-25
21.972131729125977,2017-10-26
22.213115692138672,2017-10-27
22.019798278808594,2017-10-30
21.919166564941406,2017-10-31
21.821182250976562,2017-11-01
21.678178787231445,2017-11-02
21.41600799560547,2017-11-03
21.58814239501953,2017-11-06
21.84236717224121,2017-11-07
21.79734992980957,2017-11-08
21.683475494384766,2017-11-09
21.868850708007812,2017-11-10
21.664936065673828,2017-11-13
21.580196380615234,2017-11-14
21.257118225097656,2017-11-15
21.537824630737305,2017-11-16
21.580196380615234,2017-11-17
21.519285202026367,2017-11-20
21.776165008544922,2017-11-21
21.39482307434082,2017-11-22
21.43719482421875,2017-11-24
21.691421508789062,2017-11-27
21.86355209350586,2017-11-28
20.6533260345459,2017-11-29
20.719532012939453,2017-11-30
21.17502212524414,2017-12-01
19.83238410949707,2017-12-04
19.721158981323242,2017-12-05
19.87740135192871,2017-12-06
20.097200393676758,2017-12-07
20.45735740661621,2017-12-08
20.997591018676758,2017-12-11
20.987001419067383,2017-12-12
21.23592758178711,2017-12-13
21.122058868408203,2017-12-14
21.447784423828125,2017-12-15
22.448806762695312,2017-12-18
22.070112228393555,2017-12-19
22.07276153564453,2017-12-20
21.85825538635254,2017-12-21
21.736440658569336,2017-12-22
21.55106544494629,2017-12-26
21.519285202026367,2017-12-27
21.458377838134766,2017-12-28
21.52458381652832,2017-12-29
21.829126358032227,2018-01-02
22.059520721435547,2018-01-03
22.451454162597656,2018-01-04
22.61564064025879,2018-01-05
22.610347747802734,2018-01-08
22.319046020507812,2018-01-09
22.406435012817383,2018-01-10
22.99433708190918,2018-01-11
22.9731502532959,2018-01-12
22.79836654663086,2018-01-16
23.33330535888672,2018-01-17
23.407455444335938,2018-01-18
23.433937072753906,2018-01-19
23.550457000732422,2018-01-22
23.59812355041504,2018-01-23
23.402158737182617,2018-01-24
23.42069435119629,2018-01-25
21.91122055053711,2018-01-26
19.808549880981445,2018-01-29
18.55859375,2018-01-30
18.987606048583984,2018-01-31
18.603618621826172,2018-02-01
18.7757511138916,2018-02-02
17.896547317504883,2018-02-05
17.80385971069336,2018-02-06
17.68204116821289,2018-02-07
17.37750244140625,2018-02-08
17.822397232055664,2018-02-09
18.015714645385742,2018-02-12
18.087217330932617,2018-02-13
18.502986907958984,2018-02-14
18.280536651611328,2018-02-15
18.481801986694336,2018-02-16
18.489744186401367,2018-02-20
18.516225814819336,2018-02-21
18.685710906982422,2018-02-22
19.0087947845459,2018-02-23
19.170330047607422,2018-02-26
19.263019561767578,2018-02-27
19.673492431640625,2018-02-28
19.95949363708496,2018-03-01
19.506650924682617,2018-03-02
19.596694946289062,2018-03-05
20.020404815673828,2018-03-06
20.470600128173828,2018-03-07
20.502376556396484,2018-03-08
20.78308868408203,2018-03-09
20.597715377807617,2018-03-12
20.48119354248047,2018-03-13
20.608304977416992,2018-03-14
20.555343627929688,2018-03-15
20.6453800201416,2018-03-16
20.648027420043945,2018-03-19
20.719532012939453,2018-03-20
20.126331329345703,2018-03-21
19.7185115814209,2018-03-22
19.368947982788086,2018-03-23
19.89594078063965,2018-03-26
19.51194953918457,2018-03-27
19.093534469604492,2018-03-28
19.38748550415039,2018-03-29
19.215351104736328,2018-04-02
19.284204483032227,2018-04-03
19.323925018310547,2018-04-04
19.281557083129883,2018-04-05
18.879030227661133,2018-04-06
19.040571212768555,2018-04-09
19.276260375976562,2018-04-10
19.04851531982422,2018-04-11
19.24713134765625,2018-04-12
19.305389404296875,2018-04-13
19.689374923706055,2018-04-16
19.964792251586914,2018-04-17
20.070720672607422,2018-04-18
19.57021141052246,2018-04-19
19.244483947753906,2018-04-20
19.3557071685791,2018-04-23
19.180925369262695,2018-04-24
19.0087947845459,2018-04-25
19.323925018310547,2018-04-26
19.23124122619629,2018-04-27
19.006145477294922,2018-04-30
18.910810470581055,2018-05-01
18.72278594970703,2018-05-02
18.855194091796875,2018-05-03
19.318632125854492,2018-05-04
19.196813583374023,2018-05-07
19.069700241088867,2018-05-08
19.257722854614258,2018-05-09
19.7794189453125,2018-05-10
19.681434631347656,2018-05-11
19.506650924682617,2018-05-14
19.57550621032715,2018-05-15
19.654951095581055,2018-05-16
19.681434631347656,2018-05-17
20.8704776763916,2018-05-18
21.310077667236328,2018-05-21
21.3895263671875,2018-05-22
21.686124801635742,2018-05-23
21.892681121826172,2018-05-24
21.720550537109375,2018-05-25
21.33126449584961,2018-05-29
21.461027145385742,2018-05-30
21.360393524169922,2018-05-31
22.469989776611328,2018-06-01
22.517656326293945,2018-06-04
22.946666717529297,2018-06-05
23.13204002380371,2018-06-06
23.320064544677734,2018-06-07
23.391565322875977,2018-06-08
23.208843231201172,2018-06-11
22.96255874633789,2018-06-12
23.280336380004883,2018-06-13
23.280336380004883,2018-06-14
23.407455444335938,2018-06-15
23.719945907592773,2018-06-18
23.568994522094727,2018-06-19
23.62196159362793,2018-06-20
23.59282684326172,2018-06-21
23.5107364654541,2018-06-22
22.763940811157227,2018-06-25
22.89634895324707,2018-06-26
22.244895935058594,2018-06-27
22.58121681213379,2018-06-28
22.398487091064453,2018-06-29
24.416419982910156,2018-07-02
25.112897872924805,2018-07-03
24.85337257385254,2018-07-05
24.71831512451172,2018-07-06
24.79511260986328,2018-07-09
24.991077423095703,2018-07-10
24.916929244995117,2018-07-11
25.189695358276367,2018-07-12
25.13143539428711,2018-07-13
25.099655151367188,2018-07-16
25.120838165283203,2018-07-17
25.176454544067383,2018-07-18
25.089061737060547,2018-07-19
24.977840423583984,2018-07-20
24.792465209960938,2018-07-23
24.654756546020508,2018-07-24
24.840131759643555,2018-07-25
24.9990234375,2018-07-26
24.805702209472656,2018-07-27
24.551477432250977,2018-07-30
24.501161575317383,2018-07-31
24.554126739501953,2018-08-01
24.638870239257812,2018-08-02
24.652109146118164,2018-08-03
24.744794845581055,2018-08-06
24.81365203857422,2018-08-07
24.93282127380371,2018-08-08
25.08641242980957,2018-08-09
25.033449172973633,2018-08-10
24.893096923828125,2018-08-13
25.120838165283203,2018-08-14
25.07317543029785,2018-08-15
25.311513900756836,2018-08-16
25.160564422607422,2018-08-17
25.16585922241211,2018-08-20
25.18439483642578,2018-08-21
25.351238250732422,2018-08-22
25.240005493164062,2018-08-23
25.247955322265625,2018-08-24
25.26649284362793,2018-08-27
25.226768493652344,2018-08-28
25.441272735595703,2018-08-29
25.589570999145508,2018-08-30
25.467754364013672,2018-08-31
25.462459564208984,2018-09-04
25.34064483642578,2018-09-05
25.390958786010742,2018-09-06
25.491592407226562,2018-09-07
25.6478328704834,2018-09-10
25.60811424255371,2018-09-11
25.748464584350586,2018-09-12
25.780242919921875,2018-09-13
26.124509811401367,2018-09-14
25.77229881286621,2018-09-17
25.523366928100586,2018-09-18
25.27972984313965,2018-09-19
25.41214370727539,2018-09-20
25.475698471069336,2018-09-21
25.475698471069336,2018-09-24
25.674314498901367,2018-09-25
25.58427619934082,2018-09-26
25.753759384155273,2018-09-27
25.719335556030273,2018-09-28
25.61075782775879,2018-10-01
25.623998641967773,2018-10-02
25.58427619934082,2018-10-03
25.60546112060547,2018-10-04
25.676963806152344,2018-10-05
25.303565979003906,2018-10-08
25.046689987182617,2018-10-09
24.4879207611084,2018-10-10
24.294601440429688,2018-10-11
25.0255069732666,2018-10-12
25.157917022705078,2018-10-15
25.332698822021484,2018-10-16
25.18439483642578,2018-10-17
25.022857666015625,2018-10-18
24.834835052490234,2018-10-19
25.081119537353516,2018-10-22
24.59385108947754,2018-10-23
23.794092178344727,2018-10-24
24.058914184570312,2018-10-25
23.428640365600586,2018-10-26
22.975801467895508,2018-10-29
23.484251022338867,2018-10-30
23.937091827392578,2018-10-31
24.141006469726562,2018-11-01
24.14630126953125,2018-11-02
24.286657333374023,2018-11-05
24.389934539794922,2018-11-06
25.91529655456543,2018-11-07
26.196008682250977,2018-11-08
25.965618133544922,2018-11-09
26.084789276123047,2018-11-12
26.897785186767578,2018-11-13
27.988845825195312,2018-11-14
27.82200813293457,2018-11-15
27.665760040283203,2018-11-16
27.355920791625977,2018-11-19
27.181140899658203,2018-11-20
27.273826599121094,2018-11-21
27.52011489868164,2018-11-23
27.97295570373535,2018-11-26
27.716081619262695,2018-11-27
28.229829788208008,2018-11-28
28.070934295654297,2018-11-29
27.933231353759766,2018-11-30
27.946470260620117,2018-12-03
27.663116455078125,2018-12-04
27.9676570892334,2018-12-06
27.54129409790039,2018-12-07
27.5704288482666,2018-12-10
27.7346134185791,2018-12-11
27.808765411376953,2018-12-12
27.93852996826172,2018-12-13
28.01532554626465,2018-12-14
27.827302932739258,2018-12-17
28.033863067626953,2018-12-18
27.766395568847656,2018-12-19
27.385055541992188,2018-12-20
27.204975128173828,2018-12-21
21.318023681640625,2018-12-24
21.484861373901367,2018-12-26
21.185609817504883,2018-12-27
21.72758674621582,2018-12-28
23.372819900512695,2018-12-31
22.535858154296875,2019-01-02
21.584110260009766,2019-01-03
22.009765625,2019-01-04
22.153244018554688,2019-01-07
22.416290283203125,2019-01-08
22.44976806640625,2019-01-09
21.612808227539062,2019-01-10
21.26845359802246,2019-01-11
20.46975326538086,2019-01-14
20.5701847076416,2019-01-15
20.3836612701416,2019-01-16
20.904972076416016,2019-01-17
20.732797622680664,2019-01-18
21.072364807128906,2019-01-22
21.340194702148438,2019-01-23
21.502805709838867,2019-01-24
21.957157135009766,2019-01-25
22.430639266967773,2019-01-28
22.406726837158203,2019-01-29
22.95673370361328,2019-01-30
23.238908767700195,2019-01-31
23.745864868164062,2019-02-01
24.310222625732422,2019-02-04
24.425004959106445,2019-02-05
24.362831115722656,2019-02-06
24.12369728088379,2019-02-07
24.625879287719727,2019-02-08
24.879356384277344,2019-02-11
25.635013580322266,2019-02-12
25.802410125732422,2019-02-13
26.0080623626709,2019-02-14
26.304584503173828,2019-02-15
26.32371711730957,2019-02-19
26.562849044799805,2019-02-20
26.562849044799805,2019-02-21
26.868940353393555,2019-02-22
27.088943481445312,2019-02-25
27.131990432739258,2019-02-26
26.902420043945312,2019-02-27
26.69676399230957,2019-02-28
27.09372329711914,2019-03-01
26.467199325561523,2019-03-04
26.361982345581055,2019-03-05
25.69719123840332,2019-03-06
25.41023063659668,2019-03-07
25.03718376159668,2019-03-08
25.898061752319336,2019-03-11
26.16110610961914,2019-03-12
26.28067398071289,2019-03-13
27.347206115722656,2019-03-14
28.80591583251953,2019-03-15
28.930261611938477,2019-03-18
28.90635108947754,2019-03-19
28.51895523071289,2019-03-20
29.035480499267578,2019-03-21
28.480693817138672,2019-03-22
27.39981460571289,2019-03-25
28.1650390625,2019-03-26
27.519380569458008,2019-03-27
27.222856521606445,2019-03-28
28.069387435913086,2019-03-29
28.901567459106445,2019-04-01
29.30331039428711,2019-04-02
29.45635414123535,2019-04-03
28.858524322509766,2019-04-04
29.748096466064453,2019-04-05
29.88679313659668,2019-04-08
29.523311614990234,2019-04-09
30.2694034576416,2019-04-10
30.54201889038086,2019-04-11
30.374624252319336,2019-04-12
30.55158042907715,2019-04-15
30.0302734375,2019-04-16
30.011144638061523,2019-04-17
30.05896759033203,2019-04-18
30.25027847290039,2019-04-22
31.087242126464844,2019-04-23
31.68507194519043,2019-04-24
32.04377365112305,2019-04-25
31.259410858154297,2019-04-26
31.35028839111328,2019-04-29
32.23986053466797,2019-04-30
32.79943084716797,2019-05-01
32.588993072509766,2019-05-02
32.8568229675293,2019-05-03
32.6129035949707,2019-05-06
32.27811813354492,2019-05-07
32.09160232543945,2019-05-08
32.086814880371094,2019-05-09
32.12029266357422,2019-05-10
30.62810707092285,2019-05-13
31.63724136352539,2019-05-14
32.47420883178711,2019-05-15
33.38291549682617,2019-05-16
33.205955505371094,2019-05-17
32.52203369140625,2019-05-20
33.31117630004883,2019-05-21
33.00029754638672,2019-05-22
31.422027587890625,2019-05-23
31.622901916503906,2019-05-24
31.761592864990234,2019-05-28
31.661155700683594,2019-05-29
31.761592864990234,2019-05-30
28.480693817138672,2019-05-31
26.715896606445312,2019-06-03
27.58633804321289,2019-06-04
26.065454483032227,2019-06-05
25.458057403564453,2019-06-06
25.969802856445312,2019-06-07
25.921977996826172,2019-06-10
25.988933563232422,2019-06-11
25.36240577697754,2019-06-12
25.74501609802246,2019-06-13
24.544570922851562,2019-06-14
24.21456527709961,2019-06-17
24.635440826416016,2019-06-18
25.548931121826172,2019-06-19
26.022411346435547,2019-06-20
25.8215389251709,2019-06-21
25.491535186767578,2019-06-24
25.01805305480957,2019-06-25
25.458057403564453,2019-06-26
24.970230102539062,2019-06-27
24.295873641967773,2019-06-28
24.65935707092285,2019-07-01
24.95587921142578,2019-07-02
25.309797286987305,2019-07-03
25.046751022338867,2019-07-05
24.530221939086914,2019-07-08
24.439355850219727,2019-07-09
25.008487701416016,2019-07-10
25.577625274658203,2019-07-11
25.72110366821289,2019-07-12
26.409805297851562,2019-07-15
26.787633895874023,2019-07-16
27.02198600769043,2019-07-17
27.447641372680664,2019-07-18
27.16546630859375,2019-07-19
26.983722686767578,2019-07-22
26.52458953857422,2019-07-23
26.888071060180664,2019-07-24
26.33806610107422,2019-07-25
26.438499450683594,2019-07-26
26.768505096435547,2019-07-29
27.37112045288086,2019-07-30
27.615032196044922,2019-07-31
27.59111976623535,2019-08-01
25.065881729125977,2019-08-02
24.114133834838867,2019-08-05
24.281522750854492,2019-08-06
24.095003128051758,2019-08-07
24.549352645874023,2019-08-08
24.118913650512695,2019-08-09
23.654998779296875,2019-08-12
23.683691024780273,2019-08-13
23.24369239807129,2019-08-14
22.430639266967773,2019-08-15
23.162384033203125,2019-08-16
23.45890998840332,2019-08-19
23.18151092529297,2019-08-20
23.425430297851562,2019-08-21
23.454126358032227,2019-08-22
21.909326553344727,2019-08-23
22.196287155151367,2019-08-26
21.808895111083984,2019-08-27
21.665414810180664,2019-08-28
22.36846160888672,2019-08-29
24.64500617980957,2019-08-30
24.425004959106445,2019-09-03
24.487178802490234,2019-09-04
25.309797286987305,2019-09-05
25.520231246948242,2019-09-06
25.965015411376953,2019-09-09
26.534156799316406,2019-09-10
26.44806671142578,2019-09-11
25.898061752319336,2019-09-12
25.591970443725586,2019-09-13
25.8741455078125,2019-09-16
25.754581451416016,2019-09-17
25.252405166625977,2019-09-18
25.367185592651367,2019-09-19
24.798053741455078,2019-09-20
25.319360733032227,2019-09-23
24.965442657470703,2019-09-24
25.70197105407715,2019-09-25
24.941530227661133,2019-09-26
24.367612838745117,2019-09-27
24.802833557128906,2019-09-30
24.69761848449707,2019-10-01
24.28630828857422,2019-10-02
24.42022132873535,2019-10-03
24.042390823364258,2019-10-04
24.161958694458008,2019-10-07
23.34412384033203,2019-10-08
23.654998779296875,2019-10-09
23.43499755859375,2019-10-10
24.056739807128906,2019-10-11
24.238481521606445,2019-10-14
24.45370101928711,2019-10-15
24.17152214050293,2019-10-16
24.090219497680664,2019-10-17
23.851085662841797,2019-10-18
23.908477783203125,2019-10-21
23.903696060180664,2019-10-22
24.056739807128906,2019-10-23
24.39630889892578,2019-10-24
24.716747283935547,2019-10-25
24.673704147338867,2019-10-28
25.467622756958008,2019-10-29
25.70675277709961,2019-10-30
25.29544448852539,2019-10-31
25.462841033935547,2019-11-01
25.749801635742188,2019-11-04
26.0319766998291,2019-11-05
25.984148025512695,2019-11-06
25.974584579467773,2019-11-07
25.974584579467773,2019-11-08
26.07501983642578,2019-11-11
26.51024055480957,2019-11-12
26.199369430541992,2019-11-13
26.32850456237793,2019-11-14
26.61067771911621,2019-11-15
26.577199935913086,2019-11-18
26.883289337158203,2019-11-19
26.4337215423584,2019-11-20
25.687623977661133,2019-11-21
25.63979721069336,2019-11-22
26.333282470703125,2019-11-25
25.438928604125977,2019-11-26
24.066307067871094,2019-11-27
23.191082000732422,2019-11-29
22.822816848754883,2019-12-02
22.669771194458008,2019-12-03
22.803686141967773,2019-12-04
22.641075134277344,2019-12-05
22.535858154296875,2019-12-06
22.789337158203125,2019-12-09
22.6506404876709,2019-12-10
22.818037033081055,2019-12-11
23.674131393432617,2019-12-12
23.602388381958008,2019-12-13
23.66934585571289,2019-12-16
23.879785537719727,2019-12-17
23.913265228271484,2019-12-18
23.860652923583984,2019-12-19
23.731517791748047,2019-12-20
24.133264541625977,2019-12-23
24.310222625732422,2019-12-24
24.874574661254883,2019-12-26
24.381961822509766,2019-12-27
24.348480224609375,2019-12-30
24.57805061340332,2019-12-31
25.008487701416016,2020-01-02
24.185871124267578,2020-01-03
24.429786682128906,2020-01-06
23.81760597229004,2020-01-07
23.913265228271484,2020-01-08
23.731517791748047,2020-01-09
23.67890739440918,2020-01-10
23.831954956054688,2020-01-13
24.324567794799805,2020-01-14
24.200220108032227,2020-01-15
24.55413818359375,2020-01-16
24.075870513916016,2020-01-17
23.573692321777344,2020-01-21
23.884565353393555,2020-01-22
24.090219497680664,2020-01-23
23.903696060180664,2020-01-24
23.028470993041992,2020-01-27
23.281949996948242,2020-01-28
23.411081314086914,2020-01-29
23.616735458374023,2020-01-30
23.324993133544922,2020-01-31
23.521085739135742,2020-02-03
24.40587615966797,2020-02-04
24.291088104248047,2020-02-05
25.276317596435547,2020-02-06
24.68804931640625,2020-02-07
24.922399520874023,2020-02-10
24.994138717651367,2020-02-11
25.491535186767578,2020-02-12
25.13283920288086,2020-02-13
25.290664672851562,2020-02-14
25.238056182861328,2020-02-18
25.510669708251953,2020-02-19
25.324142456054688,2020-02-20
24.735876083374023,2020-02-21
23.104991912841797,2020-02-24
22.105419158935547,2020-02-25
21.966720581054688,2020-02-26
20.833232879638672,2020-02-27
19.350608825683594,2020-02-28
20.273664474487305,2020-03-02
19.981922149658203,2020-03-03
20.747142791748047,2020-03-04
19.537132263183594,2020-03-05
18.948867797851562,2020-03-06
17.337112426757812,2020-03-09
18.719301223754883,2020-03-10
17.667118072509766,2020-03-11
15.658404350280762,2020-03-12
17.193634033203125,2020-03-13
15.404923439025879,2020-03-16
14.979267120361328,2020-03-17
13.807515144348145,2020-03-18
15.285357475280762,2020-03-19
15.538837432861328,2020-03-20
16.232322692871094,2020-03-23
18.580604553222656,2020-03-24
18.814952850341797,2020-03-25
20.34540367126465,2020-03-26
18.53277587890625,2020-03-27
19.034957885742188,2020-03-30
18.91539192199707,2020-03-31
17.647987365722656,2020-04-01
17.762771606445312,2020-04-02
17.4279842376709,2020-04-03
18.60930061340332,2020-04-06
18.351036071777344,2020-04-07
19.31235122680664,2020-04-08
19.87670135498047,2020-04-09
19.350608825683594,2020-04-13
19.771484375,2020-04-14
19.345829010009766,2020-04-15
19.656700134277344,2020-04-16
19.8527889251709,2020-04-17
19.589744567871094,2020-04-20
17.88711929321289,2020-04-21
18.53277587890625,2020-04-22
18.60930061340332,2020-04-23
18.982349395751953,2020-04-24
19.221479415893555,2020-04-27
19.532350540161133,2020-04-28
20.751930236816406,2020-04-29
20.41714096069336,2020-04-30
19.13060760498047,2020-05-01
19.393653869628906,2020-05-04
19.221479415893555,2020-05-05
19.364957809448242,2020-05-06
19.967573165893555,2020-05-07
20.876279830932617,2020-05-08
20.74236488342285,2020-05-11
20.20670509338379,2020-05-12
19.62322235107422,2020-05-13
20.020179748535156,2020-05-14
20.13018226623535,2020-05-15
20.938453674316406,2020-05-18
21.062801361083984,2020-05-19
21.359323501586914,2020-05-20
21.230194091796875,2020-05-21
20.5988826751709,2020-05-22
21.263673782348633,2020-05-26
21.79454803466797,2020-05-27
21.799327850341797,2020-05-28
23.741086959838867,2020-05-29
23.61195182800293,2020-06-01
23.50673484802246,2020-06-02
23.34412384033203,2020-06-03
23.530649185180664,2020-06-04
24.161958694458008,2020-06-05
24.707183837890625,2020-06-08
23.927610397338867,2020-06-09
23.621522903442383,2020-06-10
22.282379150390625,2020-06-11
22.430639266967773,2020-06-12
22.507160186767578,2020-06-15
22.803686141967773,2020-06-16
22.727161407470703,2020-06-17
22.679338455200195,2020-06-18
23.3967342376709,2020-06-19
23.095428466796875,2020-06-22
23.439777374267578,2020-06-23
25.395883560180664,2020-06-24
24.678485870361328,2020-06-25
24.989356994628906,2020-06-26
25.71154022216797,2020-06-29
26.27589225769043,2020-06-30
25.960235595703125,2020-07-01
25.70675277709961,2020-07-02
25.855018615722656,2020-07-06
25.324142456054688,2020-07-07
25.898061752319336,2020-07-08
25.678058624267578,2020-07-09
25.553709030151367,2020-07-10
24.759790420532227,2020-07-13
25.10892677307129,2020-07-14
25.19501304626465,2020-07-15
28.265474319458008,2020-07-16
28.87286949157715,2020-07-17
29.38939666748047,2020-07-20
29.20287322998047,2020-07-21
29.537660598754883,2020-07-22
29.422876358032227,2020-07-23
29.078523635864258,2020-07-24
29.155048370361328,2020-07-27
28.394607543945312,2020-07-28
28.54765510559082,2020-07-29
28.294170379638672,2020-07-30
28.614608764648438,2020-07-31
28.925479888916016,2020-08-03
28.848957061767578,2020-08-04
28.987655639648438,2020-08-05
29.150266647338867,2020-08-06
29.078523635864258,2020-08-07
29.571136474609375,2020-08-10
29.432443618774414,2020-08-11
29.571136474609375,2020-08-12
28.485475540161133,2020-08-13
28.652870178222656,2020-08-14
28.54765510559082,2020-08-17
28.70547866821289,2020-08-18
28.624174118041992,2020-08-19
28.533302307128906,2020-08-20
28.915916442871094,2020-08-21
29.442005157470703,2020-08-24
29.00200080871582,2020-08-25
29.714618682861328,2020-08-26
29.85810089111328,2020-08-27
31.66594123840332,2020-08-28
31.603763580322266,2020-08-31
31.742460250854492,2020-09-01
32.746822357177734,2020-09-02
31.345502853393555,2020-09-03
30.919843673706055,2020-09-04
30.680715560913086,2020-09-08
31.967247009277344,2020-09-09
31.29767608642578,2020-09-10
31.75202751159668,2020-09-11
31.972034454345703,2020-09-14
32.09160232543945,2020-09-15
32.220726013183594,2020-09-16
31.83333969116211,2020-09-17
31.742460250854492,2020-09-18
31.326370239257812,2020-09-21
31.713769912719727,2020-09-22
31.378982543945312,2020-09-23
31.264196395874023,2020-09-24
31.431591033935547,2020-09-25
32.19203186035156,2020-09-28
32.71334457397461,2020-09-29
32.37377166748047,2020-09-30
32.30203628540039,2020-10-01
32.12029266357422,2020-10-02
32.622467041015625,2020-10-05
32.27333068847656,2020-10-06
32.23986053466797,2020-10-07
32.83768844604492,2020-10-08
32.70855712890625,2020-10-09
33.11986541748047,2020-10-12
33.72248458862305,2020-10-13
33.7894401550293,2020-10-14
33.49769973754883,2020-10-15
33.55030059814453,2020-10-16
33.23943328857422,2020-10-19
33.196388244628906,2020-10-20
33.39725112915039,2020-10-21
32.895084381103516,2020-10-22
32.60812759399414,2020-10-23
30.962892532348633,2020-10-26
30.4033203125,2020-10-27
29.030696868896484,2020-10-28
28.94461441040039,2020-10-29
28.82025909423828,2020-10-30
28.834611892700195,2020-11-02
29.53287696838379,2020-11-03
29.7624454498291,2020-11-04
30.852886199951172,2020-11-05
30.89115333557129,2020-11-06
30.723758697509766,2020-11-09
30.900718688964844,2020-11-10
31.02984619140625,2020-11-11
30.809846878051758,2020-11-12
31.618114471435547,2020-11-13
32.21116256713867,2020-11-16
32.455081939697266,2020-11-17
32.330726623535156,2020-11-18
32.761165618896484,2020-11-19
32.68465042114258,2020-11-20
33.18204116821289,2020-11-23
33.636390686035156,2020-11-24
33.16769790649414,2020-11-25
33.392478942871094,2020-11-27
33.014652252197266,2020-11-30
33.72726058959961,2020-12-01
33.72726058959961,2020-12-02
33.913780212402344,2020-12-03
34.4829216003418,2020-12-04
33.660308837890625,2020-12-07
34.372920989990234,2020-12-08
34.2103157043457,2020-12-09
34.51162338256836,2020-12-10
34.26292419433594,2020-12-11
34.64075469970703,2020-12-14
35.26728057861328,2020-12-15
35.32945251464844,2020-12-16
35.731201171875,2020-12-17
34.87510681152344,2020-12-18
34.94205856323242,2020-12-21
34.78422927856445,2020-12-22
35.10466384887695,2020-12-23
34.90858459472656,2020-12-24
34.841617584228516,2020-12-28
34.19596481323242,2020-12-29
34.674224853515625,2020-12-30
35.052059173583984,2020-12-31
34.66945266723633,2021-01-04
35.13336944580078,2021-01-05
35.42510223388672,2021-01-06
36.510772705078125,2021-01-07
36.931636810302734,2021-01-08
36.17119598388672,2021-01-11
36.70685577392578,2021-01-12
34.06682586669922,2021-01-13
35.032920837402344,2021-01-14
35.51597595214844,2021-01-15
35.80293655395508,2021-01-19
36.85033416748047,2021-01-20
36.77859878540039,2021-01-21
36.3194580078125,2021-01-22
36.19511032104492,2021-01-25
36.36729431152344,2021-01-26
35.32466506958008,2021-01-27
35.35336685180664,2021-01-28
34.86075973510742,2021-01-29
35.36771774291992,2021-02-01
36.9077262878418,2021-02-02
37.185115814208984,2021-02-03
37.931209564208984,2021-02-04
38.07468795776367,2021-02-05
38.232521057128906,2021-02-08
38.065128326416016,2021-02-09
38.060340881347656,2021-02-10
38.02207946777344,2021-02-11
38.285125732421875,2021-02-12
37.99338912963867,2021-02-16
37.90729904174805,2021-02-17
38.11295700073242,2021-02-18
38.62948226928711,2021-02-19
38.62948226928711,2021-02-22
38.529048919677734,2021-02-23
39.069480895996094,2021-02-24
38.10817337036133,2021-02-25
38.77296829223633,2021-02-26
39.73905563354492,2021-03-01
39.55731964111328,2021-03-02
39.982975006103516,2021-03-03
39.60036087036133,2021-03-04
40.8199348449707,2021-03-05
40.70515441894531,2021-03-08
41.36516189575195,2021-03-09
41.934295654296875,2021-03-10
42.38386154174805,2021-03-11
42.47951126098633,2021-03-12
42.70908737182617,2021-03-15
42.60386657714844,2021-03-16
43.65605163574219,2021-03-17
42.139949798583984,2021-03-18
41.91038131713867,2021-03-19
41.77647018432617,2021-03-22
41.0112419128418,2021-03-23
41.2982063293457,2021-03-24
41.12602996826172,2021-03-25
42.560821533203125,2021-03-26
42.18777847290039,2021-03-29
42.369510650634766,2021-03-30
42.15907287597656,2021-03-31
42.60386657714844,2021-04-01
42.7377815246582,2021-04-05
42.7951774597168,2021-04-06
43.766048431396484,2021-04-07
44.277793884277344,2021-04-08
44.8995361328125,2021-04-09
44.69388961791992,2021-04-12
44.25387954711914,2021-04-13
44.33518600463867,2021-04-14
47.30999755859375,2021-04-15
48.50566101074219,2021-04-16
49.46219253540039,2021-04-19
48.53435516357422,2021-04-20
48.50086975097656,2021-04-21
48.06087112426758,2021-04-22
48.50086975097656,2021-04-23
48.008262634277344,2021-04-26
48.16608810424805,2021-04-27
47.549129486083984,2021-04-28
47.82653045654297,2021-04-29
47.02781677246094,2021-04-30
46.764774322509766,2021-05-03
46.16215896606445,2021-05-04
47.06129455566406,2021-05-05
47.71651840209961,2021-05-06
48.33348846435547,2021-05-07
47.673484802246094,2021-05-10
46.783905029296875,2021-05-11
44.999977111816406,2021-05-12
46.10476303100586,2021-05-13
47.07564926147461,2021-05-14
47.056522369384766,2021-05-17
46.94172668457031,2021-05-18
46.29607391357422,2021-05-19
47.1617317199707,2021-05-20
47.09477233886719,2021-05-21
47.89348220825195,2021-05-24
47.5921745300293,2021-05-25
47.663909912109375,2021-05-26
47.68304443359375,2021-05-27
47.176082611083984,2021-05-28
49.18958282470703,2021-06-01
48.20435333251953,2021-06-02
48.620445251464844,2021-06-03
49.514801025390625,2021-06-04
49.18479537963867,2021-06-07
49.69654083251953,2021-06-08
49.720455169677734,2021-06-09
49.6391487121582,2021-06-10
49.730018615722656,2021-06-11
49.13697052001953,2021-06-14
49.194358825683594,2021-06-15
49.141754150390625,2021-06-16
47.65912628173828,2021-06-17
47.142601013183594,2021-06-18
47.82653045654297,2021-06-21
47.711734771728516,2021-06-22
47.45347213745117,2021-06-23
47.38651657104492,2021-06-24
47.58739471435547,2021-06-25
47.70695114135742,2021-06-28
48.87871170043945,2021-06-29
47.66869354248047,2021-06-30
47.19999313354492,2021-07-01
47.52521514892578,2021-07-02
47.04695129394531,2021-07-06
47.582611083984375,2021-07-07
47.348262786865234,2021-07-08
47.94609069824219,2021-07-09
46.45389938354492,2021-07-12
44.84214782714844,2021-07-13
44.66996765136719,2021-07-14
44.78475570678711,2021-07-15
44.139095306396484,2021-07-16
44.4212760925293,2021-07-19
45.612152099609375,2021-07-20
46.013893127441406,2021-07-21
45.884761810302734,2021-07-22
46.1765022277832,2021-07-23
46.13346481323242,2021-07-26
45.96128845214844,2021-07-27
45.86085510253906,2021-07-28
46.291290283203125,2021-07-29
46.209983825683594,2021-07-30
46.05215835571289,2021-08-02
47.07564926147461,2021-08-03
46.5782470703125,2021-08-04
47.03260040283203,2021-08-05
47.128257751464844,2021-08-06
47.109130859375,2021-08-09
47.07086181640625,2021-08-10
48.003482818603516,2021-08-11
48.0704345703125,2021-08-12
47.84087371826172,2021-08-13
47.65912628173828,2021-08-16
46.783905029296875,2021-08-17
46.372596740722656,2021-08-18
46.018672943115234,2021-08-19
47.109130859375,2021-08-20
47.8839111328125,2021-08-23
48.18043899536133,2021-08-24
48.81175231933594,2021-08-25
48.567832946777344,2021-08-26
46.3678092956543,2021-08-27
46.94172668457031,2021-08-30
46.61172866821289,2021-08-31
46.27216339111328,2021-09-01
46.42520523071289,2021-09-02
46.45868682861328,2021-09-03
45.918243408203125,2021-09-07
45.38258743286133,2021-09-08
46.09519958496094,2021-09-09
45.54998016357422,2021-09-10
47.295650482177734,2021-09-13
46.60216522216797,2021-09-14
48.036956787109375,2021-09-15
48.49609375,2021-09-16
48.08000183105469,2021-09-17
48.242610931396484,2021-09-20
47.510868072509766,2021-09-21
47.477394104003906,2021-09-22
49.11305236816406,2021-09-23
49.68219757080078,2021-09-24
50.15568161010742,2021-09-27
50.356544494628906,2021-09-28
50.39958953857422,2021-09-29
49.75871276855469,2021-09-30
50.59088897705078,2021-10-01
50.33262634277344,2021-10-04
50.662635803222656,2021-10-05
50.45698165893555,2021-10-06
51.19829177856445,2021-10-07
50.24654769897461,2021-10-08
50.31350326538086,2021-10-11
49.62001419067383,2021-10-12
49.58654022216797,2021-10-13
50.69611358642578,2021-10-14
51.513946533203125,2021-10-15
51.96351623535156,2021-10-18
52.99657440185547,2021-10-19
53.38874816894531,2021-10-20
54.03439712524414,2021-10-21
54.78049850463867,2021-10-22
53.704402923583984,2021-10-25
52.70961380004883,2021-10-26
51.83916473388672,2021-10-27
52.64743423461914,2021-10-28
52.60438919067383,2021-10-29
53.33135223388672,2021-11-01
51.530941009521484,2021-11-02
52.08767318725586,2021-11-03
51.493194580078125,2021-11-04
53.18227005004883,2021-11-05
52.39906692504883,2021-11-08
52.918052673339844,2021-11-09
53.42760467529297,2021-11-10
53.02185821533203,2021-11-11
52.842567443847656,2021-11-12
53.50310516357422,2021-11-15
53.50310516357422,2021-11-16
52.842567443847656,2021-11-17
52.748207092285156,2021-11-18
51.917823791503906,2021-11-19
52.02162551879883,2021-11-22
51.587554931640625,2021-11-23
54.06926345825195,2021-11-24
53.01241683959961,2021-11-26
54.32404708862305,2021-11-29
53.286067962646484,2021-11-30
52.559486389160156,2021-12-01
53.927734375,2021-12-02
55.1827392578125,2021-12-03
55.4375114440918,2021-12-06
55.588497161865234,2021-12-07
55.10724639892578,2021-12-08
54.3995361328125,2021-12-09
54.352352142333984,2021-12-10
52.5783576965332,2021-12-13
51.5498161315918,2021-12-14
52.880313873291016,2021-12-15
51.88951873779297,2021-12-16
51.56868362426758,2021-12-17
50.57788848876953,2021-12-20
52.32358169555664,2021-12-21
52.248085021972656,2021-12-22
52.72933578491211,2021-12-23
53.40873718261719,2021-12-27
53.739009857177734,2021-12-28
53.8333625793457,2021-12-29
53.32381057739258,2021-12-30
53.00298309326172,2021-12-31
53.767311096191406,2022-01-03
55.192176818847656,2022-01-04
54.7109375,2022-01-05
54.767547607421875,2022-01-06
54.72037124633789,2022-01-07
56.50380325317383,2022-01-10
56.85293960571289,2022-01-11
56.56985092163086,2022-01-12
56.77744674682617,2022-01-13
57.11715316772461,2022-01-14
56.1263542175293,2022-01-18
54.69206237792969,2022-01-19
54.163631439208984,2022-01-20
52.43681335449219,2022-01-21
52.29526901245117,2022-01-24
52.31414031982422,2022-01-25
52.21977996826172,2022-01-26
52.32358169555664,2022-01-27
53.06903839111328,2022-01-28
53.60689926147461,2022-01-31
55.267662048339844,2022-02-01
56.050865173339844,2022-02-02
55.862144470214844,2022-02-03
55.42808151245117,2022-02-04
55.63567352294922,2022-02-07
56.56985092163086,2022-02-08
57.34362030029297,2022-02-09
57.29644012451172,2022-02-10
56.154666900634766,2022-02-11
55.29597473144531,2022-02-14
56.44718933105469,2022-02-15
56.890689849853516,2022-02-16
55.91876220703125,2022-02-17
55.579063415527344,2022-02-18
53.90885543823242,2022-02-22
53.57858657836914,2022-02-23
52.691593170166016,2022-02-24
48.55854034423828,2022-02-25
48.08673858642578,2022-02-28
47.06763458251953,2022-03-01
50.57788848876953,2022-03-02
49.62483215332031,2022-03-03
49.03035354614258,2022-03-04
46.548641204833984,2022-03-07
47.40733337402344,2022-03-08
49.04922103881836,2022-03-09
49.039794921875,2022-03-10
49.07752990722656,2022-03-11
47.8791389465332,2022-03-14
49.14358901977539,2022-03-15
49.039794921875,2022-03-16
47.662105560302734,2022-03-17
48.90768051147461,2022-03-18
49.37005615234375,2022-03-21
50.002281188964844,2022-03-22
49.63426971435547,2022-03-23
50.492958068847656,2022-03-24
51.70079040527344,2022-03-25
51.23841857910156,2022-03-28
51.9272575378418,2022-03-29
51.257293701171875,2022-03-30
47.36014938354492,2022-03-31
46.04852294921875,2022-04-01
46.5958251953125,2022-04-04
45.91641616821289,2022-04-05
44.46324920654297,2022-04-06
45.0011100769043,2022-04-07
44.718021392822266,2022-04-08
44.302825927734375,2022-04-11
44.444366455078125,2022-04-12
44.64253234863281,2022-04-13
44.29339599609375,2022-04-14
44.765201568603516,2022-04-18
45.60140609741211,2022-04-19
46.561134338378906,2022-04-20
45.810455322265625,2022-04-21
44.537147521972656,2022-04-22
44.917240142822266,2022-04-25
44.195064544677734,2022-04-26
44.23307800292969,2022-04-27
45.72492599487305,2022-04-28
44.67018508911133,2022-04-29
45.13579177856445,2022-05-02
45.4683723449707,2022-05-03
46.38058853149414,2022-05-04
44.907737731933594,2022-05-05
43.31135177612305,2022-05-06
42.940765380859375,2022-05-09
43.23533630371094,2022-05-10
42.199588775634766,2022-05-11
41.562931060791016,2022-05-12
42.84574508666992,2022-05-13
42.78873062133789,2022-05-16
44.29008865356445,2022-05-17
41.15434265136719,2022-05-18
39.05433654785156,2022-05-19
38.05659866333008,2022-05-20
39.168365478515625,2022-05-23
38.84529495239258,2022-05-24
41.14484405517578,2022-05-25
41.74348068237305,2022-05-26
47.11226272583008,2022-05-27
47.454349517822266,2022-05-31
48.14801025390625,2022-06-01
48.72765350341797,2022-06-02
48.480594635009766,2022-06-03
47.54936599731445,2022-06-06
48.604122161865234,2022-06-07
47.82493591308594,2022-06-08
47.84394073486328,2022-06-09
46.713165283203125,2022-06-10
44.89823913574219,2022-06-13
44.99325942993164,2022-06-14
45.52538299560547,2022-06-15
43.605926513671875,2022-06-16
45.221309661865234,2022-06-17
46.77968215942383,2022-06-21
46.190547943115234,2022-06-22
46.59913635253906,2022-06-23
47.74891662597656,2022-06-24
47.739418029785156,2022-06-27
46.50411605834961,2022-06-28
45.03126525878906,2022-06-29
43.90999984741211,2022-06-30
40.61271286010742,2022-07-01
40.992801666259766,2022-07-05
40.09959030151367,2022-07-06
40.802757263183594,2022-07-07
40.783748626708984,2022-07-08
40.36565399169922,2022-07-11
40.90727996826172,2022-07-12
40.992801666259766,2022-07-13
40.57469940185547,2022-07-14
41.296875,2022-07-15
40.764747619628906,2022-07-18
42.17241287231445,2022-07-19
42.29690170288086,2022-07-20
42.75654220581055,2022-07-21
41.502098083496094,2022-07-22
41.99047088623047,2022-07-25
41.58828353881836,2022-07-26
42.41181182861328,2022-07-27
42.61290740966797,2022-07-28
43.14915466308594,2022-07-29
43.49388885498047,2022-08-01
42.383087158203125,2022-08-02
42.56502914428711,2022-08-03
42.325626373291016,2022-08-04
43.48431396484375,2022-08-05
43.52261734008789,2022-08-08
43.177886962890625,2022-08-09
45.22713088989258,2022-08-10
45.58143997192383,2022-08-11
46.175148010253906,2022-08-12
46.25175476074219,2022-08-15
46.529457092285156,2022-08-16
45.801692962646484,2022-08-17
46.8646125793457,2022-08-18
45.648475646972656,2022-08-19
44.853668212890625,2022-08-22
44.94942855834961,2022-08-23
44.643001556396484,2022-08-24
45.86872863769531,2022-08-25
39.673095703125,2022-08-26
38.868717193603516,2022-08-29
38.00687789916992,2022-08-30
36.6662483215332,2022-08-31
36.05339431762695,2022-09-01
36.18745422363281,2022-09-02
35.708656311035156,2022-09-06
36.3693962097168,2022-09-07
36.867347717285156,2022-09-08
38.102638244628906,2022-09-09
38.59101486206055,2022-09-12
36.67583084106445,2022-09-13
36.51303482055664,2022-09-14
36.05339431762695,2022-09-15
36.35023880004883,2022-09-16
36.21617889404297,2022-09-19
35.38307571411133,2022-09-20
35.220279693603516,2022-09-21
34.741485595703125,2022-09-22
34.01371383666992,2022-09-23
33.228492736816406,2022-09-26
33.24764633178711,2022-09-27
33.79347229003906,2022-09-28
32.7401123046875,2022-09-29
32.7209587097168,2022-09-30
34.35844802856445,2022-10-03
35.87144088745117,2022-10-04
36.25448226928711,2022-10-05
35.89059829711914,2022-10-06
33.13272476196289,2022-10-07
33.01781463623047,2022-10-10
32.433685302734375,2022-10-11
32.33792495727539,2022-10-12
33.506195068359375,2022-10-13
32.80714797973633,2022-10-14
33.00824737548828,2022-10-17
33.41432189941406,2022-10-18
33.346641540527344,2022-10-19
33.70437240600586,2022-10-20
35.62840270996094,2022-10-21
36.044151306152344,2022-10-24
36.4889030456543,2022-10-25
36.53723907470703,2022-10-26
36.508235931396484,2022-10-27
37.8618278503418,2022-10-28
37.12702178955078,2022-10-31
37.85215759277344,2022-11-01
36.42121887207031,2022-11-02
36.11182403564453,2022-11-03
37.707130432128906,2022-11-04
38.54829025268555,2022-11-07
39.080055236816406,2022-11-08
38.026187896728516,2022-11-09
40.33696365356445,2022-11-10
41.265140533447266,2022-11-11
40.84939193725586,2022-11-14
40.946075439453125,2022-11-15
39.81486129760742,2022-11-16
40.375633239746094,2022-11-17
40.646358489990234,2022-11-18
39.7085075378418,2022-11-21
42.39634704589844,2022-11-22
43.131160736083984,2022-11-23
43.15049743652344,2022-11-25
42.13529968261719,2022-11-28
42.07728958129883,2022-11-29
43.30519104003906,2022-11-30
43.41154098510742,2022-12-01
43.0634765625,2022-12-02
41.6422119140625,2022-12-05
41.06209945678711,2022-12-06
40.53032684326172,2022-12-07
40.830055236816406,2022-12-08
40.44331741333008,2022-12-09
41.4488410949707,2022-12-12
41.429500579833984,2022-12-13
40.29828643798828,2022-12-14
38.07453536987305,2022-12-15
37.9488410949707,2022-12-16
37.707130432128906,2022-12-19
37.658790588378906,2022-12-20
37.823150634765625,2022-12-21
37.842491149902344,2022-12-22
37.823150634765625,2022-12-23
38.10354232788086,2022-12-27
37.4750862121582,2022-12-28
38.49994659423828,2022-12-29
38.886688232421875,2022-12-30
39.54414749145508,2023-01-03
39.582820892333984,2023-01-04
39.515140533447266,2023-01-05
41.013755798339844,2023-01-06
40.87839126586914,2023-01-09
41.08143615722656,2023-01-10
39.418453216552734,2023-01-11
38.60630416870117,2023-01-12
38.8480110168457,2023-01-13
38.70298767089844,2023-01-17
38.69331741333008,2023-01-18
38.151878356933594,2023-01-19
38.925357818603516,2023-01-20
39.679500579833984,2023-01-23
39.56254196166992,2023-01-24
39.49431228637695,2023-01-25
39.952415466308594,2023-01-26
39.28963088989258,2023-01-27
38.997222900390625,2023-01-30
39.59178161621094,2023-01-31
40.186344146728516,2023-02-01
41.34621810913086,2023-02-02
41.170780181884766,2023-02-03
39.92317581176758,2023-02-06
40.92710494995117,2023-02-07
40.78089904785156,2023-02-08
40.9758415222168,2023-02-09
41.63862609863281,2023-02-10
42.301414489746094,2023-02-13
41.94077682495117,2023-02-14
41.71659851074219,2023-02-15
41.63862609863281,2023-02-16
41.404701232910156,2023-02-17
40.82963180541992,2023-02-21
40.75165939331055,2023-02-22
40.96609115600586,2023-02-23
40.556724548339844,2023-02-24
39.962162017822266,2023-02-27
39.61127471923828,2023-02-28
39.41633605957031,2023-03-01
39.15317153930664,2023-03-02
38.78279113769531,2023-03-03
38.08101272583008,2023-03-06
37.03810501098633,2023-03-07
37.78861618041992,2023-03-08
36.843162536621094,2023-03-09
35.79050827026367,2023-03-10
35.64430236816406,2023-03-13
36.59949493408203,2023-03-14
36.56050491333008,2023-03-15
37.08683395385742,2023-03-16
36.27784729003906,2023-03-17
37.574180603027344,2023-03-20
38.158992767333984,2023-03-21
37.1160774230957,2023-03-22
36.8626594543457,2023-03-23
36.43379592895508,2023-03-24
37.028358459472656,2023-03-27
37.34025955200195,2023-03-28
38.1297492980957,2023-03-29
38.85102081298828,2023-03-30
39.192161560058594,2023-03-31
39.932926177978516,2023-04-03
39.835453033447266,2023-04-04
39.7672233581543,2023-04-05
39.21165466308594,2023-04-06
40.38127899169922,2023-04-10
40.546974182128906,2023-04-11
40.81013870239258,2023-04-12
41.570396423339844,2023-04-13
42.1844482421875,2023-04-14
42.817996978759766,2023-04-17
44.34825134277344,2023-04-18
42.72053146362305,2023-04-19
41.83355712890625,2023-04-20
42.01875305175781,2023-04-21
41.95977020263672,2023-04-24
41.00613021850586,2023-04-25
40.96681213378906,2023-04-26
42.07773971557617,2023-04-27
42.756099700927734,2023-04-28
43.080528259277344,2023-05-01
44.00466537475586,2023-05-02
44.39791488647461,2023-05-03
43.434452056884766,2023-05-04
44.62403106689453,2023-05-05
45.24340057373047,2023-05-08
45.204078674316406,2023-05-09
45.056610107421875,2023-05-10
43.9456787109375,2023-05-11
44.00466537475586,2023-05-12
44.17179489135742,2023-05-15
44.61420440673828,2023-05-16
45.076271057128906,2023-05-17
46.3248405456543,2023-05-18
46.94420623779297,2023-05-19
46.737754821777344,2023-05-22
45.567832946777344,2023-05-23
45.13526153564453,2023-05-24
47.26864242553711,2023-05-25
47.69137954711914,2023-05-26
46.52146530151367,2023-05-30
44.05382537841797,2023-05-31
44.69285202026367,2023-06-01
46.472312927246094,2023-06-02
44.71251678466797,2023-06-05
46.059391021728516,2023-06-06
46.85572814941406,2023-06-07
47.081844329833984,2023-06-08
46.80657196044922,2023-06-09
47.25880813598633,2023-06-12
47.97649002075195,2023-06-13
48.54670333862305,2023-06-14
49.352867126464844,2023-06-15
48.831809997558594,2023-06-16
48.4975471496582,2023-06-20
49.21522903442383,2023-06-21
50.41463851928711,2023-06-22
50.01155471801758,2023-06-23
50.45396423339844,2023-06-26
50.52278137207031,2023-06-27
50.8963737487793,2023-06-28
52.203922271728516,2023-06-29
53.19688415527344,2023-06-30
53.68844985961914,2023-07-03
53.29519271850586,2023-07-05
52.89210891723633,2023-07-06
52.62666702270508,2023-07-07
53.94405746459961,2023-07-10
54.79937744140625,2023-07-11
53.25586700439453,2023-07-12
54.7010612487793,2023-07-13
54.48477554321289,2023-07-14
53.77692794799805,2023-07-17
52.92161178588867,2023-07-18
53.3836784362793,2023-07-19
52.695491790771484,2023-07-20
52.656166076660156,2023-07-21
53.19074249267578,2023-07-24
53.82432174682617,2023-07-25
53.37883377075195,2023-07-26
53.17094421386719,2023-07-27
52.08198547363281,2023-07-28
52.38887023925781,2023-07-31
52.834354400634766,2023-08-01
52.41857147216797,2023-08-02
52.97294998168945,2023-08-03
52.705665588378906,2023-08-04
54.02231216430664,2023-08-07
57.002105712890625,2023-08-08
56.00223922729492,2023-08-09
55.43796157836914,2023-08-10
56.26953125,2023-08-11
56.190330505371094,2023-08-14
55.17066955566406,2023-08-15
54.66579055786133,2023-08-16
54.30940628051758,2023-08-17
54.37869644165039,2023-08-18
55.487457275390625,2023-08-21
55.239967346191406,2023-08-22
56.2596321105957,2023-08-23
56.14083480834961,2023-08-24
55.645851135253906,2023-08-25
56.61601638793945,2023-08-28
55.93294143676758,2023-08-29
55.13106918334961,2023-08-30
55.67555618286133,2023-08-31
67.505615234375,2023-09-01
67.41651916503906,2023-09-05
69.76273345947266,2023-09-06
68.28768920898438,2023-09-07
69.79243469238281,2023-09-08
71.43577575683594,2023-09-11
70.02013397216797,2023-09-12
69.74293518066406,2023-09-13
70.44580841064453,2023-09-14
68.59457397460938,2023-09-15
68.45598602294922,2023-09-18
69.19845581054688,2023-09-19
68.24809265136719,2023-09-20
67.75311279296875,2023-09-21
69.34695434570312,2023-09-22
69.3271484375,2023-09-25
68.23818969726562,2023-09-26
67.26802062988281,2023-09-27
67.8125,2023-09-28
68.20848846435547,2023-09-29
67.0205307006836,2023-10-02
66.56514739990234,2023-10-03
66.52555084228516,2023-10-04
65.52568817138672,2023-10-05
65.74348449707031,2023-10-06
66.5057601928711,2023-10-09
67.2977294921875,2023-10-10
69.63404083251953,2023-10-11
68.35699462890625,2023-10-12
67.35712432861328,2023-10-13
67.0799331665039,2023-10-16
67.2185287475586,2023-10-17
66.21866607666016,2023-10-18
66.35725402832031,2023-10-19
65.24850463867188,2023-10-20
65.24850463867188,2023-10-23
66.65222930908203,2023-10-24
66.04493713378906,2023-10-25
64.22308349609375,2023-10-26
65.66663360595703,2023-10-27
66.1345443725586,2023-10-30
66.61241149902344,2023-10-31
68.36457824707031,2023-11-01
68.34467315673828,2023-11-02
69.20084381103516,2023-11-03
71.64990234375,2023-11-06
71.29150390625,2023-11-07
72.15763854980469,2023-11-08
71.918701171875,2023-11-09
73.173095703125,2023-11-10
73.44189453125,2023-11-13
73.56136322021484,2023-11-14
72.61559295654297,2023-11-15
72.21736907958984,2023-11-16
73.27265167236328,2023-11-17
73.03372192382812,2023-11-20
73.29256439208984,2023-11-21
74.34784698486328,2023-11-22
74.07905578613281,2023-11-24
74.12882995605469,2023-11-27
73.70073699951172,2023-11-28
74.72615814208984,2023-11-29
75.53256225585938,2023-11-30
71.6100845336914,2023-12-01
69.01168823242188,2023-12-04
68.98182678222656,2023-12-05
67.3292007446289,2023-12-06
68.2849349975586,2023-12-07
68.39444732666016,2023-12-08
68.93204498291016,2023-12-11
69.6787109375,2023-12-12
69.55924987792969,2023-12-13
72.10785675048828,2023-12-14
71.30146026611328,2023-12-15
73.0436782836914,2023-12-18
73.20296478271484,2023-12-19
72.097900390625,2023-12-20
74.98500061035156,2023-12-21
75.3732681274414,2023-12-22
76.65753173828125,2023-12-26
76.91637420654297,2023-12-27
76.33895874023438,2023-12-28
76.15975189208984,2023-12-29
74.45735931396484,2024-01-02
76.25930786132812,2024-01-03
75.63211059570312,2024-01-04
75.502685546875,2024-01-05
79.00703430175781,2024-01-08
76.76704406738281,2024-01-09
77.90196990966797,2024-01-10
79.35547637939453,2024-01-11
78.9572525024414,2024-01-12
79.16632080078125,2024-01-16
77.3145980834961,2024-01-17
78.06126403808594,2024-01-18
82.81999969482422,2024-01-19
81.13999938964844,2024-01-22
82.43000030517578,2024-01-23
83.70999908447266,2024-01-24
83.04000091552734,2024-01-25
84.22000122070312,2024-01-26
83.41000366210938,2024-01-29
84.80000305175781,2024-01-30
82.87999725341797,2024-01-31
85.77999877929688,2024-02-01
86.31999969482422,2024-02-02
85.70999908447266,2024-02-05
82.68000030517578,2024-02-06
83.73999786376953,2024-02-07
84.80000305175781,2024-02-08
86.19999694824219,2024-02-09
86.62000274658203,2024-02-12
83.9800033569336,2024-02-13
86.04000091552734,2024-02-14
82.72000122070312,2024-02-15
84.20999908447266,2024-02-16
82.45999908447266,2024-02-20
81.38999938964844,2024-02-21
87.79000091552734,2024-02-22
90.3499984741211,2024-02-23
92.7699966430664,2024-02-26
91.55999755859375,2024-02-27
93.25,2024-02-28
94.66000366210938,2024-02-29
124.58999633789062,2024-03-01
121.77999877929688,2024-03-04
117.75,2024-03-05
118.5,2024-03-06
120.5,2024-03-07
116.25,2024-03-08
115.86000061035156,2024-03-11
113.55000305175781,2024-03-12
110.0,2024-03-13
106.44999694824219,2024-03-14
107.0,2024-03-15
106.62999725341797,2024-03-18
107.5199966430664,2024-03-19
111.06999969482422,2024-03-20
114.04000091552734,2024-03-21
112.23999786376953,2024-03-22
113.0,2024-03-25
114.6500015258789,2024-03-26
111.68000030517578,2024-03-27
114.11000061035156,2024-03-28
119.63999938964844,2024-04-01
118.44000244140625,2024-04-02
128.5800018310547,2024-04-03
127.16000366210938,2024-04-04
132.72000122070312,2024-04-05
127.1500015258789,2024-04-08
123.7300033569336,2024-04-09
