Date,DISCK
2008-09-18,8.1633
2008-09-19,8.5204
2008-09-22,8.6071
2008-09-23,8.4796
2008-09-24,8.0867
2008-09-25,8.199
2008-09-26,7.9082
2008-09-29,7.4592
2008-09-30,7.2245
2008-10-01,7.301
2008-10-02,6.8367
2008-10-03,6.6276
2008-10-06,6.3622
2008-10-07,6.0204
2008-10-08,5.7194
2008-10-09,5.551
2008-10-10,5.3265
2008-10-13,6.2449
2008-10-14,6.6837
2008-10-15,6.2602
2008-10-16,6.0663
2008-10-17,6.3265
2008-10-20,6.5
2008-10-21,6.4082
2008-10-22,6.0204
2008-10-23,5.8061
2008-10-24,4.9949
2008-10-27,5.102
2008-10-28,5.3827
2008-10-29,5.9286
2008-10-30,6.4235
2008-10-31,6.7959
2008-11-03,6.6582
2008-11-04,6.9286
2008-11-05,6.7653
2008-11-06,5.7908
2008-11-07,6.8929
2008-11-10,6.8112
2008-11-11,6.7041
2008-11-12,6.051
2008-11-13,6.6276
2008-11-14,6.8673
2008-11-17,6.4184
2008-11-18,6.051
2008-11-19,5.9949
2008-11-20,6.102
2008-11-21,6.2908
2008-11-24,6.7194
2008-11-25,6.4898
2008-11-26,6.8061
2008-11-28,7.7194
2008-12-01,6.7194
2008-12-02,6.6837
2008-12-03,6.8878
2008-12-04,6.3214
2008-12-05,6.7806
2008-12-08,7.2551
2008-12-09,6.6939
2008-12-10,6.5969
2008-12-11,6.1276
2008-12-12,6.3827
2008-12-15,6.2143
2008-12-16,6.3469
2008-12-17,6.3827
2008-12-18,6.8265
2008-12-19,7.0612
2008-12-22,6.7449
2008-12-23,6.7143
2008-12-24,6.6786
2008-12-26,6.699
2008-12-29,6.7041
2008-12-30,6.7806
2008-12-31,6.8316
2009-01-02,7.0306
2009-01-05,7.1837
2009-01-06,7.3724
2009-01-07,7.0408
2009-01-08,7.2653
2009-01-09,7.352
2009-01-12,7.3367
2009-01-13,7.5459
2009-01-14,7.4439
2009-01-15,7.3827
2009-01-16,7.4082
2009-01-20,6.8469
2009-01-21,7.3265
2009-01-22,7.3469
2009-01-23,7.3418
2009-01-26,7.2398
2009-01-27,7.4286
2009-01-28,7.449
2009-01-29,7.2143
2009-01-30,7.3367
2009-02-02,7.3571
2009-02-03,7.2347
2009-02-04,6.9388
2009-02-05,6.8214
2009-02-06,7.0204
2009-02-09,7.0204
2009-02-10,6.8316
2009-02-11,6.9184
2009-02-12,7.0459
2009-02-13,7.0306
2009-02-17,6.7347
2009-02-18,6.6276
2009-02-19,6.4439
2009-02-20,6.2551
2009-02-23,6.1735
2009-02-24,6.4694
2009-02-25,7.2092
2009-02-26,7.1633
2009-02-27,7.4898
2009-03-02,7.4031
2009-03-03,7.5561
2009-03-04,7.398
2009-03-05,7.2755
2009-03-06,7.1327
2009-03-09,6.7857
2009-03-10,7.148
2009-03-11,7.2704
2009-03-12,7.7551
2009-03-13,7.8418
2009-03-16,7.7806
2009-03-17,7.7806
2009-03-18,7.7857
2009-03-19,7.5663
2009-03-20,7.398
2009-03-23,7.7449
2009-03-24,7.5714
2009-03-25,7.5357
2009-03-26,7.6786
2009-03-27,7.5459
2009-03-30,7.4592
2009-03-31,7.4745
2009-04-01,7.9235
2009-04-02,8.3418
2009-04-03,8.4847
2009-04-06,8.4031
2009-04-07,7.8367
2009-04-08,7.9898
2009-04-09,8.301
2009-04-13,8.2398
2009-04-14,8.0153
2009-04-15,8.0714
2009-04-16,8.5255
2009-04-17,8.5663
2009-04-20,8.4235
2009-04-21,8.5918
2009-04-22,8.7857
2009-04-23,8.4847
2009-04-24,8.5816
2009-04-27,8.7041
2009-04-28,8.6837
2009-04-29,9.25
2009-04-30,8.9388
2009-05-01,8.8214
2009-05-04,9.5918
2009-05-05,10.148
2009-05-06,10.0714
2009-05-07,9.6735
2009-05-08,9.6582
2009-05-11,9.6939
2009-05-12,9.2755
2009-05-13,9.1378
2009-05-14,9.2194
2009-05-15,9.2296
2009-05-18,9.5765
2009-05-19,9.8316
2009-05-20,10.4133
2009-05-21,10.2092
2009-05-22,10.301
2009-05-26,10.3316
2009-05-27,10.2398
2009-05-28,10.4235
2009-05-29,10.6327
2009-06-01,10.6122
2009-06-02,10.6531
2009-06-03,10.5969
2009-06-04,10.4745
2009-06-05,10.7143
2009-06-08,10.898
2009-06-09,11.0051
2009-06-10,10.7398
2009-06-11,10.5408
2009-06-12,10.2908
2009-06-15,10.1939
2009-06-16,9.8367
2009-06-17,9.8163
2009-06-18,9.8367
2009-06-19,9.6276
2009-06-22,9.398
2009-06-23,9.3214
2009-06-24,9.5765
2009-06-25,9.7959
2009-06-26,10.8265
2009-06-29,10.3724
2009-06-30,10.4745
2009-07-01,10.8214
2009-07-02,10.4133
2009-07-06,10.2602
2009-07-07,10.148
2009-07-08,10.1276
2009-07-09,10.4133
2009-07-10,10.4388
2009-07-13,10.4133
2009-07-14,10.7041
2009-07-15,11.0204
2009-07-16,11.051
2009-07-17,10.8622
2009-07-20,11.2143
2009-07-21,11.1684
2009-07-22,11.1633
2009-07-23,11.25
2009-07-24,11.3112
2009-07-27,11.2602
2009-07-28,11.4439
2009-07-29,11.2653
2009-07-30,11.4031
2009-07-31,11.4286
2009-08-03,11.7908
2009-08-04,11.7041
2009-08-05,11.7143
2009-08-06,11.7092
2009-08-07,11.9796
2009-08-10,11.9082
2009-08-11,11.699
2009-08-12,11.8265
2009-08-13,11.699
2009-08-14,11.648
2009-08-17,11.4133
2009-08-18,11.5663
2009-08-19,11.6786
2009-08-20,11.7959
2009-08-21,12.0
2009-08-24,12.0663
2009-08-25,12.3622
2009-08-26,12.3469
2009-08-27,12.1378
2009-08-28,11.9439
2009-08-31,11.9235
2009-09-01,11.852
2009-09-02,11.7296
2009-09-03,11.8214
2009-09-04,12.0816
2009-09-08,12.2959
2009-09-09,12.5459
2009-09-10,13.0867
2009-09-11,13.0
2009-09-14,12.9643
2009-09-15,13.2041
2009-09-16,13.4949
2009-09-17,13.3367
2009-09-18,13.4745
2009-09-21,13.3571
2009-09-22,13.4439
2009-09-23,13.1531
2009-09-24,13.0306
2009-09-25,12.6786
2009-09-28,12.9898
2009-09-29,13.0969
2009-09-30,13.2806
2009-10-01,13.2704
2009-10-02,13.3163
2009-10-05,13.5612
2009-10-06,13.8571
2009-10-07,13.949
2009-10-08,14.2755
2009-10-09,14.0969
2009-10-12,14.0561
2009-10-13,13.9286
2009-10-14,14.0051
2009-10-15,13.7755
2009-10-16,13.7551
2009-10-19,14.0561
2009-10-20,14.0051
2009-10-21,13.5
2009-10-22,13.5714
2009-10-23,13.449
2009-10-26,13.4184
2009-10-27,13.0561
2009-10-28,12.5102
2009-10-29,12.801
2009-10-30,12.2551
2009-11-02,12.1531
2009-11-03,12.4388
2009-11-04,12.5561
2009-11-05,13.102
2009-11-06,13.3061
2009-11-09,13.7602
2009-11-10,13.6786
2009-11-11,13.6633
2009-11-12,13.6224
2009-11-13,13.7704
2009-11-16,14.1582
2009-11-17,14.3673
2009-11-18,14.1276
2009-11-19,14.0357
2009-11-20,13.9796
2009-11-23,14.1378
2009-11-24,14.3112
2009-11-25,14.2653
2009-11-27,14.1276
2009-11-30,14.3061
2009-12-01,14.3673
2009-12-02,14.301
2009-12-03,14.0
2009-12-04,14.0051
2009-12-07,14.1224
2009-12-08,14.0
2009-12-09,13.8571
2009-12-10,14.1939
2009-12-11,14.1276
2009-12-14,13.9133
2009-12-15,13.699
2009-12-16,13.699
2009-12-17,13.852
2009-12-18,13.8265
2009-12-21,13.9337
2009-12-22,13.949
2009-12-23,13.6684
2009-12-24,13.7143
2009-12-28,13.6327
2009-12-29,13.5663
2009-12-30,13.4184
2009-12-31,13.5306
2010-01-04,13.6684
2010-01-05,14.2704
2010-01-06,14.4133
2010-01-07,14.5459
2010-01-08,14.75
2010-01-11,14.6582
2010-01-12,14.2653
2010-01-13,14.2398
2010-01-14,14.1837
2010-01-15,14.5051
2010-01-19,14.5612
2010-01-20,14.3827
2010-01-21,14.2296
2010-01-22,13.6939
2010-01-25,13.6633
2010-01-26,13.7092
2010-01-27,13.4694
2010-01-28,13.5765
2010-01-29,13.398
2010-02-01,13.5306
2010-02-02,13.5204
2010-02-03,13.4745
2010-02-04,13.148
2010-02-05,13.0816
2010-02-08,13.1276
2010-02-09,13.3776
2010-02-10,12.9235
2010-02-11,12.9592
2010-02-12,13.1122
2010-02-16,13.1786
2010-02-17,14.0255
2010-02-18,14.0408
2010-02-19,14.2959
2010-02-22,14.4031
2010-02-23,14.3878
2010-02-24,14.352
2010-02-25,13.9337
2010-02-26,13.5459
2010-03-01,13.7347
2010-03-02,13.6939
2010-03-03,13.6531
2010-03-04,13.8929
2010-03-05,14.1378
2010-03-08,14.2602
2010-03-09,14.3827
2010-03-10,14.3724
2010-03-11,14.5
2010-03-12,14.6633
2010-03-15,14.6173
2010-03-16,14.6837
2010-03-17,14.7245
2010-03-18,14.6684
2010-03-19,14.6429
2010-03-22,14.9541
2010-03-23,14.9898
2010-03-24,15.1122
2010-03-25,15.0306
2010-03-26,15.0714
2010-03-29,15.0153
2010-03-30,15.2041
2010-03-31,15.0051
2010-04-01,14.9592
2010-04-05,15.0918
2010-04-06,15.2704
2010-04-07,15.102
2010-04-08,15.1173
2010-04-09,15.3571
2010-04-12,15.2602
2010-04-13,15.3214
2010-04-14,15.3929
2010-04-15,15.398
2010-04-16,15.3112
2010-04-19,15.301
2010-04-20,15.5408
2010-04-21,15.6939
2010-04-22,15.699
2010-04-23,16.0102
2010-04-26,15.8827
2010-04-27,15.6071
2010-04-28,15.8163
2010-04-29,16.4235
2010-04-30,17.0306
2010-05-03,17.1327
2010-05-04,16.9286
2010-05-05,16.1888
2010-05-06,15.6888
2010-05-07,15.2449
2010-05-10,16.1786
2010-05-11,16.5612
2010-05-12,16.7857
2010-05-13,16.5612
2010-05-14,16.2041
2010-05-17,16.0561
2010-05-18,15.9082
2010-05-19,15.8367
2010-05-20,15.4184
2010-05-21,15.6633
2010-05-24,15.7704
2010-05-25,15.7857
2010-05-26,16.0306
2010-05-27,16.6888
2010-05-28,16.1939
2010-06-01,15.9337
2010-06-02,16.6786
2010-06-03,16.7551
2010-06-04,15.8571
2010-06-07,15.3622
2010-06-08,15.2551
2010-06-09,15.1531
2010-06-10,15.9592
2010-06-11,16.3673
2010-06-14,16.301
2010-06-15,16.7194
2010-06-16,16.6173
2010-06-17,16.8214
2010-06-18,16.8571
2010-06-21,17.1633
2010-06-22,16.9541
2010-06-23,16.8622
2010-06-24,16.4286
2010-06-25,16.5051
2010-06-28,16.7041
2010-06-29,15.6071
2010-06-30,15.7806
2010-07-01,16.0204
2010-07-02,15.7347
2010-07-06,15.8878
2010-07-07,16.0714
2010-07-08,16.0816
2010-07-09,16.0612
2010-07-12,15.898
2010-07-13,16.2602
2010-07-14,16.3776
2010-07-15,16.2704
2010-07-16,15.6276
2010-07-19,15.7296
2010-07-20,15.8571
2010-07-21,15.4796
2010-07-22,15.9694
2010-07-23,16.4439
2010-07-26,17.1888
2010-07-27,17.0
2010-07-28,16.9541
2010-07-29,17.1071
2010-07-30,17.5408
2010-08-02,17.7857
2010-08-03,17.3673
2010-08-04,17.3622
2010-08-05,17.2704
2010-08-06,17.0765
2010-08-09,17.0204
2010-08-10,17.1786
2010-08-11,16.8929
2010-08-12,16.6837
2010-08-13,16.7449
2010-08-16,16.6939
2010-08-17,17.1429
2010-08-18,17.3418
2010-08-19,16.9796
2010-08-20,17.1276
2010-08-23,17.1173
2010-08-24,16.7092
2010-08-25,16.7041
2010-08-26,16.898
2010-08-27,17.3112
2010-08-30,17.2092
2010-08-31,17.2449
2010-09-01,17.801
2010-09-02,18.0408
2010-09-03,18.4337
2010-09-07,17.852
2010-09-08,17.6786
2010-09-09,17.7347
2010-09-10,17.852
2010-09-13,17.9643
2010-09-14,18.2449
2010-09-15,18.699
2010-09-16,18.9184
2010-09-17,19.0816
2010-09-20,19.6531
2010-09-21,19.4949
2010-09-22,19.148
2010-09-23,19.0459
2010-09-24,19.4337
2010-09-27,19.5102
2010-09-28,19.4898
2010-09-29,19.5153
2010-09-30,19.4847
2010-10-01,19.2653
2010-10-04,19.0714
2010-10-05,19.5867
2010-10-06,19.3214
2010-10-07,19.5663
2010-10-08,19.3929
2010-10-11,19.3673
2010-10-12,19.4745
2010-10-13,19.7143
2010-10-14,19.3878
2010-10-15,19.3827
2010-10-18,19.4337
2010-10-19,19.1429
2010-10-20,19.4643
2010-10-21,19.4439
2010-10-22,19.699
2010-10-25,19.8418
2010-10-26,19.9439
2010-10-27,20.0663
2010-10-28,19.9388
2010-10-29,19.8469
2010-11-01,19.7755
2010-11-02,19.7449
2010-11-03,18.949
2010-11-04,18.5561
2010-11-05,18.1786
2010-11-08,18.2092
2010-11-09,18.0408
2010-11-10,18.3776
2010-11-11,18.1276
2010-11-12,17.9337
2010-11-15,17.9031
2010-11-16,17.8418
2010-11-17,18.3673
2010-11-18,18.8265
2010-11-19,18.8214
2010-11-22,18.6378
2010-11-23,18.2602
2010-11-24,18.6888
2010-11-26,18.6276
2010-11-29,18.398
2010-11-30,18.1173
2010-12-01,18.3469
2010-12-02,18.7551
2010-12-03,19.0918
2010-12-06,19.0816
2010-12-07,19.0714
2010-12-08,18.9031
2010-12-09,18.7653
2010-12-10,18.8878
2010-12-13,18.6531
2010-12-14,18.6786
2010-12-15,18.5867
2010-12-16,18.7041
2010-12-17,18.9133
2010-12-20,18.8776
2010-12-21,18.9337
2010-12-22,18.8827
2010-12-23,18.7755
2010-12-27,18.6786
2010-12-28,18.648
2010-12-29,18.7398
2010-12-30,18.6837
2010-12-31,18.7194
2011-01-03,18.7551
2011-01-04,18.4898
2011-01-05,18.0255
2011-01-06,17.7857
2011-01-07,17.7755
2011-01-10,17.602
2011-01-11,17.7296
2011-01-12,17.5561
2011-01-13,17.1684
2011-01-14,16.9796
2011-01-18,17.3367
2011-01-19,17.2908
2011-01-20,17.5051
2011-01-21,17.6173
2011-01-24,17.6837
2011-01-25,17.4439
2011-01-26,17.4694
2011-01-27,17.4337
2011-01-28,17.1276
2011-01-31,17.3265
2011-02-01,17.398
2011-02-02,17.8061
2011-02-03,18.4694
2011-02-04,18.7041
2011-02-07,19.0357
2011-02-08,19.3061
2011-02-09,19.3673
2011-02-10,19.5204
2011-02-11,19.7602
2011-02-14,19.7755
2011-02-15,19.898
2011-02-16,20.1122
2011-02-17,19.7092
2011-02-18,19.9235
2011-02-22,19.5612
2011-02-23,19.3418
2011-02-24,19.3163
2011-02-25,19.4541
2011-02-28,19.4235
2011-03-01,19.0408
2011-03-02,19.1888
2011-03-03,19.2704
2011-03-04,18.9337
2011-03-07,18.6071
2011-03-08,18.6224
2011-03-09,18.5102
2011-03-10,18.2653
2011-03-11,18.3265
2011-03-14,18.0255
2011-03-15,17.7806
2011-03-16,17.3316
2011-03-17,17.301
2011-03-18,17.5459
2011-03-21,17.7245
2011-03-22,17.602
2011-03-23,17.7449
2011-03-24,17.6735
2011-03-25,17.6429
2011-03-28,17.5051
2011-03-29,17.3469
2011-03-30,18.0612
2011-03-31,17.9643
2011-04-01,18.0918
2011-04-04,18.2551
2011-04-05,18.1582
2011-04-06,18.1735
2011-04-07,18.1429
2011-04-08,18.0918
2011-04-11,18.2092
2011-04-12,18.1939
2011-04-13,18.2806
2011-04-14,18.1786
2011-04-15,18.2704
2011-04-18,18.199
2011-04-19,18.4184
2011-04-20,18.8827
2011-04-21,18.8571
2011-04-25,19.2143
2011-04-26,19.0051
2011-04-27,19.2704
2011-04-28,19.8163
2011-04-29,20.1327
2011-05-02,20.3163
2011-05-03,20.2857
2011-05-04,20.0459
2011-05-05,20.0153
2011-05-06,20.3725
2011-05-09,20.2704
2011-05-10,20.352
2011-05-11,20.0
2011-05-12,20.3827
2011-05-13,20.1786
2011-05-16,19.8163
2011-05-17,19.7653
2011-05-18,20.2857
2011-05-19,20.5153
2011-05-20,20.2908
2011-05-23,20.0204
2011-05-24,19.6378
2011-05-25,19.6378
2011-05-26,19.6684
2011-05-27,19.6378
2011-05-31,19.8112
2011-06-01,19.4949
2011-06-02,19.3673
2011-06-03,19.0867
2011-06-06,18.6429
2011-06-07,18.801
2011-06-08,18.5714
2011-06-09,18.7398
2011-06-10,18.2653
2011-06-13,18.301
2011-06-14,18.5969
2011-06-15,18.1786
2011-06-16,18.5714
2011-06-17,18.6633
2011-06-20,18.8316
2011-06-21,19.2092
2011-06-22,19.051
2011-06-23,18.6122
2011-06-24,18.3265
2011-06-27,18.3673
2011-06-28,18.4847
2011-06-29,18.5357
2011-06-30,18.648
2011-07-01,19.0663
2011-07-05,19.301
2011-07-06,19.1224
2011-07-07,19.4898
2011-07-08,19.1531
2011-07-11,19.0612
2011-07-12,19.25
2011-07-13,19.2194
2011-07-14,19.148
2011-07-15,19.0867
2011-07-18,18.6378
2011-07-19,18.7194
2011-07-20,18.5
2011-07-21,18.8265
2011-07-22,18.8316
2011-07-25,18.449
2011-07-26,18.5102
2011-07-27,18.4439
2011-07-28,18.6224
2011-07-29,18.3827
2011-08-01,18.1378
2011-08-02,17.5765
2011-08-03,17.4541
2011-08-04,16.7653
2011-08-05,17.2653
2011-08-08,16.1531
2011-08-09,17.3673
2011-08-10,17.102
2011-08-11,17.9031
2011-08-12,18.3112
2011-08-15,18.6582
2011-08-16,18.7041
2011-08-17,18.5357
2011-08-18,17.2245
2011-08-19,17.1939
2011-08-22,16.8929
2011-08-23,17.8316
2011-08-24,18.2959
2011-08-25,18.199
2011-08-26,18.7857
2011-08-29,19.2194
2011-08-30,19.7245
2011-08-31,20.1582
2011-09-01,20.0255
2011-09-02,19.7806
2011-09-06,19.3776
2011-09-07,19.5663
2011-09-08,19.1071
2011-09-09,18.7245
2011-09-12,18.4031
2011-09-13,18.6633
2011-09-14,19.1327
2011-09-15,19.4949
2011-09-16,19.1786
2011-09-19,19.2398
2011-09-20,19.3622
2011-09-21,19.3571
2011-09-22,18.8316
2011-09-23,19.4541
2011-09-26,19.7959
2011-09-27,19.5612
2011-09-28,18.7194
2011-09-29,18.4184
2011-09-30,17.9337
2011-10-03,17.4133
2011-10-04,17.8214
2011-10-05,18.1531
2011-10-06,18.5816
2011-10-07,18.4337
2011-10-10,19.0459
2011-10-11,19.3316
2011-10-12,19.5561
2011-10-13,19.5561
2011-10-14,19.9898
2011-10-17,19.7908
2011-10-18,19.8776
2011-10-19,19.6582
2011-10-20,19.75
2011-10-21,20.5
2011-10-24,20.6327
2011-10-25,20.301
2011-10-26,20.0408
2011-10-27,20.2857
2011-10-28,20.0
2011-10-31,20.1888
2011-11-01,19.6276
2011-11-02,20.4337
2011-11-03,20.6378
2011-11-04,20.5204
2011-11-07,20.8112
2011-11-08,21.3265
2011-11-09,19.8622
2011-11-10,19.7806
2011-11-11,20.0714
2011-11-14,20.0867
2011-11-15,19.7398
2011-11-16,19.5918
2011-11-17,19.1378
2011-11-18,19.1327
2011-11-21,18.8673
2011-11-22,19.0969
2011-11-23,18.4643
2011-11-25,18.3929
2011-11-28,18.5
2011-11-29,18.5765
2011-11-30,19.3061
2011-12-01,19.1122
2011-12-02,19.4694
2011-12-05,19.3316
2011-12-06,19.4082
2011-12-07,19.3878
2011-12-08,19.0714
2011-12-09,19.3622
2011-12-12,19.2755
2011-12-13,19.2347
2011-12-14,18.8265
2011-12-15,18.7806
2011-12-16,18.5969
2011-12-19,18.4592
2011-12-20,18.9133
2011-12-21,18.8469
2011-12-22,18.8265
2011-12-23,18.9694
2011-12-27,19.0051
2011-12-28,19.1735
2011-12-29,19.1224
2011-12-30,19.2347
2012-01-03,19.2857
2012-01-04,19.1327
2012-01-05,18.949
2012-01-06,19.0408
2012-01-09,19.1122
2012-01-10,19.4592
2012-01-11,19.6837
2012-01-12,20.0918
2012-01-13,20.2143
2012-01-17,20.3265
2012-01-18,20.3878
2012-01-19,20.75
2012-01-20,20.398
2012-01-23,20.2908
2012-01-24,20.3418
2012-01-25,20.4235
2012-01-26,20.3418
2012-01-27,19.9949
2012-01-30,19.8622
2012-01-31,19.8214
2012-02-01,20.0306
2012-02-02,19.8725
2012-02-03,20.0714
2012-02-06,20.2959
2012-02-07,20.6939
2012-02-08,20.8367
2012-02-09,20.7908
2012-02-10,20.9388
2012-02-13,21.102
2012-02-14,21.1531
2012-02-15,21.1837
2012-02-16,21.0357
2012-02-17,21.1888
2012-02-21,20.9286
2012-02-22,20.8061
2012-02-23,20.8418
2012-02-24,20.9898
2012-02-27,21.0714
2012-02-28,21.7092
2012-02-29,22.1735
2012-03-01,22.1429
2012-03-02,22.602
2012-03-05,22.7296
2012-03-06,22.1327
2012-03-07,22.102
2012-03-08,22.5867
2012-03-09,22.4847
2012-03-12,22.2908
2012-03-13,23.0765
2012-03-14,22.7398
2012-03-15,22.7857
2012-03-16,23.0561
2012-03-19,23.1939
2012-03-20,22.8061
2012-03-21,23.4133
2012-03-22,23.3929
2012-03-23,23.6786
2012-03-26,23.6735
2012-03-27,23.5459
2012-03-28,23.4235
2012-03-29,23.449
2012-03-30,23.9184
2012-04-02,24.1276
2012-04-03,24.2092
2012-04-04,24.3061
2012-04-05,24.4643
2012-04-09,24.3061
2012-04-10,23.8571
2012-04-11,24.2857
2012-04-12,24.5867
2012-04-13,24.602
2012-04-16,24.3776
2012-04-17,24.5102
2012-04-18,24.551
2012-04-19,24.3878
2012-04-20,24.5867
2012-04-23,24.25
2012-04-24,24.4388
2012-04-25,24.6582
2012-04-26,25.0255
2012-04-27,25.7092
2012-04-30,25.352
2012-05-01,25.2041
2012-05-02,25.4439
2012-05-03,25.7398
2012-05-04,25.1327
2012-05-07,25.1837
2012-05-08,24.0612
2012-05-09,24.0918
2012-05-10,23.9592
2012-05-11,24.2398
2012-05-14,23.8827
2012-05-15,23.9439
2012-05-16,24.1122
2012-05-17,22.7704
2012-05-18,22.4745
2012-05-21,23.2551
2012-05-22,23.4133
2012-05-23,23.5459
2012-05-24,23.6633
2012-05-25,23.9949
2012-05-29,24.1786
2012-05-30,23.8571
2012-05-31,23.7704
2012-06-01,23.0612
2012-06-04,22.949
2012-06-05,23.2908
2012-06-06,23.7704
2012-06-07,24.0867
2012-06-08,24.2857
2012-06-11,24.3367
2012-06-12,24.6939
2012-06-13,23.8827
2012-06-14,23.9643
2012-06-15,24.2704
2012-06-18,24.5867
2012-06-19,24.9184
2012-06-20,25.3673
2012-06-21,25.2653
2012-06-22,25.2908
2012-06-25,25.1327
2012-06-26,25.148
2012-06-27,25.2959
2012-06-28,25.1684
2012-06-29,25.5561
2012-07-02,26.0408
2012-07-03,26.0255
2012-07-05,25.699
2012-07-06,25.2857
2012-07-09,24.4133
2012-07-10,23.7194
2012-07-11,23.6071
2012-07-12,23.5306
2012-07-13,23.6837
2012-07-16,23.0969
2012-07-17,23.6224
2012-07-18,23.6071
2012-07-19,23.9337
2012-07-20,23.6378
2012-07-23,23.301
2012-07-24,23.2092
2012-07-25,23.4898
2012-07-26,23.9694
2012-07-27,24.6735
2012-07-30,24.0255
2012-07-31,23.7857
2012-08-01,23.4592
2012-08-02,23.9949
2012-08-03,24.7857
2012-08-06,25.2653
2012-08-07,25.7806
2012-08-08,25.8214
2012-08-09,25.8724
2012-08-10,26.2245
2012-08-13,26.0204
2012-08-14,25.4745
2012-08-15,25.5663
2012-08-16,25.551
2012-08-17,25.3622
2012-08-20,25.1327
2012-08-21,25.2908
2012-08-22,25.1888
2012-08-23,24.9286
2012-08-24,25.5612
2012-08-27,25.8316
2012-08-28,25.7041
2012-08-29,25.8265
2012-08-30,26.0408
2012-08-31,26.4337
2012-09-04,26.5663
2012-09-05,26.398
2012-09-06,26.6633
2012-09-07,26.7704
2012-09-10,26.6327
2012-09-11,26.4898
2012-09-12,26.7602
2012-09-13,27.5612
2012-09-14,27.7755
2012-09-17,27.7857
2012-09-18,27.898
2012-09-19,28.3827
2012-09-20,28.3776
2012-09-21,28.4184
2012-09-24,28.1531
2012-09-25,27.8112
2012-09-26,27.9286
2012-09-27,28.4643
2012-09-28,28.5918
2012-10-01,28.7398
2012-10-02,28.5765
2012-10-03,28.7602
2012-10-04,29.1225
2012-10-05,29.2194
2012-10-08,28.8163
2012-10-09,28.4082
2012-10-10,28.6378
2012-10-11,28.8827
2012-10-12,28.9337
2012-10-15,29.3214
2012-10-16,29.4541
2012-10-17,29.1225
2012-10-18,29.3061
2012-10-19,28.6531
2012-10-22,28.8827
2012-10-23,28.4235
2012-10-24,28.0357
2012-10-25,27.8571
2012-10-26,27.4235
2012-10-31,27.949
2012-11-01,28.7755
2012-11-02,28.1429
2012-11-05,27.8469
2012-11-06,27.0867
2012-11-07,26.7449
2012-11-08,26.3571
2012-11-09,26.8112
2012-11-12,26.4796
2012-11-13,26.9082
2012-11-14,26.1633
2012-11-15,26.2449
2012-11-16,26.2041
2012-11-19,27.0663
2012-11-20,27.3163
2012-11-21,27.2857
2012-11-23,27.648
2012-11-26,27.6173
2012-11-27,27.5765
2012-11-28,28.0918
2012-11-29,28.4643
2012-11-30,28.7143
2012-12-03,28.4949
2012-12-04,28.6224
2012-12-05,29.102
2012-12-06,29.3265
2012-12-07,29.0102
2012-12-10,28.5969
2012-12-11,29.2245
2012-12-12,29.25
2012-12-13,28.6122
2012-12-14,28.7398
2012-12-17,29.3214
2012-12-18,30.0357
2012-12-19,29.8265
2012-12-20,29.852
2012-12-21,29.7398
2012-12-24,29.7296
2012-12-26,29.5969
2012-12-27,29.3367
2012-12-28,29.1429
2012-12-31,29.8469
2013-01-02,30.6939
2013-01-03,30.7806
2013-01-04,30.9898
2013-01-07,30.7194
2013-01-08,31.6173
2013-01-09,31.5918
2013-01-10,31.4592
2013-01-11,31.6786
2013-01-14,31.5255
2013-01-15,31.3878
2013-01-16,31.4235
2013-01-17,31.6276
2013-01-18,31.5612
2013-01-22,31.5306
2013-01-23,31.5255
2013-01-24,31.7347
2013-01-25,32.0408
2013-01-28,32.148
2013-01-29,32.199
2013-01-30,32.2908
2013-01-31,32.5051
2013-02-01,32.75
2013-02-04,32.5051
2013-02-05,32.6327
2013-02-06,32.4847
2013-02-07,32.8214
2013-02-08,32.9592
2013-02-11,32.8112
2013-02-12,32.7653
2013-02-13,32.8112
2013-02-14,32.5306
2013-02-15,32.148
2013-02-19,32.1531
2013-02-20,31.7449
2013-02-21,31.4388
2013-02-22,32.1429
2013-02-25,32.1378
2013-02-26,32.2398
2013-02-27,33.0867
2013-02-28,32.9082
2013-03-01,33.7602
2013-03-04,34.0102
2013-03-05,34.7398
2013-03-06,33.9184
2013-03-07,35.4592
2013-03-08,35.7092
2013-03-11,35.7653
2013-03-12,35.6735
2013-03-13,35.7551
2013-03-14,36.0204
2013-03-15,35.3775
2013-03-18,35.4439
2013-03-19,35.5561
2013-03-20,35.9694
2013-03-21,35.5918
2013-03-22,35.6735
2013-03-25,35.5051
2013-03-26,35.5918
2013-03-27,35.449
2013-03-28,35.4796
2013-04-01,35.699
2013-04-02,35.7245
2013-04-03,35.6276
2013-04-04,35.5714
2013-04-05,35.7092
2013-04-08,35.9949
2013-04-09,36.0612
2013-04-10,37.1275
2013-04-11,37.2857
2013-04-12,37.4898
2013-04-15,36.2755
2013-04-16,36.352
2013-04-17,36.2653
2013-04-18,35.7143
2013-04-19,36.2296
2013-04-22,36.1735
2013-04-23,36.1786
2013-04-24,36.1327
2013-04-25,36.3724
2013-04-26,36.1122
2013-04-29,36.1582
2013-04-30,36.1684
2013-05-01,36.0
2013-05-02,36.6633
2013-05-03,36.5306
2013-05-06,36.352
2013-05-07,35.9541
2013-05-08,35.6224
2013-05-09,35.9184
2013-05-10,36.2398
2013-05-13,35.6429
2013-05-14,36.0051
2013-05-15,36.0816
2013-05-16,35.8265
2013-05-17,35.6582
2013-05-20,35.5663
2013-05-21,36.051
2013-05-22,35.852
2013-05-23,35.9133
2013-05-24,35.7449
2013-05-28,36.1939
2013-05-29,35.7194
2013-05-30,35.8776
2013-05-31,35.699
2013-06-03,35.6327
2013-06-04,35.4337
2013-06-05,34.4592
2013-06-06,34.25
2013-06-07,34.7041
2013-06-10,33.6837
2013-06-11,33.5102
2013-06-12,33.2857
2013-06-13,34.3418
2013-06-14,34.7908
2013-06-17,35.2296
2013-06-18,35.7194
2013-06-19,35.0255
2013-06-20,34.2653
2013-06-21,34.4286
2013-06-24,34.551
2013-06-25,34.3775
2013-06-26,34.6582
2013-06-27,34.9694
2013-06-28,35.5969
2013-07-01,35.8469
2013-07-02,36.3163
2013-07-03,37.1837
2013-07-05,37.4133
2013-07-08,37.7857
2013-07-09,37.602
2013-07-10,37.9745
2013-07-11,38.7296
2013-07-12,39.102
2013-07-15,38.898
2013-07-16,38.8929
2013-07-17,39.148
2013-07-18,39.4592
2013-07-19,38.8827
2013-07-22,38.9898
2013-07-23,39.4286
2013-07-24,39.2653
2013-07-25,39.5867
2013-07-26,39.4796
2013-07-29,39.2194
2013-07-30,37.5918
2013-07-31,37.0714
2013-08-01,37.9184
2013-08-02,38.1786
2013-08-05,38.3827
2013-08-06,38.301
2013-08-07,38.4796
2013-08-08,38.3367
2013-08-09,38.2806
2013-08-12,38.1837
2013-08-13,38.602
2013-08-14,38.2194
2013-08-15,37.1633
2013-08-16,37.1071
2013-08-19,37.1939
2013-08-20,37.1531
2013-08-21,36.9592
2013-08-22,37.2245
2013-08-23,37.2806
2013-08-26,37.4949
2013-08-27,36.4439
2013-08-28,36.4949
2013-08-29,36.4949
2013-08-30,36.3112
2013-09-03,36.2296
2013-09-04,36.1378
2013-09-05,36.2347
2013-09-06,36.2398
2013-09-09,36.5561
2013-09-10,36.4694
2013-09-11,36.7806
2013-09-12,36.6582
2013-09-13,36.6378
2013-09-16,37.051
2013-09-17,37.5255
2013-09-18,37.7245
2013-09-19,38.1633
2013-09-20,38.0816
2013-09-23,37.4184
2013-09-24,37.3622
2013-09-25,37.648
2013-09-26,39.3112
2013-09-27,39.6735
2013-09-30,39.8571
2013-10-01,39.3316
2013-10-02,38.898
2013-10-03,38.3929
2013-10-04,38.3418
2013-10-07,37.7602
2013-10-08,36.9847
2013-10-09,36.6786
2013-10-10,37.449
2013-10-11,37.5153
2013-10-14,37.5153
2013-10-15,37.1378
2013-10-16,37.7143
2013-10-17,38.1633
2013-10-18,38.5102
2013-10-21,38.7755
2013-10-22,39.9337
2013-10-23,39.801
2013-10-24,40.25
2013-10-25,40.5
2013-10-28,40.3622
2013-10-29,40.2398
2013-10-30,39.8776
2013-10-31,42.199
2013-11-01,41.4235
2013-11-04,40.9847
2013-11-05,41.1684
2013-11-06,40.5867
2013-11-07,40.0459
2013-11-08,40.3316
2013-11-11,40.0867
2013-11-12,39.801
2013-11-13,40.4643
2013-11-14,40.5306
2013-11-15,40.5102
2013-11-18,40.4439
2013-11-19,40.2806
2013-11-20,40.3827
2013-11-21,40.3214
2013-11-22,40.6071
2013-11-25,40.5204
2013-11-26,40.9235
2013-11-27,41.0561
2013-11-29,41.2092
2013-12-02,40.8776
2013-12-03,40.3112
2013-12-04,39.7347
2013-12-05,39.5969
2013-12-06,40.2296
2013-12-09,40.2653
2013-12-10,40.0969
2013-12-11,39.8265
2013-12-12,39.0459
2013-12-13,38.9745
2013-12-16,39.5204
2013-12-17,39.5918
2013-12-18,40.6327
2013-12-19,40.6684
2013-12-20,41.2755
2013-12-23,41.5459
2013-12-24,41.7602
2013-12-26,41.9847
2013-12-27,42.0051
2013-12-30,42.6429
2013-12-31,42.7857
2014-01-02,42.102
2014-01-03,41.898
2014-01-06,41.1888
2014-01-07,40.8061
2014-01-08,39.8673
2014-01-09,40.0204
2014-01-10,39.5663
2014-01-13,38.3724
2014-01-14,38.6327
2014-01-15,38.699
2014-01-16,38.4286
2014-01-17,38.0255
2014-01-21,37.8214
2014-01-22,37.9082
2014-01-23,37.7449
2014-01-24,37.5459
2014-01-27,36.6173
2014-01-28,36.7908
2014-01-29,37.0408
2014-01-30,37.7449
2014-01-31,37.6122
2014-02-03,36.8929
2014-02-04,37.0
2014-02-05,37.4439
2014-02-06,38.4439
2014-02-07,38.7857
2014-02-10,38.6735
2014-02-11,38.801
2014-02-12,38.8112
2014-02-13,37.1684
2014-02-14,38.1531
2014-02-18,38.0765
2014-02-19,38.4745
2014-02-20,39.0612
2014-02-21,39.4541
2014-02-24,39.3724
2014-02-25,39.0306
2014-02-26,38.8061
2014-02-27,38.9388
2014-02-28,39.352
2014-03-03,38.9949
2014-03-04,39.898
2014-03-05,40.0051
2014-03-06,40.6888
2014-03-07,40.4592
2014-03-10,40.8163
2014-03-11,40.2347
2014-03-12,40.4388
2014-03-13,39.8776
2014-03-14,39.6582
2014-03-17,39.4643
2014-03-18,39.6173
2014-03-19,39.4847
2014-03-20,39.2959
2014-03-21,39.6888
2014-03-24,39.2245
2014-03-25,39.0663
2014-03-26,38.8469
2014-03-27,38.6327
2014-03-28,39.0306
2014-03-31,39.3163
2014-04-01,39.9949
2014-04-02,40.1633
2014-04-03,40.0867
2014-04-04,39.602
2014-04-07,38.4949
2014-04-08,38.2143
2014-04-09,38.5459
2014-04-10,37.9184
2014-04-11,37.1582
2014-04-14,36.8673
2014-04-15,36.6173
2014-04-16,37.0918
2014-04-17,37.1173
2014-04-21,36.9592
2014-04-22,37.0357
2014-04-23,36.8163
2014-04-24,36.7245
2014-04-25,36.5
2014-04-28,35.7806
2014-04-29,35.6888
2014-04-30,35.7806
2014-05-01,36.0255
2014-05-02,36.0918
2014-05-05,36.4847
2014-05-06,34.8418
2014-05-07,34.1582
2014-05-08,34.7959
2014-05-09,34.1735
2014-05-12,34.5816
2014-05-13,34.3316
2014-05-14,34.25
2014-05-15,34.2857
2014-05-16,34.6378
2014-05-19,35.0357
2014-05-20,34.949
2014-05-21,36.7398
2014-05-22,37.1837
2014-05-23,38.3214
2014-05-27,38.699
2014-05-28,39.1786
2014-05-29,38.6122
2014-05-30,38.2398
2014-06-02,39.0816
2014-06-03,39.4031
2014-06-04,39.5867
2014-06-05,40.0408
2014-06-06,40.1837
2014-06-09,40.2143
2014-06-10,40.1429
2014-06-11,39.5102
2014-06-12,39.4388
2014-06-13,39.0306
2014-06-16,38.9133
2014-06-17,38.9643
2014-06-18,38.7806
2014-06-19,38.2143
2014-06-20,37.3929
2014-06-23,37.551
2014-06-24,37.5357
2014-06-25,37.4541
2014-06-26,36.7755
2014-06-27,36.8827
2014-06-30,37.0357
2014-07-01,37.9541
2014-07-02,38.3265
2014-07-03,38.6735
2014-07-07,38.4796
2014-07-08,38.4184
2014-07-09,39.3469
2014-07-10,39.3265
2014-07-11,39.7194
2014-07-14,39.2806
2014-07-15,39.4898
2014-07-16,41.8776
2014-07-17,42.5816
2014-07-18,42.8571
2014-07-21,42.4286
2014-07-22,42.0102
2014-07-23,41.5255
2014-07-24,41.4694
2014-07-25,41.5969
2014-07-28,41.7143
2014-07-29,41.5459
2014-07-30,42.1531
2014-07-31,42.9082
2014-08-01,41.7551
2014-08-04,42.4337
2014-08-05,42.25
2014-08-06,41.4388
2014-08-07,39.78
2014-08-08,40.96
2014-08-11,40.97
2014-08-12,40.73
2014-08-13,40.94
2014-08-14,40.96
2014-08-15,41.62
2014-08-18,42.36
2014-08-19,42.73
2014-08-20,43.2
2014-08-21,43.19
2014-08-22,43.06
2014-08-25,42.79
2014-08-26,43.08
2014-08-27,42.92
2014-08-28,42.91
2014-08-29,42.97
2014-09-02,43.61
2014-09-03,43.14
2014-09-04,43.03
2014-09-05,42.63
2014-09-08,42.16
2014-09-09,40.25
2014-09-10,40.32
2014-09-11,39.92
2014-09-12,38.8
2014-09-15,38.53
2014-09-16,38.97
2014-09-17,39.35
2014-09-18,39.42
2014-09-19,39.52
2014-09-22,38.57
2014-09-23,37.67
2014-09-24,37.54
2014-09-25,37.6
2014-09-26,38.19
2014-09-29,37.21
2014-09-30,37.28
2014-10-01,36.02
2014-10-02,36.05
2014-10-03,36.77
2014-10-06,36.57
2014-10-07,35.41
2014-10-08,36.01
2014-10-09,34.94
2014-10-10,34.53
2014-10-13,33.46
2014-10-14,33.83
2014-10-15,33.85
2014-10-16,33.97
2014-10-17,34.38
2014-10-20,34.16
2014-10-21,35.9
2014-10-22,34.48
2014-10-23,35.69
2014-10-24,36.19
2014-10-27,36.19
2014-10-28,37.05
2014-10-29,36.66
2014-10-30,35.95
2014-10-31,34.99
2014-11-03,35.17
2014-11-04,33.37
2014-11-05,34.49
2014-11-06,32.87
2014-11-07,32.34
2014-11-10,31.95
2014-11-11,31.54
2014-11-12,31.38
2014-11-13,32.0
2014-11-14,32.32
2014-11-17,31.47
2014-11-18,32.69
2014-11-19,32.49
2014-11-20,33.47
2014-11-21,33.18
2014-11-24,33.8
2014-11-25,33.92
2014-11-26,33.86
2014-11-28,34.01
2014-12-01,33.98
2014-12-02,34.31
2014-12-03,34.69
2014-12-04,33.94
2014-12-05,33.31
2014-12-08,33.23
2014-12-09,33.96
2014-12-10,33.15
2014-12-11,33.19
2014-12-12,32.54
2014-12-15,31.95
2014-12-16,32.29
2014-12-17,33.52
2014-12-18,34.57
2014-12-19,34.54
2014-12-22,34.0
2014-12-23,34.2
2014-12-24,33.99
2014-12-26,33.81
2014-12-29,34.46
2014-12-30,34.22
2014-12-31,33.72
2015-01-02,33.44
2015-01-05,32.13
2015-01-06,31.12
2015-01-07,31.32
2015-01-08,31.43
2015-01-09,31.17
2015-01-12,30.88
2015-01-13,30.33
2015-01-14,29.17
2015-01-15,28.46
2015-01-16,28.54
2015-01-20,28.23
2015-01-21,28.4
2015-01-22,28.88
2015-01-23,28.98
2015-01-26,29.14
2015-01-27,29.35
2015-01-28,28.88
2015-01-29,28.77
2015-01-30,27.88
2015-02-02,28.1
2015-02-03,28.38
2015-02-04,28.94
2015-02-05,28.38
2015-02-06,28.91
2015-02-09,29.13
2015-02-10,29.87
2015-02-11,29.55
2015-02-12,29.52
2015-02-13,30.32
2015-02-17,30.02
2015-02-18,29.98
2015-02-19,29.96
2015-02-20,29.5
2015-02-23,30.34
2015-02-24,30.71
2015-02-25,31.38
2015-02-26,30.84
2015-02-27,30.51
2015-03-02,31.08
2015-03-03,32.54
2015-03-04,32.17
2015-03-05,32.15
2015-03-06,31.77
2015-03-09,31.52
2015-03-10,31.17
2015-03-11,31.35
2015-03-12,31.21
2015-03-13,30.97
2015-03-16,31.39
2015-03-17,31.04
2015-03-18,30.73
2015-03-19,30.66
2015-03-20,31.38
2015-03-23,31.24
2015-03-24,31.15
2015-03-25,30.16
2015-03-26,29.69
2015-03-27,29.77
2015-03-30,29.79
2015-03-31,29.48
2015-04-01,29.82
2015-04-02,30.65
2015-04-06,31.62
2015-04-07,31.68
2015-04-08,31.77
2015-04-09,32.09
2015-04-10,31.82
2015-04-13,31.67
2015-04-14,31.43
2015-04-15,31.91
2015-04-16,31.75
2015-04-17,31.15
2015-04-20,32.17
2015-04-21,31.77
2015-04-22,31.69
2015-04-23,31.8
2015-04-24,31.02
2015-04-27,30.43
2015-04-28,29.93
2015-04-29,30.17
2015-04-30,30.23
2015-05-01,30.5
2015-05-04,30.9
2015-05-05,30.33
2015-05-06,29.59
2015-05-07,29.08
2015-05-08,28.91
2015-05-11,28.53
2015-05-12,29.38
2015-05-13,29.09
2015-05-14,29.16
2015-05-15,29.46
2015-05-18,30.64
2015-05-19,30.9
2015-05-20,31.07
2015-05-21,31.0
2015-05-22,30.96
2015-05-26,30.61
2015-05-27,31.01
2015-05-28,31.02
2015-05-29,31.44
2015-06-01,31.44
2015-06-02,31.58
2015-06-03,31.5
2015-06-04,31.46
2015-06-05,31.89
2015-06-08,31.42
2015-06-09,30.93
2015-06-10,30.92
2015-06-11,30.77
2015-06-12,30.38
2015-06-15,30.6
2015-06-16,30.83
2015-06-17,31.27
2015-06-18,31.79
2015-06-19,31.95
2015-06-22,31.93
2015-06-23,32.0
2015-06-24,31.76
2015-06-25,31.65
2015-06-26,31.55
2015-06-29,31.0
2015-06-30,31.08
2015-07-01,31.09
2015-07-02,31.25
2015-07-06,31.0
2015-07-07,31.62
2015-07-08,30.85
2015-07-09,30.56
2015-07-10,31.32
2015-07-13,31.46
2015-07-14,31.89
2015-07-15,31.94
2015-07-16,32.68
2015-07-17,31.0
2015-07-20,30.24
2015-07-21,29.46
2015-07-22,29.91
2015-07-23,29.66
2015-07-24,29.5
2015-07-27,29.1
2015-07-28,28.89
2015-07-29,29.34
2015-07-30,29.67
2015-07-31,30.3
2015-08-03,30.01
2015-08-04,30.06
2015-08-05,26.72
2015-08-06,27.97
2015-08-07,27.75
2015-08-10,27.96
2015-08-11,27.25
2015-08-12,27.49
2015-08-13,27.25
2015-08-14,27.12
2015-08-17,27.67
2015-08-18,27.75
2015-08-19,27.6
2015-08-20,26.27
2015-08-21,25.99
2015-08-24,24.86
2015-08-25,24.21
2015-08-26,25.1
2015-08-27,25.32
2015-08-28,25.71
2015-08-31,25.36
2015-09-01,25.23
2015-09-02,25.5
2015-09-03,25.84
2015-09-04,25.23
2015-09-08,25.81
2015-09-09,25.34
2015-09-10,25.46
2015-09-11,25.38
2015-09-14,24.82
2015-09-15,25.34
2015-09-16,25.93
2015-09-17,26.26
2015-09-18,26.24
2015-09-21,26.63
2015-09-22,25.97
2015-09-23,25.93
2015-09-24,26.0
2015-09-25,25.95
2015-09-28,25.88
2015-09-29,24.7
2015-09-30,24.29
2015-10-01,23.83
2015-10-02,24.39
2015-10-05,25.33
2015-10-06,25.73
2015-10-07,26.42
2015-10-08,27.03
2015-10-09,27.26
2015-10-12,27.21
2015-10-13,27.09
2015-10-14,26.58
2015-10-15,27.11
2015-10-16,26.71
2015-10-19,26.73
2015-10-20,27.2
2015-10-21,26.88
2015-10-22,27.65
2015-10-23,27.81
2015-10-26,27.56
2015-10-27,26.94
2015-10-28,27.68
2015-10-29,27.46
2015-10-30,27.52
2015-11-02,27.99
2015-11-03,29.06
2015-11-04,28.61
2015-11-05,27.94
2015-11-06,27.53
2015-11-09,27.57
2015-11-10,28.55
2015-11-11,29.22
2015-11-12,28.87
2015-11-13,28.68
2015-11-16,29.16
2015-11-17,28.7
2015-11-18,29.45
2015-11-19,28.86
2015-11-20,29.06
2015-11-23,29.19
2015-11-24,29.25
2015-11-25,29.32
2015-11-27,29.46
2015-11-30,29.58
2015-12-01,29.53
2015-12-02,28.78
2015-12-03,28.68
2015-12-04,29.4
2015-12-07,29.39
2015-12-08,28.18
2015-12-09,27.29
2015-12-10,27.19
2015-12-11,26.25
2015-12-14,25.35
2015-12-15,25.48
2015-12-16,26.11
2015-12-17,25.38
2015-12-18,24.98
2015-12-21,25.13
2015-12-22,25.53
2015-12-23,25.73
2015-12-24,25.55
2015-12-28,25.35
2015-12-29,25.38
2015-12-30,25.06
2015-12-31,25.22
2016-01-04,25.16
2016-01-05,25.27
2016-01-06,25.1
2016-01-07,24.32
2016-01-08,25.0
2016-01-11,24.85
2016-01-12,25.25
2016-01-13,24.62
2016-01-14,25.42
2016-01-15,25.07
2016-01-19,25.22
2016-01-20,25.02
2016-01-21,25.54
2016-01-22,26.43
2016-01-25,25.92
2016-01-26,27.12
2016-01-27,26.79
2016-01-28,26.44
2016-01-29,27.21
2016-02-01,27.39
2016-02-02,26.06
2016-02-03,26.89
2016-02-04,27.19
2016-02-05,26.59
2016-02-08,25.39
2016-02-09,24.33
2016-02-10,24.28
2016-02-11,23.81
2016-02-12,24.44
2016-02-16,25.03
2016-02-17,26.01
2016-02-18,25.27
2016-02-19,24.94
2016-02-22,25.71
2016-02-23,24.69
2016-02-24,24.82
2016-02-25,24.57
2016-02-26,24.58
2016-02-29,24.65
2016-03-01,25.77
2016-03-02,26.0
2016-03-03,26.82
2016-03-04,26.73
2016-03-07,27.09
2016-03-08,26.24
2016-03-09,26.62
2016-03-10,26.57
2016-03-11,27.32
2016-03-14,26.67
2016-03-15,26.29
2016-03-16,27.02
2016-03-17,27.6
2016-03-18,28.0
2016-03-21,27.9
2016-03-22,27.33
2016-03-23,26.44
2016-03-24,26.53
2016-03-28,26.63
2016-03-29,26.64
2016-03-30,26.64
2016-03-31,27.0
2016-04-01,27.48
2016-04-04,27.62
2016-04-05,27.49
2016-04-06,27.7
2016-04-07,26.96
2016-04-08,27.38
2016-04-11,27.51
2016-04-12,27.64
2016-04-13,27.85
2016-04-14,27.61
2016-04-15,27.59
2016-04-18,27.81
2016-04-19,27.68
2016-04-20,27.61
2016-04-21,27.68
2016-04-22,27.95
2016-04-25,27.4
2016-04-26,27.61
2016-04-27,27.8
2016-04-28,27.49
2016-04-29,26.78
2016-05-02,27.5
2016-05-03,26.58
2016-05-04,26.24
2016-05-05,27.22
2016-05-06,27.67
2016-05-09,27.57
2016-05-10,28.48
2016-05-11,28.06
2016-05-12,27.31
2016-05-13,27.04
2016-05-16,26.64
2016-05-17,26.44
2016-05-18,25.93
2016-05-19,25.1
2016-05-20,25.17
2016-05-23,25.15
2016-05-24,25.38
2016-05-25,25.87
2016-05-26,25.97
2016-05-27,26.37
2016-05-31,26.77
2016-06-01,26.66
2016-06-02,27.11
2016-06-03,27.09
2016-06-06,27.54
2016-06-07,26.83
2016-06-08,26.9
2016-06-09,26.29
2016-06-10,25.26
2016-06-13,25.08
2016-06-14,24.82
2016-06-15,24.7
2016-06-16,24.68
2016-06-17,24.75
2016-06-20,25.03
2016-06-21,24.66
2016-06-22,24.84
2016-06-23,25.11
2016-06-24,23.35
2016-06-27,22.54
2016-06-28,22.66
2016-06-29,23.08
2016-06-30,23.85
2016-07-01,23.89
2016-07-05,23.44
2016-07-06,23.9
2016-07-07,24.23
2016-07-08,24.44
2016-07-11,24.25
2016-07-12,24.55
2016-07-13,24.52
2016-07-14,24.72
2016-07-15,24.33
2016-07-18,24.43
2016-07-19,24.44
2016-07-20,24.48
2016-07-21,24.56
2016-07-22,24.78
2016-07-25,24.74
2016-07-26,24.85
2016-07-27,24.76
2016-07-28,24.59
2016-07-29,24.54
2016-08-01,24.19
2016-08-02,25.41
2016-08-03,25.91
2016-08-04,25.45
2016-08-05,25.33
2016-08-08,25.11
2016-08-09,24.72
2016-08-10,24.65
2016-08-11,24.89
2016-08-12,25.33
2016-08-15,25.42
2016-08-16,25.24
2016-08-17,25.93
2016-08-18,25.91
2016-08-19,25.98
2016-08-22,25.86
2016-08-23,25.59
2016-08-24,25.34
2016-08-25,25.09
2016-08-26,25.0
2016-08-29,24.94
2016-08-30,24.82
2016-08-31,24.82
2016-09-01,24.95
2016-09-02,25.08
2016-09-06,24.47
2016-09-07,24.44
2016-09-08,24.52
2016-09-09,23.67
2016-09-12,24.18
2016-09-13,23.77
2016-09-14,23.79
2016-09-15,23.7
2016-09-16,23.61
2016-09-19,23.74
2016-09-20,23.57
2016-09-21,23.87
2016-09-22,24.84
2016-09-23,25.22
2016-09-26,25.33
2016-09-27,25.69
2016-09-28,26.11
2016-09-29,26.09
2016-09-30,26.31
2016-10-03,26.84
2016-10-04,26.75
2016-10-05,26.97
2016-10-06,27.13
2016-10-07,26.49
2016-10-10,26.41
2016-10-11,25.82
2016-10-12,25.55
2016-10-13,25.02
2016-10-14,24.73
2016-10-17,24.59
2016-10-18,24.5
2016-10-19,24.86
2016-10-20,24.98
2016-10-21,25.9
2016-10-24,25.91
2016-10-25,25.47
2016-10-26,25.66
2016-10-27,25.4
2016-10-28,25.17
2016-10-31,25.11
2016-11-01,24.79
2016-11-02,24.37
2016-11-03,24.81
2016-11-04,24.59
2016-11-07,24.73
2016-11-08,25.06
2016-11-09,25.16
2016-11-10,25.34
2016-11-11,25.78
2016-11-14,27.32
2016-11-15,26.71
2016-11-16,26.66
2016-11-17,27.09
2016-11-18,26.75
2016-11-21,26.71
2016-11-22,26.6
2016-11-23,26.5
2016-11-25,26.77
2016-11-28,26.58
2016-11-29,27.12
2016-11-30,26.44
2016-12-01,26.54
2016-12-02,26.02
2016-12-05,26.67
2016-12-06,27.03
2016-12-07,28.04
2016-12-08,28.66
2016-12-09,28.24
2016-12-12,27.7
2016-12-13,27.83
2016-12-14,27.74
2016-12-15,27.83
2016-12-16,27.52
2016-12-19,27.39
2016-12-20,27.64
2016-12-21,27.68
2016-12-22,27.41
2016-12-23,27.3
2016-12-27,27.5
2016-12-28,27.27
2016-12-29,27.01
2016-12-30,26.78
2017-01-03,27.37
2017-01-04,27.63
2017-01-05,26.6
2017-01-06,26.86
2017-01-09,26.25
2017-01-10,25.76
2017-01-11,25.99
2017-01-12,26.65
2017-01-13,26.82
2017-01-17,27.14
2017-01-18,27.4
2017-01-19,27.35
2017-01-20,27.31
2017-01-23,27.58
2017-01-24,27.8
2017-01-25,27.05
2017-01-26,27.28
2017-01-27,27.41
2017-01-30,27.4
2017-01-31,27.71
2017-02-01,27.4
2017-02-02,27.16
2017-02-03,27.44
2017-02-06,27.24
2017-02-07,27.25
2017-02-08,26.78
2017-02-09,27.22
2017-02-10,27.65
2017-02-13,28.1
2017-02-14,27.89
2017-02-15,27.89
2017-02-16,27.99
2017-02-17,28.09
2017-02-21,28.87
2017-02-22,28.64
2017-02-23,28.6
2017-02-24,28.55
2017-02-27,28.33
2017-02-28,28.07
2017-03-01,27.87
2017-03-02,27.66
2017-03-03,27.2
2017-03-06,27.19
2017-03-07,27.2
2017-03-08,27.39
2017-03-09,27.29
2017-03-10,27.09
2017-03-13,26.77
2017-03-14,26.67
2017-03-15,27.21
2017-03-16,27.4
2017-03-17,27.35
2017-03-20,27.16
2017-03-21,26.83
2017-03-22,27.0
2017-03-23,27.15
2017-03-24,27.07
2017-03-27,27.11
2017-03-28,27.2
2017-03-29,27.51
2017-03-30,28.05
2017-03-31,28.31
2017-04-03,28.2
2017-04-04,28.58
2017-04-05,28.56
2017-04-06,28.62
2017-04-07,28.57
2017-04-10,28.61
2017-04-11,28.48
2017-04-12,28.14
2017-04-13,27.73
2017-04-17,27.94
2017-04-18,28.02
2017-04-19,28.37
2017-04-20,28.72
2017-04-21,28.65
2017-04-24,28.9
2017-04-25,28.76
2017-04-26,28.79
2017-04-27,28.71
2017-04-28,27.98
2017-05-01,27.19
2017-05-02,27.21
2017-05-03,26.19
2017-05-04,26.08
2017-05-05,26.46
2017-05-08,26.51
2017-05-09,26.0
2017-05-10,25.45
2017-05-11,25.7
2017-05-12,25.45
2017-05-15,25.26
2017-05-16,24.81
2017-05-17,24.39
2017-05-18,24.53
2017-05-19,25.18
2017-05-22,25.46
2017-05-23,24.97
2017-05-24,24.87
2017-05-25,25.0
2017-05-26,25.25
2017-05-30,25.53
2017-05-31,25.83
2017-06-01,26.06
2017-06-02,25.85
2017-06-05,25.63
2017-06-06,25.51
2017-06-07,25.63
2017-06-08,25.28
2017-06-09,25.27
2017-06-12,25.6
2017-06-13,25.54
2017-06-14,25.42
2017-06-15,25.52
2017-06-16,25.6
2017-06-19,25.55
2017-06-20,24.73
2017-06-21,24.8
2017-06-22,24.82
2017-06-23,25.06
2017-06-26,25.44
2017-06-27,25.39
2017-06-28,25.4
2017-06-29,25.24
2017-06-30,25.21
2017-07-03,25.51
2017-07-05,25.45
2017-07-06,25.08
2017-07-07,25.15
2017-07-10,25.47
2017-07-11,25.48
2017-07-12,25.49
2017-07-13,25.49
2017-07-14,25.55
2017-07-17,25.56
2017-07-18,25.36
2017-07-19,26.21
2017-07-20,25.71
2017-07-21,25.51
2017-07-24,25.48
2017-07-25,25.07
2017-07-26,25.54
2017-07-27,25.14
2017-07-28,25.5
2017-07-31,23.13
2017-08-01,22.98
2017-08-02,23.79
2017-08-03,23.59
2017-08-04,22.6
2017-08-07,23.02
2017-08-08,23.02
2017-08-09,22.39
2017-08-10,21.93
2017-08-11,21.87
2017-08-14,21.75
2017-08-15,21.52
2017-08-16,21.35
2017-08-17,21.03
2017-08-18,21.25
2017-08-21,21.09
2017-08-22,21.22
2017-08-23,21.2
2017-08-24,21.25
2017-08-25,21.39
2017-08-28,21.52
2017-08-29,21.18
2017-08-30,20.85
2017-08-31,21.01
2017-09-01,20.92
2017-09-05,20.41
2017-09-06,20.63
2017-09-07,20.1
2017-09-08,20.06
2017-09-11,19.62
2017-09-12,19.77
2017-09-13,19.96
2017-09-14,20.2
2017-09-15,20.64
2017-09-18,20.14
2017-09-19,20.06
2017-09-20,20.07
2017-09-21,20.3
2017-09-22,20.42
2017-09-25,20.36
2017-09-26,20.29
2017-09-27,20.34
2017-09-28,20.24
2017-09-29,20.26
2017-10-02,20.41
2017-10-03,20.4
2017-10-04,20.57
2017-10-05,20.37
2017-10-06,20.25
2017-10-09,19.79
2017-10-10,19.4
2017-10-11,18.93
2017-10-12,18.23
2017-10-13,18.25
2017-10-16,18.05
2017-10-17,18.09
2017-10-18,18.53
2017-10-19,18.97
2017-10-20,19.26
2017-10-23,18.66
2017-10-24,18.45
2017-10-25,18.18
2017-10-26,18.27
2017-10-27,17.98
2017-10-30,17.93
2017-10-31,17.81
2017-11-01,18.09
2017-11-02,16.26
2017-11-03,15.39
2017-11-06,16.01
2017-11-07,16.21
2017-11-08,15.99
2017-11-09,16.1
2017-11-10,16.12
2017-11-13,15.93
2017-11-14,15.27
2017-11-15,15.75
2017-11-16,15.72
2017-11-17,16.46
2017-11-20,16.28
2017-11-21,16.21
2017-11-22,16.72
2017-11-24,16.46
2017-11-27,16.39
2017-11-28,16.87
2017-11-29,17.78
2017-11-30,18.08
2017-12-01,18.4
2017-12-04,19.52
2017-12-05,18.57
2017-12-06,18.26
2017-12-07,18.34
2017-12-08,18.4
2017-12-11,18.44
2017-12-12,18.32
2017-12-13,18.5
2017-12-14,18.65
2017-12-15,19.75
2017-12-18,20.41
2017-12-19,20.84
2017-12-20,21.12
2017-12-21,22.16
2017-12-22,22.47
2017-12-26,22.3
2017-12-27,21.74
2017-12-28,21.28
2017-12-29,21.17
2018-01-02,21.83
2018-01-03,21.48
2018-01-04,20.89
2018-01-05,20.79
2018-01-08,21.13
2018-01-09,20.5
2018-01-10,21.69
2018-01-11,22.71
2018-01-12,23.0
2018-01-16,23.2
2018-01-17,23.4
2018-01-18,24.23
2018-01-19,24.43
2018-01-22,25.09
2018-01-23,24.5
2018-01-24,24.67
2018-01-25,24.44
2018-01-26,24.82
2018-01-29,24.7
2018-01-30,23.87
2018-01-31,23.86
2018-02-01,24.17
2018-02-02,22.8
2018-02-05,21.71
2018-02-06,22.66
2018-02-07,21.95
2018-02-08,21.58
2018-02-09,21.39
2018-02-12,21.87
2018-02-13,22.27
2018-02-14,22.68
2018-02-15,22.82
2018-02-16,22.65
2018-02-20,23.04
2018-02-21,22.89
2018-02-22,22.6
2018-02-23,22.74
2018-02-26,23.83
2018-02-27,24.75
2018-02-28,22.98
2018-03-01,22.7
2018-03-02,23.15
2018-03-05,23.01
2018-03-06,22.86
2018-03-07,22.39
2018-03-08,22.46
2018-03-09,22.49
2018-03-12,22.62
2018-03-13,22.45
2018-03-14,22.25
2018-03-15,21.61
2018-03-16,21.58
2018-03-19,21.24
2018-03-20,20.31
2018-03-21,20.5
2018-03-22,19.88
2018-03-23,19.42
2018-03-26,19.89
2018-03-27,19.73
2018-03-28,19.27
2018-03-29,19.52
2018-04-02,19.57
2018-04-03,20.17
2018-04-04,20.66
2018-04-05,20.73
2018-04-06,20.73
2018-04-09,20.67
2018-04-10,20.68
2018-04-11,20.55
2018-04-12,21.35
2018-04-13,21.04
2018-04-16,21.49
2018-04-17,21.96
2018-04-18,21.74
2018-04-19,21.63
2018-04-20,21.46
2018-04-23,22.14
2018-04-24,22.35
2018-04-25,22.56
2018-04-26,22.64
2018-04-27,22.5
2018-04-30,22.22
2018-05-01,22.55
2018-05-02,22.28
2018-05-03,21.63
2018-05-04,21.88
2018-05-07,22.13
2018-05-08,21.83
2018-05-09,21.11
2018-05-10,22.57
2018-05-11,22.84
2018-05-14,22.51
2018-05-15,21.7
2018-05-16,22.45
2018-05-17,21.82
2018-05-18,21.42
2018-05-21,21.44
2018-05-22,22.0
2018-05-23,21.34
2018-05-24,21.24
2018-05-25,20.95
2018-05-29,20.41
2018-05-30,19.94
2018-05-31,19.77
2018-06-01,19.85
2018-06-04,19.97
2018-06-05,20.65
2018-06-06,21.17
2018-06-07,21.47
2018-06-08,21.8
2018-06-11,22.63
2018-06-12,22.82
2018-06-13,23.14
2018-06-14,24.15
2018-06-15,25.31
2018-06-18,25.34
2018-06-19,25.68
2018-06-20,26.18
2018-06-21,25.94
2018-06-22,26.25
2018-06-25,26.1
2018-06-26,25.85
2018-06-27,26.08
2018-06-28,26.3
2018-06-29,25.5
2018-07-02,25.58
2018-07-03,25.34
2018-07-05,25.57
2018-07-06,25.76
2018-07-09,26.14
2018-07-10,26.22
2018-07-11,25.61
2018-07-12,25.52
2018-07-13,25.51
2018-07-16,25.35
2018-07-17,24.6
2018-07-18,24.77
2018-07-19,24.7
2018-07-20,24.59
2018-07-23,24.6
2018-07-24,24.13
2018-07-25,24.06
2018-07-26,24.44
2018-07-27,24.26
2018-07-30,24.3
2018-07-31,24.55
2018-08-01,24.2
2018-08-02,24.44
2018-08-03,24.94
2018-08-06,24.81
2018-08-07,23.8
2018-08-08,23.96
2018-08-09,24.31
2018-08-10,24.17
2018-08-13,24.13
2018-08-14,24.56
2018-08-15,24.23
2018-08-16,24.49
2018-08-17,24.92
2018-08-20,25.82
2018-08-21,27.31
2018-08-22,26.82
2018-08-23,26.58
2018-08-24,26.32
2018-08-27,26.52
2018-08-28,26.05
2018-08-29,26.12
2018-08-30,26.13
2018-08-31,25.64
2018-09-04,25.32
2018-09-05,25.44
2018-09-06,25.43
2018-09-07,25.75
2018-09-10,26.21
2018-09-11,26.46
2018-09-12,28.36
2018-09-13,29.22
2018-09-14,29.55
2018-09-17,29.3
2018-09-18,28.96
2018-09-19,29.43
2018-09-20,29.62
2018-09-21,29.07
2018-09-24,29.12
2018-09-25,28.93
2018-09-26,29.01
2018-09-27,29.42
2018-09-28,29.58
2018-10-01,29.87
2018-10-02,30.37
2018-10-03,30.62
2018-10-04,30.59
2018-10-05,30.24
2018-10-08,30.23
2018-10-09,29.78
2018-10-10,29.34
2018-10-11,28.45
2018-10-12,29.05
2018-10-15,29.42
2018-10-16,30.08
2018-10-17,30.1
2018-10-18,30.09
2018-10-19,30.21
2018-10-22,30.11
2018-10-23,29.73
2018-10-24,27.08
2018-10-25,28.19
2018-10-26,27.42
2018-10-29,27.59
2018-10-30,28.37
2018-10-31,29.31
2018-11-01,29.78
2018-11-02,29.14
2018-11-05,29.98
2018-11-06,30.01
2018-11-07,29.85
2018-11-08,30.41
2018-11-09,29.71
2018-11-12,29.21
2018-11-13,28.89
2018-11-14,28.95
2018-11-15,28.72
2018-11-16,28.56
2018-11-19,27.84
2018-11-20,26.82
2018-11-21,27.65
2018-11-23,27.53
2018-11-26,27.35
2018-11-27,27.15
2018-11-28,28.2
2018-11-29,28.66
2018-11-30,27.93
2018-12-03,25.87
2018-12-04,25.77
2018-12-06,26.99
2018-12-07,26.9
2018-12-10,26.4
2018-12-11,25.91
2018-12-12,26.05
2018-12-13,25.99
2018-12-14,26.02
2018-12-17,25.63
2018-12-18,25.11
2018-12-19,25.15
2018-12-20,24.25
2018-12-21,23.49
2018-12-24,22.82
2018-12-26,23.72
2018-12-27,22.9
2018-12-28,22.83
2018-12-31,23.08
2019-01-02,23.83
2019-01-03,23.89
2019-01-04,24.35
2019-01-07,24.7
2019-01-08,25.2
2019-01-09,25.32
2019-01-10,24.94
2019-01-11,25.18
2019-01-14,25.09
2019-01-15,25.13
2019-01-16,25.19
2019-01-17,25.48
2019-01-18,25.92
2019-01-22,24.89
2019-01-23,24.79
2019-01-24,25.46
2019-01-25,25.77
2019-01-28,25.91
2019-01-29,25.58
2019-01-30,25.16
2019-01-31,26.65
2019-02-01,26.68
2019-02-04,26.53
2019-02-05,27.13
2019-02-06,27.3
2019-02-07,26.8
2019-02-08,27.34
2019-02-11,26.85
2019-02-12,26.47
2019-02-13,26.72
2019-02-14,27.19
2019-02-15,27.65
2019-02-19,27.36
2019-02-20,27.42
2019-02-21,27.3
2019-02-22,27.51
2019-02-25,27.57
2019-02-26,26.9
2019-02-27,27.03
2019-02-28,27.25
2019-03-01,27.51
2019-03-04,27.12
2019-03-05,27.3
2019-03-06,27.17
2019-03-07,26.87
2019-03-08,27.29
2019-03-11,26.94
2019-03-12,26.93
2019-03-13,25.62
2019-03-14,26.15
2019-03-15,25.9
2019-03-18,25.84
2019-03-19,25.87
2019-03-20,25.21
2019-03-21,25.44
2019-03-22,25.45
2019-03-25,25.66
2019-03-26,26.11
2019-03-27,25.91
2019-03-28,25.32
2019-03-29,25.42
2019-04-01,26.18
2019-04-02,25.85
2019-04-03,26.24
2019-04-04,27.16
2019-04-05,27.61
2019-04-08,27.04
2019-04-09,26.98
2019-04-10,28.25
2019-04-11,27.83
2019-04-12,28.0
2019-04-15,27.96
2019-04-16,28.07
2019-04-17,28.23
2019-04-18,28.03
2019-04-22,27.16
2019-04-23,27.55
2019-04-24,28.45
2019-04-25,28.56
2019-04-26,29.49
2019-04-29,29.33
2019-04-30,28.76
2019-05-01,28.86
2019-05-02,27.65
2019-05-03,27.77
2019-05-06,27.5
2019-05-07,27.1
2019-05-08,27.35
2019-05-09,26.94
2019-05-10,26.77
2019-05-13,25.75
2019-05-14,26.25
2019-05-15,26.18
2019-05-16,26.25
2019-05-17,26.22
2019-05-20,25.83
2019-05-21,26.34
2019-05-22,25.78
2019-05-23,25.48
2019-05-24,25.51
2019-05-28,25.91
2019-05-29,25.7
2019-05-30,25.62
2019-05-31,25.64
2019-06-03,25.53
2019-06-04,26.68
2019-06-05,26.21
2019-06-06,26.39
2019-06-07,26.49
2019-06-10,26.34
2019-06-11,27.0
2019-06-12,27.21
2019-06-13,27.77
2019-06-14,26.84
2019-06-17,27.2
2019-06-18,27.25
2019-06-19,28.04
2019-06-20,28.41
2019-06-21,28.28
2019-06-24,28.54
2019-06-25,27.57
2019-06-26,27.28
2019-06-27,27.45
2019-06-28,28.45
2019-07-01,28.33
2019-07-02,28.4
2019-07-03,28.38
2019-07-05,28.72
2019-07-08,28.8
2019-07-09,29.03
2019-07-10,28.97
2019-07-11,29.16
2019-07-12,29.8
2019-07-15,29.81
2019-07-16,30.03
2019-07-17,29.32
2019-07-18,28.82
2019-07-19,29.0
2019-07-22,28.66
2019-07-23,28.73
2019-07-24,29.28
2019-07-25,29.26
2019-07-26,29.26
2019-07-29,29.0
2019-07-30,28.87
2019-07-31,28.24
2019-08-01,27.83
2019-08-02,27.32
2019-08-05,26.98
2019-08-06,27.28
2019-08-07,27.47
2019-08-08,27.42
2019-08-09,27.24
2019-08-12,27.09
2019-08-13,27.35
2019-08-14,25.52
2019-08-15,25.33
2019-08-16,26.1
2019-08-19,26.6
2019-08-20,26.4
2019-08-21,26.5
2019-08-22,26.26
2019-08-23,25.33
2019-08-26,25.57
2019-08-27,24.89
2019-08-28,25.37
2019-08-29,26.11
2019-08-30,26.03
2019-09-03,25.44
2019-09-04,25.54
2019-09-05,25.77
2019-09-06,25.67
2019-09-09,25.76
2019-09-10,26.88
2019-09-11,26.97
2019-09-12,26.51
2019-09-13,26.3
2019-09-16,26.32
2019-09-17,25.62
2019-09-18,25.46
2019-09-19,24.93
2019-09-20,24.37
2019-09-23,24.7
2019-09-24,24.45
2019-09-25,24.72
2019-09-26,24.45
2019-09-27,24.71
2019-09-30,24.62
2019-10-01,24.79
2019-10-02,24.64
2019-10-03,25.055
2019-10-04,25.16
2019-10-07,25.44
2019-10-08,24.96
2019-10-09,25.205
2019-10-10,25.57
2019-10-11,26.095
2019-10-14,25.83
2019-10-15,25.94
2019-10-16,25.87
2019-10-17,25.98
2019-10-18,25.9
2019-10-21,25.84
2019-10-22,26.16
2019-10-23,26.14
2019-10-24,25.62
2019-10-25,25.6
2019-10-28,25.785
2019-10-29,25.455
2019-10-30,25.025
2019-10-31,25.24
2019-11-01,25.49
2019-11-04,26.04
2019-11-05,26.13
2019-11-06,25.8
2019-11-07,28.7
2019-11-08,28.615
2019-11-11,28.65
2019-11-12,28.48
2019-11-13,27.93
2019-11-14,28.03
2019-11-15,27.88
2019-11-18,28.55
2019-11-19,29.225
2019-11-20,29.61
2019-11-21,29.89
2019-11-22,30.31
2019-11-25,29.97
2019-11-26,30.98
2019-11-27,30.65
2019-11-29,30.52
2019-12-02,30.34
2019-12-03,29.975
2019-12-04,29.93
2019-12-05,29.87
2019-12-06,29.89
2019-12-09,29.93
2019-12-10,29.99
2019-12-11,29.92
2019-12-12,30.1
2019-12-13,30.06
2019-12-16,30.085
2019-12-17,30.09
2019-12-18,30.085
2019-12-19,30.39
2019-12-20,30.78
2019-12-23,30.57
2019-12-24,30.8
2019-12-26,30.93
2019-12-27,30.76
2019-12-30,30.51
2019-12-31,30.49
2020-01-02,30.185
2020-01-03,30.015
2020-01-06,29.96
2020-01-07,29.99
2020-01-08,30.15
2020-01-09,30.24
2020-01-10,29.88
2020-01-13,29.81
2020-01-14,29.965
2020-01-15,30.29
2020-01-16,30.6
2020-01-17,30.48
2020-01-21,30.09
2020-01-22,30.09
2020-01-23,28.74
2020-01-24,28.645
2020-01-27,28.535
2020-01-28,28.93
2020-01-29,28.23
2020-01-30,28.375
2020-01-31,27.77
2020-02-03,27.68
2020-02-04,28.26
2020-02-05,29.07
2020-02-06,28.54
2020-02-07,28.35
2020-02-10,28.36
2020-02-11,28.65
2020-02-12,28.86
2020-02-13,28.9
2020-02-14,28.73
2020-02-18,28.87
2020-02-19,29.03
2020-02-20,28.6
2020-02-21,27.93
2020-02-24,27.13
2020-02-25,26.3
2020-02-26,25.42
2020-02-27,23.79
2020-02-28,25.1
2020-03-02,25.17
2020-03-03,25.08
2020-03-04,25.11
2020-03-05,23.82
2020-03-06,24.07
2020-03-09,22.54
2020-03-10,23.82
2020-03-11,22.99
2020-03-12,21.19
2020-03-13,21.285
2020-03-16,18.9
2020-03-17,19.53
2020-03-18,17.64
2020-03-19,18.89
2020-03-20,16.87
2020-03-23,16.46
2020-03-24,18.08
2020-03-25,18.82
2020-03-26,18.75
2020-03-27,17.16
2020-03-30,17.95
2020-03-31,17.54
2020-04-01,17.64
2020-04-02,17.07
2020-04-03,16.84
2020-04-06,18.08
2020-04-07,18.71
2020-04-08,19.43
2020-04-09,20.14
2020-04-13,19.85
2020-04-14,20.24
2020-04-15,19.44
2020-04-16,19.515
2020-04-17,20.2
2020-04-20,19.74
2020-04-21,19.005
2020-04-22,18.555
2020-04-23,18.595
2020-04-24,19.14
2020-04-27,20.7
2020-04-28,21.29
2020-04-29,22.5
2020-04-30,20.41
2020-05-01,19.54
2020-05-04,19.935
2020-05-05,19.36
2020-05-06,19.04
2020-05-07,18.87
2020-05-08,19.35
2020-05-11,18.485
2020-05-12,17.92
2020-05-13,17.34
2020-05-14,18.5
2020-05-15,18.715
2020-05-18,19.3
2020-05-19,19.135
2020-05-20,19.115
2020-05-21,18.65
2020-05-22,18.365
2020-05-26,19.79
2020-05-27,20.53
2020-05-28,19.925
2020-05-29,19.59
2020-06-01,19.85
2020-06-02,19.68
2020-06-03,20.22
2020-06-04,20.86
2020-06-05,22.35
2020-06-08,23.42
2020-06-09,21.52
2020-06-10,20.83
2020-06-11,19.99
2020-06-12,19.7
2020-06-15,20.21
2020-06-16,20.03
2020-06-17,20.0
2020-06-18,20.33
2020-06-19,20.14
2020-06-22,19.88
2020-06-23,20.06
2020-06-24,19.68
2020-06-25,19.27
2020-06-26,18.51
2020-06-29,19.35
2020-06-30,19.26
2020-07-01,19.245
2020-07-02,18.93
2020-07-06,19.22
2020-07-07,18.37
2020-07-08,18.19
2020-07-09,17.25
2020-07-10,18.075
2020-07-13,18.25
2020-07-14,18.45
2020-07-15,19.53
2020-07-16,19.7
2020-07-17,19.17
2020-07-20,18.51
2020-07-21,18.81
2020-07-22,18.91
2020-07-23,19.1
2020-07-24,18.93
2020-07-27,18.69
2020-07-28,18.61
2020-07-29,18.86
2020-07-30,18.92
2020-07-31,18.95
2020-08-03,19.13
2020-08-04,19.69
2020-08-05,19.08
2020-08-06,19.69
2020-08-07,19.3
2020-08-10,19.95
2020-08-11,20.73
2020-08-12,20.065
2020-08-13,20.3
2020-08-14,20.76
2020-08-17,20.31
2020-08-18,20.325
2020-08-19,20.39
2020-08-20,20.27
2020-08-21,20.04
2020-08-24,20.68
2020-08-25,20.68
2020-08-26,20.56
2020-08-27,20.61
2020-08-28,20.68
2020-08-31,19.97
2020-09-01,19.365
2020-09-02,19.68
2020-09-03,19.49
2020-09-04,20.44
2020-09-08,20.39
2020-09-09,20.92
2020-09-10,21.15
2020-09-11,20.69
2020-09-14,21.59
2020-09-15,21.62
2020-09-16,22.13
2020-09-17,22.0
2020-09-18,21.79
2020-09-21,20.4
2020-09-22,20.21
2020-09-23,19.12
2020-09-24,19.19
2020-09-25,19.2
2020-09-28,19.73
2020-09-29,19.47
2020-09-30,19.6
2020-10-01,19.36
2020-10-02,19.39
2020-10-05,19.72
2020-10-06,19.335
2020-10-07,19.985
2020-10-08,20.47
2020-10-09,19.965
2020-10-12,20.05
2020-10-13,19.345
2020-10-14,18.78
2020-10-15,18.92
2020-10-16,18.98
2020-10-19,18.27
2020-10-20,18.32
2020-10-21,18.84
2020-10-22,19.08
2020-10-23,19.11
2020-10-26,18.56
2020-10-27,18.23
2020-10-28,17.44
2020-10-29,17.82
2020-10-30,18.32
2020-11-02,19.13
2020-11-03,19.2
2020-11-04,18.68
2020-11-05,19.36
2020-11-06,18.88
2020-11-09,20.11
2020-11-10,20.725
2020-11-11,20.32
2020-11-12,19.69
2020-11-13,20.9
2020-11-16,21.82
2020-11-17,22.0
2020-11-18,22.03
2020-11-19,22.525
2020-11-20,22.885
2020-11-23,23.79
2020-11-24,24.47
2020-11-25,24.41
2020-11-27,24.55
2020-11-30,24.02
2020-12-01,24.66
2020-12-02,25.24
2020-12-03,25.12
2020-12-04,25.22
2020-12-07,25.42
2020-12-08,24.83
2020-12-09,25.18
2020-12-10,25.48
2020-12-11,25.48
2020-12-14,25.21
2020-12-15,25.36
2020-12-16,25.32
2020-12-17,25.31
2020-12-18,24.52
2020-12-21,24.02
2020-12-22,23.86
2020-12-23,24.85
2020-12-24,25.14
2020-12-28,25.82
2020-12-29,25.96
2020-12-30,25.98
2020-12-31,26.19
2021-01-04,26.39
2021-01-05,27.02
2021-01-06,29.5
2021-01-07,29.825
2021-01-08,30.16
2021-01-11,30.59
2021-01-12,30.57
2021-01-13,31.75
2021-01-14,32.51
2021-01-15,32.35
2021-01-19,31.85
2021-01-20,32.3
2021-01-21,32.41
2021-01-22,32.89
2021-01-25,34.16
2021-01-26,35.4
2021-01-27,33.47
2021-01-28,34.92
2021-01-29,35.03
2021-02-01,35.0
2021-02-02,34.1
2021-02-03,34.99
2021-02-04,34.9
2021-02-05,36.42
2021-02-08,37.0
2021-02-09,37.2
2021-02-10,38.43
2021-02-11,39.0
2021-02-12,40.75
2021-02-16,40.5
2021-02-17,41.62
2021-02-18,41.94
2021-02-19,42.8
2021-02-22,46.0
2021-02-23,44.14
2021-02-24,43.53
2021-02-25,43.49
2021-02-26,45.0
2021-03-01,48.31
2021-03-02,49.05
2021-03-03,50.4
2021-03-04,51.44
2021-03-05,53.0
2021-03-08,55.0
2021-03-09,52.97
2021-03-10,56.01
2021-03-11,56.86
2021-03-12,59.7
2021-03-15,60.89
2021-03-16,62.36
2021-03-17,62.77
2021-03-18,64.08
2021-03-19,66.0
2021-03-22,64.74
2021-03-23,62.99
2021-03-24,54.54
2021-03-25,51.04
2021-03-26,35.96
2021-03-29,35.12
2021-03-30,37.01
2021-03-31,36.89
2021-04-01,37.08
2021-04-05,36.1
2021-04-06,36.87
2021-04-07,37.0
2021-04-08,35.78
2021-04-09,35.74
2021-04-12,35.01
2021-04-13,34.78
2021-04-14,33.08
2021-04-15,32.74
2021-04-16,32.25
2021-04-19,31.2
2021-04-20,30.2
2021-04-21,32.33
2021-04-22,32.67
2021-04-23,32.45
2021-04-26,32.99
2021-04-27,33.17
2021-04-28,31.96
2021-04-29,32.33
2021-04-30,32.31
2021-05-03,31.38
2021-05-04,31.89
2021-05-05,32.225
2021-05-06,31.84
2021-05-07,32.62
2021-05-10,32.265
2021-05-11,31.89
2021-05-12,31.03
2021-05-13,30.56
2021-05-14,30.74
2021-05-17,31.69
2021-05-18,31.29
2021-05-19,31.04
2021-05-20,29.78
2021-05-21,29.1
2021-05-24,28.88
2021-05-25,28.46
2021-05-26,29.59
2021-05-27,30.4
2021-05-28,30.05
2021-06-01,30.12
2021-06-02,30.11
2021-06-03,29.63
2021-06-04,29.55
2021-06-07,29.34
2021-06-08,28.23
2021-06-09,28.65
2021-06-10,28.34
2021-06-11,28.94
2021-06-14,28.84
2021-06-15,28.31
2021-06-16,28.65
2021-06-17,27.68
2021-06-18,27.33
2021-06-21,27.96
2021-06-22,27.79
2021-06-23,27.81
2021-06-24,28.65
2021-06-25,29.26
2021-06-28,28.97
2021-06-29,28.69
2021-06-30,28.98
2021-07-01,29.37
2021-07-02,29.33
2021-07-06,28.56
2021-07-07,27.87
2021-07-08,27.23
2021-07-09,27.77
2021-07-12,28.14
2021-07-13,27.32
2021-07-14,27.01
2021-07-15,26.66
2021-07-16,26.52
2021-07-19,26.16
2021-07-20,26.45
2021-07-21,27.09
2021-07-22,26.91
2021-07-23,26.83
2021-07-26,27.87
2021-07-27,27.44
2021-07-28,27.39
2021-07-29,28.26
2021-07-30,27.11
2021-08-02,27.31
2021-08-03,26.5
2021-08-04,26.65
2021-08-05,27.49
2021-08-06,27.28
2021-08-09,27.54
2021-08-10,27.85
2021-08-11,27.89
2021-08-12,27.35
2021-08-13,26.99
2021-08-16,26.83
2021-08-17,27.14
2021-08-18,27.01
2021-08-19,26.45
2021-08-20,26.82
2021-08-23,27.2
2021-08-24,27.47
2021-08-25,27.51
2021-08-26,26.75
2021-08-27,27.15
2021-08-30,26.73
2021-08-31,27.59
2021-09-01,27.21
2021-09-02,27.79
2021-09-03,27.16
2021-09-07,26.82
2021-09-08,25.92
2021-09-09,25.72
2021-09-10,25.16
2021-09-13,26.03
2021-09-14,25.29
2021-09-15,25.69
2021-09-16,25.77
2021-09-17,25.98
2021-09-20,25.02
2021-09-21,24.19
2021-09-22,24.48
2021-09-23,24.53
2021-09-24,24.33
2021-09-27,25.04
2021-09-28,24.56
2021-09-29,24.37
2021-09-30,24.27
2021-10-01,24.78
2021-10-04,24.66
2021-10-05,25.27
2021-10-06,24.88
2021-10-07,25.37
2021-10-08,24.96
2021-10-11,24.26
2021-10-12,23.76
2021-10-13,24.62
2021-10-14,24.28
2021-10-15,23.99
2021-10-18,23.91
2021-10-19,24.2
2021-10-20,24.6
2021-10-21,24.18
2021-10-22,24.26
2021-10-25,24.4
2021-10-26,23.75
2021-10-27,22.78
2021-10-28,23.4
2021-10-29,22.56
2021-11-01,23.54
2021-11-02,23.65
2021-11-03,24.71
2021-11-04,24.7
2021-11-05,25.68
2021-11-08,25.4
2021-11-09,25.74
2021-11-10,26.39
2021-11-11,27.27
2021-11-12,27.05
2021-11-15,27.19
2021-11-16,26.91
2021-11-17,26.84
2021-11-18,26.2
2021-11-19,24.73
2021-11-22,25.17
2021-11-23,25.01
2021-11-24,24.67
2021-11-26,24.22
2021-11-29,24.05
2021-11-30,22.71
2021-12-01,21.8
2021-12-02,22.67
2021-12-03,23.2
2021-12-06,23.63
2021-12-07,23.39
2021-12-08,23.13
2021-12-09,22.69
2021-12-10,22.43
2021-12-13,21.88
2021-12-14,21.68
2021-12-15,21.75
2021-12-16,22.59
2021-12-17,22.42
2021-12-20,22.02
2021-12-21,22.61
2021-12-22,22.82
2021-12-23,23.57
2021-12-27,23.51
2021-12-28,23.52
2021-12-29,23.1
2021-12-30,23.69
2021-12-31,22.9
2022-01-03,24.59
2022-01-04,25.94
2022-01-05,25.68
2022-01-06,25.12
2022-01-07,29.34
2022-01-10,27.86
2022-01-11,27.86
2022-01-12,27.95
2022-01-13,28.4
2022-01-14,30.4
2022-01-18,28.88
2022-01-19,27.78
2022-01-20,26.76
2022-01-21,25.53
2022-01-24,26.25
2022-01-25,26.22
2022-01-26,23.88
2022-01-27,24.74
2022-01-28,26.56
2022-01-31,27.35
2022-02-01,26.92
2022-02-02,27.42
2022-02-03,28.61
2022-02-04,28.62
2022-02-07,28.08
2022-02-08,27.98
2022-02-09,29.71
2022-02-10,29.95
2022-02-11,29.51
2022-02-14,29.33
2022-02-15,30.33
2022-02-16,29.28
2022-02-17,29.76
2022-02-18,29.74
2022-02-22,28.09
2022-02-23,28.11
2022-02-24,27.67
2022-02-25,28.15
2022-02-28,27.97
2022-03-01,27.95
2022-03-02,29.13
2022-03-03,28.58
2022-03-04,26.81
2022-03-07,25.48
2022-03-08,25.23
2022-03-09,25.31
2022-03-10,25.06
2022-03-11,23.97
2022-03-14,23.94
2022-03-15,25.04
2022-03-16,25.64
2022-03-17,25.71
2022-03-18,26.33
2022-03-21,26.19
2022-03-22,26.96
2022-03-23,26.69
2022-03-24,27.11
2022-03-25,27.31
2022-03-28,25.63
2022-03-29,26.29
2022-03-30,25.73
2022-03-31,24.97
2022-04-01,25.05
2022-04-04,25.81
2022-04-05,24.45
2022-04-06,23.92
2022-04-07,23.08
2022-04-08,24.42
