FMCN,Date
10.100000381469727,2005-07-13
10.0,2005-07-14
9.795000076293945,2005-07-15
9.494999885559082,2005-07-18
9.149999618530273,2005-07-19
9.024999618530273,2005-07-20
9.25,2005-07-21
8.899999618530273,2005-07-22
9.029999732971191,2005-07-25
9.239999771118164,2005-07-26
9.479999542236328,2005-07-27
9.529999732971191,2005-07-28
9.640000343322754,2005-07-29
9.649999618530273,2005-08-01
9.579999923706055,2005-08-02
9.664999961853027,2005-08-03
9.399999618530273,2005-08-04
9.574999809265137,2005-08-05
10.520000457763672,2005-08-08
10.425000190734863,2005-08-09
10.25,2005-08-10
10.324999809265137,2005-08-11
10.260000228881836,2005-08-12
10.5,2005-08-15
10.5,2005-08-16
10.680000305175781,2005-08-17
10.869999885559082,2005-08-18
10.850000381469727,2005-08-19
10.875,2005-08-22
10.949999809265137,2005-08-23
10.53499984741211,2005-08-24
10.207500457763672,2005-08-25
10.135000228881836,2005-08-26
9.484999656677246,2005-08-29
9.375,2005-08-30
9.489999771118164,2005-08-31
9.28499984741211,2005-09-01
9.5,2005-09-02
9.774999618530273,2005-09-06
10.140000343322754,2005-09-07
10.175000190734863,2005-09-08
10.5600004196167,2005-09-09
10.774999618530273,2005-09-12
11.574999809265137,2005-09-13
11.164999961853027,2005-09-14
11.395000457763672,2005-09-15
12.3149995803833,2005-09-16
12.574999809265137,2005-09-19
12.510000228881836,2005-09-20
12.75,2005-09-21
12.760000228881836,2005-09-22
12.5,2005-09-23
12.1850004196167,2005-09-26
11.5,2005-09-27
11.550000190734863,2005-09-28
12.324999809265137,2005-09-29
13.369999885559082,2005-09-30
13.404999732971191,2005-10-03
12.995499610900879,2005-10-04
12.510000228881836,2005-10-05
12.100000381469727,2005-10-06
12.225000381469727,2005-10-07
12.744999885559082,2005-10-10
11.9350004196167,2005-10-11
11.539999961853027,2005-10-12
11.425000190734863,2005-10-13
12.380000114440918,2005-10-14
12.90999984741211,2005-10-17
12.760000228881836,2005-10-18
12.890000343322754,2005-10-19
12.550000190734863,2005-10-20
12.890000343322754,2005-10-21
13.420000076293945,2005-10-24
13.194999694824219,2005-10-25
13.404999732971191,2005-10-26
12.899999618530273,2005-10-27
13.25,2005-10-28
13.130000114440918,2005-10-31
14.024999618530273,2005-11-01
13.494999885559082,2005-11-02
13.96500015258789,2005-11-03
13.949999809265137,2005-11-04
13.899999618530273,2005-11-07
13.984999656677246,2005-11-08
13.994999885559082,2005-11-09
13.875,2005-11-10
13.75,2005-11-11
14.020000457763672,2005-11-14
13.949999809265137,2005-11-15
13.721500396728516,2005-11-16
14.65999984741211,2005-11-17
14.5,2005-11-18
14.625,2005-11-21
15.100000381469727,2005-11-22
15.289999961853027,2005-11-23
15.630000114440918,2005-11-25
15.25,2005-11-28
15.039999961853027,2005-11-29
14.800000190734863,2005-11-30
14.9350004196167,2005-12-01
15.125,2005-12-02
15.109999656677246,2005-12-05
15.470000267028809,2005-12-06
15.404999732971191,2005-12-07
15.399999618530273,2005-12-08
15.425000190734863,2005-12-09
15.744999885559082,2005-12-12
15.725000381469727,2005-12-13
15.994999885559082,2005-12-14
15.760000228881836,2005-12-15
16.23349952697754,2005-12-16
16.045000076293945,2005-12-19
15.979999542236328,2005-12-20
16.600000381469727,2005-12-21
16.049999237060547,2005-12-22
16.149999618530273,2005-12-23
16.447500228881836,2005-12-27
16.559999465942383,2005-12-28
17.296499252319336,2005-12-29
16.885000228881836,2005-12-30
17.510000228881836,2006-01-03
17.989999771118164,2006-01-04
18.0,2006-01-05
18.5,2006-01-06
21.209999084472656,2006-01-09
22.5049991607666,2006-01-10
22.764999389648438,2006-01-11
21.290000915527344,2006-01-12
21.204999923706055,2006-01-13
21.094999313354492,2006-01-17
20.75,2006-01-18
23.645000457763672,2006-01-19
24.094999313354492,2006-01-20
24.434999465942383,2006-01-23
23.940000534057617,2006-01-24
22.770000457763672,2006-01-25
22.049999237060547,2006-01-26
25.799999237060547,2006-01-27
27.170000076293945,2006-01-30
27.295000076293945,2006-01-31
26.975000381469727,2006-02-01
26.5,2006-02-02
26.190000534057617,2006-02-03
27.125,2006-02-06
26.440000534057617,2006-02-07
26.024999618530273,2006-02-08
27.44499969482422,2006-02-09
26.5,2006-02-10
25.920000076293945,2006-02-13
25.844999313354492,2006-02-14
26.010000228881836,2006-02-15
25.674999237060547,2006-02-16
25.100000381469727,2006-02-17
24.2549991607666,2006-02-21
25.489999771118164,2006-02-22
25.56999969482422,2006-02-23
25.76449966430664,2006-02-24
25.975000381469727,2006-02-27
26.125,2006-02-28
26.06999969482422,2006-03-01
27.979999542236328,2006-03-02
26.85449981689453,2006-03-03
27.905000686645508,2006-03-06
27.290000915527344,2006-03-07
25.90999984741211,2006-03-08
25.46500015258789,2006-03-09
25.30500030517578,2006-03-10
26.940000534057617,2006-03-13
27.135000228881836,2006-03-14
27.780000686645508,2006-03-15
28.415000915527344,2006-03-16
27.850000381469727,2006-03-17
28.06999969482422,2006-03-20
27.735000610351562,2006-03-21
27.03499984741211,2006-03-22
26.864999771118164,2006-03-23
26.979999542236328,2006-03-24
26.9950008392334,2006-03-27
26.799999237060547,2006-03-28
27.225000381469727,2006-03-29
27.485000610351562,2006-03-30
29.010000228881836,2006-03-31
27.809999465942383,2006-04-03
28.110000610351562,2006-04-04
28.5,2006-04-05
30.3799991607666,2006-04-06
30.485000610351562,2006-04-07
30.040000915527344,2006-04-10
30.260000228881836,2006-04-11
30.104999542236328,2006-04-12
30.985000610351562,2006-04-13
30.985000610351562,2006-04-17
32.30500030517578,2006-04-18
31.5,2006-04-19
31.690000534057617,2006-04-20
31.497499465942383,2006-04-21
32.07509994506836,2006-04-24
32.0,2006-04-25
32.04999923706055,2006-04-26
30.65999984741211,2006-04-27
30.19499969482422,2006-04-28
30.075000762939453,2006-05-01
31.114999771118164,2006-05-02
32.67499923706055,2006-05-03
33.209999084472656,2006-05-04
33.529998779296875,2006-05-05
34.41999816894531,2006-05-08
34.400001525878906,2006-05-09
34.474998474121094,2006-05-10
33.80500030517578,2006-05-11
33.29999923706055,2006-05-12
31.385000228881836,2006-05-15
32.90999984741211,2006-05-16
32.2599983215332,2006-05-17
30.860000610351562,2006-05-18
34.59000015258789,2006-05-19
32.724998474121094,2006-05-22
32.86000061035156,2006-05-23
31.479999542236328,2006-05-24
30.875,2006-05-25
31.239999771118164,2006-05-26
30.405000686645508,2006-05-30
31.584999084472656,2006-05-31
33.845001220703125,2006-06-01
33.375,2006-06-02
31.665000915527344,2006-06-05
30.989999771118164,2006-06-06
29.815000534057617,2006-06-07
25.850000381469727,2006-06-08
27.075000762939453,2006-06-09
27.575000762939453,2006-06-12
26.774999618530273,2006-06-13
27.375,2006-06-14
27.25,2006-06-15
30.389999389648438,2006-06-16
30.4950008392334,2006-06-19
30.44499969482422,2006-06-20
32.244998931884766,2006-06-21
31.3799991607666,2006-06-22
32.18000030517578,2006-06-23
33.18000030517578,2006-06-26
31.985000610351562,2006-06-27
31.56999969482422,2006-06-28
32.30500030517578,2006-06-29
32.58000183105469,2006-06-30
33.52199935913086,2006-07-03
32.66999816894531,2006-07-05
33.40999984741211,2006-07-06
32.224998474121094,2006-07-07
33.060001373291016,2006-07-10
32.91999816894531,2006-07-11
31.2549991607666,2006-07-12
31.149999618530273,2006-07-13
31.0,2006-07-14
31.510000228881836,2006-07-17
31.024999618530273,2006-07-18
31.0,2006-07-19
31.575000762939453,2006-07-20
32.32500076293945,2006-07-21
33.099998474121094,2006-07-24
32.44499969482422,2006-07-25
31.81999969482422,2006-07-26
29.0,2006-07-27
31.459999084472656,2006-07-28
31.30500030517578,2006-07-31
30.295000076293945,2006-08-01
30.024999618530273,2006-08-02
29.790000915527344,2006-08-03
29.209999084472656,2006-08-04
28.049999237060547,2006-08-07
28.5,2006-08-08
29.05500030517578,2006-08-09
29.545000076293945,2006-08-10
29.434999465942383,2006-08-11
29.735000610351562,2006-08-14
29.864999771118164,2006-08-15
30.450000762939453,2006-08-16
31.274999618530273,2006-08-17
28.850000381469727,2006-08-18
29.0049991607666,2006-08-21
29.700000762939453,2006-08-22
29.270099639892578,2006-08-23
29.31999969482422,2006-08-24
29.94499969482422,2006-08-25
29.674999237060547,2006-08-28
29.75,2006-08-29
29.5049991607666,2006-08-30
29.5,2006-08-31
29.90999984741211,2006-09-01
30.049999237060547,2006-09-05
29.625,2006-09-06
29.290000915527344,2006-09-07
28.4950008392334,2006-09-08
28.25,2006-09-11
27.719999313354492,2006-09-12
28.09000015258789,2006-09-13
29.594999313354492,2006-09-14
28.8799991607666,2006-09-15
28.940000534057617,2006-09-18
29.704999923706055,2006-09-19
29.989999771118164,2006-09-20
30.104999542236328,2006-09-21
30.510000228881836,2006-09-22
30.954999923706055,2006-09-25
30.225000381469727,2006-09-26
29.420000076293945,2006-09-27
27.6200008392334,2006-09-28
28.959999084472656,2006-09-29
29.46500015258789,2006-10-02
29.389999389648438,2006-10-03
29.420000076293945,2006-10-04
30.225000381469727,2006-10-05
29.520000457763672,2006-10-06
28.735000610351562,2006-10-09
29.43000030517578,2006-10-10
30.0049991607666,2006-10-11
29.81999969482422,2006-10-12
30.0,2006-10-13
29.850000381469727,2006-10-16
29.170000076293945,2006-10-17
28.34000015258789,2006-10-18
28.360000610351562,2006-10-19
28.434999465942383,2006-10-20
28.985000610351562,2006-10-23
29.200000762939453,2006-10-24
29.125,2006-10-25
28.825000762939453,2006-10-26
28.5,2006-10-27
28.149999618530273,2006-10-30
26.44499969482422,2006-10-31
27.329999923706055,2006-11-01
28.079999923706055,2006-11-02
28.059999465942383,2006-11-03
29.325000762939453,2006-11-06
29.360000610351562,2006-11-07
29.059999465942383,2006-11-08
29.1299991607666,2006-11-09
28.905000686645508,2006-11-10
28.575000762939453,2006-11-13
28.5,2006-11-14
28.6200008392334,2006-11-15
29.21500015258789,2006-11-16
30.864999771118164,2006-11-17
29.93000030517578,2006-11-20
33.810001373291016,2006-11-21
34.400001525878906,2006-11-22
34.08000183105469,2006-11-24
33.224998474121094,2006-11-27
35.625,2006-11-28
36.095001220703125,2006-11-29
35.6349983215332,2006-11-30
34.21500015258789,2006-12-01
35.025001525878906,2006-12-04
34.994998931884766,2006-12-05
34.75,2006-12-06
35.88999938964844,2006-12-07
35.25,2006-12-08
35.869998931884766,2006-12-11
35.154998779296875,2006-12-12
33.720001220703125,2006-12-13
34.4900016784668,2006-12-14
35.345001220703125,2006-12-15
34.474998474121094,2006-12-18
34.33000183105469,2006-12-19
34.279998779296875,2006-12-20
33.584999084472656,2006-12-21
34.150001525878906,2006-12-22
33.630001068115234,2006-12-26
34.1349983215332,2006-12-27
33.415000915527344,2006-12-28
33.19499969482422,2006-12-29
35.20000076293945,2007-01-03
34.92499923706055,2007-01-04
34.43000030517578,2007-01-05
35.35499954223633,2007-01-08
36.0,2007-01-09
36.5,2007-01-10
37.69499969482422,2007-01-11
38.51499938964844,2007-01-12
39.470001220703125,2007-01-16
37.95500183105469,2007-01-17
37.165000915527344,2007-01-18
38.119998931884766,2007-01-19
36.625,2007-01-22
37.86000061035156,2007-01-23
41.85499954223633,2007-01-24
40.125,2007-01-25
39.64500045776367,2007-01-26
42.42499923706055,2007-01-29
42.17499923706055,2007-01-30
41.33000183105469,2007-01-31
40.97999954223633,2007-02-01
41.310001373291016,2007-02-02
42.29499816894531,2007-02-05
41.21500015258789,2007-02-06
41.52000045776367,2007-02-07
43.040000915527344,2007-02-08
41.599998474121094,2007-02-09
42.459999084472656,2007-02-12
40.83000183105469,2007-02-13
39.810001373291016,2007-02-14
40.15999984741211,2007-02-15
41.007999420166016,2007-02-16
41.67499923706055,2007-02-20
41.71500015258789,2007-02-21
40.974998474121094,2007-02-22
41.849998474121094,2007-02-23
41.5,2007-02-26
39.119998931884766,2007-02-27
40.04999923706055,2007-02-28
38.720001220703125,2007-03-01
36.61989974975586,2007-03-02
36.59000015258789,2007-03-05
37.88999938964844,2007-03-06
37.599998474121094,2007-03-07
38.41999816894531,2007-03-08
38.040000915527344,2007-03-09
38.0099983215332,2007-03-12
36.73500061035156,2007-03-13
36.70000076293945,2007-03-14
36.525001525878906,2007-03-15
36.400001525878906,2007-03-16
35.994998931884766,2007-03-19
36.4900016784668,2007-03-20
37.55500030517578,2007-03-21
38.25,2007-03-22
37.8849983215332,2007-03-23
37.744998931884766,2007-03-26
37.54990005493164,2007-03-27
37.255001068115234,2007-03-28
39.40999984741211,2007-03-29
39.22999954223633,2007-03-30
39.869998931884766,2007-04-02
41.05500030517578,2007-04-03
40.57500076293945,2007-04-04
40.08000183105469,2007-04-05
39.3849983215332,2007-04-09
38.69499969482422,2007-04-10
37.060001373291016,2007-04-11
36.75,2007-04-12
36.439998626708984,2007-04-13
38.41999816894531,2007-04-16
38.40999984741211,2007-04-17
38.34000015258789,2007-04-18
37.560001373291016,2007-04-19
37.970001220703125,2007-04-20
37.540000915527344,2007-04-23
37.15999984741211,2007-04-24
36.790000915527344,2007-04-25
36.75,2007-04-26
37.91999816894531,2007-04-27
37.0,2007-04-30
35.689998626708984,2007-05-01
36.7599983215332,2007-05-02
36.68000030517578,2007-05-03
37.150001525878906,2007-05-04
36.79999923706055,2007-05-07
36.970001220703125,2007-05-08
37.09000015258789,2007-05-09
38.279998779296875,2007-05-10
38.54999923706055,2007-05-11
38.939998626708984,2007-05-14
39.18000030517578,2007-05-15
39.34000015258789,2007-05-16
39.84000015258789,2007-05-17
42.9900016784668,2007-05-18
45.130001068115234,2007-05-21
43.459999084472656,2007-05-22
42.029998779296875,2007-05-23
41.5,2007-05-24
42.599998474121094,2007-05-25
42.560001373291016,2007-05-29
43.13999938964844,2007-05-30
44.185001373291016,2007-05-31
44.310001373291016,2007-06-01
45.20000076293945,2007-06-04
45.40999984741211,2007-06-05
43.900001525878906,2007-06-06
42.939998626708984,2007-06-07
43.91999816894531,2007-06-08
43.93000030517578,2007-06-11
43.25,2007-06-12
45.09000015258789,2007-06-13
45.310001373291016,2007-06-14
45.77000045776367,2007-06-15
46.189998626708984,2007-06-18
45.25,2007-06-19
46.36000061035156,2007-06-20
47.38999938964844,2007-06-21
47.27000045776367,2007-06-22
47.11000061035156,2007-06-25
46.18000030517578,2007-06-26
46.369998931884766,2007-06-27
47.540000915527344,2007-06-28
50.5,2007-06-29
47.400001525878906,2007-07-02
47.400001525878906,2007-07-03
47.720001220703125,2007-07-05
47.75,2007-07-06
47.25,2007-07-09
48.0,2007-07-10
49.849998474121094,2007-07-11
51.20009994506836,2007-07-12
51.20000076293945,2007-07-13
48.84000015258789,2007-07-16
47.689998626708984,2007-07-17
46.34000015258789,2007-07-18
44.0,2007-07-19
45.20000076293945,2007-07-20
44.45000076293945,2007-07-23
41.59989929199219,2007-07-24
41.18000030517578,2007-07-25
41.59000015258789,2007-07-26
40.25,2007-07-27
40.439998626708984,2007-07-30
41.310001373291016,2007-07-31
40.08000183105469,2007-08-01
39.41999816894531,2007-08-02
39.81999969482422,2007-08-03
38.2599983215332,2007-08-06
41.38999938964844,2007-08-07
41.72999954223633,2007-08-08
42.0,2007-08-09
40.779998779296875,2007-08-10
40.29999923706055,2007-08-13
38.900001525878906,2007-08-14
38.88999938964844,2007-08-15
36.220001220703125,2007-08-16
38.75,2007-08-17
37.9900016784668,2007-08-20
38.59000015258789,2007-08-21
40.52000045776367,2007-08-22
39.75,2007-08-23
40.0099983215332,2007-08-24
39.06999969482422,2007-08-27
38.72999954223633,2007-08-28
40.279998779296875,2007-08-29
40.04999923706055,2007-08-30
40.27000045776367,2007-08-31
41.209999084472656,2007-09-04
40.560001373291016,2007-09-05
42.209999084472656,2007-09-06
41.790000915527344,2007-09-07
41.380001068115234,2007-09-10
41.25,2007-09-11
41.75,2007-09-12
42.900001525878906,2007-09-13
44.470001220703125,2007-09-14
46.27000045776367,2007-09-17
47.790000915527344,2007-09-18
47.689998626708984,2007-09-19
46.400001525878906,2007-09-20
47.709999084472656,2007-09-21
48.5,2007-09-24
57.78990173339844,2007-09-25
60.04990005493164,2007-09-26
59.150001525878906,2007-09-27
58.02000045776367,2007-09-28
57.38999938964844,2007-10-01
58.80009841918945,2007-10-02
57.11000061035156,2007-10-03
57.0099983215332,2007-10-04
57.899898529052734,2007-10-05
60.0,2007-10-08
61.02989959716797,2007-10-09
60.0,2007-10-10
57.63999938964844,2007-10-11
58.150001525878906,2007-10-12
59.20000076293945,2007-10-15
57.56999969482422,2007-10-16
58.790000915527344,2007-10-17
58.86000061035156,2007-10-18
56.13999938964844,2007-10-19
55.15999984741211,2007-10-22
57.77000045776367,2007-10-23
57.470001220703125,2007-10-24
55.0,2007-10-25
57.060001373291016,2007-10-26
61.86000061035156,2007-10-29
60.880001068115234,2007-10-30
62.0,2007-10-31
62.72999954223633,2007-11-01
65.0,2007-11-02
64.69000244140625,2007-11-05
65.0999984741211,2007-11-06
64.05000305175781,2007-11-07
59.84989929199219,2007-11-08
57.0099983215332,2007-11-09
52.66999816894531,2007-11-12
58.209999084472656,2007-11-13
57.0099983215332,2007-11-14
54.279998779296875,2007-11-15
59.20000076293945,2007-11-16
57.150001525878906,2007-11-19
52.0,2007-11-20
50.349998474121094,2007-11-21
50.349998474121094,2007-11-23
51.849998474121094,2007-11-26
50.529998779296875,2007-11-27
52.880001068115234,2007-11-28
54.400001525878906,2007-11-29
56.439998626708984,2007-11-30
53.66999816894531,2007-12-03
52.459999084472656,2007-12-04
55.20000076293945,2007-12-05
55.650001525878906,2007-12-06
54.959999084472656,2007-12-07
57.0,2007-12-10
54.86000061035156,2007-12-11
57.47999954223633,2007-12-12
56.5,2007-12-13
57.79999923706055,2007-12-14
54.70000076293945,2007-12-17
56.38999938964844,2007-12-18
57.0,2007-12-19
57.279998779296875,2007-12-20
57.75,2007-12-21
58.959999084472656,2007-12-24
58.869998931884766,2007-12-26
57.880001068115234,2007-12-27
56.84000015258789,2007-12-28
56.810001373291016,2007-12-31
57.130001068115234,2008-01-02
58.97999954223633,2008-01-03
55.709999084472656,2008-01-04
56.13999938964844,2008-01-07
56.20909881591797,2008-01-08
56.130001068115234,2008-01-09
55.2400016784668,2008-01-10
54.95000076293945,2008-01-11
55.439998626708984,2008-01-14
51.68000030517578,2008-01-15
48.90999984741211,2008-01-16
45.56999969482422,2008-01-17
47.81999969482422,2008-01-18
45.9900016784668,2008-01-22
47.31999969482422,2008-01-23
50.400001525878906,2008-01-24
48.790000915527344,2008-01-25
48.75,2008-01-28
45.04999923706055,2008-01-29
45.52000045776367,2008-01-30
48.04999923706055,2008-01-31
49.869998931884766,2008-02-01
50.40999984741211,2008-02-04
45.29999923706055,2008-02-05
44.91999816894531,2008-02-06
45.38999938964844,2008-02-07
45.9900016784668,2008-02-08
46.540000915527344,2008-02-11
47.36000061035156,2008-02-12
48.220001220703125,2008-02-13
47.16999816894531,2008-02-14
46.58000183105469,2008-02-15
48.4900016784668,2008-02-19
48.2599983215332,2008-02-20
48.77000045776367,2008-02-21
50.040000915527344,2008-02-22
50.77000045776367,2008-02-25
51.369998931884766,2008-02-26
51.7599983215332,2008-02-27
53.5,2008-02-28
50.369998931884766,2008-02-29
50.7599983215332,2008-03-03
47.75,2008-03-04
46.0,2008-03-05
45.02000045776367,2008-03-06
43.79999923706055,2008-03-07
41.310001373291016,2008-03-10
44.459999084472656,2008-03-11
45.209999084472656,2008-03-12
45.810001373291016,2008-03-13
43.849998474121094,2008-03-14
32.189998626708984,2008-03-17
37.40999984741211,2008-03-18
33.220001220703125,2008-03-19
36.369998931884766,2008-03-20
37.81999969482422,2008-03-24
39.54999923706055,2008-03-25
39.16999816894531,2008-03-26
37.77000045776367,2008-03-27
37.220001220703125,2008-03-28
35.150001525878906,2008-03-31
37.209999084472656,2008-04-01
39.06999969482422,2008-04-02
38.75,2008-04-03
40.310001373291016,2008-04-04
38.650001525878906,2008-04-07
37.04999923706055,2008-04-08
34.63999938964844,2008-04-09
31.530000686645508,2008-04-10
32.060001373291016,2008-04-11
30.649999618530273,2008-04-14
31.5,2008-04-15
33.20000076293945,2008-04-16
31.690000534057617,2008-04-17
32.65999984741211,2008-04-18
33.619998931884766,2008-04-21
34.13999938964844,2008-04-22
36.369998931884766,2008-04-23
37.5099983215332,2008-04-24
36.68000030517578,2008-04-25
36.90999984741211,2008-04-28
39.0,2008-04-29
36.88999938964844,2008-04-30
38.63999938964844,2008-05-01
38.47999954223633,2008-05-02
39.65999984741211,2008-05-05
41.22999954223633,2008-05-06
39.90999984741211,2008-05-07
40.47999954223633,2008-05-08
39.029998779296875,2008-05-09
38.540000915527344,2008-05-12
39.470001220703125,2008-05-13
39.13999938964844,2008-05-14
41.77000045776367,2008-05-15
43.560001373291016,2008-05-16
42.7400016784668,2008-05-19
41.43000030517578,2008-05-20
39.52000045776367,2008-05-21
39.0,2008-05-22
37.65999984741211,2008-05-23
36.36000061035156,2008-05-27
38.040000915527344,2008-05-28
38.189998626708984,2008-05-29
40.290000915527344,2008-05-30
37.560001373291016,2008-06-02
36.16999816894531,2008-06-03
35.849998474121094,2008-06-04
36.790000915527344,2008-06-05
31.09000015258789,2008-06-06
30.010000228881836,2008-06-09
30.540000915527344,2008-06-10
29.09000015258789,2008-06-11
28.8799991607666,2008-06-12
29.799999237060547,2008-06-13
29.170000076293945,2008-06-16
28.899999618530273,2008-06-17
28.43000030517578,2008-06-18
28.40999984741211,2008-06-19
27.049999237060547,2008-06-20
26.350000381469727,2008-06-23
28.43000030517578,2008-06-24
28.799999237060547,2008-06-25
26.950000762939453,2008-06-26
27.049999237060547,2008-06-27
27.719999313354492,2008-06-30
27.93000030517578,2008-07-01
27.540000915527344,2008-07-02
26.979999542236328,2008-07-03
26.56999969482422,2008-07-07
25.649999618530273,2008-07-08
24.579999923706055,2008-07-09
23.549999237060547,2008-07-10
23.540000915527344,2008-07-11
23.979999542236328,2008-07-14
24.479999542236328,2008-07-15
27.059999465942383,2008-07-16
27.709999084472656,2008-07-17
25.920000076293945,2008-07-18
26.6200008392334,2008-07-21
26.729999542236328,2008-07-22
28.350000381469727,2008-07-23
26.290000915527344,2008-07-24
26.6299991607666,2008-07-25
26.93000030517578,2008-07-28
28.229999542236328,2008-07-29
29.809999465942383,2008-07-30
29.709999084472656,2008-07-31
28.0,2008-08-01
27.489999771118164,2008-08-04
28.600000381469727,2008-08-05
28.290000915527344,2008-08-06
26.6200008392334,2008-08-07
25.0,2008-08-08
23.459999084472656,2008-08-11
23.90999984741211,2008-08-12
24.3799991607666,2008-08-13
25.610000610351562,2008-08-14
26.25,2008-08-15
28.549999237060547,2008-08-18
28.549999237060547,2008-08-19
29.799999237060547,2008-08-20
30.579999923706055,2008-08-21
31.940000534057617,2008-08-22
30.170000076293945,2008-08-25
28.899999618530273,2008-08-26
31.219999313354492,2008-08-27
32.029998779296875,2008-08-28
32.720001220703125,2008-08-29
31.899999618530273,2008-09-02
28.979999542236328,2008-09-03
27.84000015258789,2008-09-04
29.950000762939453,2008-09-05
27.760000228881836,2008-09-08
25.81999969482422,2008-09-09
25.729999542236328,2008-09-10
25.139999389648438,2008-09-11
25.90999984741211,2008-09-12
25.25,2008-09-15
24.84000015258789,2008-09-16
22.25,2008-09-17
26.829999923706055,2008-09-18
31.190000534057617,2008-09-19
30.0,2008-09-22
31.079999923706055,2008-09-23
33.029998779296875,2008-09-24
31.139999389648438,2008-09-25
29.5,2008-09-26
25.31999969482422,2008-09-29
28.510000228881836,2008-09-30
27.56999969482422,2008-10-01
24.959999084472656,2008-10-02
23.520000457763672,2008-10-03
22.25,2008-10-06
20.489999771118164,2008-10-07
20.510000228881836,2008-10-08
19.510000228881836,2008-10-09
18.979999542236328,2008-10-10
22.979999542236328,2008-10-13
21.979999542236328,2008-10-14
18.979999542236328,2008-10-15
19.229999542236328,2008-10-16
19.079999923706055,2008-10-17
19.43000030517578,2008-10-20
17.530000686645508,2008-10-21
14.760000228881836,2008-10-22
14.149999618530273,2008-10-23
13.029999732971191,2008-10-24
12.210000038146973,2008-10-27
14.979999542236328,2008-10-28
16.639999389648438,2008-10-29
18.780000686645508,2008-10-30
18.530000686645508,2008-10-31
18.809999465942383,2008-11-03
20.5,2008-11-04
18.489999771118164,2008-11-05
16.299999237060547,2008-11-06
16.309999465942383,2008-11-07
16.09000015258789,2008-11-10
8.829999923706055,2008-11-11
8.0,2008-11-12
8.09000015258789,2008-11-13
6.989999771118164,2008-11-14
7.099999904632568,2008-11-17
7.269999980926514,2008-11-18
6.400000095367432,2008-11-19
6.46999979019165,2008-11-20
6.570000171661377,2008-11-21
6.900000095367432,2008-11-24
7.300000190734863,2008-11-25
7.78000020980835,2008-11-26
7.46999979019165,2008-11-28
7.210000038146973,2008-12-01
7.5,2008-12-02
7.789999961853027,2008-12-03
6.949999809265137,2008-12-04
6.840000152587891,2008-12-05
7.380000114440918,2008-12-08
7.239999771118164,2008-12-09
8.539999961853027,2008-12-10
8.130000114440918,2008-12-11
8.390000343322754,2008-12-12
8.289999961853027,2008-12-15
8.15999984741211,2008-12-16
8.369999885559082,2008-12-17
9.199999809265137,2008-12-18
10.979999542236328,2008-12-19
9.199999809265137,2008-12-22
9.59000015258789,2008-12-23
8.84000015258789,2008-12-24
8.789999961853027,2008-12-26
8.699999809265137,2008-12-29
8.800000190734863,2008-12-30
9.09000015258789,2008-12-31
9.779999732971191,2009-01-02
10.0,2009-01-05
10.100000381469727,2009-01-06
9.149999618530273,2009-01-07
8.989999771118164,2009-01-08
8.760000228881836,2009-01-09
8.079999923706055,2009-01-12
7.869999885559082,2009-01-13
7.889999866485596,2009-01-14
7.800000190734863,2009-01-15
7.980000019073486,2009-01-16
7.409999847412109,2009-01-20
7.0,2009-01-21
6.989999771118164,2009-01-22
6.960000038146973,2009-01-23
7.460000038146973,2009-01-26
7.320000171661377,2009-01-27
7.940000057220459,2009-01-28
7.5,2009-01-29
7.380000114440918,2009-01-30
7.070000171661377,2009-02-02
7.099999904632568,2009-02-03
7.289999961853027,2009-02-04
7.610000133514404,2009-02-05
7.880000114440918,2009-02-06
8.609999656677246,2009-02-09
7.800000190734863,2009-02-10
7.75,2009-02-11
7.619999885559082,2009-02-12
7.570000171661377,2009-02-13
7.050000190734863,2009-02-17
7.349999904632568,2009-02-18
7.010000228881836,2009-02-19
7.179999828338623,2009-02-20
7.159999847412109,2009-02-23
7.579999923706055,2009-02-24
7.289999961853027,2009-02-25
7.170000076293945,2009-02-26
6.949999809265137,2009-02-27
6.360000133514404,2009-03-02
6.460000038146973,2009-03-03
6.769999980926514,2009-03-04
6.090000152587891,2009-03-05
5.960000038146973,2009-03-06
5.809999942779541,2009-03-09
6.070000171661377,2009-03-10
5.119999885559082,2009-03-11
6.190000057220459,2009-03-12
5.739999771118164,2009-03-13
5.449999809265137,2009-03-16
5.909999847412109,2009-03-17
5.909999847412109,2009-03-18
5.53000020980835,2009-03-19
5.800000190734863,2009-03-20
5.730000019073486,2009-03-23
6.579999923706055,2009-03-24
6.489999771118164,2009-03-25
6.989999771118164,2009-03-26
6.690000057220459,2009-03-27
6.650000095367432,2009-03-30
6.800000190734863,2009-03-31
6.900000095367432,2009-04-01
6.980000019073486,2009-04-02
6.989999771118164,2009-04-03
6.900000095367432,2009-04-06
6.510000228881836,2009-04-07
6.630000114440918,2009-04-08
6.989999771118164,2009-04-09
7.119999885559082,2009-04-13
6.920000076293945,2009-04-14
6.900000095367432,2009-04-15
6.989999771118164,2009-04-16
6.710000038146973,2009-04-17
6.409999847412109,2009-04-20
6.53000020980835,2009-04-21
6.519999980926514,2009-04-22
6.539999961853027,2009-04-23
6.960000038146973,2009-04-24
6.650000095367432,2009-04-27
6.349999904632568,2009-04-28
6.420000076293945,2009-04-29
6.300000190734863,2009-04-30
6.46999979019165,2009-05-01
6.860000133514404,2009-05-04
7.489999771118164,2009-05-05
7.840000152587891,2009-05-06
7.309999942779541,2009-05-07
7.800000190734863,2009-05-08
7.559999942779541,2009-05-11
7.429999828338623,2009-05-12
7.130000114440918,2009-05-13
7.480000019073486,2009-05-14
7.050000190734863,2009-05-15
8.09000015258789,2009-05-18
8.270000457763672,2009-05-19
8.0,2009-05-20
8.199999809265137,2009-05-21
8.0,2009-05-22
8.369999885559082,2009-05-26
8.630000114440918,2009-05-27
8.4399995803833,2009-05-28
8.600000381469727,2009-05-29
8.9399995803833,2009-06-01
8.680000305175781,2009-06-02
8.359999656677246,2009-06-03
8.579999923706055,2009-06-04
8.520000457763672,2009-06-05
8.380000114440918,2009-06-08
8.350000381469727,2009-06-09
8.069999694824219,2009-06-10
7.960000038146973,2009-06-11
7.53000020980835,2009-06-12
7.090000152587891,2009-06-15
7.380000114440918,2009-06-16
7.090000152587891,2009-06-17
7.050000190734863,2009-06-18
7.429999828338623,2009-06-19
7.010000228881836,2009-06-22
6.989999771118164,2009-06-23
7.5,2009-06-24
8.279999732971191,2009-06-25
8.100000381469727,2009-06-26
7.909999847412109,2009-06-29
8.0600004196167,2009-06-30
8.25,2009-07-01
8.020000457763672,2009-07-02
7.940000057220459,2009-07-06
7.71999979019165,2009-07-07
7.559999942779541,2009-07-08
7.840000152587891,2009-07-09
7.989999771118164,2009-07-10
7.909999847412109,2009-07-13
7.730000019073486,2009-07-14
7.989999771118164,2009-07-15
8.149999618530273,2009-07-16
8.0,2009-07-17
8.1899995803833,2009-07-20
8.470000267028809,2009-07-21
8.430000305175781,2009-07-22
8.800000190734863,2009-07-23
8.829999923706055,2009-07-24
8.75,2009-07-27
8.680000305175781,2009-07-28
8.420000076293945,2009-07-29
8.479999542236328,2009-07-30
8.75,2009-07-31
9.079999923706055,2009-08-03
9.149999618530273,2009-08-04
9.529999732971191,2009-08-05
9.760000228881836,2009-08-06
9.609999656677246,2009-08-07
9.710000038146973,2009-08-10
9.800000190734863,2009-08-11
9.59000015258789,2009-08-12
9.289999961853027,2009-08-13
9.170000076293945,2009-08-14
8.850000381469727,2009-08-17
9.050000190734863,2009-08-18
9.170000076293945,2009-08-19
9.010000228881836,2009-08-20
9.039999961853027,2009-08-21
8.880000114440918,2009-08-24
9.180000305175781,2009-08-25
9.319999694824219,2009-08-26
9.170000076293945,2009-08-27
8.989999771118164,2009-08-28
8.960000038146973,2009-08-31
8.680000305175781,2009-09-01
8.760000228881836,2009-09-02
9.100000381469727,2009-09-03
9.569999694824219,2009-09-04
9.619999885559082,2009-09-08
9.770000457763672,2009-09-09
9.789999961853027,2009-09-10
9.699999809265137,2009-09-11
10.869999885559082,2009-09-14
10.5,2009-09-15
10.3100004196167,2009-09-16
10.0600004196167,2009-09-17
9.430000305175781,2009-09-18
9.239999771118164,2009-09-21
9.760000228881836,2009-09-22
10.699999809265137,2009-09-23
10.489999771118164,2009-09-24
11.029999732971191,2009-09-25
11.079999923706055,2009-09-28
10.899999618530273,2009-09-29
11.039999961853027,2009-09-30
10.960000038146973,2009-10-01
10.949999809265137,2009-10-02
11.460000038146973,2009-10-05
11.970000267028809,2009-10-06
11.550000190734863,2009-10-07
11.890000343322754,2009-10-08
11.800000190734863,2009-10-09
12.079999923706055,2009-10-12
11.960000038146973,2009-10-13
12.600000381469727,2009-10-14
13.100000381469727,2009-10-15
13.0,2009-10-16
14.8100004196167,2009-10-19
14.180000305175781,2009-10-20
14.800000190734863,2009-10-21
14.880000114440918,2009-10-22
14.510000228881836,2009-10-23
13.649999618530273,2009-10-26
13.520000457763672,2009-10-27
13.050000190734863,2009-10-28
13.40999984741211,2009-10-29
12.039999961853027,2009-10-30
12.319999694824219,2009-11-02
12.430000305175781,2009-11-03
12.75,2009-11-04
13.350000381469727,2009-11-05
13.050000190734863,2009-11-06
13.039999961853027,2009-11-09
12.8100004196167,2009-11-10
13.119999885559082,2009-11-11
12.739999771118164,2009-11-12
12.970000267028809,2009-11-13
12.890000343322754,2009-11-16
14.069999694824219,2009-11-17
13.760000228881836,2009-11-18
13.369999885559082,2009-11-19
13.100000381469727,2009-11-20
12.960000038146973,2009-11-23
12.819999694824219,2009-11-24
12.949999809265137,2009-11-25
12.829999923706055,2009-11-27
12.5600004196167,2009-11-30
13.399999618530273,2009-12-01
14.5,2009-12-02
14.15999984741211,2009-12-03
14.59000015258789,2009-12-04
14.6899995803833,2009-12-07
14.470000267028809,2009-12-08
15.489999771118164,2009-12-09
16.690000534057617,2009-12-10
16.270000457763672,2009-12-11
17.290000915527344,2009-12-14
17.0,2009-12-15
17.3799991607666,2009-12-16
16.200000762939453,2009-12-17
16.809999465942383,2009-12-18
15.979999542236328,2009-12-21
15.5,2009-12-22
16.059999465942383,2009-12-23
16.309999465942383,2009-12-24
16.200000762939453,2009-12-28
16.139999389648438,2009-12-29
15.479999542236328,2009-12-30
15.850000381469727,2009-12-31
16.479999542236328,2010-01-04
17.299999237060547,2010-01-05
17.1299991607666,2010-01-06
17.0,2010-01-07
16.889999389648438,2010-01-08
17.43000030517578,2010-01-11
16.850000381469727,2010-01-12
16.799999237060547,2010-01-13
17.559999465942383,2010-01-14
17.200000762939453,2010-01-15
17.280000686645508,2010-01-19
16.579999923706055,2010-01-20
16.239999771118164,2010-01-21
16.040000915527344,2010-01-22
16.440000534057617,2010-01-25
16.06999969482422,2010-01-26
15.760000228881836,2010-01-27
15.050000190734863,2010-01-28
13.420000076293945,2010-01-29
13.529999732971191,2010-02-01
15.260000228881836,2010-02-02
14.5600004196167,2010-02-03
13.260000228881836,2010-02-04
13.720000267028809,2010-02-05
13.100000381469727,2010-02-08
13.430000305175781,2010-02-09
13.5,2010-02-10
13.960000038146973,2010-02-11
14.170000076293945,2010-02-12
14.829999923706055,2010-02-16
14.640000343322754,2010-02-17
14.529999732971191,2010-02-18
14.180000305175781,2010-02-19
14.350000381469727,2010-02-22
14.039999961853027,2010-02-23
14.479999542236328,2010-02-24
14.670000076293945,2010-02-25
15.430000305175781,2010-02-26
15.970000267028809,2010-03-01
15.890000343322754,2010-03-02
14.90999984741211,2010-03-03
15.25,2010-03-04
16.0,2010-03-05
16.600000381469727,2010-03-08
15.960000038146973,2010-03-09
16.209999084472656,2010-03-10
16.290000915527344,2010-03-11
16.43000030517578,2010-03-12
16.989999771118164,2010-03-15
16.770000457763672,2010-03-16
16.399999618530273,2010-03-17
16.959999084472656,2010-03-18
16.459999084472656,2010-03-19
17.309999465942383,2010-03-22
17.0,2010-03-23
16.959999084472656,2010-03-24
16.520000457763672,2010-03-25
16.59000015258789,2010-03-26
16.860000610351562,2010-03-29
17.3700008392334,2010-03-30
18.260000228881836,2010-03-31
18.040000915527344,2010-04-01
17.799999237060547,2010-04-05
17.790000915527344,2010-04-06
17.1299991607666,2010-04-07
17.829999923706055,2010-04-08
18.270000457763672,2010-04-09
18.209999084472656,2010-04-12
17.670000076293945,2010-04-13
17.780000686645508,2010-04-14
17.709999084472656,2010-04-15
17.440000534057617,2010-04-16
17.06999969482422,2010-04-19
17.399999618530273,2010-04-20
17.610000610351562,2010-04-21
17.670000076293945,2010-04-22
17.360000610351562,2010-04-23
18.010000228881836,2010-04-26
17.40999984741211,2010-04-27
17.059999465942383,2010-04-28
16.959999084472656,2010-04-29
16.780000686645508,2010-04-30
16.649999618530273,2010-05-03
15.890000343322754,2010-05-04
15.140000343322754,2010-05-05
14.84000015258789,2010-05-06
15.140000343322754,2010-05-07
16.149999618530273,2010-05-10
15.390000343322754,2010-05-11
16.110000610351562,2010-05-12
16.65999984741211,2010-05-13
16.6200008392334,2010-05-14
15.739999771118164,2010-05-17
16.479999542236328,2010-05-18
15.65999984741211,2010-05-19
15.100000381469727,2010-05-20
16.049999237060547,2010-05-21
15.4399995803833,2010-05-24
15.229999542236328,2010-05-25
15.289999961853027,2010-05-26
16.149999618530273,2010-05-27
15.6899995803833,2010-05-28
15.420000076293945,2010-06-01
15.4399995803833,2010-06-02
15.869999885559082,2010-06-03
15.350000381469727,2010-06-04
14.800000190734863,2010-06-07
15.140000343322754,2010-06-08
15.800000190734863,2010-06-09
16.18000030517578,2010-06-10
16.329999923706055,2010-06-11
16.309999465942383,2010-06-14
16.427499771118164,2010-06-15
16.739999771118164,2010-06-16
16.690000534057617,2010-06-17
16.610000610351562,2010-06-18
16.850000381469727,2010-06-21
16.510000228881836,2010-06-22
16.850000381469727,2010-06-23
16.639999389648438,2010-06-24
17.030000686645508,2010-06-25
17.049999237060547,2010-06-28
15.369999885559082,2010-06-29
15.529999732971191,2010-06-30
15.359999656677246,2010-07-01
15.029999732971191,2010-07-02
15.220000267028809,2010-07-06
15.994999885559082,2010-07-07
16.520000457763672,2010-07-08
17.059999465942383,2010-07-09
16.649999618530273,2010-07-12
16.979999542236328,2010-07-13
17.1200008392334,2010-07-14
17.079999923706055,2010-07-15
16.670000076293945,2010-07-16
16.579999923706055,2010-07-19
16.850000381469727,2010-07-20
16.989999771118164,2010-07-21
17.200000762939453,2010-07-22
17.809999465942383,2010-07-23
17.979999542236328,2010-07-26
17.93000030517578,2010-07-27
17.770000457763672,2010-07-28
17.739999771118164,2010-07-29
18.1299991607666,2010-07-30
18.209999084472656,2010-08-02
17.969999313354492,2010-08-03
17.989999771118164,2010-08-04
18.149999618530273,2010-08-05
18.670000076293945,2010-08-06
19.209999084472656,2010-08-09
18.270000457763672,2010-08-10
17.920000076293945,2010-08-11
17.940000534057617,2010-08-12
17.700000762939453,2010-08-13
17.690000534057617,2010-08-16
17.940000534057617,2010-08-17
18.059999465942383,2010-08-18
17.829999923706055,2010-08-19
18.110000610351562,2010-08-20
18.540000915527344,2010-08-23
18.940000534057617,2010-08-24
18.399999618530273,2010-08-25
18.582000732421875,2010-08-26
18.959999084472656,2010-08-27
18.81999969482422,2010-08-30
19.049999237060547,2010-08-31
19.360000610351562,2010-09-01
19.3799991607666,2010-09-02
19.959999084472656,2010-09-03
20.020000457763672,2010-09-07
19.420000076293945,2010-09-08
19.799999237060547,2010-09-09
20.360000610351562,2010-09-10
21.579999923706055,2010-09-13
21.690000534057617,2010-09-14
21.93000030517578,2010-09-15
21.59000015258789,2010-09-16
21.8799991607666,2010-09-17
22.239999771118164,2010-09-20
21.670000076293945,2010-09-21
21.84000015258789,2010-09-22
21.809999465942383,2010-09-23
22.190000534057617,2010-09-24
22.700000762939453,2010-09-27
23.549999237060547,2010-09-28
24.010000228881836,2010-09-29
24.252500534057617,2010-09-30
24.700000762939453,2010-10-01
24.700000762939453,2010-10-04
25.469999313354492,2010-10-05
25.239999771118164,2010-10-06
24.1200008392334,2010-10-07
23.920000076293945,2010-10-08
24.229999542236328,2010-10-11
23.90999984741211,2010-10-12
24.799999237060547,2010-10-13
24.06999969482422,2010-10-14
24.0,2010-10-15
23.8700008392334,2010-10-18
22.549999237060547,2010-10-19
23.3799991607666,2010-10-20
23.530000686645508,2010-10-21
23.860000610351562,2010-10-22
24.6299991607666,2010-10-25
24.290000915527344,2010-10-26
24.299999237060547,2010-10-27
24.399999618530273,2010-10-28
24.729999542236328,2010-10-29
25.270000457763672,2010-11-01
26.329999923706055,2010-11-02
26.43000030517578,2010-11-03
26.280000686645508,2010-11-04
26.0,2010-11-05
26.149999618530273,2010-11-08
25.25,2010-11-09
25.25,2010-11-10
24.59000015258789,2010-11-11
24.0,2010-11-12
24.639999389648438,2010-11-15
23.65999984741211,2010-11-16
23.760000228881836,2010-11-17
24.559999465942383,2010-11-18
24.889999389648438,2010-11-19
25.43000030517578,2010-11-22
23.610000610351562,2010-11-23
24.420000076293945,2010-11-24
23.920000076293945,2010-11-26
24.030000686645508,2010-11-29
23.329999923706055,2010-11-30
23.270000457763672,2010-12-01
23.690000534057617,2010-12-02
23.93000030517578,2010-12-03
23.799999237060547,2010-12-06
23.610000610351562,2010-12-07
22.229999542236328,2010-12-08
23.399999618530273,2010-12-09
22.690000534057617,2010-12-10
21.520000457763672,2010-12-13
22.239999771118164,2010-12-14
22.31999969482422,2010-12-15
21.229999542236328,2010-12-16
21.920000076293945,2010-12-17
21.90999984741211,2010-12-20
22.639999389648438,2010-12-21
22.09000015258789,2010-12-22
21.420000076293945,2010-12-23
21.389999389648438,2010-12-27
21.190000534057617,2010-12-28
20.790000915527344,2010-12-29
21.770000457763672,2010-12-30
21.93000030517578,2010-12-31
22.75,2011-01-03
23.709999084472656,2011-01-04
23.34000015258789,2011-01-05
22.920000076293945,2011-01-06
22.459999084472656,2011-01-07
22.559999465942383,2011-01-10
22.8799991607666,2011-01-11
23.34000015258789,2011-01-12
23.8799991607666,2011-01-13
23.5,2011-01-14
23.8799991607666,2011-01-18
24.059999465942383,2011-01-19
23.700000762939453,2011-01-20
23.770000457763672,2011-01-21
23.93000030517578,2011-01-24
24.15999984741211,2011-01-25
24.469999313354492,2011-01-26
24.75,2011-01-27
24.170000076293945,2011-01-28
24.90999984741211,2011-01-31
26.139999389648438,2011-02-01
26.559999465942383,2011-02-02
26.75,2011-02-03
26.450000762939453,2011-02-04
26.559999465942383,2011-02-07
26.3799991607666,2011-02-08
25.739999771118164,2011-02-09
25.049999237060547,2011-02-10
25.690000534057617,2011-02-11
25.65999984741211,2011-02-14
25.799999237060547,2011-02-15
26.25,2011-02-16
26.18000030517578,2011-02-17
26.709999084472656,2011-02-18
25.530000686645508,2011-02-22
25.3700008392334,2011-02-23
25.639999389648438,2011-02-24
27.040000915527344,2011-02-25
26.520000457763672,2011-02-28
26.200000762939453,2011-03-01
26.459999084472656,2011-03-02
28.09000015258789,2011-03-03
27.5,2011-03-04
27.389999389648438,2011-03-07
27.3799991607666,2011-03-08
29.030000686645508,2011-03-09
28.670000076293945,2011-03-10
28.799999237060547,2011-03-11
28.6299991607666,2011-03-14
28.549999237060547,2011-03-15
28.040000915527344,2011-03-16
27.469999313354492,2011-03-17
27.420000076293945,2011-03-18
28.200000762939453,2011-03-21
28.489999771118164,2011-03-22
28.559999465942383,2011-03-23
29.6299991607666,2011-03-24
29.950000762939453,2011-03-25
29.610000610351562,2011-03-28
29.93000030517578,2011-03-29
30.40999984741211,2011-03-30
30.670000076293945,2011-03-31
30.6299991607666,2011-04-01
30.979999542236328,2011-04-04
30.530000686645508,2011-04-05
30.530000686645508,2011-04-06
30.989999771118164,2011-04-07
31.329999923706055,2011-04-08
31.280000686645508,2011-04-11
31.25,2011-04-12
32.09000015258789,2011-04-13
33.59749984741211,2011-04-14
34.27000045776367,2011-04-15
34.439998626708984,2011-04-18
35.779998779296875,2011-04-19
35.13999938964844,2011-04-20
34.79999923706055,2011-04-21
35.529998779296875,2011-04-25
35.689998626708984,2011-04-26
34.45000076293945,2011-04-27
34.88999938964844,2011-04-28
35.150001525878906,2011-04-29
37.27000045776367,2011-05-02
35.349998474121094,2011-05-03
35.54999923706055,2011-05-04
36.099998474121094,2011-05-05
36.540000915527344,2011-05-06
36.90999984741211,2011-05-09
34.9900016784668,2011-05-10
34.22999954223633,2011-05-11
33.849998474121094,2011-05-12
32.209999084472656,2011-05-13
32.09000015258789,2011-05-16
32.56999969482422,2011-05-17
32.790000915527344,2011-05-18
32.91999816894531,2011-05-19
32.97999954223633,2011-05-20
31.34000015258789,2011-05-23
31.600000381469727,2011-05-24
32.189998626708984,2011-05-25
31.260000228881836,2011-05-26
31.399999618530273,2011-05-27
31.25,2011-05-31
30.5,2011-06-01
30.8700008392334,2011-06-02
30.489999771118164,2011-06-03
28.639999389648438,2011-06-06
28.100000381469727,2011-06-07
27.520000457763672,2011-06-08
28.020000457763672,2011-06-09
27.229999542236328,2011-06-10
27.239999771118164,2011-06-13
28.139999389648438,2011-06-14
27.110000610351562,2011-06-15
26.440000534057617,2011-06-16
26.43000030517578,2011-06-17
26.020000457763672,2011-06-20
27.350000381469727,2011-06-21
26.68000030517578,2011-06-22
27.989999771118164,2011-06-23
29.010000228881836,2011-06-24
29.510000228881836,2011-06-27
31.25,2011-06-28
30.829999923706055,2011-06-29
31.100000381469727,2011-06-30
31.799999237060547,2011-07-01
32.279998779296875,2011-07-05
32.0099983215332,2011-07-06
32.4900016784668,2011-07-07
31.75,2011-07-08
30.829999923706055,2011-07-11
30.420000076293945,2011-07-12
30.799999237060547,2011-07-13
30.790000915527344,2011-07-14
31.829999923706055,2011-07-15
31.219999313354492,2011-07-18
32.66999816894531,2011-07-19
33.08000183105469,2011-07-20
32.38999938964844,2011-07-21
33.0,2011-07-22
32.63999938964844,2011-07-25
33.58000183105469,2011-07-26
33.22999954223633,2011-07-27
33.310001373291016,2011-07-28
32.88999938964844,2011-07-29
33.31999969482422,2011-08-01
31.549999237060547,2011-08-02
31.260000228881836,2011-08-03
29.43000030517578,2011-08-04
28.979999542236328,2011-08-05
26.989999771118164,2011-08-08
28.6200008392334,2011-08-09
28.239999771118164,2011-08-10
29.75,2011-08-11
29.709999084472656,2011-08-12
30.190000534057617,2011-08-15
29.290000915527344,2011-08-16
29.6299991607666,2011-08-17
28.440000534057617,2011-08-18
27.510000228881836,2011-08-19
27.190000534057617,2011-08-22
29.450000762939453,2011-08-23
30.1299991607666,2011-08-24
30.65999984741211,2011-08-25
31.31999969482422,2011-08-26
32.15999984741211,2011-08-29
31.90999984741211,2011-08-30
31.360000610351562,2011-08-31
31.3799991607666,2011-09-01
30.579999923706055,2011-09-02
29.3799991607666,2011-09-06
29.809999465942383,2011-09-07
30.579999923706055,2011-09-08
29.6299991607666,2011-09-09
29.219999313354492,2011-09-12
28.889999389648438,2011-09-13
29.31999969482422,2011-09-14
30.510000228881836,2011-09-15
31.719999313354492,2011-09-16
32.65999984741211,2011-09-19
31.510000228881836,2011-09-20
30.43000030517578,2011-09-21
27.520000457763672,2011-09-22
26.719999313354492,2011-09-23
26.639999389648438,2011-09-26
27.40999984741211,2011-09-27
24.8799991607666,2011-09-28
20.360000610351562,2011-09-29
16.834999084472656,2011-09-30
16.329999923706055,2011-10-03
20.559999465942383,2011-10-04
21.290000915527344,2011-10-05
22.809999465942383,2011-10-06
22.969999313354492,2011-10-07
23.8700008392334,2011-10-10
24.170000076293945,2011-10-11
25.8799991607666,2011-10-12
25.770000457763672,2011-10-13
25.780000686645508,2011-10-14
24.899999618530273,2011-10-17
24.65999984741211,2011-10-18
23.149999618530273,2011-10-19
22.950000762939453,2011-10-20
23.75,2011-10-21
25.790000915527344,2011-10-24
24.329999923706055,2011-10-25
24.899999618530273,2011-10-26
26.549999237060547,2011-10-27
27.5,2011-10-28
27.18000030517578,2011-10-31
25.15999984741211,2011-11-01
26.709999084472656,2011-11-02
25.8700008392334,2011-11-03
26.850000381469727,2011-11-04
26.6200008392334,2011-11-07
25.809999465942383,2011-11-08
24.600000381469727,2011-11-09
23.899999618530273,2011-11-10
23.360000610351562,2011-11-11
23.81999969482422,2011-11-14
26.3799991607666,2011-11-15
25.56999969482422,2011-11-16
25.280000686645508,2011-11-17
25.5,2011-11-18
15.430000305175781,2011-11-21
17.700000762939453,2011-11-22
17.610000610351562,2011-11-23
17.700000762939453,2011-11-25
16.989999771118164,2011-11-28
17.079999923706055,2011-11-29
18.520000457763672,2011-11-30
19.709999084472656,2011-12-01
19.93000030517578,2011-12-02
20.950000762939453,2011-12-05
20.34000015258789,2011-12-06
21.43000030517578,2011-12-07
21.389999389648438,2011-12-08
22.709999084472656,2011-12-09
21.5,2011-12-12
20.399999618530273,2011-12-13
19.719999313354492,2011-12-14
19.530000686645508,2011-12-15
19.399999618530273,2011-12-16
19.1200008392334,2011-12-19
19.389999389648438,2011-12-20
20.030000686645508,2011-12-21
21.030000686645508,2011-12-22
20.649999618530273,2011-12-23
20.450000762939453,2011-12-27
19.510000228881836,2011-12-28
19.709999084472656,2011-12-29
19.489999771118164,2011-12-30
20.594999313354492,2012-01-03
20.3700008392334,2012-01-04
19.700000762939453,2012-01-05
18.6299991607666,2012-01-06
18.709999084472656,2012-01-09
20.520000457763672,2012-01-10
20.969999313354492,2012-01-11
21.31999969482422,2012-01-12
21.639999389648438,2012-01-13
22.049999237060547,2012-01-17
21.899999618530273,2012-01-18
21.219999313354492,2012-01-19
20.020000457763672,2012-01-20
19.190000534057617,2012-01-23
20.229999542236328,2012-01-24
20.93000030517578,2012-01-25
20.6200008392334,2012-01-26
20.770000457763672,2012-01-27
19.6200008392334,2012-01-30
20.0,2012-01-31
21.969999313354492,2012-02-01
23.094999313354492,2012-02-02
24.149999618530273,2012-02-03
23.584999084472656,2012-02-06
23.09000015258789,2012-02-07
23.450000762939453,2012-02-08
24.229999542236328,2012-02-09
23.469999313354492,2012-02-10
23.520000457763672,2012-02-13
23.610000610351562,2012-02-14
23.799999237060547,2012-02-15
23.760000228881836,2012-02-16
23.959999084472656,2012-02-17
24.020000457763672,2012-02-21
23.68000030517578,2012-02-22
24.25,2012-02-23
23.860000610351562,2012-02-24
23.420000076293945,2012-02-27
23.979999542236328,2012-02-28
24.260000228881836,2012-02-29
24.520000457763672,2012-03-01
26.229999542236328,2012-03-02
25.93000030517578,2012-03-05
24.299999237060547,2012-03-06
24.59000015258789,2012-03-07
24.8799991607666,2012-03-08
25.6299991607666,2012-03-09
25.6299991607666,2012-03-12
26.600000381469727,2012-03-13
26.600000381469727,2012-03-14
26.34000015258789,2012-03-15
27.440000534057617,2012-03-16
28.030000686645508,2012-03-19
28.579999923706055,2012-03-20
28.59000015258789,2012-03-21
28.290000915527344,2012-03-22
28.639999389648438,2012-03-23
28.440000534057617,2012-03-26
27.780000686645508,2012-03-27
26.049999237060547,2012-03-28
24.100000381469727,2012-03-29
25.1200008392334,2012-03-30
25.34000015258789,2012-04-02
23.809999465942383,2012-04-03
23.8700008392334,2012-04-04
25.100000381469727,2012-04-05
24.56999969482422,2012-04-09
23.75,2012-04-10
24.639999389648438,2012-04-11
25.549999237060547,2012-04-12
24.649999618530273,2012-04-13
24.139999389648438,2012-04-16
24.219999313354492,2012-04-17
23.350000381469727,2012-04-18
23.969999313354492,2012-04-19
23.510000228881836,2012-04-20
23.200000762939453,2012-04-23
23.510000228881836,2012-04-24
23.81999969482422,2012-04-25
23.719999313354492,2012-04-26
25.329999923706055,2012-04-27
23.899999618530273,2012-04-30
24.110000610351562,2012-05-01
24.059999465942383,2012-05-02
23.799999237060547,2012-05-03
23.799999237060547,2012-05-04
23.959999084472656,2012-05-07
23.3799991607666,2012-05-08
23.200000762939453,2012-05-09
23.270000457763672,2012-05-10
23.270000457763672,2012-05-11
21.510000228881836,2012-05-14
21.209999084472656,2012-05-15
21.520000457763672,2012-05-16
21.280000686645508,2012-05-17
20.469999313354492,2012-05-18
21.989999771118164,2012-05-21
21.219999313354492,2012-05-22
21.459999084472656,2012-05-23
21.459999084472656,2012-05-24
21.3799991607666,2012-05-25
22.329999923706055,2012-05-29
21.860000610351562,2012-05-30
20.799999237060547,2012-05-31
19.219999313354492,2012-06-01
19.920000076293945,2012-06-04
20.1299991607666,2012-06-05
21.0,2012-06-06
21.25,2012-06-07
20.510000228881836,2012-06-08
19.420000076293945,2012-06-11
20.0,2012-06-12
19.200000762939453,2012-06-13
19.489999771118164,2012-06-14
20.020000457763672,2012-06-15
20.059999465942383,2012-06-18
21.299999237060547,2012-06-19
21.260000228881836,2012-06-20
20.399999618530273,2012-06-21
21.5,2012-06-22
21.239999771118164,2012-06-25
21.350000381469727,2012-06-26
22.469999313354492,2012-06-27
22.579999923706055,2012-06-28
23.479999542236328,2012-06-29
23.40999984741211,2012-07-02
23.420000076293945,2012-07-03
22.530000686645508,2012-07-05
22.25,2012-07-06
21.75,2012-07-09
20.239999771118164,2012-07-10
19.3700008392334,2012-07-11
18.940000534057617,2012-07-12
19.489999771118164,2012-07-13
18.75,2012-07-16
18.010000228881836,2012-07-17
18.75,2012-07-18
18.950000762939453,2012-07-19
19.06999969482422,2012-07-20
18.649999618530273,2012-07-23
18.920000076293945,2012-07-24
18.540000915527344,2012-07-25
18.670000076293945,2012-07-26
19.690000534057617,2012-07-27
19.389999389648438,2012-07-30
19.780000686645508,2012-07-31
18.90999984741211,2012-08-01
19.270000457763672,2012-08-02
19.829999923706055,2012-08-03
21.079999923706055,2012-08-06
21.729999542236328,2012-08-07
21.549999237060547,2012-08-08
21.729999542236328,2012-08-09
23.3799991607666,2012-08-10
25.450000762939453,2012-08-13
25.25,2012-08-14
25.200000762939453,2012-08-15
25.170000076293945,2012-08-16
25.219999313354492,2012-08-17
25.15999984741211,2012-08-20
25.219999313354492,2012-08-21
25.190000534057617,2012-08-22
24.979999542236328,2012-08-23
24.8799991607666,2012-08-24
24.790000915527344,2012-08-27
24.459999084472656,2012-08-28
24.399999618530273,2012-08-29
24.239999771118164,2012-08-30
24.049999237060547,2012-08-31
24.260000228881836,2012-09-04
24.25,2012-09-05
24.40999984741211,2012-09-06
24.290000915527344,2012-09-07
23.7549991607666,2012-09-10
23.90999984741211,2012-09-11
24.020000457763672,2012-09-12
23.989999771118164,2012-09-13
24.290000915527344,2012-09-14
23.959999084472656,2012-09-17
23.780000686645508,2012-09-18
23.760000228881836,2012-09-19
23.709999084472656,2012-09-20
23.760000228881836,2012-09-21
22.90999984741211,2012-09-24
23.35070037841797,2012-09-25
23.110000610351562,2012-09-26
23.290000915527344,2012-09-27
23.399999618530273,2012-09-28
23.559999465942383,2012-10-01
23.65999984741211,2012-10-02
23.920000076293945,2012-10-03
24.110000610351562,2012-10-04
24.270000457763672,2012-10-05
24.270000457763672,2012-10-08
24.15999984741211,2012-10-09
24.170000076293945,2012-10-10
24.459999084472656,2012-10-11
24.0,2012-10-12
24.06999969482422,2012-10-15
23.989999771118164,2012-10-16
23.809999465942383,2012-10-17
23.959999084472656,2012-10-18
23.989999771118164,2012-10-19
23.440000534057617,2012-10-22
23.579999923706055,2012-10-23
23.989999771118164,2012-10-24
23.549999237060547,2012-10-25
23.799999237060547,2012-10-26
23.579999923706055,2012-10-31
23.861799240112305,2012-11-01
24.90999984741211,2012-11-02
24.899999618530273,2012-11-05
24.989999771118164,2012-11-06
25.079999923706055,2012-11-07
24.889999389648438,2012-11-08
24.770000457763672,2012-11-09
24.950000762939453,2012-11-12
25.110000610351562,2012-11-13
25.139999389648438,2012-11-14
25.178699493408203,2012-11-15
24.84000015258789,2012-11-16
24.25,2012-11-19
24.15999984741211,2012-11-20
24.309999465942383,2012-11-21
24.520000457763672,2012-11-23
23.959999084472656,2012-11-26
23.770000457763672,2012-11-27
24.530000686645508,2012-11-28
24.530000686645508,2012-11-29
24.290000915527344,2012-11-30
24.40999984741211,2012-12-03
23.989999771118164,2012-12-04
24.34000015258789,2012-12-05
24.75,2012-12-06
24.1200008392334,2012-12-07
24.15999984741211,2012-12-10
23.770000457763672,2012-12-11
23.989999771118164,2012-12-12
23.670000076293945,2012-12-13
23.649999618530273,2012-12-14
23.899999618530273,2012-12-17
23.90999984741211,2012-12-18
25.520000457763672,2012-12-19
25.73979949951172,2012-12-20
25.59000015258789,2012-12-21
25.59000015258789,2012-12-24
25.549999237060547,2012-12-26
25.5,2012-12-27
25.59000015258789,2012-12-28
25.670000076293945,2012-12-31
25.920000076293945,2013-01-02
25.600000381469727,2013-01-03
25.59000015258789,2013-01-04
25.68000030517578,2013-01-07
25.790000915527344,2013-01-08
25.799999237060547,2013-01-09
25.8700008392334,2013-01-10
25.940000534057617,2013-01-11
25.950000762939453,2013-01-14
25.950000762939453,2013-01-15
25.719999313354492,2013-01-16
25.559999465942383,2013-01-17
25.299999237060547,2013-01-18
25.709999084472656,2013-01-22
25.790000915527344,2013-01-23
24.989999771118164,2013-01-24
25.40999984741211,2013-01-25
25.459999084472656,2013-01-28
25.5,2013-01-29
25.440000534057617,2013-01-30
25.299999237060547,2013-01-31
25.5,2013-02-01
25.280000686645508,2013-02-04
25.3799991607666,2013-02-05
25.389999389648438,2013-02-06
25.260000228881836,2013-02-07
25.25,2013-02-08
25.309999465942383,2013-02-11
25.420000076293945,2013-02-12
25.389999389648438,2013-02-13
25.40999984741211,2013-02-14
25.459999084472656,2013-02-15
25.395000457763672,2013-02-19
25.309999465942383,2013-02-20
25.1299991607666,2013-02-21
25.190000534057617,2013-02-22
25.049999237060547,2013-02-25
25.200000762939453,2013-02-26
25.139999389648438,2013-02-27
25.219999313354492,2013-02-28
25.040000915527344,2013-03-01
25.149999618530273,2013-03-04
25.200000762939453,2013-03-05
25.190000534057617,2013-03-06
25.25,2013-03-07
25.8799991607666,2013-03-08
25.899999618530273,2013-03-11
26.149999618530273,2013-03-12
26.09000015258789,2013-03-13
26.149999618530273,2013-03-14
26.100000381469727,2013-03-15
26.170000076293945,2013-03-18
26.15999984741211,2013-03-19
26.1299991607666,2013-03-20
26.18000030517578,2013-03-21
26.149999618530273,2013-03-22
26.68000030517578,2013-03-25
26.850000381469727,2013-03-26
26.68000030517578,2013-03-27
26.809999465942383,2013-03-28
26.75,2013-04-01
26.719999313354492,2013-04-02
26.600000381469727,2013-04-03
26.68000030517578,2013-04-04
26.65999984741211,2013-04-05
26.68000030517578,2013-04-08
26.670000076293945,2013-04-09
26.719999313354492,2013-04-10
26.719999313354492,2013-04-11
26.709999084472656,2013-04-12
26.56999969482422,2013-04-15
26.68000030517578,2013-04-16
26.709999084472656,2013-04-17
26.670000076293945,2013-04-18
26.639999389648438,2013-04-19
26.920000076293945,2013-04-22
26.860000610351562,2013-04-23
26.959999084472656,2013-04-24
27.1200008392334,2013-04-25
27.200000762939453,2013-04-26
27.200000762939453,2013-04-29
27.270000457763672,2013-04-30
27.229999542236328,2013-05-01
27.25,2013-05-02
27.239999771118164,2013-05-03
27.229999542236328,2013-05-06
27.219999313354492,2013-05-07
27.239999771118164,2013-05-08
27.239999771118164,2013-05-09
27.290000915527344,2013-05-10
27.219999313354492,2013-05-13
27.290000915527344,2013-05-14
27.260000228881836,2013-05-15
27.229999542236328,2013-05-16
27.3799991607666,2013-05-17
27.3700008392334,2013-05-20
27.43000030517578,2013-05-21
27.420000076293945,2013-05-22
27.420000076293945,2013-05-23
27.420000076293945,2013-05-24
