HPE,Date
7.6706976890563965,2015-10-19
7.819014549255371,2015-10-20
7.638253211975098,2015-10-21
7.8560919761657715,2015-10-22
7.87926721572876,2015-10-23
7.610447883605957,2015-10-26
7.290640354156494,2015-10-27
7.545556545257568,2015-10-28
7.3926100730896,2015-10-29
6.822517395019531,2015-10-30
6.715917587280273,2015-11-02
6.655662536621094,2015-11-03
6.331223964691162,2015-11-04
6.155099391937256,2015-11-05
6.674203872680664,2015-11-06
6.581504821777344,2015-11-09
6.678838729858398,2015-11-10
6.539792060852051,2015-11-11
6.349762439727783,2015-11-12
6.206081390380859,2015-11-13
6.201447010040283,2015-11-16
6.127289295196533,2015-11-17
6.321951866149902,2015-11-18
6.386842250823975,2015-11-19
6.5861406326293945,2015-11-20
6.419285774230957,2015-11-23
6.345127582550049,2015-11-24
6.544426441192627,2015-11-25
6.651027202606201,2015-11-27
6.887407302856445,2015-11-30
7.235022068023682,2015-12-01
6.9291205406188965,2015-12-02
6.7761712074279785,2015-12-03
7.054263114929199,2015-12-04
7.186834335327148,2015-12-07
7.056588172912598,2015-12-08
6.907735824584961,2015-12-09
6.847260475158691,2015-12-10
6.596071720123291,2015-12-11
6.717014789581299,2015-12-14
6.772834300994873,2015-12-15
6.8379597663879395,2015-12-16
6.656542778015137,2015-12-17
6.586768627166748,2015-12-18
6.521646022796631,2015-12-21
6.540252208709717,2015-12-22
6.935643672943115,2015-12-23
6.98681116104126,2015-12-24
7.084498882293701,2015-12-28
7.070544242858887,2015-12-29
7.107755184173584,2015-12-30
7.070544242858887,2015-12-31
7.037981986999512,2016-01-04
6.991464138031006,2016-01-05
6.884477138519287,2016-01-06
6.377443790435791,2016-01-07
6.298367023468018,2016-01-08
6.168119430541992,2016-01-11
6.168119430541992,2016-01-12
5.930883884429932,2016-01-13
6.047176361083984,2016-01-14
5.833198070526123,2016-01-15
5.730861186981201,2016-01-19
5.609916687011719,2016-01-20
5.772726058959961,2016-01-21
6.209982872009277,2016-01-22
6.205331802368164,2016-01-25
6.32627534866333,2016-01-26
6.22859001159668,2016-01-27
6.135557174682617,2016-01-28
6.400700569152832,2016-01-29
6.414656162261963,2016-02-01
6.256500244140625,2016-02-02
6.21928596496582,2016-02-03
6.442566871643066,2016-02-04
6.140207767486572,2016-02-05
5.819243431091309,2016-02-08
5.916927814483643,2016-02-09
5.982051849365234,2016-02-10
5.768073558807373,2016-02-11
5.71690559387207,2016-02-12
5.735513687133789,2016-02-16
6.0564775466918945,2016-02-17
6.2937140464782715,2016-02-18
6.3588361740112305,2016-02-19
6.419307708740234,2016-02-22
6.089038848876953,2016-02-23
6.2937140464782715,2016-02-24
6.363487243652344,2016-02-25
6.2518486976623535,2016-02-26
6.172769546508789,2016-02-29
6.177422046661377,2016-03-01
6.465824604034424,2016-03-02
6.32627534866333,2016-03-03
7.182183265686035,2016-03-04
7.455279350280762,2016-03-07
7.109823703765869,2016-03-08
7.231199741363525,2016-03-09
7.4225993156433105,2016-03-10
7.623338222503662,2016-03-11
7.660683631896973,2016-03-14
7.828741073608398,2016-03-15
8.024809837341309,2016-03-16
8.010807037353516,2016-03-17
8.090167045593262,2016-03-18
8.267562866210938,2016-03-21
8.174196243286133,2016-03-22
8.150854110717773,2016-03-23
8.2022066116333,2016-03-24
8.174196243286133,2016-03-28
8.239553451538086,2016-03-29
8.351592063903809,2016-03-30
8.276899337768555,2016-03-31
8.589677810668945,2016-04-01
8.421616554260254,2016-04-04
8.220878601074219,2016-04-05
8.384270668029785,2016-04-06
8.28156566619873,2016-04-07
8.351592063903809,2016-04-08
8.276899337768555,2016-04-11
8.048151016235352,2016-04-12
8.169529914855957,2016-04-13
8.057489395141602,2016-04-14
8.122845649719238,2016-04-15
8.141519546508789,2016-04-18
8.048151016235352,2016-04-19
8.122845649719238,2016-04-20
8.150854110717773,2016-04-21
8.164861679077148,2016-04-22
8.034149169921875,2016-04-25
8.104172706604004,2016-04-26
8.080830574035645,2016-04-27
7.950117111206055,2016-04-28
7.77739143371582,2016-04-29
7.656015872955322,2016-05-02
7.43660306930542,2016-05-03
7.43660306930542,2016-05-04
7.338570594787598,2016-05-05
7.366581916809082,2016-05-06
7.403926849365234,2016-05-09
7.417933940887451,2016-05-10
7.478618621826172,2016-05-11
7.4225993156433105,2016-05-12
7.361912727355957,2016-05-13
7.450610637664795,2016-05-16
7.385254383087158,2016-05-17
7.315230369567871,2016-05-18
7.366581916809082,2016-05-19
7.408596515655518,2016-05-20
7.5019612312316895,2016-05-23
7.585991859436035,2016-05-24
8.099502563476562,2016-05-25
8.11817741394043,2016-05-26
8.52431869506836,2016-05-27
8.622352600097656,2016-05-31
8.538323402404785,2016-06-01
8.636360168457031,2016-06-02
8.566333770751953,2016-06-03
8.849614143371582,2016-06-06
8.971353530883789,2016-06-07
9.060322761535645,2016-06-08
9.153966903686523,2016-06-09
8.952627182006836,2016-06-10
8.709145545959473,2016-06-13
8.573357582092285,2016-06-14
8.802790641784668,2016-06-15
8.7372407913208,2016-06-16
8.868346214294434,2016-06-17
9.07436752319336,2016-06-20
9.252294540405273,2016-06-21
8.994765281677246,2016-06-22
9.200790405273438,2016-06-23
8.503122329711914,2016-06-24
8.053619384765625,2016-06-27
8.14726448059082,2016-06-28
8.325194358825684,2016-06-29
8.554628372192383,2016-06-30
8.657639503479004,2016-07-01
8.5218505859375,2016-07-05
8.615500450134277,2016-07-06
8.648274421691895,2016-07-07
8.915166854858398,2016-07-08
9.055639266967773,2016-07-11
9.219518661499023,2016-07-12
9.130556106567383,2016-07-13
9.359991073608398,2016-07-14
9.256978988647461,2016-07-15
9.266342163085938,2016-07-18
9.266342163085938,2016-07-19
9.392765998840332,2016-07-20
9.247614860534668,2016-07-21
9.388082504272461,2016-07-22
9.463003158569336,2016-07-25
9.575374603271484,2016-07-26
9.528554916381836,2016-07-27
9.5098237991333,2016-07-28
9.842272758483887,2016-07-29
9.870365142822266,2016-08-01
9.725214004516602,2016-08-02
10.071703910827637,2016-08-03
10.188765525817871,2016-08-04
10.258996963500977,2016-08-05
10.13725757598877,2016-08-08
10.160667419433594,2016-08-09
10.090433120727539,2016-08-10
10.198129653930664,2016-08-11
10.249632835388184,2016-08-12
10.305821418762207,2016-08-15
10.331574440002441,2016-08-16
10.132575035095215,2016-08-17
10.235589027404785,2016-08-18
10.244952201843262,2016-08-19
10.273046493530273,2016-08-22
10.268364906311035,2016-08-23
10.155988693237305,2016-08-24
10.226222038269043,2016-08-25
10.198129653930664,2016-08-26
10.226222038269043,2016-08-29
10.104482650756836,2016-08-30
10.057658195495605,2016-08-31
10.376058578491211,2016-09-01
10.399470329284668,2016-09-02
10.235589027404785,2016-09-06
10.343278884887695,2016-09-07
10.010836601257324,2016-09-08
9.79544734954834,2016-09-09
9.968690872192383,2016-09-12
9.907824516296387,2016-09-13
10.001469612121582,2016-09-14
10.36201000213623,2016-09-15
10.422877311706543,2016-09-16
10.619538307189941,2016-09-19
10.591445922851562,2016-09-20
10.825559616088867,2016-09-21
10.881749153137207,2016-09-22
10.760008811950684,2016-09-23
10.671042442321777,2016-09-26
10.731912612915039,2016-09-27
10.788100242614746,2016-09-28
10.722549438476562,2016-09-29
10.652315139770508,2016-09-30
10.605490684509277,2016-10-03
10.483749389648438,2016-10-04
10.675726890563965,2016-10-05
10.619538307189941,2016-10-06
10.48576831817627,2016-10-07
10.560866355895996,2016-10-10
10.316793441772461,2016-10-11
10.326180458068848,2016-10-12
10.213533401489258,2016-10-13
10.105573654174805,2016-10-14
9.983539581298828,2016-10-17
10.077413558959961,2016-10-18
10.199447631835938,2016-10-19
10.269856452941895,2016-10-20
10.152512550354004,2016-10-21
10.175979614257812,2016-10-24
10.138434410095215,2016-10-25
10.232305526733398,2016-10-26
10.415361404418945,2016-10-27
10.405975341796875,2016-10-28
10.546784400939941,2016-10-31
10.363731384277344,2016-11-01
10.33556842803955,2016-11-02
10.232305526733398,2016-11-03
10.344955444335938,2016-11-04
10.847185134887695,2016-11-07
10.908201217651367,2016-11-08
10.903507232666016,2016-11-09
10.828407287597656,2016-11-10
10.941056251525879,2016-11-11
10.959832191467285,2016-11-14
10.987995147705078,2016-11-15
11.044320106506348,2016-11-16
11.07717514038086,2016-11-17
10.941056251525879,2016-11-18
10.851875305175781,2016-11-21
10.734533309936523,2016-11-22
11.053709030151367,2016-11-23
10.898816108703613,2016-11-25
10.955138206481934,2016-11-28
11.1428861618042,2016-11-29
11.171050071716309,2016-11-30
10.969219207763672,2016-12-01
11.194518089294434,2016-12-02
11.363492965698242,2016-12-05
11.246149063110352,2016-12-06
11.584096908569336,2016-12-07
11.565321922302246,2016-12-08
11.504304885864258,2016-12-09
11.24781608581543,2016-12-12
11.261932373046875,2016-12-13
11.257227897644043,2016-12-14
11.167806625366211,2016-12-15
11.054862022399902,2016-12-16
11.167806625366211,2016-12-19
11.219578742980957,2016-12-20
11.243106842041016,2016-12-21
11.181927680969238,2016-12-22
11.210164070129395,2016-12-23
11.172516822814941,2016-12-27
10.965441703796387,2016-12-28
10.984265327453613,2016-12-29
10.890146255493164,2016-12-30
10.918381690979004,2017-01-03
11.036036491394043,2017-01-04
11.087806701660156,2017-01-05
10.871321678161621,2017-01-06
10.617183685302734,2017-01-09
10.800726890563965,2017-01-10
10.711309432983398,2017-01-11
10.706603050231934,2017-01-12
10.7960205078125,2017-01-13
10.678366661071777,2017-01-17
10.75837230682373,2017-01-18
10.716014862060547,2017-01-19
10.767784118652344,2017-01-20
10.6218900680542,2017-01-23
10.772490501403809,2017-01-24
10.81484603881836,2017-01-25
10.645423889160156,2017-01-26
10.612478256225586,2017-01-27
10.42423152923584,2017-01-30
10.673660278320312,2017-01-31
10.631301879882812,2017-02-01
10.678366661071777,2017-02-02
11.05956745147705,2017-02-03
11.078389167785645,2017-02-06
11.148984909057617,2017-02-07
11.120746612548828,2017-02-08
11.332527160644531,2017-02-09
11.290170669555664,2017-02-10
11.351349830627441,2017-02-13
11.360766410827637,2017-02-14
11.473713874816895,2017-02-15
11.450181007385254,2017-02-16
11.483124732971191,2017-02-17
11.605488777160645,2017-02-21
11.661961555480957,2017-02-22
11.605488777160645,2017-02-23
10.805434226989746,2017-02-24
10.499529838562012,2017-02-27
10.739544868469238,2017-02-28
10.908967971801758,2017-03-01
10.800726890563965,2017-03-02
10.84778881072998,2017-03-03
10.857198715209961,2017-03-06
10.739544868469238,2017-03-07
10.645423889160156,2017-03-08
10.5748291015625,2017-03-09
10.527764320373535,2017-03-10
10.534844398498535,2017-03-13
10.492369651794434,2017-03-14
10.70948314666748,2017-03-15
10.685884475708008,2017-03-16
10.78499984741211,2017-03-17
10.83220100402832,2017-03-20
10.501806259155273,2017-03-21
10.619804382324219,2017-03-22
10.76140022277832,2017-03-23
10.74724292755127,2017-03-24
10.72364330291748,2017-03-27
10.86052131652832,2017-03-28
11.17203426361084,2017-03-29
11.148436546325684,2017-03-30
11.186193466186523,2017-03-31
11.069348335266113,2017-04-03
11.277252197265625,2017-04-04
11.277252197265625,2017-04-05
11.352851867675781,2017-04-06
11.516657829284668,2017-04-07
11.52925968170166,2017-04-10
11.453656196594238,2017-04-11
11.37175178527832,2017-04-12
11.333953857421875,2017-04-13
11.409553527832031,2017-04-17
11.422154426574707,2017-04-18
11.441056251525879,2017-04-19
11.548155784606934,2017-04-20
11.42845630645752,2017-04-21
11.617459297180176,2017-04-24
11.667860984802246,2017-04-25
11.724560737609863,2017-04-26
11.737160682678223,2017-04-27
11.737160682678223,2017-04-28
11.800165176391602,2017-05-01
11.781261444091797,2017-05-02
11.762362480163574,2017-05-03
11.812765121459961,2017-05-04
11.863163948059082,2017-05-05
11.90096378326416,2017-05-08
11.831666946411133,2017-05-09
11.970266342163086,2017-05-10
11.882064819335938,2017-05-11
11.89466667175293,2017-05-12
11.963967323303223,2017-05-15
12.039567947387695,2017-05-16
11.844266891479492,2017-05-17
11.831666946411133,2017-05-18
11.67416000366211,2017-05-19
11.837964057922363,2017-05-22
11.882064819335938,2017-05-23
11.91356372833252,2017-05-24
11.869465827941895,2017-05-25
11.863163948059082,2017-05-26
11.875763893127441,2017-05-30
11.850566864013672,2017-05-31
11.037845611572266,2017-06-01
10.962244033813477,2017-06-02
10.811040878295898,2017-06-05
10.729138374328613,2017-06-06
10.73543930053711,2017-06-07
10.741742134094238,2017-06-08
10.703938484191895,2017-06-09
10.656505584716797,2017-06-12
10.675477981567383,2017-06-13
10.586936950683594,2017-06-14
10.44780445098877,2017-06-15
10.428832054138184,2017-06-16
10.574288368225098,2017-06-19
10.52369213104248,2017-06-20
10.479424476623535,2017-06-21
10.548991203308105,2017-06-22
10.656505584716797,2017-06-23
10.631207466125488,2017-06-26
10.435154914855957,2017-06-27
10.688130378723145,2017-06-28
10.530019760131836,2017-06-29
10.492073059082031,2017-06-30
10.542669296264648,2017-07-03
10.713425636291504,2017-07-05
10.422504425048828,2017-07-06
10.504722595214844,2017-07-07
10.586936950683594,2017-07-10
10.612235069274902,2017-07-11
10.618558883666992,2017-07-12
10.8082914352417,2017-07-13
10.87153434753418,2017-07-14
10.896831512451172,2017-07-17
10.846236228942871,2017-07-18
11.175101280212402,2017-07-19
11.320563316345215,2017-07-20
11.390129089355469,2017-07-21
11.282612800598145,2017-07-24
11.307913780212402,2017-07-25
11.137155532836914,2017-07-26
11.099207878112793,2017-07-27
11.07391357421875,2017-07-28
11.07391357421875,2017-07-31
11.099207878112793,2017-08-01
10.972723007202148,2017-08-02
10.93477725982666,2017-08-03
11.07391357421875,2017-08-04
11.14980411529541,2017-08-07
11.14980411529541,2017-08-08
11.1561279296875,2017-08-09
10.827265739440918,2017-08-10
10.941102981567383,2017-08-11
11.118184089660645,2017-08-14
11.225695610046387,2017-08-15
11.130830764770508,2017-08-16
10.941102981567383,2017-08-17
10.86520767211914,2017-08-18
10.947425842285156,2017-08-21
11.175101280212402,2017-08-22
11.200399398803711,2017-08-23
11.352184295654297,2017-08-24
11.352184295654297,2017-08-25
11.250992774963379,2017-08-28
11.333208084106445,2017-08-29
11.371155738830566,2017-08-30
11.421751022338867,2017-08-31
11.66561222076416,2017-09-01
11.445505142211914,2017-09-05
11.225398063659668,2017-09-06
10.801491737365723,2017-09-07
10.695515632629395,2017-09-08
10.883011817932129,2017-09-11
10.747845649719238,2017-09-12
10.837955474853516,2017-09-13
11.034563064575195,2017-09-14
11.075522422790527,2017-09-15
11.091906547546387,2017-09-18
11.050946235656738,2017-09-19
11.16563606262207,2017-09-20
11.296704292297363,2017-09-21
11.68172836303711,2017-09-22
12.042173385620117,2017-09-25
12.197818756103516,2017-09-26
12.165055274963379,2017-09-27
11.935678482055664,2017-09-28
12.050368309020996,2017-09-29
12.263355255126953,2017-10-02
12.033981323242188,2017-10-03
12.12409496307373,2017-10-04
12.148667335510254,2017-10-05
12.12409496307373,2017-10-06
12.12409496307373,2017-10-09
12.25516414642334,2017-10-10
12.23878002166748,2017-10-11
12.12409496307373,2017-10-12
12.197818756103516,2017-10-13
12.173247337341309,2017-10-16
11.968446731567383,2017-10-17
12.042173385620117,2017-10-18
11.354049682617188,2017-10-19
11.501504898071289,2017-10-20
11.673537254333496,2017-10-23
11.722688674926758,2017-10-24
11.534272193908691,2017-10-25
11.673537254333496,2017-10-26
11.698111534118652,2017-10-27
11.452351570129395,2017-10-30
11.403200149536133,2017-10-31
11.141057968139648,2017-11-01
11.16563606262207,2017-11-02
11.059141159057617,2017-11-03
11.16563606262207,2017-11-06
11.116483688354492,2017-11-07
11.091906547546387,2017-11-08
11.239363670349121,2017-11-09
11.222977638244629,2017-11-10
11.042755126953125,2017-11-13
10.870723724365234,2017-11-14
10.780611991882324,2017-11-15
10.870723724365234,2017-11-16
11.206594467163086,2017-11-17
11.542464256286621,2017-11-20
11.56704044342041,2017-11-21
10.731462478637695,2017-11-22
10.911685943603516,2017-11-24
11.034563064575195,2017-11-27
11.370436668395996,2017-11-28
11.444161415100098,2017-11-29
11.427778244018555,2017-11-30
11.829182624816895,2017-12-01
11.657153129577637,2017-12-04
11.534272193908691,2017-12-05
11.599808692932129,2017-12-06
11.648961067199707,2017-12-07
11.74726390838623,2017-12-08
11.943869590759277,2017-12-11
11.939754486083984,2017-12-12
11.791534423828125,2017-12-13
11.725661277770996,2017-12-14
11.865645408630371,2017-12-15
12.26912784576416,2017-12-18
12.186784744262695,2017-12-19
12.112674713134766,2017-12-20
12.120909690856934,2017-12-21
12.112674713134766,2017-12-22
12.13737678527832,2017-12-26
12.07973861694336,2017-12-27
12.030333518981934,2017-12-28
11.824471473693848,2017-12-29
12.030333518981934,2018-01-02
12.104439735412598,2018-01-03
12.400876998901367,2018-01-04
12.392641067504883,2018-01-05
12.203251838684082,2018-01-08
12.22795581817627,2018-01-09
12.507920265197754,2018-01-10
12.72201156616211,2018-01-11
13.018449783325195,2018-01-12
13.018449783325195,2018-01-16
13.232540130615234,2018-01-17
13.150197982788086,2018-01-18
13.240777015686035,2018-01-19
13.216071128845215,2018-01-22
13.726598739624023,2018-01-23
13.734837532043457,2018-01-24
13.570147514343262,2018-01-25
13.75953483581543,2018-01-26
13.973630905151367,2018-01-29
13.619552612304688,2018-01-30
13.504271507263184,2018-01-31
13.825413703918457,2018-02-01
13.710129737854004,2018-02-02
12.89493465423584,2018-02-05
12.952573776245117,2018-02-06
12.812591552734375,2018-02-07
12.384407997131348,2018-02-08
12.598495483398438,2018-02-09
12.969043731689453,2018-02-12
12.738482475280762,2018-02-13
13.298416137695312,2018-02-14
13.463105201721191,2018-02-15
13.496038436889648,2018-02-16
13.603083610534668,2018-02-20
13.380757331848145,2018-02-21
13.512506484985352,2018-02-22
14.937045097351074,2018-02-23
15.27464771270752,2018-02-26
15.496975898742676,2018-02-27
15.307588577270508,2018-02-28
15.15113639831543,2018-03-01
15.464042663574219,2018-03-02
15.6287260055542,2018-03-05
15.98280143737793,2018-03-06
15.768708229064941,2018-03-07
15.604019165039062,2018-03-08
15.776947975158691,2018-03-09
15.70283031463623,2018-03-12
15.60776138305664,2018-03-13
15.582966804504395,2018-03-14
15.566433906555176,2018-03-15
15.533366203308105,2018-03-16
15.458963394165039,2018-03-19
15.525100708007812,2018-03-20
15.467232704162598,2018-03-21
15.14482307434082,2018-03-22
14.57441234588623,2018-03-23
14.872018814086914,2018-03-26
14.516544342041016,2018-03-27
14.599213600158691,2018-03-28
14.500012397766113,2018-03-29
14.15280532836914,2018-04-02
14.16933536529541,2018-04-03
14.260273933410645,2018-04-04
14.218942642211914,2018-04-05
13.805599212646484,2018-04-06
13.896535873413086,2018-04-09
14.260273933410645,2018-04-10
14.252006530761719,2018-04-11
14.392541885375977,2018-04-12
14.384276390075684,2018-04-13
14.516544342041016,2018-04-16
14.673615455627441,2018-04-17
14.61574649810791,2018-04-18
14.392541885375977,2018-04-19
14.293342590332031,2018-04-20
14.400810241699219,2018-04-23
14.351208686828613,2018-04-24
14.309873580932617,2018-04-25
14.376008987426758,2018-04-26
14.342944145202637,2018-04-27
14.094938278198242,2018-04-30
14.20240306854248,2018-05-01
14.15280532836914,2018-05-02
13.97093391418457,2018-05-03
14.227209091186523,2018-05-04
14.301606178283691,2018-05-07
14.376008987426758,2018-05-08
14.549612998962402,2018-05-09
14.590946197509766,2018-05-10
14.607481956481934,2018-05-11
14.541351318359375,2018-05-14
14.384276390075684,2018-05-15
14.57441234588623,2018-05-16
14.607481956481934,2018-05-17
14.516544342041016,2018-05-18
14.475212097167969,2018-05-21
14.392541885375977,2018-05-22
12.879714012145996,2018-05-23
13.028517723083496,2018-05-24
12.83011531829834,2018-05-25
12.71437931060791,2018-05-29
12.87144660949707,2018-05-30
12.598641395568848,2018-05-31
12.838379859924316,2018-06-01
12.846646308898926,2018-06-04
13.276520729064941,2018-06-05
13.24345588684082,2018-06-06
13.160785675048828,2018-06-07
13.235187530517578,2018-06-08
13.24345588684082,2018-06-11
13.146044731140137,2018-06-12
13.146044731140137,2018-06-13
13.171022415161133,2018-06-14
13.279253959655762,2018-06-15
13.245949745178223,2018-06-18
13.237626075744629,2018-06-19
12.613208770751953,2018-06-20
12.83800220489502,2018-06-21
12.688139915466309,2018-06-22
12.54660701751709,2018-06-25
12.629859924316406,2018-06-26
12.25521183013916,2018-06-27
12.246886253356934,2018-06-28
12.163629531860352,2018-06-29
12.321816444396973,2018-07-02
12.296839714050293,2018-07-03
12.338467597961426,2018-07-05
12.47167682647705,2018-07-06
12.679814338684082,2018-07-09
12.90460205078125,2018-07-10
12.571582794189453,2018-07-11
12.813027381896973,2018-07-12
12.896279335021973,2018-07-13
13.021162033081055,2018-07-16
13.037812232971191,2018-07-17
13.262600898742676,2018-07-18
13.021162033081055,2018-07-19
12.879627227783203,2018-07-20
12.879627227783203,2018-07-23
12.738093376159668,2018-07-24
12.88794994354248,2018-07-25
13.062789916992188,2018-07-26
12.979534149169922,2018-07-27
12.862974166870117,2018-07-30
12.854650497436523,2018-07-31
12.862974166870117,2018-08-01
12.946233749389648,2018-08-02
13.304228782653809,2018-08-03
13.329207420349121,2018-08-06
13.429115295410156,2018-08-07
13.454089164733887,2018-08-08
13.41246509552002,2018-08-09
13.19599723815918,2018-08-10
13.037812232971191,2018-08-13
13.312557220458984,2018-08-14
13.34585952758789,2018-08-15
13.545671463012695,2018-08-16
13.878693580627441,2018-08-17
13.920323371887207,2018-08-20
13.13771915435791,2018-08-21
13.171022415161133,2018-08-22
13.404138565063477,2018-08-23
13.487394332885742,2018-08-24
13.695533752441406,2018-08-27
13.936972618103027,2018-08-28
13.911995887756348,2018-08-29
13.978601455688477,2018-08-30
13.762136459350586,2018-08-31
13.878693580627441,2018-09-04
13.812088012695312,2018-09-05
13.753808975219727,2018-09-06
13.762136459350586,2018-09-07
13.66222858428955,2018-09-10
13.790494918823242,2018-09-11
13.748576164245605,2018-09-12
13.86594295501709,2018-09-13
13.899477005004883,2018-09-14
13.647978782653809,2018-09-17
13.8743257522583,2018-09-18
13.94977855682373,2018-09-19
14.142590522766113,2018-09-20
14.268341064453125,2018-09-21
14.184507369995117,2018-09-24
13.8743257522583,2018-09-25
13.84079360961914,2018-09-26
13.647978782653809,2018-09-27
13.673126220703125,2018-09-28
13.564146041870117,2018-10-01
13.857560157775879,2018-10-02
14.041991233825684,2018-10-03
14.125826835632324,2018-10-04
13.530610084533691,2018-10-05
13.32103157043457,2018-10-08
13.153366088867188,2018-10-09
12.667133331298828,2018-10-10
12.264737129211426,2018-10-11
12.927016258239746,2018-10-12
12.859949111938477,2018-10-15
13.002467155456543,2018-10-16
13.010848999023438,2018-10-17
12.851566314697266,2018-10-18
12.943782806396484,2018-10-19
13.279112815856934,2018-10-22
13.119832992553711,2018-10-23
12.650369644165039,2018-10-24
12.700669288635254,2018-10-25
12.264737129211426,2018-10-26
12.214436531066895,2018-10-29
12.516234397888184,2018-10-30
12.784499168395996,2018-10-31
13.245580673217773,2018-11-01
13.32103157043457,2018-11-02
13.354561805725098,2018-11-05
13.312646865844727,2018-11-06
13.614445686340332,2018-11-07
13.622828483581543,2018-11-08
13.178513526916504,2018-11-09
12.809650421142578,2018-11-12
12.859949111938477,2018-11-13
12.700669288635254,2018-11-14
12.843182563781738,2018-11-15
12.742583274841309,2018-11-16
12.432401657104492,2018-11-19
12.180904388427734,2018-11-20
12.323419570922852,2018-11-21
12.189286231994629,2018-11-23
12.499468803405762,2018-11-26
12.625216484069824,2018-11-27
12.960550308227539,2018-11-28
12.675518035888672,2018-11-29
12.574918746948242,2018-11-30
12.994080543518066,2018-12-03
12.61683464050293,2018-12-04
13.430013656616211,2018-12-06
12.331802368164062,2018-12-07
12.214436531066895,2018-12-10
12.453536987304688,2018-12-11
12.369049072265625,2018-12-12
12.242317199707031,2018-12-13
12.014200210571289,2018-12-14
11.481925964355469,2018-12-17
11.51572322845459,2018-12-18
11.12707805633545,2018-12-19
10.687739372253418,2018-12-20
10.65394401550293,2018-12-21
10.366683959960938,2018-12-24
10.822917938232422,2018-12-26
11.0679349899292,2018-12-27
11.00879192352295,2018-12-28
11.160870552062988,2018-12-31
11.372093200683594,2019-01-02
11.135525703430176,2019-01-03
11.659350395202637,2019-01-04
11.887467384338379,2019-01-07
11.659350395202637,2019-01-08
11.879021644592285,2019-01-09
11.938162803649902,2019-01-10
12.031100273132324,2019-01-11
11.963508605957031,2019-01-14
12.200074195861816,2019-01-15
12.098689079284668,2019-01-16
12.056445121765137,2019-01-17
12.40284538269043,2019-01-18
12.208523750305176,2019-01-22
12.200074195861816,2019-01-23
12.47043514251709,2019-01-24
12.968916893005371,2019-01-25
13.230829238891602,2019-01-28
12.985810279846191,2019-01-29
13.112547874450684,2019-01-30
13.171686172485352,2019-01-31
13.256174087524414,2019-02-01
13.340662956237793,2019-02-04
13.425149917602539,2019-02-05
13.594128608703613,2019-02-06
13.391356468200684,2019-02-07
13.450495719909668,2019-02-08
13.38290786743164,2019-02-11
13.518087387084961,2019-02-12
13.560331344604492,2019-02-13
13.509637832641602,2019-02-14
13.594128608703613,2019-02-15
13.594128608703613,2019-02-19
13.560331344604492,2019-02-20
13.712409019470215,2019-02-21
13.788448333740234,2019-02-22
14.160197257995605,2019-02-25
14.193990707397461,2019-02-26
14.109500885009766,2019-02-27
13.839142799377441,2019-02-28
13.839142799377441,2019-03-01
13.653267860412598,2019-03-04
13.636369705200195,2019-03-05
13.484292984008789,2019-03-06
13.239277839660645,2019-03-07
13.188582420349121,2019-03-08
13.425149917602539,2019-03-11
13.027764320373535,2019-03-12
13.206459999084473,2019-03-13
13.325591087341309,2019-03-14
13.674473762512207,2019-03-15
13.478759765625,2019-03-18
13.512798309326172,2019-03-19
13.504286766052246,2019-03-20
13.631927490234375,2019-03-21
13.010747909545898,2019-03-22
12.891616821289062,2019-03-25
13.027764320373535,2019-03-26
12.98521900177002,2019-03-27
12.98521900177002,2019-03-28
13.129878044128418,2019-03-29
13.529814720153809,2019-04-01
13.46174144744873,2019-04-02
13.487268447875977,2019-04-03
13.674473762512207,2019-04-04
13.742547988891602,2019-04-05
13.77658748626709,2019-04-08
13.57236099243164,2019-04-09
13.844658851623535,2019-04-10
13.844658851623535,2019-04-11
13.955277442932129,2019-04-12
14.031867027282715,2019-04-15
14.125470161437988,2019-04-16
14.099939346313477,2019-04-17
14.176522254943848,2019-04-18
14.116957664489746,2019-04-22
14.065901756286621,2019-04-23
13.844658851623535,2019-04-24
13.62341594696045,2019-04-25
13.419195175170898,2019-04-26
13.36813735961914,2019-04-29
13.453232765197754,2019-04-30
13.436212539672852,2019-05-01
13.393665313720703,2019-05-02
13.555342674255371,2019-05-03
13.325591087341309,2019-05-06
13.129878044128418,2019-05-07
13.061802864074707,2019-05-08
12.951180458068848,2019-05-09
12.585280418395996,2019-05-10
12.04919147491455,2019-05-13
12.117268562316895,2019-05-14
12.27043628692627,2019-05-15
12.364035606384277,2019-05-16
12.440621376037598,2019-05-17
12.55124282836914,2019-05-20
12.976709365844727,2019-05-21
12.517207145690918,2019-05-22
12.185342788696289,2019-05-23
12.244906425476074,2019-05-24
12.057701110839844,2019-05-28
12.023666381835938,2019-05-29
12.100248336791992,2019-05-30
11.674784660339355,2019-05-31
11.649258613586426,2019-06-03
12.023666381835938,2019-06-04
11.989627838134766,2019-06-05
11.904537200927734,2019-06-06
11.989627838134766,2019-06-07
12.134285926818848,2019-06-10
12.231209754943848,2019-06-11
12.128283500671387,2019-06-12
12.308405876159668,2019-06-13
12.136859893798828,2019-06-14
12.265520095825195,2019-06-17
12.514261245727539,2019-06-18
12.617188453674316,2019-06-19
12.865928649902344,2019-06-20
12.814465522766113,2019-06-21
12.874506950378418,2019-06-24
12.660077095031738,2019-06-25
12.831618309020996,2019-06-26
12.84019660949707,2019-06-27
12.823042869567871,2019-06-28
12.98601245880127,2019-07-01
12.934548377990723,2019-07-02
13.11467170715332,2019-07-03
13.011744499206543,2019-07-05
12.891663551330566,2019-07-08
12.754425048828125,2019-07-09
12.668652534484863,2019-07-10
12.52283763885498,2019-07-11
12.788732528686523,2019-07-12
12.831618309020996,2019-07-15
12.702960968017578,2019-07-16
12.6000337600708,2019-07-17
12.651497840881348,2019-07-18
12.728693008422852,2019-07-19
12.265520095825195,2019-07-22
12.531414031982422,2019-07-23
12.64292049407959,2019-07-24
12.445642471313477,2019-07-25
12.548569679260254,2019-07-26
12.574301719665527,2019-07-29
12.531414031982422,2019-07-30
12.3255615234375,2019-07-31
12.128283500671387,2019-08-01
11.382060050964355,2019-08-02
11.06470012664795,2019-08-05
11.210514068603516,2019-08-06
11.201936721801758,2019-08-07
11.622225761413574,2019-08-08
11.48498821258545,2019-08-09
11.219091415405273,2019-08-12
11.493562698364258,2019-08-13
11.030390739440918,2019-08-14
10.875998497009277,2019-08-15
10.978926658630371,2019-08-16
11.244821548461914,2019-08-19
11.099008560180664,2019-08-20
11.210514068603516,2019-08-21
11.364904403686523,2019-08-22
10.936040878295898,2019-08-23
11.099008560180664,2019-08-26
11.090432167053223,2019-08-27
11.467830657958984,2019-08-28
11.733728408813477,2019-08-29
11.853809356689453,2019-08-30
11.570757865905762,2019-09-03
11.793768882751465,2019-09-04
12.35129165649414,2019-09-05
12.497106552124023,2019-09-06
12.823042869567871,2019-09-09
13.041703224182129,2019-09-10
13.28369426727295,2019-09-11
13.27505111694336,2019-09-12
13.240479469299316,2019-09-13
13.067627906799316,2019-09-16
12.95527458190918,2019-09-17
12.739211082458496,2019-09-18
12.834280014038086,2019-09-19
12.47128963470459,2019-09-20
12.44536018371582,2019-09-23
12.315723419189453,2019-09-24
12.609570503234863,2019-09-25
12.64414119720459,2019-09-26
12.963916778564453,2019-09-27
13.11084270477295,2019-09-30
12.661426544189453,2019-10-01
12.47992992401123,2019-10-02
12.531786918640137,2019-10-03
12.44536018371582,2019-10-04
12.402148246765137,2019-10-07
11.970016479492188,2019-10-08
12.160154342651367,2019-10-09
12.194726943969727,2019-10-10
12.402148246765137,2019-10-11
12.92070484161377,2019-10-14
13.084915161132812,2019-10-15
13.041703224182129,2019-10-16
13.145411491394043,2019-10-17
13.266408920288086,2019-10-18
13.802250862121582,2019-10-21
13.784965515136719,2019-10-22
13.845464706420898,2019-10-23
13.733111381530762,2019-10-24
13.966460227966309,2019-10-25
14.199810981750488,2019-10-28
14.225739479064941,2019-10-29
14.096097946166992,2019-10-30
14.182524681091309,2019-10-31
14.260310173034668,2019-11-01
14.389949798583984,2019-11-04
14.54551887512207,2019-11-05
14.640583992004395,2019-11-06
14.848008155822754,2019-11-07
15.064072608947754,2019-11-08
15.09000301361084,2019-11-11
14.986292839050293,2019-11-12
14.891216278076172,2019-11-13
14.718368530273438,2019-11-14
14.891216278076172,2019-11-15
14.934433937072754,2019-11-18
15.072713851928711,2019-11-19
14.796150207519531,2019-11-20
14.76158332824707,2019-11-21
14.796150207519531,2019-11-22
15.08135986328125,2019-11-25
13.802250862121582,2019-11-26
13.776325225830078,2019-11-27
13.681253433227539,2019-11-29
13.620758056640625,2019-12-02
13.49111557006836,2019-12-03
13.603468894958496,2019-12-04
13.767679214477539,2019-12-05
13.750394821166992,2019-12-06
13.733111381530762,2019-12-09
13.794069290161133,2019-12-10
13.820194244384766,2019-12-11
14.281736373901367,2019-12-12
13.959529876708984,2019-12-13
14.003069877624512,2019-12-16
13.794069290161133,2019-12-17
13.855027198791504,2019-12-18
13.706984519958496,2019-12-19
13.567651748657227,2019-12-20
13.794069290161133,2019-12-23
13.863736152648926,2019-12-24
13.89857006072998,2019-12-26
13.846317291259766,2019-12-27
13.74181842803955,2019-12-30
13.811485290527344,2019-12-31
14.081446647644043,2020-01-02
13.733110427856445,2020-01-03
13.689567565917969,2020-01-06
13.61989974975586,2020-01-07
13.72440242767334,2020-01-08
13.646026611328125,2020-01-09
13.471858978271484,2020-01-10
13.54152774810791,2020-01-13
13.532817840576172,2020-01-14
13.489274978637695,2020-01-15
13.733110427856445,2020-01-16
13.14964771270752,2020-01-17
12.975481033325195,2020-01-21
13.088690757751465,2020-01-22
13.201899528503418,2020-01-23
12.853565216064453,2020-01-24
12.644563674926758,2020-01-27
12.731645584106445,2020-01-28
12.557480812072754,2020-01-29
12.557480812072754,2020-01-30
12.130770683288574,2020-01-31
12.313645362854004,2020-02-03
12.557480812072754,2020-02-04
12.966772079467773,2020-02-05
12.992898941040039,2020-02-06
12.83614730834961,2020-02-07
12.862272262573242,2020-02-10
12.949356079101562,2020-02-11
13.088690757751465,2020-02-12
12.801310539245605,2020-02-13
12.574894905090332,2020-02-14
12.522645950317383,2020-02-18
12.601021766662598,2020-02-19
12.601021766662598,2020-02-20
12.34847640991211,2020-02-21
11.93918514251709,2020-02-24
11.608266830444336,2020-02-25
11.35572338104248,2020-02-26
10.955138206481934,2020-02-27
11.13801383972168,2020-02-28
11.225098609924316,2020-03-02
10.963847160339355,2020-03-03
10.676470756530762,2020-03-04
10.26717472076416,2020-03-05
10.441343307495117,2020-03-06
9.701130867004395,2020-03-09
10.141290664672852,2020-03-10
9.304988861083984,2020-03-11
8.028520584106445,2020-03-12
8.679959297180176,2020-03-13
7.3506760597229,2020-03-16
7.28024959564209,2020-03-17
7.509133815765381,2020-03-18
8.019720077514648,2020-03-19
7.597166061401367,2020-03-20
6.892909049987793,2020-03-23
7.870065212249756,2020-03-24
8.26620864868164,2020-03-25
9.269775390625,2020-03-26
8.644746780395508,2020-03-27
8.847220420837402,2020-03-30
8.547911643981934,2020-03-31
8.433469772338867,2020-04-01
8.257406234741211,2020-04-02
8.186981201171875,2020-04-03
8.653552055358887,2020-04-06
8.503894805908203,2020-04-07
9.005677223205566,2020-04-08
9.269775390625,2020-04-09
9.12012004852295,2020-04-13
9.12012004852295,2020-04-14
8.380650520324707,2020-04-15
8.20458698272705,2020-04-16
8.547911643981934,2020-04-17
8.239799499511719,2020-04-20
7.966900825500488,2020-04-21
7.949294090270996,2020-04-22
8.160571098327637,2020-04-23
8.389453887939453,2020-04-24
8.503894805908203,2020-04-27
8.627140998840332,2020-04-28
9.076105117797852,2020-04-29
8.856023788452148,2020-04-30
8.345438957214355,2020-05-01
8.257406234741211,2020-05-04
8.28381633758545,2020-05-05
8.230996131896973,2020-05-06
8.433469772338867,2020-05-07
9.023283958435059,2020-05-08
8.56551742553711,2020-05-11
8.345438957214355,2020-05-12
7.993309020996094,2020-05-13
8.072538375854492,2020-05-14
8.019720077514648,2020-05-15
8.794402122497559,2020-05-18
8.838417053222656,2020-05-19
9.04969310760498,2020-05-20
9.12012004852295,2020-05-21
8.072538375854492,2020-05-22
8.292618751525879,2020-05-26
8.591928482055664,2020-05-27
8.44227409362793,2020-05-28
8.547911643981934,2020-05-29
8.591928482055664,2020-06-01
8.759187698364258,2020-06-02
9.102514266967773,2020-06-03
9.225756645202637,2020-06-04
9.780360221862793,2020-06-05
10.202914237976074,2020-06-08
9.802626609802246,2020-06-09
9.517974853515625,2020-06-10
8.672921180725098,2020-06-11
9.028733253479004,2020-06-12
9.082103729248047,2020-06-15
9.26001262664795,2020-06-16
8.930886268615723,2020-06-17
9.019840240478516,2020-06-18
8.735189437866211,2020-06-19
8.637338638305664,2020-06-22
8.601760864257812,2020-06-23
8.245946884155273,2020-06-24
8.423853874206543,2020-06-25
8.450538635253906,2020-06-26
8.521700859069824,2020-06-29
8.655130386352539,2020-06-30
8.379375457763672,2020-07-01
8.370481491088867,2020-07-02
8.530595779418945,2020-07-06
8.06804084777832,2020-07-07
8.192575454711914,2020-07-08
7.98798131942749,2020-07-09
8.237051963806152,2020-07-10
8.397167205810547,2020-07-13
8.459436416625977,2020-07-14
8.575075149536133,2020-07-15
8.646234512329102,2020-07-16
8.601760864257812,2020-07-17
8.495016098022461,2020-07-20
8.592862129211426,2020-07-21
8.672921180725098,2020-07-22
8.735189437866211,2020-07-23
8.557281494140625,2020-07-24
8.672921180725098,2020-07-27
8.432747840881348,2020-07-28
8.637338638305664,2020-07-29
8.557281494140625,2020-07-30
8.7796630859375,2020-07-31
8.797456741333008,2020-08-03
8.859724998474121,2020-08-04
8.859724998474121,2020-08-05
8.993152618408203,2020-08-06
8.975360870361328,2020-08-07
9.082103729248047,2020-08-10
9.037628173828125,2020-08-11
9.019840240478516,2020-08-12
8.548386573791504,2020-08-13
8.601760864257812,2020-08-14
8.414958953857422,2020-08-17
8.406061172485352,2020-08-18
8.379375457763672,2020-08-19
8.237051963806152,2020-08-20
8.299318313598633,2020-08-21
8.557281494140625,2020-08-24
8.299318313598633,2020-08-25
8.601760864257812,2020-08-26
8.51280689239502,2020-08-27
8.744085311889648,2020-08-28
8.601760864257812,2020-08-31
8.423853874206543,2020-09-01
8.744085311889648,2020-09-02
8.468331336975098,2020-09-03
8.530595779418945,2020-09-04
8.494563102722168,2020-09-08
8.521590232849121,2020-09-09
8.305395126342773,2020-09-10
8.323412895202637,2020-09-11
8.440515518188477,2020-09-14
8.359444618225098,2020-09-15
8.530597686767578,2020-09-16
8.674725532531738,2020-09-17
8.55762004852295,2020-09-18
8.31440258026123,2020-09-21
8.386469841003418,2020-09-22
8.170275688171387,2020-09-23
8.224322319030762,2020-09-24
8.206307411193848,2020-09-25
8.539604187011719,2020-09-28
8.449525833129883,2020-09-29
8.440515518188477,2020-09-30
8.31440258026123,2020-10-01
8.485555648803711,2020-10-02
8.800837516784668,2020-10-05
8.611668586730957,2020-10-06
8.800837516784668,2020-10-07
8.999013900756836,2020-10-08
8.836868286132812,2020-10-09
8.944965362548828,2020-10-12
8.809845924377441,2020-10-13
8.791830062866211,2020-10-14
8.89992618560791,2020-10-15
8.539604187011719,2020-10-16
8.422499656677246,2020-10-19
8.413493156433105,2020-10-20
8.395475387573242,2020-10-21
8.521590232849121,2020-10-22
8.539604187011719,2020-10-23
8.16126823425293,2020-10-26
7.927059650421143,2020-10-27
7.5397138595581055,2020-10-28
7.683843612670898,2020-10-29
7.782931327819824,2020-10-30
8.026147842407227,2020-11-02
8.395475387573242,2020-11-03
7.945074081420898,2020-11-04
8.359444618225098,2020-11-05
8.278371810913086,2020-11-06
8.764805793762207,2020-11-09
8.926948547363281,2020-11-10
8.962980270385742,2020-11-11
8.710758209228516,2020-11-12
9.134135246276855,2020-11-13
9.575528144836426,2020-11-16
9.44040584564209,2020-11-17
9.45842456817627,2020-11-18
9.44941520690918,2020-11-19
9.431398391723633,2020-11-20
9.971880912780762,2020-11-23
10.386248588562012,2020-11-24
10.125018119812012,2020-11-25
10.106999397277832,2020-11-27
9.944855690002441,2020-11-30
10.088985443115234,2020-12-01
10.377242088317871,2020-12-02
10.458311080932617,2020-12-03
11.115900039672852,2020-12-04
10.88169002532959,2020-12-07
11.00906753540039,2020-12-08
11.03636360168457,2020-12-09
11.027264595031738,2020-12-10
10.908984184265137,2020-12-11
10.799803733825684,2020-12-14
11.07275676727295,2020-12-15
11.063657760620117,2020-12-16
11.081855773925781,2020-12-17
11.027264595031738,2020-12-18
10.617835998535156,2020-12-21
10.56324577331543,2020-12-22
10.69062328338623,2020-12-23
10.699723243713379,2020-12-24
10.727017402648926,2020-12-28
10.617835998535156,2020-12-29
10.626935958862305,2020-12-30
10.781608581542969,2020-12-31
10.526850700378418,2021-01-04
10.717918395996094,2021-01-05
10.95447826385498,2021-01-06
10.890789031982422,2021-01-07
10.808902740478516,2021-01-08
10.890789031982422,2021-01-11
11.045462608337402,2021-01-12
11.07275676727295,2021-01-13
11.354806900024414,2021-01-14
11.409398078918457,2021-01-15
11.200135231018066,2021-01-19
11.227429389953613,2021-01-20
11.154642105102539,2021-01-21
11.045462608337402,2021-01-22
11.191036224365234,2021-01-25
11.118249893188477,2021-01-26
11.891613006591797,2021-01-27
11.427595138549805,2021-01-28
11.227429389953613,2021-01-29
11.263823509216309,2021-02-01
11.236528396606445,2021-02-02
11.57317066192627,2021-02-03
11.79153060913086,2021-02-04
11.955302238464355,2021-02-05
12.282846450805664,2021-02-08
12.373827934265137,2021-02-09
12.701371192932129,2021-02-10
12.910632133483887,2021-02-11
13.083504676818848,2021-02-12
13.010717391967773,2021-02-16
12.737764358520508,2021-02-17
12.683174133300781,2021-02-18
12.85604476928711,2021-02-19
13.165389060974121,2021-02-22
13.165389060974121,2021-02-23
13.502031326293945,2021-02-24
13.183586120605469,2021-02-25
13.247274398803711,2021-02-26
13.283670425415039,2021-03-01
13.192686080932617,2021-03-02
13.247274398803711,2021-03-03
12.77415943145752,2021-03-04
13.101700782775879,2021-03-05
13.474738121032715,2021-03-08
13.630670547485352,2021-03-09
13.89668083190918,2021-03-10
14.217727661132812,2021-03-11
14.502080917358398,2021-03-12
14.722225189208984,2021-03-15
14.437870025634766,2021-03-16
14.703882217407227,2021-03-17
14.291108131408691,2021-03-18
14.015925407409668,2021-03-19
14.070962905883789,2021-03-22
13.538946151733398,2021-03-23
13.538946151733398,2021-03-24
14.070962905883789,2021-03-25
14.685535430908203,2021-03-26
14.364490509033203,2021-03-29
14.474563598632812,2021-03-30
14.437870025634766,2021-03-31
14.401180267333984,2021-04-01
14.5938081741333,2021-04-05
14.60297966003418,2021-04-06
14.584634780883789,2021-04-07
14.437870025634766,2021-04-08
14.483736991882324,2021-04-09
14.51125431060791,2021-04-12
14.373663902282715,2021-04-13
14.474563598632812,2021-04-14
14.529598236083984,2021-04-15
14.630500793457031,2021-04-16
14.639673233032227,2021-04-19
14.44704532623291,2021-04-20
14.667189598083496,2021-04-21
14.676362991333008,2021-04-22
15.061614990234375,2021-04-23
14.887335777282715,2021-04-26
14.859818458557129,2021-04-27
14.813953399658203,2021-04-28
15.015755653381348,2021-04-29
14.694709777832031,2021-04-30
14.694709777832031,2021-05-03
14.55711841583252,2021-05-04
14.639673233032227,2021-05-05
15.015755653381348,2021-05-06
15.11665153503418,2021-05-07
15.052444458007812,2021-05-10
14.832300186157227,2021-05-11
14.382838249206543,2021-05-12
14.740572929382324,2021-05-13
14.914855003356934,2021-05-14
15.17169189453125,2021-05-17
14.9790620803833,2021-05-18
14.7864351272583,2021-05-19
14.777263641357422,2021-05-20
14.887335777282715,2021-05-21
15.006582260131836,2021-05-24
14.722225189208984,2021-05-25
14.896509170532227,2021-05-26
14.988235473632812,2021-05-27
14.639673233032227,2021-05-28
14.758918762207031,2021-06-01
14.740572929382324,2021-06-02
14.584634780883789,2021-06-03
14.878161430358887,2021-06-04
14.584634780883789,2021-06-07
14.676362991333008,2021-06-08
14.355317115783691,2021-06-09
14.336970329284668,2021-06-10
14.575464248657227,2021-06-11
14.419526100158691,2021-06-14
14.44725513458252,2021-06-15
14.382554054260254,2021-06-16
13.6338472366333,2021-06-17
13.356547355651855,2021-06-18
13.61535930633545,2021-06-21
13.504439353942871,2021-06-22
13.365793228149414,2021-06-23
13.51368522644043,2021-06-24
13.624603271484375,2021-06-25
13.430493354797363,2021-06-28
13.430493354797363,2021-06-29
13.47671127319336,2021-06-30
13.587630271911621,2021-07-01
13.596874237060547,2021-07-02
13.264116287231445,2021-07-06
13.347304344177246,2021-07-07
13.217900276184082,2021-07-08
13.47671127319336,2021-07-09
13.375035285949707,2021-07-12
12.718761444091797,2021-07-13
12.949845314025879,2021-07-14
13.005303382873535,2021-07-15
12.81119441986084,2021-07-16
12.63557243347168,2021-07-19
12.912869453430176,2021-07-20
13.15319538116455,2021-07-21
12.959087371826172,2021-07-22
13.03303337097168,2021-07-23
13.33806324005127,2021-07-26
13.254873275756836,2021-07-27
13.365793228149414,2021-07-28
13.448982238769531,2021-07-29
13.402765274047852,2021-07-30
13.393522262573242,2021-08-02
13.726280212402344,2021-08-03
13.550657272338867,2021-08-04
13.578386306762695,2021-08-05
13.744765281677246,2021-08-06
13.606117248535156,2021-08-09
13.6985502243042,2021-08-10
14.040553092956543,2021-08-11
14.059038162231445,2021-08-12
13.846444129943848,2021-08-13
13.864927291870117,2021-08-16
13.790983200073242,2021-08-17
13.596874237060547,2021-08-18
13.291848182678223,2021-08-19
13.47671127319336,2021-08-20
13.587630271911621,2021-08-23
13.717037200927734,2021-08-24
13.966605186462402,2021-08-25
13.975848197937012,2021-08-26
14.253148078918457,2021-08-27
14.151472091674805,2021-08-30
14.290121078491211,2021-08-31
14.17920207977295,2021-09-01
14.225419044494629,2021-09-02
14.308606147766113,2021-09-03
13.883416175842285,2021-09-07
13.439738273620605,2021-09-08
13.550657272338867,2021-09-09
13.336307525634766,2021-09-10
13.326987266540527,2021-09-13
12.814411163330078,2021-09-14
12.805091857910156,2021-09-15
12.730536460876465,2021-09-16
12.628019332885742,2021-09-17
12.376392364501953,2021-09-20
12.124762535095215,2021-09-21
12.264558792114258,2021-09-22
12.525504112243652,2021-09-23
12.49754524230957,2021-09-24
13.047402381896973,2021-09-27
13.215153694152832,2021-09-28
13.131278038024902,2021-09-29
13.280389785766602,2021-09-30
13.625215530395508,2021-10-01
13.83956527709961,2021-10-04
14.007315635681152,2021-10-05
13.709090232849121,2021-10-06
13.765009880065918,2021-10-07
13.82092571258545,2021-10-08
13.848883628845215,2021-10-11
13.6997709274292,2021-10-12
13.71841049194336,2021-10-13
14.025958061218262,2021-10-14
14.11915111541748,2021-10-15
14.081872940063477,2021-10-18
14.32418155670166,2021-10-19
14.436017990112305,2021-10-20
14.436017990112305,2021-10-21
14.314863204956055,2021-10-22
14.361458778381348,2021-10-25
13.867524147033691,2021-10-26
13.587936401367188,2021-10-27
13.755690574645996,2021-10-28
13.653172492980957,2021-10-29
13.9420804977417,2021-11-01
14.20302677154541,2021-11-02
14.24030590057373,2021-11-03
14.230986595153809,2021-11-04
14.408059120178223,2021-11-05
14.389418601989746,2021-11-08
14.473296165466309,2021-11-09
14.650368690490723,2021-11-10
14.855399131774902,2021-11-11
13.643854141235352,2021-11-12
13.6997709274292,2021-11-15
13.587936401367188,2021-11-16
13.559978485107422,2021-11-17
13.615894317626953,2021-11-18
13.410865783691406,2021-11-19
13.765009880065918,2021-11-22
13.802288055419922,2021-11-23
13.848883628845215,2021-11-24
13.448144912719727,2021-11-26
13.615894317626953,2021-11-29
13.373586654663086,2021-11-30
13.243112564086914,2021-12-01
13.970037460327148,2021-12-02
14.13779067993164,2021-12-03
14.091192245483398,2021-12-06
14.417377471923828,2021-12-07
14.519892692565918,2021-12-08
14.444759368896484,2021-12-09
14.28509521484375,2021-12-10
13.890634536743164,2021-12-13
13.684013366699219,2021-12-14
13.890634536743164,2021-12-15
14.040905952453613,2021-12-16
14.16300106048584,2021-12-17
13.94698715209961,2021-12-20
14.48232650756836,2021-12-21
14.604419708251953,2021-12-22
14.801651000976562,2021-12-23
14.951920509338379,2021-12-27
14.998880386352539,2021-12-28
15.09280014038086,2021-12-29
14.923746109008789,2021-12-30
14.811041831970215,2021-12-31
15.158543586730957,2022-01-03
15.806581497192383,2022-01-04
15.862936973571777,2022-01-05
15.938069343566895,2022-01-06
16.08834457397461,2022-01-07
15.966245651245117,2022-01-10
16.00381851196289,2022-01-11
16.107126235961914,2022-01-12
16.426448822021484,2022-01-13
16.492197036743164,2022-01-14
16.26679039001465,2022-01-18
15.72205638885498,2022-01-19
15.6563138961792,2022-01-20
15.158543586730957,2022-01-21
15.120976448059082,2022-01-24
14.923746109008789,2022-01-25
14.876785278320312,2022-01-26
14.848609924316406,2022-01-27
15.149150848388672,2022-01-28
15.33698844909668,2022-01-31
15.787802696228027,2022-02-01
15.994424819946289,2022-02-02
15.825371742248535,2022-02-03
15.815975189208984,2022-02-04
15.900505065917969,2022-02-07
16.06016731262207,2022-02-08
16.248004913330078,2022-02-09
16.294965744018555,2022-02-10
16.15408706665039,2022-02-11
15.84415340423584,2022-02-14
16.323137283325195,2022-02-15
16.56732940673828,2022-02-16
16.191654205322266,2022-02-17
16.27617835998535,2022-02-18
15.909895896911621,2022-02-22
15.609355926513672,2022-02-23
15.26185417175293,2022-02-24
15.045841217041016,2022-02-25
14.951920509338379,2022-02-28
14.472932815551758,2022-03-01
15.956856727600098,2022-03-02
15.731446266174316,2022-03-03
15.421514511108398,2022-03-04
14.811041831970215,2022-03-07
15.111583709716797,2022-03-08
15.374558448791504,2022-03-09
15.478631973266602,2022-03-10
15.658393859863281,2022-03-11
15.440784454345703,2022-03-14
15.639472961425781,2022-03-15
15.857080459594727,2022-03-16
15.819234848022461,2022-03-17
16.121997833251953,2022-03-18
16.131458282470703,2022-03-21
16.207149505615234,2022-03-22
16.055767059326172,2022-03-23
16.131458282470703,2022-03-24
16.595060348510742,2022-03-25
16.443679809570312,2022-03-28
16.613983154296875,2022-03-29
16.34906578063965,2022-03-30
15.809775352478027,2022-03-31
15.412403106689453,2022-04-01
15.440784454345703,2022-04-04
14.948800086975098,2022-04-05
14.731192588806152,2022-04-06
15.138026237487793,2022-04-07
15.232638359069824,2022-04-08
14.95826244354248,2022-04-11
14.579809188842773,2022-04-12
14.646038055419922,2022-04-13
14.55142593383789,2022-04-14
14.863649368286133,2022-04-18
15.242098808288574,2022-04-19
15.630011558532715,2022-04-20
15.440784454345703,2022-04-21
14.901494026184082,2022-04-22
14.750113487243652,2022-04-25
14.44735336303711,2022-04-26
14.55142593383789,2022-04-27
14.85418701171875,2022-04-28
14.579809188842773,2022-04-29
14.55142593383789,2022-05-02
14.655500411987305,2022-05-03
15.223177909851074,2022-05-04
15.090719223022461,2022-05-05
14.844725608825684,2022-05-06
14.986644744873047,2022-05-09
15.346173286437988,2022-05-10
14.74065113067627,2022-05-11
14.778496742248535,2022-05-12
15.090719223022461,2022-05-13
15.109641075134277,2022-05-16
15.847620010375977,2022-05-17
14.910954475402832,2022-05-18
14.229744911193848,2022-05-19
13.3971529006958,2022-05-20
13.728296279907227,2022-05-23
13.775603294372559,2022-05-24
14.1067476272583,2022-05-25
14.277050018310547,2022-05-26
14.939339637756348,2022-05-27
14.759575843811035,2022-05-31
14.929878234863281,2022-06-01
14.154052734375,2022-06-02
14.267590522766113,2022-06-03
14.400046348571777,2022-06-06
14.513582229614258,2022-06-07
14.1635160446167,2022-06-08
13.889137268066406,2022-06-09
13.57434368133545,2022-06-10
13.06876277923584,2022-06-13
13.040145874023438,2022-06-14
13.421713829040527,2022-06-15
12.73488998413086,2022-06-16
12.801664352416992,2022-06-17
13.259547233581543,2022-06-21
13.097380638122559,2022-06-22
12.992447853088379,2022-06-23
13.412176132202148,2022-06-24
13.478950500488281,2022-06-27
13.116458892822266,2022-06-28
12.744428634643555,2022-06-29
12.649035453796387,2022-06-30
12.362860679626465,2022-07-01
12.238848686218262,2022-07-05
12.18161392211914,2022-07-06
12.439172744750977,2022-07-07
12.58226203918457,2022-07-08
12.458250999450684,2022-07-11
12.515486717224121,2022-07-12
12.401016235351562,2022-07-13
12.410554885864258,2022-07-14
12.658576011657715,2022-07-15
12.553643226623535,2022-07-18
13.1450777053833,2022-07-19
13.269086837768555,2022-07-20
13.412176132202148,2022-07-21
13.135539054870605,2022-07-22
13.240469932556152,2022-07-25
13.1450777053833,2022-07-26
13.3454008102417,2022-07-27
13.431255340576172,2022-07-28
13.583881378173828,2022-07-29
13.75558853149414,2022-08-01
13.517107009887695,2022-08-02
13.612500190734863,2022-08-03
13.631577491760254,2022-08-04
13.698352813720703,2022-08-05
13.736509323120117,2022-08-08
13.440793991088867,2022-08-09
13.84144115447998,2022-08-10
13.994070053100586,2022-08-11
14.118080139160156,2022-08-12
14.175314903259277,2022-08-15
14.261168479919434,2022-08-16
14.242090225219727,2022-08-17
14.471031188964844,2022-08-18
14.175314903259277,2022-08-19
13.746048927307129,2022-08-22
13.746048927307129,2022-08-23
13.698352813720703,2022-08-24
14.146696090698242,2022-08-25
13.125998497009277,2022-08-26
13.087841033935547,2022-08-29
13.021065711975098,2022-08-30
12.973370552062988,2022-08-31
12.75396728515625,2022-09-01
12.629959106445312,2022-09-02
12.544103622436523,2022-09-06
12.677654266357422,2022-09-07
12.744428634643555,2022-09-08
12.92731761932373,2022-09-09
13.244965553283691,2022-09-12
12.686676025390625,2022-09-13
12.542288780212402,2022-09-14
12.580791473388672,2022-09-15
12.5711669921875,2022-09-16
12.494160652160645,2022-09-19
12.282395362854004,2022-09-20
12.12838363647461,2022-09-21
11.935869216918945,2022-09-22
11.704853057861328,2022-09-23
11.560468673706055,2022-09-26
11.58934497833252,2022-09-27
11.820362091064453,2022-09-28
11.666350364685059,2022-09-29
11.531590461730957,2022-09-30
11.90699291229248,2022-10-03
12.369028091430664,2022-10-04
12.465283393859863,2022-10-05
12.426780700683594,2022-10-06
11.993624687194824,2022-10-07
11.839613914489746,2022-10-10
11.752981185913086,2022-10-11
11.88774299621582,2022-10-12
12.349776268005371,2022-10-13
12.118759155273438,2022-10-14
12.301647186279297,2022-10-17
12.38827896118164,2022-10-18
12.340149879455566,2022-10-19
12.330524444580078,2022-10-20
12.9658203125,2022-10-21
13.14870834350586,2022-10-24
13.331598281860352,2022-10-25
13.456730842590332,2022-10-26
13.543362617492676,2022-10-27
13.851385116577148,2022-10-28
13.735876083374023,2022-10-31
13.822505950927734,2022-11-01
13.475982666015625,2022-11-02
13.283469200134277,2022-11-03
13.71662425994873,2022-11-04
13.889888763427734,2022-11-07
13.880263328552246,2022-11-08
13.620367050170898,2022-11-09
14.313417434692383,2022-11-10
14.71769905090332,2022-11-11
14.746574401855469,2022-11-14
14.929463386535645,2022-11-15
14.659942626953125,2022-11-16
14.958340644836426,2022-11-17
15.179732322692871,2022-11-18
14.96796703338623,2022-11-21
15.04497241973877,2022-11-22
15.208608627319336,2022-11-23
15.237485885620117,2022-11-25
14.96796703338623,2022-11-28
14.881335258483887,2022-11-29
16.15192985534668,2022-11-30
16.1904296875,2022-12-01
16.065298080444336,2022-12-02
15.603262901306152,2022-12-05
15.661015510559082,2022-12-06
15.45887565612793,2022-12-07
15.680270195007324,2022-12-08
15.54550838470459,2022-12-09
15.747648239135742,2022-12-12
15.757344245910645,2022-12-13
15.708861351013184,2022-12-14
15.28219985961914,2022-12-15
15.165839195251465,2022-12-16
15.010688781738281,2022-12-19
15.185232162475586,2022-12-20
15.301593780517578,2022-12-21
15.233716011047363,2022-12-22
15.272501945495605,2022-12-23
15.39856243133545,2022-12-27
15.097959518432617,2022-12-28
15.437349319458008,2022-12-29
15.476137161254883,2022-12-30
15.573103904724121,2023-01-03
15.922191619873047,2023-01-04
15.95128059387207,2023-01-05
16.591272354125977,2023-01-06
16.445819854736328,2023-01-09
16.542787551879883,2023-01-10
16.397336959838867,2023-01-11
15.82522201538086,2023-01-12
15.95128059387207,2023-01-13
15.757344245910645,2023-01-17
15.592497825622559,2023-01-18
15.33068561553955,2023-01-19
15.466440200805664,2023-01-20
15.679770469665527,2023-01-23
15.679770469665527,2023-01-24
15.640982627868652,2023-01-25
15.728252410888672,2023-01-26
15.650678634643555,2023-01-27
15.52462100982666,2023-01-30
15.640982627868652,2023-01-31
15.621589660644531,2023-02-01
15.912492752075195,2023-02-02
15.834919929504395,2023-02-03
15.621589660644531,2023-02-06
15.737950325012207,2023-02-07
15.52462100982666,2023-02-08
15.747648239135742,2023-02-09
15.941583633422852,2023-02-10
16.1549129486084,2023-02-13
16.03855323791504,2023-02-14
16.067642211914062,2023-02-15
15.960978507995605,2023-02-16
15.864009857177734,2023-02-17
15.495530128479004,2023-02-21
15.272501945495605,2023-02-22
15.262805938720703,2023-02-23
15.12705135345459,2023-02-24
15.165839195251465,2023-02-27
15.136748313903809,2023-02-28
15.068869590759277,2023-03-01
15.030082702636719,2023-03-02
14.816752433776855,2023-03-03
14.690692901611328,2023-03-06
14.554937362670898,2023-03-07
14.642210006713867,2023-03-08
14.264032363891602,2023-03-09
13.895553588867188,2023-03-10
13.585254669189453,2023-03-13
13.71131420135498,2023-03-14
13.488286972045898,2023-03-15
13.996910095214844,2023-03-16
13.791504859924316,2023-03-17
14.124065399169922,2023-03-20
14.42728328704834,2023-03-21
14.11428451538086,2023-03-22
13.957785606384277,2023-03-23
13.918659210205078,2023-03-24
14.681593894958496,2023-03-27
14.622906684875488,2023-03-28
15.180435180664062,2023-03-29
15.376060485839844,2023-03-30
15.581465721130371,2023-03-31
15.972712516784668,2023-04-03
15.757528305053711,2023-04-04
15.561902046203613,2023-04-05
15.5129976272583,2023-04-06
15.70862102508545,2023-04-10
15.69883918762207,2023-04-11
15.63037109375,2023-04-12
15.679278373718262,2023-04-13
15.561902046203613,2023-04-14
15.503216743469238,2023-04-17
15.434747695922852,2023-04-18
14.63268756866455,2023-04-19
14.221877098083496,2023-04-20
14.14362907409668,2023-04-21
14.026253700256348,2023-04-24
13.830629348754883,2023-04-25
13.781723976135254,2023-04-26
13.948003768920898,2023-04-27
14.006690979003906,2023-04-28
14.124065399169922,2023-05-01
13.938222885131836,2023-05-02
13.64478588104248,2023-05-03
13.498067855834961,2023-05-04
13.801285743713379,2023-05-05
13.879534721374512,2023-05-08
13.850191116333008,2023-05-09
13.781723976135254,2023-05-10
13.478504180908203,2023-05-11
13.527411460876465,2023-05-12
13.977347373962402,2023-05-15
13.732817649841309,2023-05-16
13.996910095214844,2023-05-17
14.094722747802734,2023-05-18
14.016471862792969,2023-05-19
14.133846282958984,2023-05-22
14.065378189086914,2023-05-23
13.850191116333008,2023-05-24
14.34903335571289,2023-05-25
15.004374504089355,2023-05-26
15.180435180664062,2023-05-30
14.104503631591797,2023-05-31
14.34903335571289,2023-06-01
14.906560897827148,2023-06-02
14.691376686096191,2023-06-05
15.004374504089355,2023-06-06
15.415185928344727,2023-06-07
15.454310417175293,2023-06-08
15.444528579711914,2023-06-09
15.923809051513672,2023-06-12
16.275930404663086,2023-06-13
16.561647415161133,2023-06-14
17.19219207763672,2023-06-15
17.31041717529297,2023-06-16
16.758691787719727,2023-06-20
16.57149887084961,2023-06-21
16.53209114074707,2023-06-22
16.27593231201172,2023-06-23
16.147851943969727,2023-06-26
16.1872615814209,2023-06-27
16.118297576904297,2023-06-28
16.404010772705078,2023-06-29
16.551795959472656,2023-06-30
16.463123321533203,2023-07-03
16.423715591430664,2023-07-05
16.413862228393555,2023-07-06
16.62076187133789,2023-07-07
16.73898696899414,2023-07-10
17.073965072631836,2023-07-11
16.82765769958496,2023-07-12
17.064111709594727,2023-07-13
16.62076187133789,2023-07-14
16.7981014251709,2023-07-17
17.202043533325195,2023-07-18
17.01485252380371,2023-07-19
16.945886611938477,2023-07-20
17.0049991607666,2023-07-21
17.093669891357422,2023-07-24
17.330123901367188,2023-07-25
17.19219207763672,2023-07-26
17.10352325439453,2023-07-27
17.0049991607666,2023-07-28
17.123226165771484,2023-07-31
17.152782440185547,2023-08-01
16.985294342041016,2023-08-02
17.064111709594727,2023-08-03
17.113374710083008,2023-08-04
17.290712356567383,2023-08-07
17.80303192138672,2023-08-08
17.418792724609375,2023-08-09
17.359682083129883,2023-08-10
17.339977264404297,2023-08-11
17.339977264404297,2023-08-14
17.04440689086914,2023-08-15
16.788249969482422,2023-08-16
16.719282150268555,2023-08-17
16.74884033203125,2023-08-18
16.788249969482422,2023-08-21
16.54194450378418,2023-08-22
16.76854705810547,2023-08-23
16.45327377319336,2023-08-24
16.374454498291016,2023-08-25
16.54194450378418,2023-08-28
16.591203689575195,2023-08-29
17.10352325439453,2023-08-30
16.73898696899414,2023-08-31
17.7143611907959,2023-09-01
17.546873092651367,2023-09-05
17.487760543823242,2023-09-06
17.034557342529297,2023-09-07
17.083816528320312,2023-09-08
16.975440979003906,2023-09-11
16.82765769958496,2023-09-12
16.639141082763672,2023-09-13
17.075706481933594,2023-09-14
16.936800003051758,2023-09-15
16.867345809936523,2023-09-18
16.936800003051758,2023-09-19
16.96656608581543,2023-09-20
16.847501754760742,2023-09-21
16.887191772460938,2023-09-22
16.83757972717285,2023-09-25
16.649063110351562,2023-09-26
16.936800003051758,2023-09-27
17.492429733276367,2023-09-28
17.234460830688477,2023-09-29
17.303913116455078,2023-10-02
16.797893524169922,2023-10-03
16.877267837524414,2023-10-04
16.658987045288086,2023-10-05
16.698673248291016,2023-10-06
16.718517303466797,2023-10-09
16.797893524169922,2023-10-10
17.026098251342773,2023-10-11
16.817737579345703,2023-10-12
16.351404190063477,2023-10-13
16.97648811340332,2023-10-16
16.847501754760742,2023-10-17
16.54984474182129,2023-10-18
16.172807693481445,2023-10-19
15.111157417297363,2023-10-20
15.081392288208008,2023-10-23
15.170689582824707,2023-10-24
15.02186107635498,2023-10-25
15.01193904876709,2023-10-26
15.091314315795898,2023-10-27
15.180612564086914,2023-10-30
15.259987831115723,2023-10-31
15.408817291259766,2023-11-01
15.46834945678711,2023-11-02
15.805696487426758,2023-11-03
15.78585147857666,2023-11-06
15.627100944519043,2023-11-07
15.617177963256836,2023-11-08
15.498114585876465,2023-11-09
15.835461616516113,2023-11-10
15.875149726867676,2023-11-13
16.291872024536133,2023-11-14
16.321640014648438,2023-11-15
15.617177963256836,2023-11-16
15.805696487426758,2023-11-17
15.706476211547852,2023-11-20
15.498114585876465,2023-11-21
15.656866073608398,2023-11-22
15.706476211547852,2023-11-24
15.478271484375,2023-11-27
15.398895263671875,2023-11-28
16.39109230041504,2023-11-29
16.77804946899414,2023-11-30
16.758203506469727,2023-12-01
16.41093635559082,2023-12-04
15.954524993896484,2023-12-05
15.756086349487305,2023-12-06
15.994214057922363,2023-12-07
16.09343147277832,2023-12-08
16.529998779296875,2023-12-11
16.3700008392334,2023-12-12
