IQV,Date
42.11000061035156,2013-05-09
42.38999938964844,2013-05-10
43.31999969482422,2013-05-13
44.43000030517578,2013-05-14
45.5,2013-05-15
45.849998474121094,2013-05-16
45.52000045776367,2013-05-17
45.380001068115234,2013-05-20
45.04999923706055,2013-05-21
44.650001525878906,2013-05-22
45.0,2013-05-23
45.029998779296875,2013-05-24
45.43000030517578,2013-05-28
44.470001220703125,2013-05-29
44.25,2013-05-30
44.040000915527344,2013-05-31
44.58000183105469,2013-06-03
43.189998626708984,2013-06-04
42.849998474121094,2013-06-05
43.22999954223633,2013-06-06
42.970001220703125,2013-06-07
43.63999938964844,2013-06-10
43.95000076293945,2013-06-11
43.0,2013-06-12
42.900001525878906,2013-06-13
43.09000015258789,2013-06-14
43.529998779296875,2013-06-17
43.88999938964844,2013-06-18
43.790000915527344,2013-06-19
43.34000015258789,2013-06-20
44.189998626708984,2013-06-21
43.31999969482422,2013-06-24
43.0,2013-06-25
42.02000045776367,2013-06-26
42.33000183105469,2013-06-27
42.560001373291016,2013-06-28
42.95000076293945,2013-07-01
43.060001373291016,2013-07-02
43.619998931884766,2013-07-03
43.2400016784668,2013-07-05
43.93000030517578,2013-07-08
43.689998626708984,2013-07-09
43.61000061035156,2013-07-10
43.27000045776367,2013-07-11
43.5,2013-07-12
43.650001525878906,2013-07-15
43.7400016784668,2013-07-16
43.83000183105469,2013-07-17
44.040000915527344,2013-07-18
44.06999969482422,2013-07-19
44.56999969482422,2013-07-22
44.31999969482422,2013-07-23
43.52000045776367,2013-07-24
43.47999954223633,2013-07-25
43.27000045776367,2013-07-26
43.470001220703125,2013-07-29
43.38999938964844,2013-07-30
44.849998474121094,2013-07-31
46.290000915527344,2013-08-01
45.220001220703125,2013-08-02
45.33000183105469,2013-08-05
45.95000076293945,2013-08-06
45.540000915527344,2013-08-07
45.380001068115234,2013-08-08
45.63999938964844,2013-08-09
45.58000183105469,2013-08-12
45.380001068115234,2013-08-13
45.29999923706055,2013-08-14
44.75,2013-08-15
44.15999984741211,2013-08-16
44.31999969482422,2013-08-19
44.290000915527344,2013-08-20
44.0,2013-08-21
43.65999984741211,2013-08-22
43.529998779296875,2013-08-23
43.43000030517578,2013-08-26
43.119998931884766,2013-08-27
43.97999954223633,2013-08-28
43.900001525878906,2013-08-29
43.2599983215332,2013-08-30
43.099998474121094,2013-09-03
43.22999954223633,2013-09-04
43.189998626708984,2013-09-05
42.81999969482422,2013-09-06
43.150001525878906,2013-09-09
43.77000045776367,2013-09-10
43.72999954223633,2013-09-11
44.470001220703125,2013-09-12
44.369998931884766,2013-09-13
44.45000076293945,2013-09-16
44.77000045776367,2013-09-17
45.09000015258789,2013-09-18
44.0,2013-09-19
44.720001220703125,2013-09-20
44.86000061035156,2013-09-23
44.7599983215332,2013-09-24
44.689998626708984,2013-09-25
45.099998474121094,2013-09-26
44.93000030517578,2013-09-27
44.880001068115234,2013-09-30
44.66999816894531,2013-10-01
44.040000915527344,2013-10-02
43.25,2013-10-03
43.97999954223633,2013-10-04
42.54999923706055,2013-10-07
41.58000183105469,2013-10-08
42.220001220703125,2013-10-09
42.56999969482422,2013-10-10
42.22999954223633,2013-10-11
42.02000045776367,2013-10-14
41.9900016784668,2013-10-15
43.119998931884766,2013-10-16
43.529998779296875,2013-10-17
43.93000030517578,2013-10-18
43.97999954223633,2013-10-21
44.11000061035156,2013-10-22
43.810001373291016,2013-10-23
44.54999923706055,2013-10-24
44.310001373291016,2013-10-25
43.900001525878906,2013-10-28
43.77000045776367,2013-10-29
43.380001068115234,2013-10-30
41.9900016784668,2013-10-31
43.43000030517578,2013-11-01
44.20000076293945,2013-11-04
44.09000015258789,2013-11-05
44.0,2013-11-06
44.04999923706055,2013-11-07
44.09000015258789,2013-11-08
43.97999954223633,2013-11-11
44.13999938964844,2013-11-12
44.369998931884766,2013-11-13
43.970001220703125,2013-11-14
43.97999954223633,2013-11-15
43.310001373291016,2013-11-18
42.86000061035156,2013-11-19
42.880001068115234,2013-11-20
43.25,2013-11-21
43.11000061035156,2013-11-22
42.70000076293945,2013-11-25
43.0,2013-11-26
42.9900016784668,2013-11-27
43.189998626708984,2013-11-29
42.790000915527344,2013-12-02
42.349998474121094,2013-12-03
41.939998626708984,2013-12-04
41.869998931884766,2013-12-05
42.029998779296875,2013-12-06
42.7400016784668,2013-12-09
43.72999954223633,2013-12-10
43.77000045776367,2013-12-11
45.06999969482422,2013-12-12
44.970001220703125,2013-12-13
45.150001525878906,2013-12-16
45.220001220703125,2013-12-17
45.68000030517578,2013-12-18
45.15999984741211,2013-12-19
45.41999816894531,2013-12-20
46.20000076293945,2013-12-23
46.400001525878906,2013-12-24
46.47999954223633,2013-12-26
46.400001525878906,2013-12-27
46.45000076293945,2013-12-30
46.34000015258789,2013-12-31
45.79999923706055,2014-01-02
46.290000915527344,2014-01-03
46.029998779296875,2014-01-06
46.790000915527344,2014-01-07
47.41999816894531,2014-01-08
47.84000015258789,2014-01-09
48.61000061035156,2014-01-10
49.15999984741211,2014-01-13
49.0,2014-01-14
49.5,2014-01-15
49.779998779296875,2014-01-16
48.97999954223633,2014-01-17
48.150001525878906,2014-01-21
48.0099983215332,2014-01-22
47.7400016784668,2014-01-23
46.209999084472656,2014-01-24
46.540000915527344,2014-01-27
47.29999923706055,2014-01-28
46.43000030517578,2014-01-29
47.70000076293945,2014-01-30
47.630001068115234,2014-01-31
46.43000030517578,2014-02-03
46.61000061035156,2014-02-04
48.369998931884766,2014-02-05
49.0,2014-02-06
48.22999954223633,2014-02-07
48.61000061035156,2014-02-10
49.150001525878906,2014-02-11
49.439998626708984,2014-02-12
52.20000076293945,2014-02-13
53.150001525878906,2014-02-14
53.77000045776367,2014-02-18
54.939998626708984,2014-02-19
54.540000915527344,2014-02-20
53.93000030517578,2014-02-21
53.630001068115234,2014-02-24
53.2599983215332,2014-02-25
53.619998931884766,2014-02-26
53.5,2014-02-27
54.150001525878906,2014-02-28
52.869998931884766,2014-03-03
54.060001373291016,2014-03-04
54.119998931884766,2014-03-05
54.47999954223633,2014-03-06
54.11000061035156,2014-03-07
54.29999923706055,2014-03-10
52.810001373291016,2014-03-11
52.81999969482422,2014-03-12
51.2400016784668,2014-03-13
52.16999816894531,2014-03-14
52.45000076293945,2014-03-17
52.959999084472656,2014-03-18
52.720001220703125,2014-03-19
52.91999816894531,2014-03-20
51.02000045776367,2014-03-21
50.439998626708984,2014-03-24
49.79999923706055,2014-03-25
50.0099983215332,2014-03-26
50.060001373291016,2014-03-27
49.970001220703125,2014-03-28
50.77000045776367,2014-03-31
51.11000061035156,2014-04-01
51.06999969482422,2014-04-02
50.939998626708984,2014-04-03
50.11000061035156,2014-04-04
49.709999084472656,2014-04-07
51.04999923706055,2014-04-08
51.34000015258789,2014-04-09
51.400001525878906,2014-04-10
50.279998779296875,2014-04-11
50.54999923706055,2014-04-14
50.66999816894531,2014-04-15
50.599998474121094,2014-04-16
50.220001220703125,2014-04-17
50.68000030517578,2014-04-21
49.95000076293945,2014-04-22
49.470001220703125,2014-04-23
49.939998626708984,2014-04-24
49.38999938964844,2014-04-25
47.52000045776367,2014-04-28
47.58000183105469,2014-04-29
47.130001068115234,2014-04-30
48.7599983215332,2014-05-01
47.31999969482422,2014-05-02
46.9900016784668,2014-05-05
46.75,2014-05-06
47.349998474121094,2014-05-07
46.9900016784668,2014-05-08
47.540000915527344,2014-05-09
47.869998931884766,2014-05-12
47.5,2014-05-13
47.7599983215332,2014-05-14
49.220001220703125,2014-05-15
49.599998474121094,2014-05-16
49.810001373291016,2014-05-19
50.400001525878906,2014-05-20
50.63999938964844,2014-05-21
50.88999938964844,2014-05-22
51.2400016784668,2014-05-23
51.2599983215332,2014-05-27
50.869998931884766,2014-05-28
50.869998931884766,2014-05-29
50.97999954223633,2014-05-30
51.099998474121094,2014-06-02
51.439998626708984,2014-06-03
52.630001068115234,2014-06-04
52.810001373291016,2014-06-05
52.9900016784668,2014-06-06
52.97999954223633,2014-06-09
52.66999816894531,2014-06-10
52.34000015258789,2014-06-11
52.13999938964844,2014-06-12
51.61000061035156,2014-06-13
51.04999923706055,2014-06-16
51.25,2014-06-17
51.25,2014-06-18
52.93000030517578,2014-06-19
53.33000183105469,2014-06-20
52.95000076293945,2014-06-23
52.880001068115234,2014-06-24
52.689998626708984,2014-06-25
52.279998779296875,2014-06-26
51.91999816894531,2014-06-27
53.290000915527344,2014-06-30
53.560001373291016,2014-07-01
54.41999816894531,2014-07-02
54.959999084472656,2014-07-03
55.29999923706055,2014-07-07
54.91999816894531,2014-07-08
55.04999923706055,2014-07-09
55.54999923706055,2014-07-10
55.38999938964844,2014-07-11
55.02000045776367,2014-07-14
55.099998474121094,2014-07-15
54.900001525878906,2014-07-16
54.47999954223633,2014-07-17
55.209999084472656,2014-07-18
55.27000045776367,2014-07-21
54.970001220703125,2014-07-22
55.0,2014-07-23
54.84000015258789,2014-07-24
54.9900016784668,2014-07-25
54.79999923706055,2014-07-28
55.939998626708984,2014-07-29
56.81999969482422,2014-07-30
54.93000030517578,2014-07-31
55.040000915527344,2014-08-01
55.40999984741211,2014-08-04
55.529998779296875,2014-08-05
55.060001373291016,2014-08-06
55.7599983215332,2014-08-07
55.849998474121094,2014-08-08
55.939998626708984,2014-08-11
56.099998474121094,2014-08-12
56.38999938964844,2014-08-13
57.16999816894531,2014-08-14
57.02000045776367,2014-08-15
57.08000183105469,2014-08-18
56.130001068115234,2014-08-19
56.04999923706055,2014-08-20
56.34000015258789,2014-08-21
55.7400016784668,2014-08-22
55.4900016784668,2014-08-25
55.849998474121094,2014-08-26
56.7599983215332,2014-08-27
56.36000061035156,2014-08-28
56.119998931884766,2014-08-29
55.880001068115234,2014-09-02
55.97999954223633,2014-09-03
56.27000045776367,2014-09-04
55.689998626708984,2014-09-05
55.959999084472656,2014-09-08
55.540000915527344,2014-09-09
56.5,2014-09-10
58.66999816894531,2014-09-11
57.56999969482422,2014-09-12
57.25,2014-09-15
57.15999984741211,2014-09-16
56.220001220703125,2014-09-17
57.0,2014-09-18
57.31999969482422,2014-09-19
56.290000915527344,2014-09-22
55.7599983215332,2014-09-23
56.97999954223633,2014-09-24
55.83000183105469,2014-09-25
56.91999816894531,2014-09-26
57.20000076293945,2014-09-29
55.779998779296875,2014-09-30
54.560001373291016,2014-10-01
54.56999969482422,2014-10-02
56.189998626708984,2014-10-03
55.380001068115234,2014-10-06
54.599998474121094,2014-10-07
55.29999923706055,2014-10-08
54.63999938964844,2014-10-09
53.20000076293945,2014-10-10
52.599998474121094,2014-10-13
52.90999984741211,2014-10-14
52.540000915527344,2014-10-15
54.11000061035156,2014-10-16
55.29999923706055,2014-10-17
54.779998779296875,2014-10-20
56.5,2014-10-21
56.54999923706055,2014-10-22
56.9900016784668,2014-10-23
57.560001373291016,2014-10-24
57.529998779296875,2014-10-27
57.7400016784668,2014-10-28
57.9900016784668,2014-10-29
56.29999923706055,2014-10-30
58.540000915527344,2014-10-31
59.650001525878906,2014-11-03
58.849998474121094,2014-11-04
57.060001373291016,2014-11-05
57.95000076293945,2014-11-06
57.209999084472656,2014-11-07
57.220001220703125,2014-11-10
56.810001373291016,2014-11-11
56.40999984741211,2014-11-12
56.38999938964844,2014-11-13
55.83000183105469,2014-11-14
56.43000030517578,2014-11-17
57.33000183105469,2014-11-18
57.720001220703125,2014-11-19
57.75,2014-11-20
57.86000061035156,2014-11-21
57.59000015258789,2014-11-24
57.75,2014-11-25
57.959999084472656,2014-11-26
57.81999969482422,2014-11-28
56.75,2014-12-01
57.540000915527344,2014-12-02
58.25,2014-12-03
57.400001525878906,2014-12-04
57.369998931884766,2014-12-05
57.0,2014-12-08
57.790000915527344,2014-12-09
57.209999084472656,2014-12-10
57.47999954223633,2014-12-11
57.369998931884766,2014-12-12
57.04999923706055,2014-12-15
57.16999816894531,2014-12-16
57.540000915527344,2014-12-17
59.380001068115234,2014-12-18
60.38999938964844,2014-12-19
60.09000015258789,2014-12-22
59.470001220703125,2014-12-23
59.47999954223633,2014-12-24
60.65999984741211,2014-12-26
59.95000076293945,2014-12-29
59.689998626708984,2014-12-30
58.869998931884766,2014-12-31
59.11000061035156,2015-01-02
58.40999984741211,2015-01-05
57.06999969482422,2015-01-06
57.77000045776367,2015-01-07
59.20000076293945,2015-01-08
58.81999969482422,2015-01-09
59.060001373291016,2015-01-12
59.4900016784668,2015-01-13
59.099998474121094,2015-01-14
59.040000915527344,2015-01-15
59.58000183105469,2015-01-16
59.95000076293945,2015-01-20
59.779998779296875,2015-01-21
60.540000915527344,2015-01-22
60.970001220703125,2015-01-23
61.959999084472656,2015-01-26
61.900001525878906,2015-01-27
61.65999984741211,2015-01-28
61.7599983215332,2015-01-29
60.5,2015-01-30
60.560001373291016,2015-02-02
60.27000045776367,2015-02-03
60.75,2015-02-04
61.209999084472656,2015-02-05
60.459999084472656,2015-02-06
59.2400016784668,2015-02-09
60.11000061035156,2015-02-10
60.68000030517578,2015-02-11
63.25,2015-02-12
63.310001373291016,2015-02-13
64.01000213623047,2015-02-17
64.61000061035156,2015-02-18
64.5199966430664,2015-02-19
65.1500015258789,2015-02-20
64.98999786376953,2015-02-23
64.48999786376953,2015-02-24
65.02999877929688,2015-02-25
64.94999694824219,2015-02-26
64.9800033569336,2015-02-27
65.54000091552734,2015-03-02
65.54000091552734,2015-03-03
64.93000030517578,2015-03-04
65.69999694824219,2015-03-05
65.30000305175781,2015-03-06
65.33999633789062,2015-03-09
64.44000244140625,2015-03-10
64.9800033569336,2015-03-11
65.33999633789062,2015-03-12
66.05000305175781,2015-03-13
66.56999969482422,2015-03-16
66.80000305175781,2015-03-17
66.75,2015-03-18
66.87000274658203,2015-03-19
67.25,2015-03-20
67.97000122070312,2015-03-23
67.44999694824219,2015-03-24
66.30999755859375,2015-03-25
66.29000091552734,2015-03-26
67.26000213623047,2015-03-27
68.0,2015-03-30
66.97000122070312,2015-03-31
67.87000274658203,2015-04-01
66.38999938964844,2015-04-02
66.45999908447266,2015-04-06
66.19999694824219,2015-04-07
67.16999816894531,2015-04-08
67.41000366210938,2015-04-09
67.62999725341797,2015-04-10
67.87000274658203,2015-04-13
67.20999908447266,2015-04-14
67.16000366210938,2015-04-15
67.4800033569336,2015-04-16
66.69000244140625,2015-04-17
66.48999786376953,2015-04-20
66.69999694824219,2015-04-21
66.44999694824219,2015-04-22
67.69000244140625,2015-04-23
69.08999633789062,2015-04-24
68.9000015258789,2015-04-27
69.30999755859375,2015-04-28
68.47000122070312,2015-04-29
65.87999725341797,2015-04-30
67.30000305175781,2015-05-01
66.2300033569336,2015-05-04
64.58999633789062,2015-05-05
64.9000015258789,2015-05-06
64.86000061035156,2015-05-07
64.8499984741211,2015-05-08
64.36000061035156,2015-05-11
64.47000122070312,2015-05-12
65.4800033569336,2015-05-13
65.66999816894531,2015-05-14
67.13999938964844,2015-05-15
67.52999877929688,2015-05-18
68.37000274658203,2015-05-19
68.80999755859375,2015-05-20
68.70999908447266,2015-05-21
69.69999694824219,2015-05-22
69.2699966430664,2015-05-26
70.5199966430664,2015-05-27
70.58999633789062,2015-05-28
69.70999908447266,2015-05-29
70.04000091552734,2015-06-01
69.68000030517578,2015-06-02
69.63999938964844,2015-06-03
69.66999816894531,2015-06-04
69.70999908447266,2015-06-05
69.44999694824219,2015-06-08
69.43000030517578,2015-06-09
69.41999816894531,2015-06-10
69.86000061035156,2015-06-11
70.02999877929688,2015-06-12
69.69000244140625,2015-06-15
70.58000183105469,2015-06-16
70.77999877929688,2015-06-17
71.11000061035156,2015-06-18
71.8499984741211,2015-06-19
72.72000122070312,2015-06-22
73.51000213623047,2015-06-23
72.9000015258789,2015-06-24
73.48999786376953,2015-06-25
73.25,2015-06-26
72.08000183105469,2015-06-29
72.61000061035156,2015-06-30
72.97000122070312,2015-07-01
72.80000305175781,2015-07-02
72.62000274658203,2015-07-06
72.86000061035156,2015-07-07
71.66999816894531,2015-07-08
72.16000366210938,2015-07-09
74.16999816894531,2015-07-10
75.23999786376953,2015-07-13
76.06999969482422,2015-07-14
75.93000030517578,2015-07-15
76.72000122070312,2015-07-16
76.86000061035156,2015-07-17
76.41000366210938,2015-07-20
75.29000091552734,2015-07-21
76.2300033569336,2015-07-22
75.63999938964844,2015-07-23
74.94000244140625,2015-07-24
74.58000183105469,2015-07-27
76.75,2015-07-28
79.0999984741211,2015-07-29
78.75,2015-07-30
76.72000122070312,2015-07-31
77.11000061035156,2015-08-03
77.48999786376953,2015-08-04
77.31999969482422,2015-08-05
76.0,2015-08-06
75.29000091552734,2015-08-07
76.13999938964844,2015-08-10
75.37999725341797,2015-08-11
75.04000091552734,2015-08-12
75.0,2015-08-13
75.08000183105469,2015-08-14
76.16999816894531,2015-08-17
76.02999877929688,2015-08-18
75.69000244140625,2015-08-19
74.04000091552734,2015-08-20
72.94000244140625,2015-08-21
70.23999786376953,2015-08-24
71.01000213623047,2015-08-25
73.31999969482422,2015-08-26
74.19999694824219,2015-08-27
75.23999786376953,2015-08-28
74.51000213623047,2015-08-31
71.9000015258789,2015-09-01
73.83999633789062,2015-09-02
74.33999633789062,2015-09-03
72.77999877929688,2015-09-04
74.3499984741211,2015-09-08
73.98999786376953,2015-09-09
74.41999816894531,2015-09-10
75.88999938964844,2015-09-11
75.61000061035156,2015-09-14
76.94000244140625,2015-09-15
77.44000244140625,2015-09-16
78.44000244140625,2015-09-17
77.56999969482422,2015-09-18
76.6500015258789,2015-09-21
75.56999969482422,2015-09-22
76.01000213623047,2015-09-23
75.19999694824219,2015-09-24
73.36000061035156,2015-09-25
69.05999755859375,2015-09-28
68.86000061035156,2015-09-29
69.56999969482422,2015-09-30
69.61000061035156,2015-10-01
71.33000183105469,2015-10-02
70.66999816894531,2015-10-05
66.37000274658203,2015-10-06
67.7699966430664,2015-10-07
67.9800033569336,2015-10-08
69.83000183105469,2015-10-09
70.08999633789062,2015-10-12
69.87999725341797,2015-10-13
69.2300033569336,2015-10-14
70.62999725341797,2015-10-15
71.56999969482422,2015-10-16
71.75,2015-10-19
70.18000030517578,2015-10-20
68.79000091552734,2015-10-21
67.69000244140625,2015-10-22
68.2699966430664,2015-10-23
69.13999938964844,2015-10-26
68.76000213623047,2015-10-27
66.98999786376953,2015-10-28
64.47000122070312,2015-10-29
63.650001525878906,2015-10-30
66.05000305175781,2015-11-02
65.2699966430664,2015-11-03
65.81999969482422,2015-11-04
65.88999938964844,2015-11-05
66.08999633789062,2015-11-06
67.05999755859375,2015-11-09
67.26000213623047,2015-11-10
66.58000183105469,2015-11-11
66.80000305175781,2015-11-12
66.70999908447266,2015-11-13
67.19000244140625,2015-11-16
68.58000183105469,2015-11-17
69.7300033569336,2015-11-18
69.06999969482422,2015-11-19
68.7300033569336,2015-11-20
69.23999786376953,2015-11-23
69.16000366210938,2015-11-24
68.51000213623047,2015-11-25
69.26000213623047,2015-11-27
67.98999786376953,2015-11-30
68.94000244140625,2015-12-01
66.75,2015-12-02
65.77999877929688,2015-12-03
68.0199966430664,2015-12-04
67.41000366210938,2015-12-07
67.52999877929688,2015-12-08
66.69000244140625,2015-12-09
67.91999816894531,2015-12-10
67.3499984741211,2015-12-11
68.13999938964844,2015-12-14
68.93000030517578,2015-12-15
68.7300033569336,2015-12-16
69.86000061035156,2015-12-17
69.5199966430664,2015-12-18
69.73999786376953,2015-12-21
69.29000091552734,2015-12-22
70.04000091552734,2015-12-23
69.62999725341797,2015-12-24
69.58000183105469,2015-12-28
70.45999908447266,2015-12-29
69.58999633789062,2015-12-30
68.66000366210938,2015-12-31
67.04000091552734,2016-01-04
67.11000061035156,2016-01-05
66.73999786376953,2016-01-06
65.18000030517578,2016-01-07
65.0999984741211,2016-01-08
64.56999969482422,2016-01-11
65.13999938964844,2016-01-12
63.7599983215332,2016-01-13
63.959999084472656,2016-01-14
63.34000015258789,2016-01-15
63.36000061035156,2016-01-19
63.25,2016-01-20
62.470001220703125,2016-01-21
63.61000061035156,2016-01-22
63.0,2016-01-25
63.5,2016-01-26
61.93000030517578,2016-01-27
60.43000030517578,2016-01-28
60.83000183105469,2016-01-29
60.529998779296875,2016-02-01
58.279998779296875,2016-02-02
58.54999923706055,2016-02-03
59.529998779296875,2016-02-04
57.5,2016-02-05
55.90999984741211,2016-02-08
56.70000076293945,2016-02-09
58.349998474121094,2016-02-10
59.0,2016-02-11
60.43000030517578,2016-02-12
61.790000915527344,2016-02-16
63.16999816894531,2016-02-17
62.72999954223633,2016-02-18
63.43000030517578,2016-02-19
62.5,2016-02-22
61.650001525878906,2016-02-23
62.099998474121094,2016-02-24
62.86000061035156,2016-02-25
63.349998474121094,2016-02-26
62.709999084472656,2016-02-29
65.36000061035156,2016-03-01
65.44000244140625,2016-03-02
64.66999816894531,2016-03-03
65.44000244140625,2016-03-04
65.31999969482422,2016-03-07
65.6500015258789,2016-03-08
65.51000213623047,2016-03-09
65.27999877929688,2016-03-10
67.4000015258789,2016-03-11
66.83000183105469,2016-03-14
65.4000015258789,2016-03-15
65.02999877929688,2016-03-16
64.6500015258789,2016-03-17
64.87999725341797,2016-03-18
64.5999984741211,2016-03-21
65.30000305175781,2016-03-22
64.54000091552734,2016-03-23
64.2300033569336,2016-03-24
63.77000045776367,2016-03-28
65.06999969482422,2016-03-29
64.69999694824219,2016-03-30
65.0999984741211,2016-03-31
67.5199966430664,2016-04-01
68.41999816894531,2016-04-04
67.69000244140625,2016-04-05
70.19000244140625,2016-04-06
70.16000366210938,2016-04-07
70.83000183105469,2016-04-08
70.3499984741211,2016-04-11
69.4000015258789,2016-04-12
70.0,2016-04-13
69.66999816894531,2016-04-14
70.08999633789062,2016-04-15
69.83000183105469,2016-04-18
69.73999786376953,2016-04-19
69.72000122070312,2016-04-20
70.02999877929688,2016-04-21
70.04000091552734,2016-04-22
70.0,2016-04-25
70.08000183105469,2016-04-26
69.81999969482422,2016-04-27
69.9800033569336,2016-04-28
69.06999969482422,2016-04-29
69.0999984741211,2016-05-02
67.45999908447266,2016-05-03
65.02999877929688,2016-05-04
64.5199966430664,2016-05-05
65.95999908447266,2016-05-06
67.02999877929688,2016-05-09
67.6500015258789,2016-05-10
65.94999694824219,2016-05-11
65.30999755859375,2016-05-12
65.73999786376953,2016-05-13
65.58000183105469,2016-05-16
65.58000183105469,2016-05-17
65.8499984741211,2016-05-18
64.91999816894531,2016-05-19
66.55000305175781,2016-05-20
65.97000122070312,2016-05-23
66.91999816894531,2016-05-24
67.05999755859375,2016-05-25
66.73999786376953,2016-05-26
66.69999694824219,2016-05-27
67.88999938964844,2016-05-31
67.86000061035156,2016-06-01
67.83000183105469,2016-06-02
67.22000122070312,2016-06-03
67.20999908447266,2016-06-06
67.23999786376953,2016-06-07
66.80000305175781,2016-06-08
66.54000091552734,2016-06-09
65.56999969482422,2016-06-10
65.4000015258789,2016-06-13
65.16999816894531,2016-06-14
65.0999984741211,2016-06-15
64.87000274658203,2016-06-16
63.400001525878906,2016-06-17
63.689998626708984,2016-06-20
63.83000183105469,2016-06-21
63.91999816894531,2016-06-22
65.0199966430664,2016-06-23
63.31999969482422,2016-06-24
61.31999969482422,2016-06-27
62.400001525878906,2016-06-28
63.4900016784668,2016-06-29
65.31999969482422,2016-06-30
66.86000061035156,2016-07-01
67.2300033569336,2016-07-05
68.30999755859375,2016-07-06
68.98999786376953,2016-07-07
71.41000366210938,2016-07-08
70.81999969482422,2016-07-11
71.05999755859375,2016-07-12
71.05999755859375,2016-07-13
72.81999969482422,2016-07-14
71.66999816894531,2016-07-15
72.37000274658203,2016-07-18
72.13999938964844,2016-07-19
73.22000122070312,2016-07-20
72.88999938964844,2016-07-21
74.02999877929688,2016-07-22
74.08000183105469,2016-07-25
75.44999694824219,2016-07-26
75.0,2016-07-27
77.91999816894531,2016-07-28
77.63999938964844,2016-07-29
78.61000061035156,2016-08-01
77.55999755859375,2016-08-02
77.04000091552734,2016-08-03
77.37999725341797,2016-08-04
77.77999877929688,2016-08-05
76.55999755859375,2016-08-08
76.4800033569336,2016-08-09
76.80999755859375,2016-08-10
76.75,2016-08-11
76.4000015258789,2016-08-12
76.51000213623047,2016-08-15
76.11000061035156,2016-08-16
75.30000305175781,2016-08-17
75.26000213623047,2016-08-18
75.05000305175781,2016-08-19
76.58999633789062,2016-08-22
76.01000213623047,2016-08-23
75.41000366210938,2016-08-24
75.68000030517578,2016-08-25
75.69000244140625,2016-08-26
77.41999816894531,2016-08-29
77.13999938964844,2016-08-30
77.30000305175781,2016-08-31
77.41999816894531,2016-09-01
76.95999908447266,2016-09-02
76.54000091552734,2016-09-06
77.69000244140625,2016-09-07
77.8499984741211,2016-09-08
77.06999969482422,2016-09-09
77.73999786376953,2016-09-12
77.52999877929688,2016-09-13
77.9000015258789,2016-09-14
77.8499984741211,2016-09-15
77.30999755859375,2016-09-16
77.37999725341797,2016-09-19
77.47000122070312,2016-09-20
78.0,2016-09-21
78.12999725341797,2016-09-22
79.41000366210938,2016-09-23
78.9800033569336,2016-09-26
79.69999694824219,2016-09-27
79.56999969482422,2016-09-28
79.05999755859375,2016-09-29
81.05999755859375,2016-09-30
80.19999694824219,2016-10-03
78.79000091552734,2016-10-04
80.54000091552734,2016-10-05
79.2699966430664,2016-10-06
79.45999908447266,2016-10-07
79.80999755859375,2016-10-10
77.2300033569336,2016-10-11
75.88999938964844,2016-10-12
75.69999694824219,2016-10-13
75.33999633789062,2016-10-14
75.27999877929688,2016-10-17
76.33000183105469,2016-10-18
75.20999908447266,2016-10-19
74.41999816894531,2016-10-20
74.0199966430664,2016-10-21
74.54000091552734,2016-10-24
74.43000030517578,2016-10-25
73.12000274658203,2016-10-26
72.0999984741211,2016-10-27
71.7699966430664,2016-10-28
71.73999786376953,2016-10-31
71.66000366210938,2016-11-01
72.36000061035156,2016-11-02
72.20999908447266,2016-11-03
72.58999633789062,2016-11-04
74.58999633789062,2016-11-07
75.94000244140625,2016-11-08
77.68000030517578,2016-11-09
78.33999633789062,2016-11-10
77.12999725341797,2016-11-11
76.88999938964844,2016-11-14
77.94000244140625,2016-11-15
77.30999755859375,2016-11-16
79.4800033569336,2016-11-17
79.87999725341797,2016-11-18
80.0199966430664,2016-11-21
80.19999694824219,2016-11-22
79.87000274658203,2016-11-23
80.56999969482422,2016-11-25
79.81999969482422,2016-11-28
80.93000030517578,2016-11-29
76.83000183105469,2016-11-30
73.0,2016-12-01
74.02999877929688,2016-12-02
75.69999694824219,2016-12-05
77.58000183105469,2016-12-06
76.93000030517578,2016-12-07
77.54000091552734,2016-12-08
78.33999633789062,2016-12-09
79.41000366210938,2016-12-12
79.31999969482422,2016-12-13
79.38999938964844,2016-12-14
80.54000091552734,2016-12-15
77.87999725341797,2016-12-16
76.68000030517578,2016-12-19
76.88999938964844,2016-12-20
75.44000244140625,2016-12-21
74.94999694824219,2016-12-22
76.22000122070312,2016-12-23
75.8499984741211,2016-12-27
75.95999908447266,2016-12-28
75.87999725341797,2016-12-29
76.05000305175781,2016-12-30
76.93000030517578,2017-01-03
77.27999877929688,2017-01-04
77.0,2017-01-05
77.81999969482422,2017-01-06
77.98999786376953,2017-01-09
77.87999725341797,2017-01-10
76.9800033569336,2017-01-11
77.19000244140625,2017-01-12
77.16000366210938,2017-01-13
76.79000091552734,2017-01-17
75.58999633789062,2017-01-18
76.06999969482422,2017-01-19
76.0999984741211,2017-01-20
75.8499984741211,2017-01-23
75.3499984741211,2017-01-24
75.52999877929688,2017-01-25
75.54000091552734,2017-01-26
76.36000061035156,2017-01-27
75.3499984741211,2017-01-30
78.48999786376953,2017-01-31
78.55999755859375,2017-02-01
78.20999908447266,2017-02-02
77.62000274658203,2017-02-03
77.75,2017-02-06
77.98999786376953,2017-02-07
78.12999725341797,2017-02-08
78.8499984741211,2017-02-09
79.55999755859375,2017-02-10
80.0,2017-02-13
82.30000305175781,2017-02-14
77.8499984741211,2017-02-15
76.87000274658203,2017-02-16
76.75,2017-02-17
76.25,2017-02-21
77.3499984741211,2017-02-22
78.12000274658203,2017-02-23
77.63999938964844,2017-02-24
79.47000122070312,2017-02-27
77.38999938964844,2017-02-28
77.0999984741211,2017-03-01
76.77999877929688,2017-03-02
77.8499984741211,2017-03-03
77.9000015258789,2017-03-06
77.4800033569336,2017-03-07
79.12999725341797,2017-03-08
79.80000305175781,2017-03-09
80.69999694824219,2017-03-10
80.54000091552734,2017-03-13
79.62999725341797,2017-03-14
80.83999633789062,2017-03-15
80.41000366210938,2017-03-16
81.51000213623047,2017-03-17
80.0,2017-03-20
77.91999816894531,2017-03-21
77.52999877929688,2017-03-22
77.47000122070312,2017-03-23
77.98999786376953,2017-03-24
78.69999694824219,2017-03-27
78.69999694824219,2017-03-28
80.1500015258789,2017-03-29
79.93000030517578,2017-03-30
80.52999877929688,2017-03-31
80.0199966430664,2017-04-03
78.8499984741211,2017-04-04
78.2300033569336,2017-04-05
79.33000183105469,2017-04-06
79.19000244140625,2017-04-07
78.8499984741211,2017-04-10
78.76000213623047,2017-04-11
78.66999816894531,2017-04-12
78.94999694824219,2017-04-13
79.4800033569336,2017-04-17
79.98999786376953,2017-04-18
81.30000305175781,2017-04-19
82.87999725341797,2017-04-20
82.25,2017-04-21
82.75,2017-04-24
82.6500015258789,2017-04-25
83.0199966430664,2017-04-26
83.68000030517578,2017-04-27
84.27999877929688,2017-04-28
84.58999633789062,2017-05-01
85.33999633789062,2017-05-02
82.63999938964844,2017-05-03
82.19999694824219,2017-05-04
83.30000305175781,2017-05-05
83.63999938964844,2017-05-08
84.2699966430664,2017-05-09
83.80000305175781,2017-05-10
83.45999908447266,2017-05-11
82.88999938964844,2017-05-12
83.62000274658203,2017-05-15
83.19000244140625,2017-05-16
82.22000122070312,2017-05-17
83.08999633789062,2017-05-18
83.05000305175781,2017-05-19
83.54000091552734,2017-05-22
83.80000305175781,2017-05-23
84.22000122070312,2017-05-24
84.69999694824219,2017-05-25
86.0199966430664,2017-05-26
85.5,2017-05-30
86.44000244140625,2017-05-31
87.12999725341797,2017-06-01
87.93000030517578,2017-06-02
87.29000091552734,2017-06-05
87.08999633789062,2017-06-06
87.56999969482422,2017-06-07
87.80000305175781,2017-06-08
86.1500015258789,2017-06-09
85.58999633789062,2017-06-12
86.7300033569336,2017-06-13
86.3499984741211,2017-06-14
86.62999725341797,2017-06-15
87.12999725341797,2017-06-16
87.87000274658203,2017-06-19
88.38999938964844,2017-06-20
89.77999877929688,2017-06-21
90.87999725341797,2017-06-22
91.08000183105469,2017-06-23
90.18000030517578,2017-06-26
89.47000122070312,2017-06-27
90.58999633789062,2017-06-28
89.41999816894531,2017-06-29
89.5,2017-06-30
88.2300033569336,2017-07-03
89.16000366210938,2017-07-05
87.86000061035156,2017-07-06
88.8499984741211,2017-07-07
88.2699966430664,2017-07-10
88.12000274658203,2017-07-11
88.91000366210938,2017-07-12
89.22000122070312,2017-07-13
89.37999725341797,2017-07-14
90.08000183105469,2017-07-17
90.06999969482422,2017-07-18
90.95999908447266,2017-07-19
90.30000305175781,2017-07-20
91.1500015258789,2017-07-21
91.72000122070312,2017-07-24
90.5199966430664,2017-07-25
91.69999694824219,2017-07-26
91.58999633789062,2017-07-27
90.6500015258789,2017-07-28
90.55000305175781,2017-07-31
91.29000091552734,2017-08-01
91.62000274658203,2017-08-02
91.0999984741211,2017-08-03
90.41999816894531,2017-08-04
91.19000244140625,2017-08-07
90.66999816894531,2017-08-08
90.0999984741211,2017-08-09
87.56999969482422,2017-08-10
88.91000366210938,2017-08-11
89.98999786376953,2017-08-14
91.52999877929688,2017-08-15
92.58999633789062,2017-08-16
91.69999694824219,2017-08-17
91.55000305175781,2017-08-18
93.08000183105469,2017-08-21
94.7300033569336,2017-08-22
94.11000061035156,2017-08-23
95.11000061035156,2017-08-24
98.81999969482422,2017-08-25
95.55000305175781,2017-08-28
96.0,2017-08-29
95.79000091552734,2017-08-30
96.02999877929688,2017-08-31
95.68000030517578,2017-09-01
96.94999694824219,2017-09-05
96.25,2017-09-06
96.73999786376953,2017-09-07
97.0,2017-09-08
96.94000244140625,2017-09-11
97.5199966430664,2017-09-12
96.56999969482422,2017-09-13
95.44999694824219,2017-09-14
94.47000122070312,2017-09-15
95.06999969482422,2017-09-18
95.0,2017-09-19
94.63999938964844,2017-09-20
94.22000122070312,2017-09-21
94.69999694824219,2017-09-22
94.94999694824219,2017-09-25
94.08000183105469,2017-09-26
95.20999908447266,2017-09-27
94.95999908447266,2017-09-28
95.06999969482422,2017-09-29
95.0,2017-10-02
95.0999984741211,2017-10-03
95.25,2017-10-04
95.5999984741211,2017-10-05
95.69999694824219,2017-10-06
95.79000091552734,2017-10-09
96.19999694824219,2017-10-10
97.76000213623047,2017-10-11
98.44999694824219,2017-10-12
99.8499984741211,2017-10-13
99.33000183105469,2017-10-16
99.66999816894531,2017-10-17
100.93000030517578,2017-10-18
101.81999969482422,2017-10-19
103.02999877929688,2017-10-20
102.16000366210938,2017-10-23
102.33000183105469,2017-10-24
101.5,2017-10-25
105.5,2017-10-26
107.66000366210938,2017-10-27
107.16999816894531,2017-10-30
108.0999984741211,2017-10-31
108.43000030517578,2017-11-01
107.30000305175781,2017-11-02
108.0199966430664,2017-11-03
108.55999755859375,2017-11-06
108.19000244140625,2017-11-07
104.72000122070312,2017-11-08
103.51000213623047,2017-11-09
104.05000305175781,2017-11-10
102.91000366210938,2017-11-13
103.4800033569336,2017-11-14
103.83999633789062,2017-11-15
104.44000244140625,2017-11-16
104.45999908447266,2017-11-17
103.9000015258789,2017-11-20
104.36000061035156,2017-11-21
103.94999694824219,2017-11-22
104.2699966430664,2017-11-24
102.55000305175781,2017-11-27
101.7300033569336,2017-11-28
101.30999755859375,2017-11-29
102.01000213623047,2017-11-30
102.2699966430664,2017-12-01
101.2699966430664,2017-12-04
101.0,2017-12-05
101.01000213623047,2017-12-06
100.91999816894531,2017-12-07
101.3499984741211,2017-12-08
101.68000030517578,2017-12-11
101.6500015258789,2017-12-12
102.22000122070312,2017-12-13
101.47000122070312,2017-12-14
102.05999755859375,2017-12-15
102.4800033569336,2017-12-18
101.26000213623047,2017-12-19
100.31999969482422,2017-12-20
100.13999938964844,2017-12-21
99.37999725341797,2017-12-22
98.3499984741211,2017-12-26
98.54000091552734,2017-12-27
98.30999755859375,2017-12-28
97.9000015258789,2017-12-29
99.76000213623047,2018-01-02
99.5199966430664,2018-01-03
97.27999877929688,2018-01-04
98.55999755859375,2018-01-05
98.5999984741211,2018-01-08
98.54000091552734,2018-01-09
98.87000274658203,2018-01-10
99.86000061035156,2018-01-11
100.04000091552734,2018-01-12
99.93000030517578,2018-01-16
100.22000122070312,2018-01-17
99.91999816894531,2018-01-18
103.0,2018-01-19
102.83999633789062,2018-01-22
103.20999908447266,2018-01-23
103.5,2018-01-24
104.58000183105469,2018-01-25
106.01000213623047,2018-01-26
105.58000183105469,2018-01-29
104.37000274658203,2018-01-30
102.19000244140625,2018-01-31
104.12000274658203,2018-02-01
100.54000091552734,2018-02-02
96.75,2018-02-05
98.05999755859375,2018-02-06
98.20999908447266,2018-02-07
95.2300033569336,2018-02-08
96.05000305175781,2018-02-09
98.62999725341797,2018-02-12
100.05999755859375,2018-02-13
104.68000030517578,2018-02-14
101.56999969482422,2018-02-15
101.72000122070312,2018-02-16
100.26000213623047,2018-02-20
99.76000213623047,2018-02-21
98.37999725341797,2018-02-22
99.77999877929688,2018-02-23
99.97000122070312,2018-02-26
99.56999969482422,2018-02-27
98.33000183105469,2018-02-28
97.19999694824219,2018-03-01
98.16999816894531,2018-03-02
99.69000244140625,2018-03-05
100.66000366210938,2018-03-06
101.93000030517578,2018-03-07
103.25,2018-03-08
105.5999984741211,2018-03-09
105.93000030517578,2018-03-12
105.68000030517578,2018-03-13
104.83999633789062,2018-03-14
105.33999633789062,2018-03-15
105.69000244140625,2018-03-16
104.76000213623047,2018-03-19
104.80999755859375,2018-03-20
104.11000061035156,2018-03-21
101.87999725341797,2018-03-22
99.72000122070312,2018-03-23
101.66000366210938,2018-03-26
100.05999755859375,2018-03-27
98.62000274658203,2018-03-28
98.11000061035156,2018-03-29
95.69999694824219,2018-04-02
95.72000122070312,2018-04-03
96.83000183105469,2018-04-04
97.0,2018-04-05
94.8499984741211,2018-04-06
95.4800033569336,2018-04-09
96.61000061035156,2018-04-10
95.9800033569336,2018-04-11
96.12000274658203,2018-04-12
97.70999908447266,2018-04-13
98.04000091552734,2018-04-16
98.80000305175781,2018-04-17
99.25,2018-04-18
98.06999969482422,2018-04-19
97.2699966430664,2018-04-20
98.01000213623047,2018-04-23
96.73999786376953,2018-04-24
96.48999786376953,2018-04-25
96.5,2018-04-26
96.44999694824219,2018-04-27
95.76000213623047,2018-04-30
97.98999786376953,2018-05-01
96.91000366210938,2018-05-02
97.30000305175781,2018-05-03
99.0199966430664,2018-05-04
98.16999816894531,2018-05-07
98.25,2018-05-08
99.38999938964844,2018-05-09
100.93000030517578,2018-05-10
103.0199966430664,2018-05-11
102.88999938964844,2018-05-14
102.0999984741211,2018-05-15
99.12999725341797,2018-05-16
97.83000183105469,2018-05-17
101.62999725341797,2018-05-18
102.20999908447266,2018-05-21
102.62999725341797,2018-05-22
102.44000244140625,2018-05-23
101.76000213623047,2018-05-24
100.5,2018-05-25
99.18000030517578,2018-05-29
100.4800033569336,2018-05-30
98.93000030517578,2018-05-31
100.48999786376953,2018-06-01
101.23999786376953,2018-06-04
101.87999725341797,2018-06-05
103.69000244140625,2018-06-06
103.16999816894531,2018-06-07
104.5999984741211,2018-06-08
104.16999816894531,2018-06-11
104.94999694824219,2018-06-12
103.36000061035156,2018-06-13
103.16000366210938,2018-06-14
103.27999877929688,2018-06-15
104.87999725341797,2018-06-18
105.94999694824219,2018-06-19
105.61000061035156,2018-06-20
104.7300033569336,2018-06-21
103.83999633789062,2018-06-22
100.80999755859375,2018-06-25
100.69999694824219,2018-06-26
98.69999694824219,2018-06-27
99.19000244140625,2018-06-28
99.81999969482422,2018-06-29
99.30000305175781,2018-07-02
100.61000061035156,2018-07-03
100.4000015258789,2018-07-05
101.70999908447266,2018-07-06
102.75,2018-07-09
103.91999816894531,2018-07-10
104.20999908447266,2018-07-11
106.9000015258789,2018-07-12
107.2699966430664,2018-07-13
107.69000244140625,2018-07-16
109.0,2018-07-17
109.68000030517578,2018-07-18
110.25,2018-07-19
111.11000061035156,2018-07-20
111.37000274658203,2018-07-23
118.37999725341797,2018-07-24
125.23999786376953,2018-07-25
122.02999877929688,2018-07-26
120.44999694824219,2018-07-27
120.91999816894531,2018-07-30
121.94000244140625,2018-07-31
122.05999755859375,2018-08-01
124.36000061035156,2018-08-02
123.13999938964844,2018-08-03
122.16000366210938,2018-08-06
122.86000061035156,2018-08-07
121.9800033569336,2018-08-08
121.69999694824219,2018-08-09
121.1500015258789,2018-08-10
120.80000305175781,2018-08-13
121.19999694824219,2018-08-14
120.19999694824219,2018-08-15
121.02999877929688,2018-08-16
120.27999877929688,2018-08-17
120.30000305175781,2018-08-20
122.5199966430664,2018-08-21
123.86000061035156,2018-08-22
124.38999938964844,2018-08-23
125.41999816894531,2018-08-24
126.41999816894531,2018-08-27
126.55999755859375,2018-08-28
126.19000244140625,2018-08-29
125.91000366210938,2018-08-30
127.08999633789062,2018-08-31
128.0399932861328,2018-09-04
125.94999694824219,2018-09-05
126.87999725341797,2018-09-06
127.0199966430664,2018-09-07
127.91999816894531,2018-09-10
124.98999786376953,2018-09-11
125.1500015258789,2018-09-12
126.51000213623047,2018-09-13
126.58999633789062,2018-09-14
125.06999969482422,2018-09-17
125.55000305175781,2018-09-18
125.2300033569336,2018-09-19
127.16999816894531,2018-09-20
127.58000183105469,2018-09-21
128.55999755859375,2018-09-24
129.82000732421875,2018-09-25
129.92999267578125,2018-09-26
130.77000427246094,2018-09-27
129.74000549316406,2018-09-28
130.07000732421875,2018-10-01
130.1999969482422,2018-10-02
130.35000610351562,2018-10-03
127.0,2018-10-04
127.79000091552734,2018-10-05
126.44000244140625,2018-10-08
127.37999725341797,2018-10-09
122.80999755859375,2018-10-10
122.58000183105469,2018-10-11
124.79000091552734,2018-10-12
124.26000213623047,2018-10-15
129.61000061035156,2018-10-16
129.3800048828125,2018-10-17
128.4199981689453,2018-10-18
126.88999938964844,2018-10-19
126.44999694824219,2018-10-22
122.4800033569336,2018-10-23
115.23999786376953,2018-10-24
119.91999816894531,2018-10-25
120.19000244140625,2018-10-26
120.80999755859375,2018-10-29
119.83000183105469,2018-10-30
122.93000030517578,2018-10-31
122.23999786376953,2018-11-01
121.70999908447266,2018-11-02
121.66999816894531,2018-11-05
122.37000274658203,2018-11-06
126.62000274658203,2018-11-07
125.69000244140625,2018-11-08
124.16999816894531,2018-11-09
121.12000274658203,2018-11-12
119.66000366210938,2018-11-13
117.41000366210938,2018-11-14
119.12999725341797,2018-11-15
119.38999938964844,2018-11-16
115.44000244140625,2018-11-19
115.8499984741211,2018-11-20
116.20999908447266,2018-11-21
117.7300033569336,2018-11-23
119.58000183105469,2018-11-26
120.06999969482422,2018-11-27
124.18000030517578,2018-11-28
124.94999694824219,2018-11-29
125.06999969482422,2018-11-30
127.37999725341797,2018-12-03
123.1500015258789,2018-12-04
121.8499984741211,2018-12-06
117.9800033569336,2018-12-07
119.12000274658203,2018-12-10
121.5,2018-12-11
122.33999633789062,2018-12-12
121.5,2018-12-13
118.0199966430664,2018-12-14
115.66000366210938,2018-12-17
115.45999908447266,2018-12-18
113.79000091552734,2018-12-19
110.19999694824219,2018-12-20
108.22000122070312,2018-12-21
105.69999694824219,2018-12-24
111.19000244140625,2018-12-26
112.37999725341797,2018-12-27
113.91000366210938,2018-12-28
116.16999816894531,2018-12-31
114.30999755859375,2019-01-02
109.95999908447266,2019-01-03
115.06999969482422,2019-01-04
117.19999694824219,2019-01-07
119.62999725341797,2019-01-08
122.16000366210938,2019-01-09
123.36000061035156,2019-01-10
122.80999755859375,2019-01-11
121.48999786376953,2019-01-14
122.87999725341797,2019-01-15
124.73999786376953,2019-01-16
124.08999633789062,2019-01-17
127.19000244140625,2019-01-18
124.86000061035156,2019-01-22
126.12999725341797,2019-01-23
125.11000061035156,2019-01-24
125.9800033569336,2019-01-25
124.69000244140625,2019-01-28
124.88999938964844,2019-01-29
127.55999755859375,2019-01-30
129.00999450683594,2019-01-31
129.55999755859375,2019-02-01
129.02000427246094,2019-02-04
130.08999633789062,2019-02-05
130.66000366210938,2019-02-06
129.64999389648438,2019-02-07
128.80999755859375,2019-02-08
129.10000610351562,2019-02-11
131.66000366210938,2019-02-12
131.82000732421875,2019-02-13
141.1300048828125,2019-02-14
141.85000610351562,2019-02-15
141.49000549316406,2019-02-19
141.19000244140625,2019-02-20
142.02000427246094,2019-02-21
142.4600067138672,2019-02-22
141.77000427246094,2019-02-25
140.99000549316406,2019-02-26
141.63999938964844,2019-02-27
140.10000610351562,2019-02-28
143.35000610351562,2019-03-01
141.49000549316406,2019-03-04
141.49000549316406,2019-03-05
139.19000244140625,2019-03-06
137.85000610351562,2019-03-07
137.42999267578125,2019-03-08
139.41000366210938,2019-03-11
139.85000610351562,2019-03-12
141.5500030517578,2019-03-13
140.97999572753906,2019-03-14
141.52999877929688,2019-03-15
143.0800018310547,2019-03-18
144.4499969482422,2019-03-19
143.25,2019-03-20
144.25999450683594,2019-03-21
141.64999389648438,2019-03-22
141.58999633789062,2019-03-25
143.66000366210938,2019-03-26
141.14999389648438,2019-03-27
141.83999633789062,2019-03-28
143.85000610351562,2019-03-29
144.30999755859375,2019-04-01
144.3000030517578,2019-04-02
144.39999389648438,2019-04-03
142.22999572753906,2019-04-04
144.25999450683594,2019-04-05
144.0399932861328,2019-04-08
144.2899932861328,2019-04-09
144.80999755859375,2019-04-10
143.17999267578125,2019-04-11
142.52000427246094,2019-04-12
141.0800018310547,2019-04-15
136.2899932861328,2019-04-16
132.30999755859375,2019-04-17
133.00999450683594,2019-04-18
134.3699951171875,2019-04-22
137.02000427246094,2019-04-23
135.7899932861328,2019-04-24
137.36000061035156,2019-04-25
138.6999969482422,2019-04-26
139.08999633789062,2019-04-29
138.89999389648438,2019-04-30
134.99000549316406,2019-05-01
136.13999938964844,2019-05-02
138.83999633789062,2019-05-03
138.77000427246094,2019-05-06
134.3699951171875,2019-05-07
133.22000122070312,2019-05-08
133.13999938964844,2019-05-09
134.16000366210938,2019-05-10
132.27999877929688,2019-05-13
134.5500030517578,2019-05-14
135.27000427246094,2019-05-15
135.24000549316406,2019-05-16
133.6699981689453,2019-05-17
133.6699981689453,2019-05-20
134.57000732421875,2019-05-21
134.82000732421875,2019-05-22
134.44000244140625,2019-05-23
136.3800048828125,2019-05-24
136.61000061035156,2019-05-28
135.32000732421875,2019-05-29
136.1300048828125,2019-05-30
135.85000610351562,2019-05-31
132.9499969482422,2019-06-03
135.57000732421875,2019-06-04
138.1699981689453,2019-06-05
137.41000366210938,2019-06-06
138.74000549316406,2019-06-07
139.72000122070312,2019-06-10
139.42999267578125,2019-06-11
139.89999389648438,2019-06-12
141.0800018310547,2019-06-13
141.3000030517578,2019-06-14
141.4499969482422,2019-06-17
145.66000366210938,2019-06-18
154.24000549316406,2019-06-19
154.52000427246094,2019-06-20
158.6699981689453,2019-06-21
157.42999267578125,2019-06-24
154.13999938964844,2019-06-25
155.6300048828125,2019-06-26
156.6300048828125,2019-06-27
160.89999389648438,2019-06-28
160.6999969482422,2019-07-01
160.88999938964844,2019-07-02
161.4600067138672,2019-07-03
160.89999389648438,2019-07-05
159.13999938964844,2019-07-08
158.5399932861328,2019-07-09
159.35000610351562,2019-07-10
159.24000549316406,2019-07-11
157.36000061035156,2019-07-12
158.39999389648438,2019-07-15
156.57000732421875,2019-07-16
156.02000427246094,2019-07-17
157.27999877929688,2019-07-18
155.85000610351562,2019-07-19
156.27000427246094,2019-07-22
156.75999450683594,2019-07-23
160.61000061035156,2019-07-24
160.08999633789062,2019-07-25
159.8800048828125,2019-07-26
159.3000030517578,2019-07-29
160.52999877929688,2019-07-30
159.1699981689453,2019-07-31
158.2100067138672,2019-08-01
157.0800018310547,2019-08-02
151.8000030517578,2019-08-05
154.4499969482422,2019-08-06
155.25,2019-08-07
158.10000610351562,2019-08-08
156.0,2019-08-09
155.41000366210938,2019-08-12
157.0800018310547,2019-08-13
151.2100067138672,2019-08-14
152.14999389648438,2019-08-15
155.2100067138672,2019-08-16
156.72000122070312,2019-08-19
154.82000732421875,2019-08-20
157.19000244140625,2019-08-21
156.5500030517578,2019-08-22
153.14999389648438,2019-08-23
155.1199951171875,2019-08-26
153.66000366210938,2019-08-27
153.4600067138672,2019-08-28
155.97999572753906,2019-08-29
155.14999389648438,2019-08-30
153.91000366210938,2019-09-03
151.4600067138672,2019-09-04
154.0800018310547,2019-09-05
154.07000732421875,2019-09-06
151.8699951171875,2019-09-09
150.41000366210938,2019-09-10
150.22999572753906,2019-09-11
150.72999572753906,2019-09-12
151.35000610351562,2019-09-13
150.83999633789062,2019-09-16
152.94000244140625,2019-09-17
153.44000244140625,2019-09-18
153.9199981689453,2019-09-19
155.60000610351562,2019-09-20
157.33999633789062,2019-09-23
155.4199981689453,2019-09-24
154.64999389648438,2019-09-25
151.83999633789062,2019-09-26
148.25,2019-09-27
149.3800048828125,2019-09-30
145.02999877929688,2019-10-01
143.24000549316406,2019-10-02
147.52000427246094,2019-10-03
149.3000030517578,2019-10-04
148.6999969482422,2019-10-07
144.52999877929688,2019-10-08
145.5800018310547,2019-10-09
144.88999938964844,2019-10-10
145.97999572753906,2019-10-11
146.36000061035156,2019-10-14
146.55999755859375,2019-10-15
144.8300018310547,2019-10-16
143.35000610351562,2019-10-17
143.49000549316406,2019-10-18
143.13999938964844,2019-10-21
142.86000061035156,2019-10-22
143.47999572753906,2019-10-23
145.1699981689453,2019-10-24
147.50999450683594,2019-10-25
147.75,2019-10-28
150.08999633789062,2019-10-29
145.74000549316406,2019-10-30
144.4199981689453,2019-10-31
146.74000549316406,2019-11-01
146.5,2019-11-04
139.88999938964844,2019-11-05
138.0399932861328,2019-11-06
137.83999633789062,2019-11-07
137.58999633789062,2019-11-08
140.52000427246094,2019-11-11
142.94000244140625,2019-11-12
143.57000732421875,2019-11-13
145.6999969482422,2019-11-14
146.5,2019-11-15
142.1199951171875,2019-11-18
142.86000061035156,2019-11-19
142.36000061035156,2019-11-20
143.47999572753906,2019-11-21
143.74000549316406,2019-11-22
146.49000549316406,2019-11-25
147.9600067138672,2019-11-26
147.52000427246094,2019-11-27
145.97999572753906,2019-11-29
143.94000244140625,2019-12-02
143.33999633789062,2019-12-03
145.13999938964844,2019-12-04
145.35000610351562,2019-12-05
148.49000549316406,2019-12-06
146.39999389648438,2019-12-09
146.1199951171875,2019-12-10
143.83999633789062,2019-12-11
145.2899932861328,2019-12-12
144.85000610351562,2019-12-13
146.52999877929688,2019-12-16
147.99000549316406,2019-12-17
147.16000366210938,2019-12-18
149.69000244140625,2019-12-19
155.9499969482422,2019-12-20
154.8699951171875,2019-12-23
154.6999969482422,2019-12-24
154.13999938964844,2019-12-26
154.44000244140625,2019-12-27
153.4499969482422,2019-12-30
154.50999450683594,2019-12-31
156.41000366210938,2020-01-02
154.19000244140625,2020-01-03
155.0,2020-01-06
156.8000030517578,2020-01-07
157.60000610351562,2020-01-08
159.5,2020-01-09
159.3000030517578,2020-01-10
158.14999389648438,2020-01-13
158.92999267578125,2020-01-14
159.3699951171875,2020-01-15
160.97000122070312,2020-01-16
161.50999450683594,2020-01-17
160.85000610351562,2020-01-21
160.5,2020-01-22
160.91000366210938,2020-01-23
158.10000610351562,2020-01-24
157.16000366210938,2020-01-27
158.6699981689453,2020-01-28
158.5,2020-01-29
157.0,2020-01-30
155.25,2020-01-31
155.25,2020-02-03
157.0399932861328,2020-02-04
159.75999450683594,2020-02-05
160.52999877929688,2020-02-06
157.0,2020-02-07
159.92999267578125,2020-02-10
161.6999969482422,2020-02-11
166.11000061035156,2020-02-12
165.7899932861328,2020-02-13
164.32000732421875,2020-02-14
165.4199981689453,2020-02-18
164.38999938964844,2020-02-19
164.13999938964844,2020-02-20
163.42999267578125,2020-02-21
158.0800018310547,2020-02-24
150.05999755859375,2020-02-25
149.38999938964844,2020-02-26
142.74000549316406,2020-02-27
139.49000549316406,2020-02-28
147.0800018310547,2020-03-02
141.36000061035156,2020-03-03
147.88999938964844,2020-03-04
138.2100067138672,2020-03-05
136.0500030517578,2020-03-06
124.0,2020-03-09
130.82000732421875,2020-03-10
125.41999816894531,2020-03-11
113.01000213623047,2020-03-12
118.70999908447266,2020-03-13
102.36000061035156,2020-03-16
107.69000244140625,2020-03-17
89.87999725341797,2020-03-18
90.62000274658203,2020-03-19
91.66999816894531,2020-03-20
84.0,2020-03-23
96.91000366210938,2020-03-24
104.87999725341797,2020-03-25
110.55000305175781,2020-03-26
107.13999938964844,2020-03-27
112.9800033569336,2020-03-30
107.86000061035156,2020-03-31
100.04000091552734,2020-04-01
104.77999877929688,2020-04-02
102.72000122070312,2020-04-03
117.13999938964844,2020-04-06
119.68000030517578,2020-04-07
127.87000274658203,2020-04-08
128.52999877929688,2020-04-09
124.79000091552734,2020-04-13
126.48999786376953,2020-04-14
124.0199966430664,2020-04-15
124.45999908447266,2020-04-16
131.57000732421875,2020-04-17
127.51000213623047,2020-04-20
122.0,2020-04-21
125.55000305175781,2020-04-22
127.66999816894531,2020-04-23
128.86000061035156,2020-04-24
131.8800048828125,2020-04-27
135.8800048828125,2020-04-28
143.10000610351562,2020-04-29
142.58999633789062,2020-04-30
136.52000427246094,2020-05-01
134.05999755859375,2020-05-04
135.49000549316406,2020-05-05
134.00999450683594,2020-05-06
135.52000427246094,2020-05-07
137.64999389648438,2020-05-08
138.64999389648438,2020-05-11
134.8000030517578,2020-05-12
132.47000122070312,2020-05-13
132.3699951171875,2020-05-14
134.1999969482422,2020-05-15
138.55999755859375,2020-05-18
140.86000061035156,2020-05-19
145.4199981689453,2020-05-20
143.1999969482422,2020-05-21
142.89999389648438,2020-05-22
143.5,2020-05-26
146.82000732421875,2020-05-27
146.1999969482422,2020-05-28
149.52000427246094,2020-05-29
149.41000366210938,2020-06-01
151.52999877929688,2020-06-02
153.05999755859375,2020-06-03
151.2100067138672,2020-06-04
149.5800018310547,2020-06-05
150.0,2020-06-08
146.8000030517578,2020-06-09
147.19000244140625,2020-06-10
138.63999938964844,2020-06-11
138.82000732421875,2020-06-12
139.57000732421875,2020-06-15
141.0399932861328,2020-06-16
138.9199981689453,2020-06-17
138.1199951171875,2020-06-18
136.0800018310547,2020-06-19
137.52999877929688,2020-06-22
140.1699981689453,2020-06-23
136.47000122070312,2020-06-24
137.8000030517578,2020-06-25
135.99000549316406,2020-06-26
137.52000427246094,2020-06-29
141.8800048828125,2020-06-30
141.52999877929688,2020-07-01
141.52000427246094,2020-07-02
143.63999938964844,2020-07-06
141.94000244140625,2020-07-07
144.1699981689453,2020-07-08
144.99000549316406,2020-07-09
142.67999267578125,2020-07-10
141.27999877929688,2020-07-13
147.77999877929688,2020-07-14
152.3699951171875,2020-07-15
149.67999267578125,2020-07-16
154.0500030517578,2020-07-17
155.1999969482422,2020-07-20
156.9499969482422,2020-07-21
164.2899932861328,2020-07-22
161.47999572753906,2020-07-23
157.8800048828125,2020-07-24
162.27999877929688,2020-07-27
158.64999389648438,2020-07-28
160.05999755859375,2020-07-29
158.25999450683594,2020-07-30
158.38999938964844,2020-07-31
161.17999267578125,2020-08-03
160.14999389648438,2020-08-04
160.75,2020-08-05
161.0399932861328,2020-08-06
160.5399932861328,2020-08-07
159.63999938964844,2020-08-10
159.30999755859375,2020-08-11
162.8699951171875,2020-08-12
163.75,2020-08-13
161.22999572753906,2020-08-14
161.5,2020-08-17
160.52999877929688,2020-08-18
160.16000366210938,2020-08-19
157.9600067138672,2020-08-20
157.57000732421875,2020-08-21
156.24000549316406,2020-08-24
156.94000244140625,2020-08-25
158.52000427246094,2020-08-26
158.5,2020-08-27
161.22000122070312,2020-08-28
163.75,2020-08-31
165.1300048828125,2020-09-01
169.75,2020-09-02
164.8000030517578,2020-09-03
160.2100067138672,2020-09-04
157.7899932861328,2020-09-08
161.05999755859375,2020-09-09
159.6699981689453,2020-09-10
159.52999877929688,2020-09-11
161.64999389648438,2020-09-14
164.7100067138672,2020-09-15
162.00999450683594,2020-09-16
160.5,2020-09-17
157.1199951171875,2020-09-18
154.0800018310547,2020-09-21
153.3000030517578,2020-09-22
148.9600067138672,2020-09-23
148.07000732421875,2020-09-24
151.3000030517578,2020-09-25
155.30999755859375,2020-09-28
154.77999877929688,2020-09-29
157.6300048828125,2020-09-30
158.3300018310547,2020-10-01
156.8300018310547,2020-10-02
160.6199951171875,2020-10-05
159.39999389648438,2020-10-06
164.19000244140625,2020-10-07
164.49000549316406,2020-10-08
166.75999450683594,2020-10-09
170.4600067138672,2020-10-12
166.58999633789062,2020-10-13
165.88999938964844,2020-10-14
162.0,2020-10-15
164.55999755859375,2020-10-16
164.0500030517578,2020-10-19
173.5,2020-10-20
169.25,2020-10-21
169.39999389648438,2020-10-22
167.47000122070312,2020-10-23
162.1699981689453,2020-10-26
159.13999938964844,2020-10-27
155.7100067138672,2020-10-28
154.64999389648438,2020-10-29
153.99000549316406,2020-10-30
155.1300048828125,2020-11-02
160.13999938964844,2020-11-03
170.89999389648438,2020-11-04
171.7100067138672,2020-11-05
171.44000244140625,2020-11-06
173.66000366210938,2020-11-09
166.0,2020-11-10
167.8800048828125,2020-11-11
167.8000030517578,2020-11-12
173.92999267578125,2020-11-13
173.74000549316406,2020-11-16
172.2100067138672,2020-11-17
169.07000732421875,2020-11-18
169.5500030517578,2020-11-19
169.77000427246094,2020-11-20
170.55999755859375,2020-11-23
172.0,2020-11-24
169.8699951171875,2020-11-25
168.80999755859375,2020-11-27
168.99000549316406,2020-11-30
171.22999572753906,2020-12-01
170.0399932861328,2020-12-02
167.6300048828125,2020-12-03
170.61000061035156,2020-12-04
170.07000732421875,2020-12-07
171.2899932861328,2020-12-08
168.5,2020-12-09
168.47000122070312,2020-12-10
167.80999755859375,2020-12-11
167.3000030517578,2020-12-14
172.4199981689453,2020-12-15
174.69000244140625,2020-12-16
178.9499969482422,2020-12-17
180.38999938964844,2020-12-18
176.75,2020-12-21
176.97999572753906,2020-12-22
175.5500030517578,2020-12-23
175.94000244140625,2020-12-24
175.32000732421875,2020-12-28
174.8300018310547,2020-12-29
177.52000427246094,2020-12-30
179.1699981689453,2020-12-31
176.60000610351562,2021-01-04
179.33999633789062,2021-01-05
186.25,2021-01-06
188.05999755859375,2021-01-07
191.0800018310547,2021-01-08
191.44000244140625,2021-01-11
189.4199981689453,2021-01-12
189.36000061035156,2021-01-13
188.11000061035156,2021-01-14
187.7899932861328,2021-01-15
188.97000122070312,2021-01-19
190.5399932861328,2021-01-20
187.69000244140625,2021-01-21
185.58999633789062,2021-01-22
183.02000427246094,2021-01-25
180.33999633789062,2021-01-26
173.0,2021-01-27
178.66000366210938,2021-01-28
177.8000030517578,2021-01-29
180.44000244140625,2021-02-01
184.41000366210938,2021-02-02
182.99000549316406,2021-02-03
184.32000732421875,2021-02-04
186.10000610351562,2021-02-05
186.91000366210938,2021-02-08
183.82000732421875,2021-02-09
190.0500030517578,2021-02-10
192.85000610351562,2021-02-11
192.66000366210938,2021-02-12
190.5,2021-02-16
188.92999267578125,2021-02-17
187.7100067138672,2021-02-18
188.6999969482422,2021-02-19
190.13999938964844,2021-02-22
191.0500030517578,2021-02-23
194.58999633789062,2021-02-24
192.5500030517578,2021-02-25
192.7899932861328,2021-02-26
194.38999938964844,2021-03-01
192.74000549316406,2021-03-02
190.58999633789062,2021-03-03
186.5800018310547,2021-03-04
188.77999877929688,2021-03-05
187.8000030517578,2021-03-08
189.38999938964844,2021-03-09
189.74000549316406,2021-03-10
189.3699951171875,2021-03-11
186.80999755859375,2021-03-12
190.64999389648438,2021-03-15
189.38999938964844,2021-03-16
189.7100067138672,2021-03-17
186.5,2021-03-18
188.3300018310547,2021-03-19
189.72999572753906,2021-03-22
186.99000549316406,2021-03-23
186.11000061035156,2021-03-24
186.5500030517578,2021-03-25
192.86000061035156,2021-03-26
191.0,2021-03-29
190.7899932861328,2021-03-30
193.13999938964844,2021-03-31
198.05999755859375,2021-04-01
200.3699951171875,2021-04-05
203.57000732421875,2021-04-06
201.60000610351562,2021-04-07
204.33999633789062,2021-04-08
207.66000366210938,2021-04-09
208.2100067138672,2021-04-12
207.49000549316406,2021-04-13
208.89999389648438,2021-04-14
214.1300048828125,2021-04-15
215.55999755859375,2021-04-16
216.22000122070312,2021-04-19
217.1199951171875,2021-04-20
219.0,2021-04-21
225.94000244140625,2021-04-22
232.3000030517578,2021-04-23
233.4199981689453,2021-04-26
234.41000366210938,2021-04-27
236.02000427246094,2021-04-28
235.4499969482422,2021-04-29
234.69000244140625,2021-04-30
233.9600067138672,2021-05-03
232.69000244140625,2021-05-04
231.94000244140625,2021-05-05
231.22000122070312,2021-05-06
234.38999938964844,2021-05-07
231.49000549316406,2021-05-10
232.07000732421875,2021-05-11
228.0,2021-05-12
229.66000366210938,2021-05-13
234.0399932861328,2021-05-14
231.47999572753906,2021-05-17
230.5800018310547,2021-05-18
232.6999969482422,2021-05-19
236.74000549316406,2021-05-20
238.9600067138672,2021-05-21
242.5800018310547,2021-05-24
242.1300048828125,2021-05-25
239.60000610351562,2021-05-26
237.4600067138672,2021-05-27
240.16000366210938,2021-05-28
237.25,2021-06-01
235.0,2021-06-02
233.33999633789062,2021-06-03
233.83999633789062,2021-06-04
233.1999969482422,2021-06-07
234.82000732421875,2021-06-08
239.3800048828125,2021-06-09
242.8000030517578,2021-06-10
243.44000244140625,2021-06-11
244.47000122070312,2021-06-14
246.77000427246094,2021-06-15
244.22999572753906,2021-06-16
246.3000030517578,2021-06-17
239.66000366210938,2021-06-18
243.4499969482422,2021-06-21
243.97999572753906,2021-06-22
242.30999755859375,2021-06-23
240.88999938964844,2021-06-24
245.33999633789062,2021-06-25
243.38999938964844,2021-06-28
244.08999633789062,2021-06-29
242.32000732421875,2021-06-30
247.13999938964844,2021-07-01
249.14999389648438,2021-07-02
250.9499969482422,2021-07-06
253.94000244140625,2021-07-07
248.80999755859375,2021-07-08
251.16000366210938,2021-07-09
248.6199951171875,2021-07-12
249.6300048828125,2021-07-13
246.0,2021-07-14
246.5,2021-07-15
247.6999969482422,2021-07-16
241.69000244140625,2021-07-19
247.07000732421875,2021-07-20
243.02999877929688,2021-07-21
244.91000366210938,2021-07-22
249.0800018310547,2021-07-23
247.2899932861328,2021-07-26
243.17999267578125,2021-07-27
245.3699951171875,2021-07-28
248.7100067138672,2021-07-29
247.6999969482422,2021-07-30
247.3000030517578,2021-08-02
249.97999572753906,2021-08-03
249.86000061035156,2021-08-04
248.41000366210938,2021-08-05
248.9600067138672,2021-08-06
247.66000366210938,2021-08-09
247.38999938964844,2021-08-10
244.5500030517578,2021-08-11
246.25,2021-08-12
248.13999938964844,2021-08-13
255.2899932861328,2021-08-16
257.0400085449219,2021-08-17
255.0,2021-08-18
256.6600036621094,2021-08-19
254.6999969482422,2021-08-20
254.3800048828125,2021-08-23
256.8599853515625,2021-08-24
258.7099914550781,2021-08-25
258.489990234375,2021-08-26
259.54998779296875,2021-08-27
261.6000061035156,2021-08-30
259.7300109863281,2021-08-31
262.2300109863281,2021-09-01
265.2300109863281,2021-09-02
263.2200012207031,2021-09-03
264.45001220703125,2021-09-07
261.9100036621094,2021-09-08
261.2799987792969,2021-09-09
260.5,2021-09-10
255.57000732421875,2021-09-13
257.54998779296875,2021-09-14
258.54998779296875,2021-09-15
257.8500061035156,2021-09-16
256.3299865722656,2021-09-17
253.1699981689453,2021-09-20
256.260009765625,2021-09-21
259.75,2021-09-22
262.2699890136719,2021-09-23
261.6099853515625,2021-09-24
248.13999938964844,2021-09-27
241.58999633789062,2021-09-28
242.91000366210938,2021-09-29
239.5399932861328,2021-09-30
241.5500030517578,2021-10-01
238.57000732421875,2021-10-04
239.36000061035156,2021-10-05
239.39999389648438,2021-10-06
243.82000732421875,2021-10-07
242.22999572753906,2021-10-08
240.27999877929688,2021-10-11
238.3699951171875,2021-10-12
241.50999450683594,2021-10-13
246.82000732421875,2021-10-14
248.85000610351562,2021-10-15
248.4600067138672,2021-10-18
249.02000427246094,2021-10-19
251.52000427246094,2021-10-20
254.83999633789062,2021-10-21
256.8900146484375,2021-10-22
257.25,2021-10-25
256.0899963378906,2021-10-26
254.2899932861328,2021-10-27
257.19000244140625,2021-10-28
261.4200134277344,2021-10-29
258.8900146484375,2021-11-01
257.8299865722656,2021-11-02
254.60000610351562,2021-11-03
253.86000061035156,2021-11-04
247.19000244140625,2021-11-05
251.5,2021-11-08
251.8000030517578,2021-11-09
252.1199951171875,2021-11-10
252.5800018310547,2021-11-11
254.67999267578125,2021-11-12
251.80999755859375,2021-11-15
267.5400085449219,2021-11-16
264.45001220703125,2021-11-17
266.6000061035156,2021-11-18
268.1700134277344,2021-11-19
267.489990234375,2021-11-22
265.2699890136719,2021-11-23
265.3599853515625,2021-11-24
262.05999755859375,2021-11-26
266.69000244140625,2021-11-29
259.1300048828125,2021-11-30
259.25,2021-12-01
262.7300109863281,2021-12-02
261.67999267578125,2021-12-03
263.1000061035156,2021-12-06
270.29998779296875,2021-12-07
272.19000244140625,2021-12-08
269.1600036621094,2021-12-09
270.32000732421875,2021-12-10
269.739990234375,2021-12-13
262.6499938964844,2021-12-14
268.1000061035156,2021-12-15
266.45001220703125,2021-12-16
267.42999267578125,2021-12-17
264.8800048828125,2021-12-20
268.6300048828125,2021-12-21
276.760009765625,2021-12-22
278.010009765625,2021-12-23
282.05999755859375,2021-12-27
280.6099853515625,2021-12-28
282.239990234375,2021-12-29
282.6099853515625,2021-12-30
282.1400146484375,2021-12-31
273.5799865722656,2022-01-03
268.1700134277344,2022-01-04
261.6099853515625,2022-01-05
262.510009765625,2022-01-06
256.9100036621094,2022-01-07
257.2300109863281,2022-01-10
260.2900085449219,2022-01-11
260.8500061035156,2022-01-12
252.07000732421875,2022-01-13
247.33999633789062,2022-01-14
242.32000732421875,2022-01-18
240.27999877929688,2022-01-19
244.39999389648438,2022-01-20
240.9499969482422,2022-01-21
243.6999969482422,2022-01-24
236.22999572753906,2022-01-25
232.63999938964844,2022-01-26
232.0,2022-01-27
238.82000732421875,2022-01-28
244.89999389648438,2022-01-31
247.10000610351562,2022-02-01
254.4499969482422,2022-02-02
250.19000244140625,2022-02-03
249.88999938964844,2022-02-04
245.9199981689453,2022-02-07
247.3699951171875,2022-02-08
255.57000732421875,2022-02-09
250.42999267578125,2022-02-10
244.27999877929688,2022-02-11
239.89999389648438,2022-02-14
228.63999938964844,2022-02-15
232.17999267578125,2022-02-16
226.36000061035156,2022-02-17
228.27000427246094,2022-02-18
226.4600067138672,2022-02-22
223.0800018310547,2022-02-23
228.47000122070312,2022-02-24
233.99000549316406,2022-02-25
230.1199951171875,2022-02-28
227.8300018310547,2022-03-01
232.3699951171875,2022-03-02
233.3699951171875,2022-03-03
227.0,2022-03-04
216.66000366210938,2022-03-07
210.55999755859375,2022-03-08
219.2100067138672,2022-03-09
216.94000244140625,2022-03-10
213.61000061035156,2022-03-11
211.08999633789062,2022-03-14
215.00999450683594,2022-03-15
220.27000427246094,2022-03-16
223.24000549316406,2022-03-17
227.66000366210938,2022-03-18
226.97000122070312,2022-03-21
228.92999267578125,2022-03-22
220.30999755859375,2022-03-23
224.6199951171875,2022-03-24
224.75999450683594,2022-03-25
226.69000244140625,2022-03-28
233.58999633789062,2022-03-29
231.32000732421875,2022-03-30
231.2100067138672,2022-03-31
240.30999755859375,2022-04-01
238.5,2022-04-04
238.36000061035156,2022-04-05
240.3000030517578,2022-04-06
249.27999877929688,2022-04-07
252.2899932861328,2022-04-08
242.97999572753906,2022-04-11
237.6699981689453,2022-04-12
239.30999755859375,2022-04-13
238.47999572753906,2022-04-14
234.38999938964844,2022-04-18
237.8699951171875,2022-04-19
242.77000427246094,2022-04-20
236.1699981689453,2022-04-21
228.16000366210938,2022-04-22
219.86000061035156,2022-04-25
206.72999572753906,2022-04-26
210.24000549316406,2022-04-27
219.39999389648438,2022-04-28
217.99000549316406,2022-04-29
217.05999755859375,2022-05-02
215.1999969482422,2022-05-03
222.7899932861328,2022-05-04
215.32000732421875,2022-05-05
213.82000732421875,2022-05-06
204.07000732421875,2022-05-09
203.2100067138672,2022-05-10
200.9600067138672,2022-05-11
202.52999877929688,2022-05-12
208.7100067138672,2022-05-13
206.4499969482422,2022-05-16
206.69000244140625,2022-05-17
197.25999450683594,2022-05-18
201.74000549316406,2022-05-19
201.8300018310547,2022-05-20
203.38999938964844,2022-05-23
201.99000549316406,2022-05-24
203.33999633789062,2022-05-25
207.72999572753906,2022-05-26
220.5,2022-05-27
215.25,2022-05-31
210.11000061035156,2022-06-01
220.05999755859375,2022-06-02
219.44000244140625,2022-06-03
220.7899932861328,2022-06-06
225.22999572753906,2022-06-07
220.7100067138672,2022-06-08
216.64999389648438,2022-06-09
207.3699951171875,2022-06-10
200.3000030517578,2022-06-13
200.8800048828125,2022-06-14
202.1300048828125,2022-06-15
196.4499969482422,2022-06-16
196.9499969482422,2022-06-17
198.77000427246094,2022-06-21
201.74000549316406,2022-06-22
211.5399932861328,2022-06-23
213.8000030517578,2022-06-24
216.50999450683594,2022-06-27
212.2100067138672,2022-06-28
214.11000061035156,2022-06-29
216.99000549316406,2022-06-30
215.0500030517578,2022-07-01
215.30999755859375,2022-07-05
216.0,2022-07-06
218.85000610351562,2022-07-07
219.33999633789062,2022-07-08
217.39999389648438,2022-07-11
213.52999877929688,2022-07-12
211.8300018310547,2022-07-13
212.0,2022-07-14
219.0800018310547,2022-07-15
212.8699951171875,2022-07-18
220.5,2022-07-19
220.60000610351562,2022-07-20
225.6300048828125,2022-07-21
221.74000549316406,2022-07-22
221.6199951171875,2022-07-25
219.67999267578125,2022-07-26
225.1300048828125,2022-07-27
236.00999450683594,2022-07-28
240.27000427246094,2022-07-29
238.3699951171875,2022-08-01
233.41000366210938,2022-08-02
233.2100067138672,2022-08-03
234.33999633789062,2022-08-04
234.74000549316406,2022-08-05
233.66000366210938,2022-08-08
232.60000610351562,2022-08-09
239.69000244140625,2022-08-10
242.0,2022-08-11
245.80999755859375,2022-08-12
248.25999450683594,2022-08-15
244.7100067138672,2022-08-16
240.6199951171875,2022-08-17
238.82000732421875,2022-08-18
239.02000427246094,2022-08-19
231.57000732421875,2022-08-22
229.24000549316406,2022-08-23
231.8300018310547,2022-08-24
234.72999572753906,2022-08-25
219.6699981689453,2022-08-26
218.2100067138672,2022-08-29
215.99000549316406,2022-08-30
212.66000366210938,2022-08-31
211.6199951171875,2022-09-01
207.25999450683594,2022-09-02
209.66000366210938,2022-09-06
215.13999938964844,2022-09-07
221.1199951171875,2022-09-08
223.1699981689453,2022-09-09
226.74000549316406,2022-09-12
212.50999450683594,2022-09-13
209.1300048828125,2022-09-14
207.3699951171875,2022-09-15
205.0399932861328,2022-09-16
203.6999969482422,2022-09-19
199.66000366210938,2022-09-20
195.52000427246094,2022-09-21
190.6199951171875,2022-09-22
189.42999267578125,2022-09-23
186.0800018310547,2022-09-26
182.88999938964844,2022-09-27
185.69000244140625,2022-09-28
181.61000061035156,2022-09-29
181.13999938964844,2022-09-30
186.1999969482422,2022-10-03
193.10000610351562,2022-10-04
192.49000549316406,2022-10-05
187.5399932861328,2022-10-06
180.33999633789062,2022-10-07
175.91000366210938,2022-10-10
172.4499969482422,2022-10-11
171.86000061035156,2022-10-12
176.2100067138672,2022-10-13
173.41000366210938,2022-10-14
181.17999267578125,2022-10-17
184.3300018310547,2022-10-18
178.38999938964844,2022-10-19
174.5800018310547,2022-10-20
178.14999389648438,2022-10-21
179.55999755859375,2022-10-24
197.64999389648438,2022-10-25
202.10000610351562,2022-10-26
200.4199981689453,2022-10-27
208.16000366210938,2022-10-28
209.6699981689453,2022-10-31
209.38999938964844,2022-11-01
204.35000610351562,2022-11-02
203.86000061035156,2022-11-03
204.10000610351562,2022-11-04
207.99000549316406,2022-11-07
207.9199981689453,2022-11-08
204.30999755859375,2022-11-09
222.5800018310547,2022-11-10
226.52999877929688,2022-11-11
222.36000061035156,2022-11-14
224.30999755859375,2022-11-15
224.02000427246094,2022-11-16
211.4199981689453,2022-11-17
213.77999877929688,2022-11-18
214.89999389648438,2022-11-21
215.89999389648438,2022-11-22
217.72000122070312,2022-11-23
219.97999572753906,2022-11-25
214.4499969482422,2022-11-28
212.5,2022-11-29
218.02000427246094,2022-11-30
220.5500030517578,2022-12-01
217.72999572753906,2022-12-02
211.92999267578125,2022-12-05
209.8699951171875,2022-12-06
207.69000244140625,2022-12-07
210.41000366210938,2022-12-08
208.52999877929688,2022-12-09
213.13999938964844,2022-12-12
216.8000030517578,2022-12-13
214.2100067138672,2022-12-14
208.41000366210938,2022-12-15
203.77999877929688,2022-12-16
199.83999633789062,2022-12-19
201.3800048828125,2022-12-20
204.5500030517578,2022-12-21
203.13999938964844,2022-12-22
203.83999633789062,2022-12-23
202.94000244140625,2022-12-27
201.8699951171875,2022-12-28
207.80999755859375,2022-12-29
204.88999938964844,2022-12-30
203.86000061035156,2023-01-03
207.77999877929688,2023-01-04
207.0500030517578,2023-01-05
205.36000061035156,2023-01-06
208.49000549316406,2023-01-09
215.50999450683594,2023-01-10
221.52999877929688,2023-01-11
219.5,2023-01-12
222.13999938964844,2023-01-13
221.5399932861328,2023-01-17
220.5500030517578,2023-01-18
222.2899932861328,2023-01-19
223.61000061035156,2023-01-20
228.75,2023-01-23
225.77999877929688,2023-01-24
226.5,2023-01-25
228.52000427246094,2023-01-26
229.47000122070312,2023-01-27
226.27999877929688,2023-01-30
229.41000366210938,2023-01-31
233.49000549316406,2023-02-01
240.64999389648438,2023-02-02
237.17999267578125,2023-02-03
232.30999755859375,2023-02-06
235.83999633789062,2023-02-07
235.50999450683594,2023-02-08
230.30999755859375,2023-02-09
222.83999633789062,2023-02-10
232.11000061035156,2023-02-13
227.07000732421875,2023-02-14
227.02999877929688,2023-02-15
224.0,2023-02-16
219.72999572753906,2023-02-17
212.97999572753906,2023-02-21
210.99000549316406,2023-02-22
213.3699951171875,2023-02-23
209.5399932861328,2023-02-24
208.8800048828125,2023-02-27
208.47000122070312,2023-02-28
210.77000427246094,2023-03-01
215.8300018310547,2023-03-02
220.82000732421875,2023-03-03
219.57000732421875,2023-03-06
212.58999633789062,2023-03-07
211.60000610351562,2023-03-08
202.92999267578125,2023-03-09
197.25999450683594,2023-03-10
198.1199951171875,2023-03-13
200.7100067138672,2023-03-14
195.27000427246094,2023-03-15
196.42999267578125,2023-03-16
190.88999938964844,2023-03-17
191.80999755859375,2023-03-20
196.75999450683594,2023-03-21
190.00999450683594,2023-03-22
188.0,2023-03-23
188.35000610351562,2023-03-24
190.91000366210938,2023-03-27
189.8699951171875,2023-03-28
192.91000366210938,2023-03-29
194.9499969482422,2023-03-30
198.88999938964844,2023-03-31
199.92999267578125,2023-04-03
196.6999969482422,2023-04-04
197.08999633789062,2023-04-05
195.8300018310547,2023-04-06
196.88999938964844,2023-04-10
199.69000244140625,2023-04-11
197.99000549316406,2023-04-12
202.75,2023-04-13
200.35000610351562,2023-04-14
202.6199951171875,2023-04-17
202.72999572753906,2023-04-18
201.86000061035156,2023-04-19
198.58999633789062,2023-04-20
202.30999755859375,2023-04-21
202.99000549316406,2023-04-24
191.7100067138672,2023-04-25
189.97999572753906,2023-04-26
183.66000366210938,2023-04-27
188.22999572753906,2023-04-28
190.0,2023-05-01
185.60000610351562,2023-05-02
187.02000427246094,2023-05-03
184.39999389648438,2023-05-04
188.52000427246094,2023-05-05
189.82000732421875,2023-05-08
186.00999450683594,2023-05-09
188.0800018310547,2023-05-10
189.8699951171875,2023-05-11
188.17999267578125,2023-05-12
191.47000122070312,2023-05-15
191.2100067138672,2023-05-16
193.0500030517578,2023-05-17
195.4499969482422,2023-05-18
199.44000244140625,2023-05-19
201.77000427246094,2023-05-22
201.77999877929688,2023-05-23
198.02999877929688,2023-05-24
197.47000122070312,2023-05-25
199.4499969482422,2023-05-26
198.64999389648438,2023-05-30
196.91000366210938,2023-05-31
198.97000122070312,2023-06-01
201.3699951171875,2023-06-02
204.00999450683594,2023-06-05
205.47999572753906,2023-06-06
208.57000732421875,2023-06-07
206.19000244140625,2023-06-08
206.58999633789062,2023-06-09
211.89999389648438,2023-06-12
215.1300048828125,2023-06-13
212.72000122070312,2023-06-14
216.77999877929688,2023-06-15
216.02000427246094,2023-06-16
214.92999267578125,2023-06-20
213.8300018310547,2023-06-21
213.6199951171875,2023-06-22
214.05999755859375,2023-06-23
213.82000732421875,2023-06-26
214.66000366210938,2023-06-27
219.22000122070312,2023-06-28
221.4199981689453,2023-06-29
224.77000427246094,2023-06-30
221.07000732421875,2023-07-03
220.89999389648438,2023-07-05
217.64999389648438,2023-07-06
216.80999755859375,2023-07-07
219.42999267578125,2023-07-10
216.27000427246094,2023-07-11
219.00999450683594,2023-07-12
219.6300048828125,2023-07-13
221.10000610351562,2023-07-14
221.3699951171875,2023-07-17
224.22999572753906,2023-07-18
225.4600067138672,2023-07-19
226.3699951171875,2023-07-20
228.25999450683594,2023-07-21
228.16000366210938,2023-07-24
231.57000732421875,2023-07-25
231.9600067138672,2023-07-26
224.55999755859375,2023-07-27
226.14999389648438,2023-07-28
223.75999450683594,2023-07-31
219.1300048828125,2023-08-01
219.08999633789062,2023-08-02
216.2899932861328,2023-08-03
216.92999267578125,2023-08-04
219.3000030517578,2023-08-07
218.86000061035156,2023-08-08
218.67999267578125,2023-08-09
221.77999877929688,2023-08-10
219.83999633789062,2023-08-11
220.1199951171875,2023-08-14
217.66000366210938,2023-08-15
215.1999969482422,2023-08-16
214.2100067138672,2023-08-17
213.97999572753906,2023-08-18
214.36000061035156,2023-08-21
214.02000427246094,2023-08-22
216.13999938964844,2023-08-23
215.50999450683594,2023-08-24
219.00999450683594,2023-08-25
221.7899932861328,2023-08-28
225.13999938964844,2023-08-29
224.5500030517578,2023-08-30
222.6300048828125,2023-08-31
224.3300018310547,2023-09-01
220.88999938964844,2023-09-05
218.82000732421875,2023-09-06
219.0,2023-09-07
213.52999877929688,2023-09-08
215.3300018310547,2023-09-11
216.77000427246094,2023-09-12
216.60000610351562,2023-09-13
212.9600067138672,2023-09-14
211.7100067138672,2023-09-15
209.35000610351562,2023-09-18
208.8800048828125,2023-09-19
205.4199981689453,2023-09-20
199.17999267578125,2023-09-21
198.75,2023-09-22
202.38999938964844,2023-09-25
200.97999572753906,2023-09-26
202.2100067138672,2023-09-27
197.6999969482422,2023-09-28
196.75,2023-09-29
193.8800048828125,2023-10-02
190.72999572753906,2023-10-03
196.42999267578125,2023-10-04
197.82000732421875,2023-10-05
198.63999938964844,2023-10-06
199.5399932861328,2023-10-09
201.50999450683594,2023-10-10
204.55999755859375,2023-10-11
197.61000061035156,2023-10-12
199.36000061035156,2023-10-13
198.97999572753906,2023-10-16
199.0,2023-10-17
188.9499969482422,2023-10-18
186.75,2023-10-19
184.36000061035156,2023-10-20
183.7100067138672,2023-10-23
186.69000244140625,2023-10-24
181.22000122070312,2023-10-25
184.4199981689453,2023-10-26
179.94000244140625,2023-10-27
177.16000366210938,2023-10-30
180.8300018310547,2023-10-31
180.00999450683594,2023-11-01
190.4600067138672,2023-11-02
197.1999969482422,2023-11-03
198.39999389648438,2023-11-06
200.0800018310547,2023-11-07
199.75999450683594,2023-11-08
191.91000366210938,2023-11-09
195.97999572753906,2023-11-10
193.6699981689453,2023-11-13
200.47999572753906,2023-11-14
205.8300018310547,2023-11-15
204.7899932861328,2023-11-16
204.7899932861328,2023-11-17
205.2899932861328,2023-11-20
207.4499969482422,2023-11-21
209.52000427246094,2023-11-22
212.00999450683594,2023-11-24
210.72999572753906,2023-11-27
211.0,2023-11-28
213.80999755859375,2023-11-29
214.10000610351562,2023-11-30
216.91000366210938,2023-12-01
216.27000427246094,2023-12-04
214.30999755859375,2023-12-05
215.58999633789062,2023-12-06
214.99000549316406,2023-12-07
215.27999877929688,2023-12-08
216.30999755859375,2023-12-11
217.42999267578125,2023-12-12
