KMI,Date
16.852561950683594,2011-02-11
16.662595748901367,2011-02-14
16.792861938476562,2011-02-15
16.673450469970703,2011-02-16
16.581180572509766,2011-02-17
17.026247024536133,2011-02-18
16.673450469970703,2011-02-22
16.5106258392334,2011-02-23
16.532337188720703,2011-02-24
16.554048538208008,2011-02-25
16.554048538208008,2011-02-28
16.526912689208984,2011-03-01
16.592039108276367,2011-03-02
16.70058822631836,2011-03-03
16.744014739990234,2011-03-04
16.77114486694336,2011-03-07
16.80914306640625,2011-03-08
16.689741134643555,2011-03-09
16.336942672729492,2011-03-10
16.336942672729492,2011-03-11
16.277246475219727,2011-03-14
16.217538833618164,2011-03-15
16.309804916381836,2011-03-16
16.364078521728516,2011-03-17
16.554048538208008,2011-03-18
16.727725982666016,2011-03-21
16.662595748901367,2011-03-22
16.293521881103516,2011-03-23
16.309804916381836,2011-03-24
16.022140502929688,2011-03-25
16.0764217376709,2011-03-28
16.168691635131836,2011-03-29
16.114416122436523,2011-03-30
16.087278366088867,2011-03-31
16.011287689208984,2011-04-01
15.978728294372559,2011-04-04
15.978728294372559,2011-04-05
15.989583015441895,2011-04-06
15.85931396484375,2011-04-07
15.919023513793945,2011-04-08
15.875598907470703,2011-04-11
15.593371391296387,2011-04-12
15.6476469039917,2011-04-13
15.805037498474121,2011-04-14
15.67478084564209,2011-04-15
15.479387283325195,2011-04-18
15.62050724029541,2011-04-19
15.984155654907227,2011-04-20
16.08184814453125,2011-04-21
15.935302734375,2011-04-25
15.805037498474121,2011-04-26
15.663923263549805,2011-04-27
15.723922729492188,2011-04-28
15.587573051452637,2011-04-29
15.718465805053711,2011-05-02
15.374860763549805,2011-05-03
15.249418258666992,2011-05-04
15.260326385498047,2011-05-05
15.27124309539795,2011-05-06
15.429404258728027,2011-05-09
15.55484676361084,2011-05-10
15.440308570861816,2011-05-11
15.516674041748047,2011-05-12
15.233059883117676,2011-05-13
15.020354270935059,2011-05-16
14.998540878295898,2011-05-17
15.031262397766113,2011-05-18
15.429404258728027,2011-05-19
15.543940544128418,2011-05-20
15.451214790344238,2011-05-23
15.849366188049316,2011-05-24
15.827543258666992,2011-05-25
15.647564888000488,2011-05-26
15.91481876373291,2011-05-27
15.974809646606445,2011-05-31
15.816642761230469,2011-06-01
16.023893356323242,2011-06-02
16.225688934326172,2011-06-03
16.100242614746094,2011-06-06
16.24750518798828,2011-06-07
16.21478271484375,2011-06-08
16.19296646118164,2011-06-09
16.105701446533203,2011-06-10
16.062068939208984,2011-06-13
16.089336395263672,2011-06-14
16.012981414794922,2011-06-15
15.931163787841797,2011-06-16
16.198415756225586,2011-06-17
16.149333953857422,2011-06-20
16.154787063598633,2011-06-21
16.154787063598633,2011-06-22
15.871182441711426,2011-06-23
15.59847354888916,2011-06-24
15.413044929504395,2011-06-27
15.434854507446289,2011-06-28
15.489397048950195,2011-06-29
15.669377326965332,2011-06-30
15.963898658752441,2011-07-01
15.958443641662598,2011-07-05
15.876633644104004,2011-07-06
15.805731773376465,2011-07-07
15.773004531860352,2011-07-08
15.467584609985352,2011-07-11
15.363958358764648,2011-07-12
15.374860763549805,2011-07-13
15.28759479522705,2011-07-14
15.593022346496582,2011-07-15
15.374860763549805,2011-07-18
15.462128639221191,2011-07-19
15.543940544128418,2011-07-20
15.549386978149414,2011-07-21
15.467584609985352,2011-07-22
14.998540878295898,2011-07-25
15.03671646118164,2011-07-26
15.369410514831543,2011-07-27
15.52376651763916,2011-07-28
15.562356948852539,2011-07-29
15.562356948852539,2011-08-01
15.352867126464844,2011-08-02
15.281211853027344,2011-08-03
14.592120170593262,2011-08-04
14.288919448852539,2011-08-05
13.043052673339844,2011-08-08
14.288919448852539,2011-08-09
14.36058235168457,2011-08-10
15.132366180419922,2011-08-11
14.757500648498535,2011-08-12
14.928390502929688,2011-08-15
14.608656883239746,2011-08-16
14.487380027770996,2011-08-17
13.682519912719727,2011-08-18
13.13124942779541,2011-08-19
13.098170280456543,2011-08-22
13.528169631958008,2011-08-23
13.478554725646973,2011-08-24
13.478554725646973,2011-08-25
13.660476684570312,2011-08-26
13.952646255493164,2011-08-29
13.985725402832031,2011-08-30
14.250330924987793,2011-08-31
14.178665161132812,2011-09-01
13.886495590209961,2011-09-02
13.985725402832031,2011-09-06
14.024311065673828,2011-09-07
14.0022611618042,2011-09-08
13.699061393737793,2011-09-09
13.759703636169434,2011-09-12
13.765212059020996,2011-09-13
13.91956615447998,2011-09-14
14.079436302185059,2011-09-15
14.057384490966797,2011-09-16
14.70788288116455,2011-09-19
14.718911170959473,2011-09-20
14.636221885681152,2011-09-21
14.16213321685791,2011-09-22
14.068408966064453,2011-09-23
14.5204496383667,2011-09-26
14.90082836151123,2011-09-27
14.674805641174316,2011-09-28
14.50942611694336,2011-09-29
14.27238655090332,2011-09-30
14.046359062194824,2011-10-03
14.36058235168457,2011-10-04
14.658270835876465,2011-10-05
14.718911170959473,2011-10-06
14.5204496383667,2011-10-07
14.812628746032715,2011-10-10
14.801606178283691,2011-10-11
14.8291654586792,2011-10-12
14.840194702148438,2011-10-13
14.823654174804688,2011-10-14
15.540302276611328,2011-10-17
15.468642234802246,2011-10-18
15.20402717590332,2011-10-19
15.562356948852539,2011-10-20
16.108108520507812,2011-10-21
16.527074813842773,2011-10-24
16.598739624023438,2011-10-25
16.35067367553711,2011-10-26
16.395221710205078,2011-10-27
16.205881118774414,2011-10-28
15.927422523498535,2011-10-31
15.493043899536133,2011-11-01
15.626697540283203,2011-11-02
15.687960624694824,2011-11-03
15.765918731689453,2011-11-04
15.57100772857666,2011-11-07
15.676816940307617,2011-11-08
15.053085327148438,2011-11-09
15.27584457397461,2011-11-10
15.353814125061035,2011-11-11
15.442915916442871,2011-11-14
15.57100772857666,2011-11-15
15.465198516845703,2011-11-16
15.77148723602295,2011-11-17
15.732510566711426,2011-11-18
15.921853065490723,2011-11-21
15.932994842529297,2011-11-22
15.604419708251953,2011-11-23
16.150188446044922,2011-11-25
16.038806915283203,2011-11-28
16.45091438293457,2011-11-29
16.428634643554688,2011-11-30
16.851886749267578,2011-12-01
17.263988494873047,2011-12-02
17.2138671875,2011-12-05
17.186023712158203,2011-12-06
16.940988540649414,2011-12-07
16.45648765563965,2011-12-08
16.484325408935547,2011-12-09
16.42306900024414,2011-12-12
16.261566162109375,2011-12-13
16.200307846069336,2011-12-14
16.05551528930664,2011-12-15
16.617982864379883,2011-12-16
16.59014129638672,2011-12-19
16.785057067871094,2011-12-20
17.102489471435547,2011-12-21
17.236146926879883,2011-12-22
17.470046997070312,2011-12-23
17.67609977722168,2011-12-27
17.425491333007812,2011-12-28
17.575857162475586,2011-12-29
17.915565490722656,2011-12-30
18.093780517578125,2012-01-03
18.093780517578125,2012-01-04
18.182878494262695,2012-01-05
18.31653594970703,2012-01-06
18.271987915039062,2012-01-09
18.478038787841797,2012-01-10
18.594985961914062,2012-01-11
18.422348022460938,2012-01-12
18.299827575683594,2012-01-13
18.41678237915039,2012-01-17
18.28312110900879,2012-01-18
18.394495010375977,2012-01-19
18.249710083007812,2012-01-20
18.271987915039062,2012-01-23
18.1995906829834,2012-01-24
18.50588607788086,2012-01-25
18.2886905670166,2012-01-26
18.204362869262695,2012-01-27
18.125652313232422,2012-01-30
18.254961013793945,2012-01-31
18.176246643066406,2012-02-01
18.0919246673584,2012-02-02
17.94573974609375,2012-02-03
18.13688850402832,2012-02-06
17.900766372680664,2012-02-07
18.03007698059082,2012-02-08
18.350536346435547,2012-02-09
18.187490463256836,2012-02-10
18.311182022094727,2012-02-13
18.16501235961914,2012-02-14
18.07505989074707,2012-02-15
18.176246643066406,2012-02-16
18.120027542114258,2012-02-17
18.03007698059082,2012-02-21
18.120027542114258,2012-02-22
18.170629501342773,2012-02-23
18.687864303588867,2012-02-24
19.542415618896484,2012-02-27
19.82352638244629,2012-02-28
19.812280654907227,2012-02-29
20.194583892822266,2012-03-01
20.402603149414062,2012-03-02
20.36887550354004,2012-03-05
19.87412452697754,2012-03-06
20.408220291137695,2012-03-07
20.64997100830078,2012-03-08
21.094125747680664,2012-03-09
20.655595779418945,2012-03-12
20.582509994506836,2012-03-13
20.267671585083008,2012-03-14
20.38011932373047,2012-03-15
20.71744155883789,2012-03-16
20.880474090576172,2012-03-19
20.661218643188477,2012-03-20
20.84112548828125,2012-03-21
21.015413284301758,2012-03-22
21.7012996673584,2012-03-23
21.571996688842773,2012-03-26
21.611352920532227,2012-03-27
22.066743850708008,2012-03-28
21.931812286376953,2012-03-29
21.72942352294922,2012-03-30
21.98240852355957,2012-04-02
22.33660316467285,2012-04-03
22.049882888793945,2012-04-04
22.40406608581543,2012-04-05
22.13983726501465,2012-04-09
21.420204162597656,2012-04-10
21.493288040161133,2012-04-11
21.65633201599121,2012-04-12
21.5944881439209,2012-04-13
21.195316314697266,2012-04-16
20.93670654296875,2012-04-17
20.942325592041016,2012-04-18
20.64997100830078,2012-04-19
20.32951545715332,2012-04-20
19.739187240600586,2012-04-23
19.727941513061523,2012-04-24
20.194583892822266,2012-04-25
20.239967346191406,2012-04-26
20.330726623535156,2012-04-27
20.364763259887695,2012-04-30
20.659738540649414,2012-05-01
20.631376266479492,2012-05-02
20.279674530029297,2012-05-03
19.996042251586914,2012-05-04
19.93931770324707,2012-05-07
19.837207794189453,2012-05-08
19.332345962524414,2012-05-09
19.457141876220703,2012-05-10
19.281291961669922,2012-05-11
19.031696319580078,2012-05-14
18.889875411987305,2012-05-15
18.86151695251465,2012-05-16
18.719701766967773,2012-05-17
18.436063766479492,2012-05-18
18.923912048339844,2012-05-21
19.17350959777832,2012-05-22
18.810461044311523,2012-05-23
18.214834213256836,2012-05-24
18.390689849853516,2012-05-25
19.00333023071289,2012-05-29
19.09976577758789,2012-05-30
19.394744873046875,2012-05-31
18.350971221923828,2012-06-01
18.719701766967773,2012-06-04
18.731042861938477,2012-06-05
18.09571075439453,2012-06-06
17.86313247680664,2012-06-07
17.885818481445312,2012-06-08
17.83477020263672,2012-06-11
17.783716201782227,2012-06-12
17.71564483642578,2012-06-13
17.851781845092773,2012-06-14
18.09571075439453,2012-06-15
18.067340850830078,2012-06-18
18.356651306152344,2012-06-19
18.345306396484375,2012-06-20
18.141084671020508,2012-06-21
17.970911026000977,2012-06-22
17.48873519897461,2012-06-25
17.449033737182617,2012-06-26
17.579504013061523,2012-06-27
17.709970474243164,2012-06-28
18.277233123779297,2012-06-29
18.572208404541016,2012-07-02
18.810461044311523,2012-07-03
18.867183685302734,2012-07-05
18.69700813293457,2012-07-06
18.572208404541016,2012-07-09
18.600570678710938,2012-07-10
18.74806022644043,2012-07-11
18.91257095336914,2012-07-12
19.593284606933594,2012-07-13
19.684051513671875,2012-07-16
19.87691307067871,2012-07-17
20.075464248657227,2012-07-18
19.996042251586914,2012-07-19
19.848554611206055,2012-07-20
19.77480697631836,2012-07-23
19.780479431152344,2012-07-24
20.001712799072266,2012-07-25
20.262653350830078,2012-07-26
20.514724731445312,2012-07-27
20.526180267333984,2012-07-30
20.514724731445312,2012-07-31
20.47462272644043,2012-08-01
20.279836654663086,2012-08-02
20.560556411743164,2012-08-03
20.72095489501953,2012-08-06
20.86990737915039,2012-08-07
20.703773498535156,2012-08-08
20.514724731445312,2012-08-09
19.844459533691406,2012-08-10
19.896013259887695,2012-08-13
19.91892433166504,2012-08-14
19.758525848388672,2012-08-15
19.747068405151367,2012-08-16
19.603845596313477,2012-08-17
19.970489501953125,2012-08-20
20.03350067138672,2012-08-21
20.03350067138672,2012-08-22
19.96476173400879,2012-08-23
20.216821670532227,2012-08-24
20.211095809936523,2012-08-27
20.182449340820312,2012-08-28
20.302751541137695,2012-08-29
20.302751541137695,2012-08-30
20.491811752319336,2012-08-31
20.440248489379883,2012-09-04
20.337127685546875,2012-09-05
20.47462272644043,2012-09-06
20.53190803527832,2012-09-07
20.48607063293457,2012-09-10
20.4803466796875,2012-09-11
20.434511184692383,2012-09-12
20.606382369995117,2012-09-13
20.755334854125977,2012-09-14
20.761056900024414,2012-09-17
20.652212142944336,2012-09-18
20.59491729736328,2012-09-19
20.428789138793945,2012-09-20
20.451702117919922,2012-09-21
20.508995056152344,2012-09-24
20.354320526123047,2012-09-25
20.13662338256836,2012-09-26
20.428789138793945,2012-09-27
20.348583221435547,2012-09-28
20.308481216430664,2012-10-01
20.337127685546875,2012-10-02
20.646488189697266,2012-10-03
20.76679039001465,2012-10-04
20.646488189697266,2012-10-05
20.37150764465332,2012-10-08
20.09652328491211,2012-10-09
20.142349243164062,2012-10-10
20.10223960876465,2012-10-11
19.764253616333008,2012-10-12
19.987674713134766,2012-10-15
20.348583221435547,2012-10-16
20.491811752319336,2012-10-17
20.549095153808594,2012-10-18
20.03350067138672,2012-10-19
19.907472610473633,2012-10-22
19.695507049560547,2012-10-23
19.79862403869629,2012-10-24
20.085063934326172,2012-10-25
19.878833770751953,2012-10-26
20.093017578125,2012-10-31
20.017763137817383,2012-11-01
19.74568748474121,2012-11-02
19.618328094482422,2012-11-05
19.774633407592773,2012-11-06
19.29994773864746,2012-11-07
19.068397521972656,2012-11-08
18.860002517700195,2012-11-09
18.831043243408203,2012-11-12
18.663175582885742,2012-11-13
18.59370994567871,2012-11-14
18.541610717773438,2012-11-15
18.697904586791992,2012-11-16
19.380990982055664,2012-11-19
19.369407653808594,2012-11-20
19.369407653808594,2012-11-21
19.51992416381836,2012-11-23
19.49676513671875,2012-11-26
19.543079376220703,2012-11-27
19.75147247314453,2012-11-28
19.809358596801758,2012-11-29
19.572019577026367,2012-11-30
19.624116897583008,2012-12-03
19.635700225830078,2012-12-04
19.583600997924805,2012-12-05
19.46782684326172,2012-12-06
19.438873291015625,2012-12-07
19.479402542114258,2012-12-10
19.46782684326172,2012-12-11
19.51992416381836,2012-12-12
19.566232681274414,2012-12-13
19.51992416381836,2012-12-14
19.948293685913086,2012-12-17
20.42876434326172,2012-12-18
20.399822235107422,2012-12-19
20.532968521118164,2012-12-20
20.45770835876465,2012-12-21
20.278255462646484,2012-12-24
20.116172790527344,2012-12-26
20.127750396728516,2012-12-27
20.040910720825195,2012-12-28
20.451919555664062,2012-12-31
21.146575927734375,2013-01-02
21.407081604003906,2013-01-03
21.25078010559082,2013-01-04
21.603897094726562,2013-01-07
21.615480422973633,2013-01-08
21.48812484741211,2013-01-09
21.476543426513672,2013-01-10
21.453392028808594,2013-01-11
21.383920669555664,2013-01-14
21.326038360595703,2013-01-15
21.18709945678711,2013-01-16
21.557588577270508,2013-01-17
21.655996322631836,2013-01-18
21.875974655151367,2013-01-22
21.75440788269043,2013-01-23
21.55180549621582,2013-01-24
21.563379287719727,2013-01-25
21.7254638671875,2013-01-28
21.80731773376465,2013-01-29
22.0587158203125,2013-01-30
21.900859832763672,2013-01-31
21.91839599609375,2013-02-01
21.386369705200195,2013-02-04
21.85409164428711,2013-02-05
21.789775848388672,2013-02-06
22.082096099853516,2013-02-07
21.98271369934082,2013-02-08
22.011947631835938,2013-02-11
22.064559936523438,2013-02-12
22.099641799926758,2013-02-13
21.96516990661621,2013-02-14
21.935945510864258,2013-02-15
21.877471923828125,2013-02-19
21.707927703857422,2013-02-20
21.474063873291016,2013-02-21
21.631919860839844,2013-02-22
21.11158561706543,2013-02-25
21.17005729675293,2013-02-26
21.66699981689453,2013-02-27
21.672842025756836,2013-02-28
21.78392791748047,2013-03-01
21.947633743286133,2013-03-04
21.900859832763672,2013-03-05
21.6143856048584,2013-03-06
21.78392791748047,2013-03-07
21.848241806030273,2013-03-08
21.819002151489258,2013-03-11
21.789775848388672,2013-03-12
21.590993881225586,2013-03-13
21.602689743041992,2013-03-14
21.28113555908203,2013-03-15
21.187583923339844,2013-03-18
21.36882781982422,2013-03-19
21.6143856048584,2013-03-20
21.74884796142578,2013-03-21
21.994403839111328,2013-03-22
21.98271369934082,2013-03-25
22.210723876953125,2013-03-26
22.432884216308594,2013-03-27
22.614124298095703,2013-03-28
22.865528106689453,2013-04-01
22.707679748535156,2013-04-02
22.12302589416504,2013-04-03
22.134721755981445,2013-04-04
21.935945510864258,2013-04-05
22.286724090576172,2013-04-08
22.590734481811523,2013-04-09
22.76613426208496,2013-04-10
22.666751861572266,2013-04-11
22.672588348388672,2013-04-12
22.187328338623047,2013-04-15
22.432884216308594,2013-04-16
22.099641799926758,2013-04-17
22.1697940826416,2013-04-18
22.725208282470703,2013-04-19
22.801218032836914,2013-04-22
23.111080169677734,2013-04-23
23.37417221069336,2013-04-24
23.084941864013672,2013-04-25
22.89015769958496,2013-04-26
22.960983276367188,2013-04-29
23.07903289794922,2013-04-30
22.74259376525879,2013-05-01
22.854740142822266,2013-05-02
22.931476593017578,2013-05-03
23.061336517333984,2013-05-06
23.173473358154297,2013-05-07
23.267921447753906,2013-05-08
23.291526794433594,2013-05-09
23.285627365112305,2013-05-10
23.309240341186523,2013-05-13
23.598466873168945,2013-05-14
23.728313446044922,2013-05-15
23.563053131103516,2013-05-16
23.893590927124023,2013-05-17
24.230039596557617,2013-05-20
24.25365447998047,2013-05-21
24.194622039794922,2013-05-22
23.875879287719727,2013-05-23
23.95262336730957,2013-05-24
23.858179092407227,2013-05-28
23.36236572265625,2013-05-29
23.020017623901367,2013-05-30
22.417949676513672,2013-05-31
22.642244338989258,2013-06-03
22.388437271118164,2013-06-04
22.317607879638672,2013-06-05
22.984596252441406,2013-06-06
23.338747024536133,2013-06-07
22.949182510375977,2013-06-10
22.541902542114258,2013-06-11
22.21136474609375,2013-06-12
22.406143188476562,2013-06-13
22.67766761779785,2013-06-14
22.77800941467285,2013-06-17
22.766206741333008,2013-06-18
22.465177536010742,2013-06-19
21.42631721496582,2013-06-20
21.41451644897461,2013-06-21
21.579790115356445,2013-06-24
21.933935165405273,2013-06-25
22.175945281982422,2013-06-26
22.58913230895996,2013-06-27
22.518299102783203,2013-06-28
22.80161476135254,2013-07-01
22.595027923583984,2013-07-02
22.67766761779785,2013-07-03
22.689468383789062,2013-07-05
23.002302169799805,2013-07-08
23.326946258544922,2013-07-09
23.208900451660156,2013-07-10
23.58075523376465,2013-07-11
23.651588439941406,2013-07-12
23.793251037597656,2013-07-15
23.46270179748535,2013-07-16
23.36236572265625,2013-07-17
23.326946258544922,2013-07-18
23.344650268554688,2013-07-19
23.32105255126953,2013-07-22
23.197092056274414,2013-07-23
22.87835121154785,2013-07-24
22.94327735900879,2013-07-25
22.848838806152344,2013-07-26
22.78322982788086,2013-07-29
22.616233825683594,2013-07-30
22.52080726623535,2013-07-31
22.610273361206055,2013-08-01
22.4552059173584,2013-08-02
22.4552059173584,2013-08-05
22.765344619750977,2013-08-06
22.59833335876465,2013-08-07
22.514850616455078,2013-08-08
22.425382614135742,2013-08-09
22.30609130859375,2013-08-12
22.15102195739746,2013-08-13
22.258380889892578,2013-08-14
22.43134307861328,2013-08-15
22.329954147338867,2013-08-16
21.84684944152832,2013-08-19
22.0317440032959,2013-08-20
22.025775909423828,2013-08-21
22.139102935791016,2013-08-22
22.204713821411133,2013-08-23
22.067527770996094,2013-08-26
22.139102935791016,2013-08-27
22.133136749267578,2013-08-28
22.56852149963379,2013-08-29
22.6221981048584,2013-08-30
22.407489776611328,2013-09-03
21.05361557006836,2013-09-04
21.172897338867188,2013-09-05
21.005901336669922,2013-09-06
21.667930603027344,2013-09-09
22.09735679626465,2013-09-10
21.47707176208496,2013-09-11
21.238502502441406,2013-09-12
20.92240333557129,2013-09-13
20.707693099975586,2013-09-16
20.707693099975586,2013-09-17
21.626178741455078,2013-09-18
21.93631362915039,2013-09-19
21.596364974975586,2013-09-20
21.49496841430664,2013-09-23
21.584428787231445,2013-09-24
21.453214645385742,2013-09-25
21.459184646606445,2013-09-26
21.375680923461914,2013-09-27
21.214645385742188,2013-09-30
21.530752182006836,2013-10-01
21.381643295288086,2013-10-02
21.095367431640625,2013-10-03
21.113252639770508,2013-10-04
20.886615753173828,2013-10-07
20.630155563354492,2013-10-08
20.74944496154785,2013-10-09
21.041688919067383,2013-10-10
21.16693878173828,2013-10-11
21.029756546020508,2013-10-14
20.904510498046875,2013-10-15
21.244470596313477,2013-10-16
21.005901336669922,2013-10-17
21.071510314941406,2013-10-18
21.125186920166016,2013-10-21
21.596364974975586,2013-10-22
21.441280364990234,2013-10-23
21.70968246459961,2013-10-24
21.76335334777832,2013-10-25
21.530752182006836,2013-10-28
21.58504867553711,2013-10-29
21.452329635620117,2013-10-30
21.301509857177734,2013-10-31
21.301509857177734,2013-11-01
21.25324249267578,2013-11-04
21.18085289001465,2013-11-05
21.21101951599121,2013-11-06
20.981779098510742,2013-11-07
21.114490509033203,2013-11-08
20.933515548706055,2013-11-11
20.873186111450195,2013-11-12
20.830957412719727,2013-11-13
21.126562118530273,2013-11-14
21.325639724731445,2013-11-15
21.488523483276367,2013-11-18
21.27737808227539,2013-11-19
21.283411026000977,2013-11-20
21.283411026000977,2013-11-21
21.428192138671875,2013-11-22
21.669504165649414,2013-11-25
21.633304595947266,2013-11-26
21.621244430541992,2013-11-27
21.440265655517578,2013-11-29
21.23514747619629,2013-12-02
21.138622283935547,2013-12-03
20.167360305786133,2013-12-04
19.895891189575195,2013-12-05
20.215620040893555,2013-12-06
20.119096755981445,2013-12-09
19.841594696044922,2013-12-10
19.654586791992188,2013-12-11
19.83555793762207,2013-12-12
19.805395126342773,2013-12-13
19.726970672607422,2013-12-16
20.167360305786133,2013-12-17
20.710298538208008,2013-12-18
20.969709396362305,2013-12-19
21.24721908569336,2013-12-20
21.41010093688965,2013-12-23
21.42215919494629,2013-12-24
21.542816162109375,2013-12-26
21.66347312927246,2013-12-27
21.844449996948242,2013-12-30
21.71776008605957,2013-12-31
21.66347312927246,2014-01-02
21.699668884277344,2014-01-03
21.68759536743164,2014-01-06
21.832382202148438,2014-01-07
21.71776008605957,2014-01-08
21.66347312927246,2014-01-09
21.657440185546875,2014-01-10
21.392000198364258,2014-01-13
21.416128158569336,2014-01-14
21.41010093688965,2014-01-15
21.446287155151367,2014-01-16
21.458356857299805,2014-01-17
21.56092071533203,2014-01-21
21.953041076660156,2014-01-22
21.741899490356445,2014-01-23
21.39803695678711,2014-01-24
21.512651443481445,2014-01-27
21.65140724182129,2014-01-28
20.80927848815918,2014-01-29
20.943519592285156,2014-01-30
20.754348754882812,2014-01-31
20.33327865600586,2014-02-03
20.54076385498047,2014-02-04
20.28446388244629,2014-02-05
20.5224552154541,2014-02-06
20.74214744567871,2014-02-07
20.620094299316406,2014-02-10
20.71162223815918,2014-02-11
20.64451026916504,2014-02-12
20.54076385498047,2014-02-13
20.613998413085938,2014-02-14
20.571279525756836,2014-02-18
20.229541778564453,2014-02-19
20.278356552124023,2014-02-20
20.156309127807617,2014-02-21
19.58878517150879,2014-02-24
20.070871353149414,2014-02-25
19.631500244140625,2014-02-26
19.448427200317383,2014-02-27
19.43622589111328,2014-02-28
19.308073043823242,2014-03-03
19.55826759338379,2014-03-04
19.64980697631836,2014-03-05
19.704736709594727,2014-03-06
19.52776336669922,2014-03-07
19.40570640563965,2014-03-10
19.27756118774414,2014-03-11
19.0944881439209,2014-03-12
18.893108367919922,2014-03-13
19.344688415527344,2014-03-14
19.33248519897461,2014-03-17
19.25925636291504,2014-03-18
18.95412826538086,2014-03-19
19.21043586730957,2014-03-20
19.009052276611328,2014-03-21
19.15550994873047,2014-03-24
19.28976821899414,2014-03-25
19.43012046813965,2014-03-26
19.710838317871094,2014-03-27
19.613195419311523,2014-03-28
19.826780319213867,2014-03-31
20.064777374267578,2014-04-01
20.022058486938477,2014-04-02
20.11359214782715,2014-04-03
20.150211334228516,2014-04-04
19.674224853515625,2014-04-07
20.16851234436035,2014-04-08
20.08918571472168,2014-04-09
19.942724227905273,2014-04-10
19.704736709594727,2014-04-11
19.796266555786133,2014-04-14
20.076982498168945,2014-04-15
20.327178955078125,2014-04-16
20.60788917541504,2014-04-17
20.382097244262695,2014-04-21
20.412614822387695,2014-04-22
20.510250091552734,2014-04-23
20.552968978881836,2014-04-24
20.138004302978516,2014-04-25
20.014379501342773,2014-04-28
20.409969329833984,2014-04-29
20.18745231628418,2014-04-30
20.150365829467773,2014-05-01
20.224538803100586,2014-05-02
20.23690414428711,2014-05-05
20.119462966918945,2014-05-06
20.261627197265625,2014-05-07
20.100915908813477,2014-05-08
19.872217178344727,2014-05-09
20.014379501342773,2014-05-12
20.051467895507812,2014-05-13
20.502687454223633,2014-05-14
20.675764083862305,2014-05-15
20.675764083862305,2014-05-16
20.59540557861328,2014-05-19
20.552133560180664,2014-05-20
20.66957664489746,2014-05-21
20.87355613708496,2014-05-22
20.817922592163086,2014-05-23
20.768468856811523,2014-05-27
20.76229476928711,2014-05-28
20.768468856811523,2014-05-29
20.638671875,2014-05-30
20.8426513671875,2014-06-02
20.904460906982422,2014-06-03
21.046621322631836,2014-06-04
21.398942947387695,2014-06-05
21.68328094482422,2014-06-06
21.670917510986328,2014-06-09
21.677099227905273,2014-06-10
21.572021484375,2014-06-11
21.578201293945312,2014-06-12
21.75127410888672,2014-06-13
21.86871337890625,2014-06-16
21.615285873413086,2014-06-17
21.677099227905273,2014-06-18
21.88107681274414,2014-06-19
22.270484924316406,2014-06-20
22.258115768432617,2014-06-23
22.319927215576172,2014-06-24
22.233394622802734,2014-06-25
22.251937866210938,2014-06-26
22.27666664123535,2014-06-27
22.412647247314453,2014-06-30
22.282846450805664,2014-07-01
22.0974063873291,2014-07-02
22.035600662231445,2014-07-03
22.01087760925293,2014-07-07
21.9614315032959,2014-07-08
22.122135162353516,2014-07-09
22.05413818359375,2014-07-10
22.023235321044922,2014-07-11
22.233394622802734,2014-07-14
22.357013702392578,2014-07-15
22.814420700073242,2014-07-16
22.75260353088379,2014-07-17
23.210006713867188,2014-07-18
23.247087478637695,2014-07-21
23.27182388305664,2014-07-22
23.30272674560547,2014-07-23
23.41398048400879,2014-07-24
23.426349639892578,2014-07-25
23.35835075378418,2014-07-28
23.239561080932617,2014-07-29
23.320837020874023,2014-07-30
22.495542526245117,2014-07-31
22.189193725585938,2014-08-01
22.66436004638672,2014-08-04
22.220449447631836,2014-08-05
22.232954025268555,2014-08-06
22.114158630371094,2014-08-07
22.583066940307617,2014-08-08
24.615053176879883,2014-08-11
24.214902877807617,2014-08-12
24.23992347717285,2014-08-13
24.933914184570312,2014-08-14
25.90300941467285,2014-08-15
25.721698760986328,2014-08-18
25.89675521850586,2014-08-19
26.00931167602539,2014-08-20
25.79047203063965,2014-08-21
25.515378952026367,2014-08-22
25.34031105041504,2014-08-25
25.04646110534668,2014-08-26
24.965179443359375,2014-08-27
24.865142822265625,2014-08-28
25.17150115966797,2014-08-29
24.92141342163086,2014-09-02
24.74009895324707,2014-09-03
24.414981842041016,2014-09-04
24.57754135131836,2014-09-05
24.1711483001709,2014-09-08
23.946060180664062,2014-09-09
24.0023250579834,2014-09-10
23.977323532104492,2014-09-11
23.60844612121582,2014-09-12
23.577184677124023,2014-09-15
23.9148006439209,2014-09-16
23.839778900146484,2014-09-17
23.75849151611328,2014-09-18
23.739736557006836,2014-09-19
23.445886611938477,2014-09-22
23.889795303344727,2014-09-23
24.05860137939453,2014-09-24
23.583431243896484,2014-09-25
24.0023250579834,2014-09-26
24.089866638183594,2014-09-29
23.97107696533203,2014-09-30
23.883543014526367,2014-10-01
24.627559661865234,2014-10-02
24.296188354492188,2014-10-03
24.208656311035156,2014-10-06
23.9148006439209,2014-10-07
23.921056747436523,2014-10-08
22.945701599121094,2014-10-09
22.801904678344727,2014-10-10
22.195430755615234,2014-10-13
21.570215225219727,2014-10-14
22.064138412475586,2014-10-15
23.020734786987305,2014-10-16
23.01447868347168,2014-10-17
23.489648818969727,2014-10-20
23.952312469482422,2014-10-21
23.70847511291504,2014-10-22
24.183645248413086,2014-10-23
24.402477264404297,2014-10-24
24.339948654174805,2014-10-27
24.490009307861328,2014-10-28
24.237079620361328,2014-10-29
24.36986541748047,2014-10-30
24.471036911010742,2014-10-31
24.344573974609375,2014-11-03
23.68695640563965,2014-11-04
24.09164047241211,2014-11-05
24.363542556762695,2014-11-06
24.502653121948242,2014-11-07
24.344573974609375,2014-11-10
24.36986541748047,2014-11-11
24.363542556762695,2014-11-12
24.268693923950195,2014-11-13
24.89469337463379,2014-11-14
25.45114517211914,2014-11-17
25.552316665649414,2014-11-18
25.887454986572266,2014-11-19
25.242473602294922,2014-11-20
25.13497543334961,2014-11-21
25.792600631713867,2014-11-24
25.767303466796875,2014-11-25
26.76006317138672,2014-11-26
26.14670181274414,2014-11-28
25.887454986572266,2014-12-01
26.317432403564453,2014-12-02
26.450214385986328,2014-12-03
26.216251373291016,2014-12-04
26.001272201538086,2014-12-05
25.19188690185547,2014-12-08
25.704078674316406,2014-12-09
24.938962936401367,2014-12-10
25.21718406677246,2014-12-11
24.768232345581055,2014-12-12
24.205461502075195,2014-12-15
24.072669982910156,2014-12-16
25.223501205444336,2014-12-17
25.647167205810547,2014-12-18
26.323749542236328,2014-12-19
26.273170471191406,2014-12-22
26.500804901123047,2014-12-23
26.564035415649414,2014-12-24
27.000349044799805,2014-12-26
27.196365356445312,2014-12-29
26.873882293701172,2014-12-30
26.753746032714844,2014-12-31
27.069910049438477,2015-01-02
26.336402893066406,2015-01-05
25.817893981933594,2015-01-06
26.15934944152832,2015-01-07
26.772703170776367,2015-01-08
26.43757438659668,2015-01-09
26.311111450195312,2015-01-12
25.8558292388916,2015-01-13
26.06450080871582,2015-01-14
25.779956817626953,2015-01-15
26.260522842407227,2015-01-16
26.443889617919922,2015-01-20
26.557714462280273,2015-01-21
26.608308792114258,2015-01-22
26.728439331054688,2015-01-23
26.728439331054688,2015-01-26
26.829612731933594,2015-01-27
26.15302848815918,2015-01-28
26.025169372558594,2015-01-29
26.24252700805664,2015-01-30
26.606918334960938,2015-02-02
26.51741600036621,2015-02-03
26.08270835876465,2015-02-04
26.523807525634766,2015-02-05
26.472673416137695,2015-02-06
26.33841323852539,2015-02-09
26.562166213989258,2015-02-10
26.34480857849121,2015-02-11
26.696413040161133,2015-02-12
26.830669403076172,2015-02-13
26.913755416870117,2015-02-17
26.964916229248047,2015-02-18
26.856231689453125,2015-02-19
26.76673698425293,2015-02-20
26.869014739990234,2015-02-23
26.958515167236328,2015-02-24
26.920164108276367,2015-02-25
26.35120391845703,2015-02-26
26.216957092285156,2015-02-27
26.101886749267578,2015-03-02
26.26810073852539,2015-03-03
26.23613166809082,2015-03-04
26.108278274536133,2015-03-05
25.833383560180664,2015-03-06
25.62881088256836,2015-03-09
25.62881088256836,2015-03-10
25.449817657470703,2015-03-11
25.424245834350586,2015-03-12
25.52013397216797,2015-03-13
25.96763801574707,2015-03-16
26.101886749267578,2015-03-17
26.568559646606445,2015-03-18
26.54938507080078,2015-03-19
26.926565170288086,2015-03-20
26.94574737548828,2015-03-23
26.35120391845703,2015-03-24
26.29366683959961,2015-03-25
26.389558792114258,2015-03-26
26.383169174194336,2015-03-27
26.89458656311035,2015-03-30
26.888200759887695,2015-03-31
26.79869842529297,2015-04-01
26.67084312438965,2015-04-02
26.830669403076172,2015-04-06
26.843446731567383,2015-04-07
26.881803512573242,2015-04-08
27.06719207763672,2015-04-09
27.44437026977539,2015-04-10
27.476341247558594,2015-04-13
27.495521545410156,2015-04-14
27.764007568359375,2015-04-15
27.923830032348633,2015-04-16
28.06447982788086,2015-04-17
27.94301986694336,2015-04-20
27.879079818725586,2015-04-21
28.17315673828125,2015-04-22
28.49279022216797,2015-04-23
28.34576416015625,2015-04-24
28.1987247467041,2015-04-27
27.920812606811523,2015-04-28
27.8367919921875,2015-04-29
27.759233474731445,2015-04-30
27.875572204589844,2015-05-01
27.68168067932129,2015-05-04
27.56534194946289,2015-05-05
27.578264236450195,2015-05-06
27.571800231933594,2015-05-07
27.810941696166992,2015-05-08
27.558876037597656,2015-05-11
27.597652435302734,2015-05-12
27.2486515045166,2015-05-13
27.235721588134766,2015-05-14
27.545955657958984,2015-05-15
27.68168067932129,2015-05-18
27.701068878173828,2015-05-19
27.52655792236328,2015-05-20
27.571800231933594,2015-05-21
27.591190338134766,2015-05-22
27.20340347290039,2015-05-26
27.138771057128906,2015-05-27
26.899641036987305,2015-05-28
26.81561279296875,2015-05-29
26.686349868774414,2015-06-01
26.686349868774414,2015-06-02
26.414905548095703,2015-06-03
25.917234420776367,2015-06-04
26.111129760742188,2015-06-05
25.981863021850586,2015-06-08
26.007726669311523,2015-06-09
26.00126075744629,2015-06-10
25.710418701171875,2015-06-11
25.154579162597656,2015-06-12
25.438961029052734,2015-06-15
25.522981643676758,2015-06-16
25.54237174987793,2015-06-17
25.90430450439453,2015-06-18
25.555294036865234,2015-06-19
25.62639617919922,2015-06-22
25.484209060668945,2015-06-23
25.497127532958984,2015-06-24
25.193357467651367,2015-06-25
25.180437088012695,2015-06-26
24.79264259338379,2015-06-29
24.812030792236328,2015-06-30
24.547048568725586,2015-07-01
24.579364776611328,2015-07-02
24.23682403564453,2015-07-06
24.39194107055664,2015-07-07
24.10755729675293,2015-07-08
24.23682403564453,2015-07-09
24.61814308166504,2015-07-10
24.68277359008789,2015-07-13
24.57290267944336,2015-07-14
24.288524627685547,2015-07-15
24.17219352722168,2015-07-16
23.84256935119629,2015-07-17
23.46123504638672,2015-07-20
23.163928985595703,2015-07-21
22.853702545166016,2015-07-22
22.588714599609375,2015-07-23
22.524080276489258,2015-07-24
22.763221740722656,2015-07-27
22.98942756652832,2015-07-28
23.09427833557129,2015-07-29
22.9566593170166,2015-07-30
22.701074600219727,2015-07-31
22.11781883239746,2015-08-03
22.0588436126709,2015-08-04
21.128257751464844,2015-08-05
21.423152923583984,2015-08-06
21.062715530395508,2015-08-07
21.298643112182617,2015-08-10
21.554224014282227,2015-08-11
22.1833553314209,2015-08-12
21.718067169189453,2015-08-13
22.25544548034668,2015-08-14
22.517580032348633,2015-08-17
22.242334365844727,2015-08-18
22.006412506103516,2015-08-19
21.423152923583984,2015-08-20
20.83334732055664,2015-08-21
19.843782424926758,2015-08-24
19.61441421508789,2015-08-25
20.178007125854492,2015-08-26
20.97097396850586,2015-08-27
21.383840560913086,2015-08-28
21.239667892456055,2015-08-31
20.571212768554688,2015-09-01
20.51878547668457,2015-09-02
20.36805534362793,2015-09-03
20.164901733398438,2015-09-04
20.374610900878906,2015-09-08
20.079708099365234,2015-09-09
19.987957000732422,2015-09-10
19.725820541381836,2015-09-11
19.568538665771484,2015-09-14
19.784801483154297,2015-09-15
20.112472534179688,2015-09-16
20.204225540161133,2015-09-17
19.90931510925293,2015-09-18
20.0993709564209,2015-09-21
19.732378005981445,2015-09-22
19.044265747070312,2015-09-23
19.227764129638672,2015-09-24
19.280183792114258,2015-09-25
18.0546932220459,2015-09-28
17.143770217895508,2015-09-29
18.139888763427734,2015-09-30
18.434795379638672,2015-10-01
19.417810440063477,2015-10-02
20.282859802246094,2015-10-05
20.826801300048828,2015-10-06
21.062715530395508,2015-10-07
21.41659927368164,2015-10-08
21.20034408569336,2015-10-09
21.161020278930664,2015-10-12
20.630191802978516,2015-10-13
20.794029235839844,2015-10-14
21.1217041015625,2015-10-15
21.108592987060547,2015-10-16
20.787473678588867,2015-10-19
20.925098419189453,2015-10-20
20.59088134765625,2015-10-21
19.496450424194336,2015-10-22
19.155672073364258,2015-10-23
18.061246871948242,2015-10-26
17.877756118774414,2015-10-27
18.179208755493164,2015-10-28
18.159181594848633,2015-10-29
18.259328842163086,2015-10-30
17.7719669342041,2015-11-02
18.366140365600586,2015-11-03
17.898815155029297,2015-11-04
17.29796028137207,2015-11-05
17.39809799194336,2015-11-06
17.064289093017578,2015-11-09
16.99085807800293,2015-11-10
16.289854049682617,2015-11-11
15.662290573120117,2015-11-12
15.588859558105469,2015-11-13
16.04283905029297,2015-11-16
15.59553337097168,2015-11-17
16.22309112548828,2015-11-18
15.795814514160156,2015-11-19
15.615562438964844,2015-11-20
15.802494049072266,2015-11-23
16.29653549194336,2015-11-24
16.089570999145508,2015-11-25
15.936017990112305,2015-11-27
15.735734939575195,2015-11-30
14.967973709106445,2015-12-01
13.792967796325684,2015-12-02
12.85830307006836,2015-12-03
11.229315757751465,2015-12-04
10.962271690368652,2015-12-07
10.494937896728516,2015-12-08
11.222644805908203,2015-12-09
11.35616683959961,2015-12-10
11.122499465942383,2015-12-11
10.681872367858887,2015-12-14
10.575054168701172,2015-12-15
10.641814231872559,2015-12-16
10.261273384094238,2015-12-17
10.107719421386719,2015-12-18
10.107719421386719,2015-12-21
10.227892875671387,2015-12-22
10.955596923828125,2015-12-23
10.73527717590332,2015-12-24
10.187837600708008,2015-12-28
10.081018447875977,2015-12-29
9.7071533203125,2015-12-30
9.960845947265625,2015-12-31
10.194511413574219,2016-01-04
10.401473045349121,2016-01-05
9.860702514648438,2016-01-06
9.513542175292969,2016-01-07
9.860702514648438,2016-01-08
9.45345687866211,2016-01-11
9.079590797424316,2016-01-12
8.64564037322998,2016-01-13
9.33328628540039,2016-01-14
8.679021835327148,2016-01-15
8.378593444824219,2016-01-19
8.018080711364746,2016-01-20
9.266523361206055,2016-01-21
10.241244316101074,2016-01-22
9.47348690032959,2016-01-25
9.994226455688477,2016-01-26
9.493514060974121,2016-01-27
10.298393249511719,2016-01-28
11.079693794250488,2016-01-29
10.231039047241211,2016-02-01
9.867325782775879,2016-02-02
10.513923645019531,2016-02-03
10.547601699829102,2016-02-04
10.547601699829102,2016-02-05
10.04918384552002,2016-02-08
9.840385437011719,2016-02-09
9.833648681640625,2016-02-10
9.402585983276367,2016-02-11
10.076125144958496,2016-02-12
10.520657539367676,2016-02-16
11.571377754211426,2016-02-17
12.04958724975586,2016-02-18
11.699350357055664,2016-02-19
12.05632495880127,2016-02-22
11.733023643493652,2016-02-23
11.928352355957031,2016-02-24
11.955293655395508,2016-02-25
11.962032318115234,2016-02-26
12.184296607971191,2016-02-29
12.197768211364746,2016-03-01
12.541274070739746,2016-03-02
12.729860305786133,2016-03-03
12.473918914794922,2016-03-04
12.655771255493164,2016-03-07
11.988970756530762,2016-03-08
12.11694049835205,2016-03-09
11.928352355957031,2016-03-10
12.541274070739746,2016-03-11
12.622095108032227,2016-03-14
12.17082691192627,2016-03-15
12.723124504089355,2016-03-16
12.689451217651367,2016-03-17
12.615362167358398,2016-03-18
12.366154670715332,2016-03-21
12.460448265075684,2016-03-22
11.955293655395508,2016-03-23
12.184296607971191,2016-03-24
11.995706558227539,2016-03-28
11.887939453125,2016-03-29
12.029382705688477,2016-03-30
12.029382705688477,2016-03-31
11.65893840789795,2016-04-01
11.57811450958252,2016-04-04
11.456875801086426,2016-04-05
11.854262351989746,2016-04-06
11.807116508483887,2016-04-07
12.083267211914062,2016-04-08
11.9822359085083,2016-04-11
12.635565757751465,2016-04-12
12.500861167907715,2016-04-13
12.460448265075684,2016-04-14
12.231446266174316,2016-04-15
12.460448265075684,2016-04-18
12.904979705810547,2016-04-19
12.797218322753906,2016-04-20
12.231446266174316,2016-04-21
12.204503059387207,2016-04-22
11.78017807006836,2016-04-25
12.05632495880127,2016-04-26
12.319005012512207,2016-04-27
11.976527214050293,2016-04-28
12.044346809387207,2016-04-29
11.92905330657959,2016-05-02
11.7052583694458,2016-05-03
11.630661964416504,2016-05-04
11.62387752532959,2016-05-05
11.427207946777344,2016-05-06
11.535715103149414,2016-05-09
11.651002883911133,2016-05-10
11.569624900817871,2016-05-11
11.549280166625977,2016-05-12
11.617095947265625,2016-05-13
11.678133010864258,2016-05-16
11.983308792114258,2016-05-17
11.556059837341309,2016-05-18
11.7052583694458,2016-05-19
12.037562370300293,2016-05-20
11.820545196533203,2016-05-23
11.745948791503906,2016-05-24
12.098597526550293,2016-05-25
12.152851104736328,2016-05-26
12.105379104614258,2016-05-27
12.261358261108398,2016-05-31
12.179976463317871,2016-06-01
12.179976463317871,2016-06-02
12.200322151184082,2016-06-03
12.593664169311523,2016-06-06
12.519065856933594,2016-06-07
12.288487434387207,2016-06-08
12.261358261108398,2016-06-09
11.874800682067871,2016-06-10
11.786639213562012,2016-06-13
11.861242294311523,2016-06-14
11.969745635986328,2016-06-15
11.935836791992188,2016-06-16
12.234233856201172,2016-06-17
12.274925231933594,2016-06-20
12.742860794067383,2016-06-21
12.55297565460205,2016-06-22
12.817458152770996,2016-06-23
12.200322151184082,2016-06-24
11.800201416015625,2016-06-27
12.0104341506958,2016-06-28
12.56653881072998,2016-06-29
12.695389747619629,2016-06-30
12.681827545166016,2016-07-01
12.403776168823242,2016-07-05
12.403776168823242,2016-07-06
12.478373527526855,2016-07-07
12.573319435119629,2016-07-08
13.034476280212402,2016-07-11
13.43459701538086,2016-07-12
13.705864906311035,2016-07-13
14.173805236816406,2016-07-14
14.261968612670898,2016-07-15
14.757035255432129,2016-07-18
14.879108428955078,2016-07-19
14.980826377868652,2016-07-20
14.20771598815918,2016-07-21
14.39082145690918,2016-07-22
14.146682739257812,2016-07-25
14.058512687683105,2016-07-26
13.732994079589844,2016-07-27
13.797821044921875,2016-07-28
13.872883796691895,2016-07-29
13.347445487976074,2016-08-01
13.504392623901367,2016-08-02
13.736410140991211,2016-08-03
13.729584693908691,2016-08-04
13.893351554870605,2016-08-05
14.179953575134277,2016-08-08
13.954768180847168,2016-08-09
13.961592674255371,2016-08-10
14.248190879821777,2016-08-11
14.377849578857422,2016-08-12
14.5347900390625,2016-08-15
14.862342834472656,2016-08-16
14.84187126159668,2016-08-17
15.496959686279297,2016-08-18
15.203536033630371,2016-08-19
14.95787525177002,2016-08-22
15.073880195617676,2016-08-23
14.88280963897705,2016-08-24
14.678098678588867,2016-08-25
14.650802612304688,2016-08-26
14.855517387390137,2016-08-29
14.9510498046875,2016-08-30
14.910104751586914,2016-08-31
14.746333122253418,2016-09-01
14.95787525177002,2016-09-02
15.285417556762695,2016-09-06
15.490135192871094,2016-09-07
15.483312606811523,2016-09-08
15.09434986114502,2016-09-09
15.285417556762695,2016-09-12
14.916935920715332,2016-09-13
14.705391883850098,2016-09-14
14.712215423583984,2016-09-15
14.650802612304688,2016-09-16
14.94422721862793,2016-09-19
14.93057918548584,2016-09-20
15.107996940612793,2016-09-21
15.087526321411133,2016-09-22
14.971524238586426,2016-09-23
14.862342834472656,2016-09-26
14.896456718444824,2016-09-27
15.517427444458008,2016-09-28
15.531078338623047,2016-09-29
15.783559799194336,2016-09-30
15.701672554016113,2016-10-03
15.189887046813965,2016-10-04
15.271769523620605,2016-10-05
15.073880195617676,2016-10-06
14.794102668762207,2016-10-07
14.616686820983887,2016-10-10
14.207254409790039,2016-10-11
14.159485816955566,2016-10-12
14.023011207580566,2016-10-13
13.893351554870605,2016-10-14
13.777351379394531,2016-10-17
13.770524978637695,2016-10-18
14.132185935974121,2016-10-19
14.459733963012695,2016-10-20
14.405143737792969,2016-10-21
14.753161430358887,2016-10-24
14.548444747924805,2016-10-25
14.664454460144043,2016-10-26
14.309609413146973,2016-10-27
14.024720191955566,2016-10-28
14.024720191955566,2016-10-31
13.866836547851562,2016-11-01
13.530458450317383,2016-11-02
13.681483268737793,2016-11-03
13.640295028686523,2016-11-04
13.846237182617188,2016-11-07
14.010993957519531,2016-11-08
14.635686874389648,2016-11-09
14.77984619140625,2016-11-10
14.17574405670166,2016-11-11
14.395419120788574,2016-11-14
14.985785484313965,2016-11-15
14.615092277526855,2016-11-16
14.676875114440918,2016-11-17
14.875950813293457,2016-11-18
15.123086929321289,2016-11-21
15.026975631713867,2016-11-22
14.965193748474121,2016-11-23
14.97205638885498,2016-11-25
14.711197853088379,2016-11-28
14.690604209899902,2016-11-29
15.23978328704834,2016-11-30
14.75239086151123,2016-12-01
14.66314697265625,2016-12-02
14.731791496276855,2016-12-05
14.49838924407959,2016-12-06
14.615092277526855,2016-12-07
14.553311347961426,2016-12-08
14.477795600891113,2016-12-09
14.608227729797363,2016-12-12
14.649412155151367,2016-12-13
14.292449951171875,2016-12-14
14.429742813110352,2016-12-15
14.649412155151367,2016-12-16
14.422881126403809,2016-12-19
14.2581205368042,2016-12-20
14.532713890075684,2016-12-21
14.409149169921875,2016-12-22
14.505256652832031,2016-12-23
14.512124061584473,2016-12-27
14.230660438537598,2016-12-28
14.251258850097656,2016-12-29
14.216931343078613,2016-12-30
14.834760665893555,2017-01-03
14.91027545928955,2017-01-04
14.889686584472656,2017-01-05
14.97205638885498,2017-01-06
14.855359077453613,2017-01-09
14.807305335998535,2017-01-10
15.061304092407227,2017-01-11
15.23292350769043,2017-01-12
15.39080810546875,2017-01-13
15.480049133300781,2017-01-17
15.404540061950684,2017-01-18
15.425131797790527,2017-01-19
15.438860893249512,2017-01-20
15.198594093322754,2017-01-23
15.528109550476074,2017-01-24
15.514378547668457,2017-01-25
15.39080810546875,2017-01-26
15.363348960876465,2017-01-27
15.173513412475586,2017-01-30
15.422032356262207,2017-01-31
15.346091270446777,2017-02-01
15.636032104492188,2017-02-02
15.836227416992188,2017-02-03
15.532479286193848,2017-02-06
15.270155906677246,2017-02-07
15.470354080200195,2017-02-08
15.449639320373535,2017-02-09
15.518678665161133,2017-02-10
15.566997528076172,2017-02-13
15.56009578704834,2017-02-14
15.373710632324219,2017-02-15
15.042348861694336,2017-02-16
15.028542518615723,2017-02-17
15.180415153503418,2017-02-21
14.849052429199219,2017-02-22
14.869765281677246,2017-02-23
14.662667274475098,2017-02-24
14.773114204406738,2017-02-27
14.710984230041504,2017-02-28
15.028542518615723,2017-03-01
15.083765983581543,2017-03-02
15.01473331451416,2017-03-03
15.021637916564941,2017-03-06
14.931893348693848,2017-03-07
14.69718074798584,2017-03-08
14.683375358581543,2017-03-09
14.84214973449707,2017-03-10
14.849052429199219,2017-03-13
14.52459716796875,2017-03-14
14.952605247497559,2017-03-15
14.883567810058594,2017-03-16
14.690279006958008,2017-03-17
14.628148078918457,2017-03-20
14.45556640625,2017-03-21
14.483180046081543,2017-03-22
14.600532531738281,2017-03-23
14.600532531738281,2017-03-24
14.517692565917969,2017-03-27
14.78692626953125,2017-03-28
14.780014991760254,2017-03-29
14.793827056884766,2017-03-30
15.007833480834961,2017-03-31
14.904284477233887,2017-04-03
14.938797950744629,2017-04-04
14.821438789367676,2017-04-05
15.01473331451416,2017-04-06
14.883567810058594,2017-04-07
15.01473331451416,2017-04-10
14.918087005615234,2017-04-11
14.952605247497559,2017-04-12
14.766212463378906,2017-04-13
14.752406120300293,2017-04-17
14.607436180114746,2017-04-18
14.483180046081543,2017-04-19
14.303693771362305,2017-04-20
13.99303913116455,2017-04-21
14.241559028625488,2017-04-24
14.427949905395508,2017-04-25
14.441757202148438,2017-04-26
14.32022476196289,2017-04-27
14.327167510986328,2017-04-28
14.264665603637695,2017-05-01
14.20215892791748,2017-05-02
14.084096908569336,2017-05-03
13.722967147827148,2017-05-04
14.021596908569336,2017-05-05
13.993815422058105,2017-05-08
13.820197105407715,2017-05-09
14.021596908569336,2017-05-10
13.96603775024414,2017-05-11
13.827136993408203,2017-05-12
13.820197105407715,2017-05-15
13.750743865966797,2017-05-16
13.542405128479004,2017-05-17
13.507678985595703,2017-05-18
13.556292533874512,2017-05-19
13.549346923828125,2017-05-22
13.556292533874512,2017-05-23
13.45212173461914,2017-05-24
13.48684310913086,2017-05-25
13.368779182434082,2017-05-26
12.792366027832031,2017-05-30
13.028484344482422,2017-05-31
13.188216209411621,2017-06-01
13.160439491271973,2017-06-02
13.167384147644043,2017-06-05
13.056265830993652,2017-06-06
12.972929954528809,2017-06-07
13.028484344482422,2017-06-08
13.25072193145752,2017-06-09
13.285442352294922,2017-06-12
13.354893684387207,2017-06-13
13.167384147644043,2017-06-14
13.063209533691406,2017-06-15
13.327115058898926,2017-06-16
13.23682975769043,2017-06-19
12.861810684204102,2017-06-20
12.854867935180664,2017-06-21
12.903482437133789,2017-06-22
13.04931926727295,2017-06-23
13.111824035644531,2017-06-26
13.13265609741211,2017-06-27
13.209051132202148,2017-06-28
13.222940444946289,2017-06-29
13.306278228759766,2017-06-30
13.556292533874512,2017-07-03
13.410451889038086,2017-07-05
13.285442352294922,2017-07-06
13.313222885131836,2017-07-07
13.25072193145752,2017-07-10
13.347947120666504,2017-07-11
13.479900360107422,2017-07-12
13.424341201782227,2017-07-13
13.570181846618652,2017-07-14
13.577127456665039,2017-07-17
13.542405128479004,2017-07-18
13.660467147827148,2017-07-19
14.278553009033203,2017-07-20
14.368840217590332,2017-07-21
14.118823051452637,2017-07-24
14.063263893127441,2017-07-25
14.125770568847656,2017-07-26
14.303956985473633,2017-07-27
14.255044937133789,2017-07-28
14.27600383758545,2017-07-31
14.220104217529297,2017-08-01
14.206128120422363,2017-08-02
14.136250495910645,2017-08-03
14.115291595458984,2017-08-04
14.080348014831543,2017-08-07
13.800841331481934,2017-08-08
13.800841331481934,2017-08-09
13.549275398254395,2017-08-10
13.325668334960938,2017-08-11
13.29771900177002,2017-08-14
13.171937942504883,2017-08-15
13.074108123779297,2017-08-16
12.857486724853516,2017-08-17
12.96230411529541,2017-08-18
12.96230411529541,2017-08-21
13.130009651184082,2017-08-22
13.283742904663086,2017-08-23
13.31169319152832,2017-08-24
13.39554500579834,2017-08-25
13.283742904663086,2017-08-28
13.290729522705078,2017-08-29
13.325668334960938,2017-08-30
13.507349014282227,2017-08-31
13.528313636779785,2017-09-01
13.52132511138916,2017-09-05
13.507349014282227,2017-09-06
13.37458324432373,2017-09-07
13.37458324432373,2017-09-08
13.584216117858887,2017-09-11
13.528313636779785,2017-09-12
13.584216117858887,2017-09-13
13.514338493347168,2017-09-14
13.528313636779785,2017-09-15
13.549275398254395,2017-09-18
13.66806697845459,2017-09-19
13.814813613891602,2017-09-20
13.500360488891602,2017-09-21
13.465421676635742,2017-09-22
13.758910179138184,2017-09-25
13.640117645263672,2017-09-26
13.507349014282227,2017-09-27
13.493377685546875,2017-09-28
13.402533531188965,2017-09-29
13.34663200378418,2017-10-02
13.171937942504883,2017-10-03
13.15097427368164,2017-10-04
13.34663200378418,2017-10-05
13.290729522705078,2017-10-06
13.29771900177002,2017-10-09
13.241817474365234,2017-10-10
13.31169319152832,2017-10-11
13.192901611328125,2017-10-12
13.10904598236084,2017-10-13
13.143986701965332,2017-10-16
13.05314826965332,2017-10-17
12.983272552490234,2017-10-18
13.032185554504395,2017-10-19
12.871467590332031,2017-10-20
12.66183090209961,2017-10-23
12.766647338867188,2017-10-24
12.550026893615723,2017-10-25
12.577977180480957,2017-10-26
12.598941802978516,2017-10-27
12.73615550994873,2017-10-30
12.74319076538086,2017-10-31
12.757261276245117,2017-11-01
12.52505874633789,2017-11-02
12.482840538024902,2017-11-03
12.722079277038574,2017-11-06
12.69393539428711,2017-11-07
12.665787696838379,2017-11-08
12.602459907531738,2017-11-09
12.433582305908203,2017-11-10
12.28581428527832,2017-11-13
12.264704704284668,2017-11-14
11.983245849609375,2017-11-15
11.842514991760254,2017-11-16
11.969170570373535,2017-11-17
12.004351615905762,2017-11-20
11.870657920837402,2017-11-21
12.032501220703125,2017-11-22
12.095829010009766,2017-11-24
11.93398666381836,2017-11-27
11.983245849609375,2017-11-28
11.793257713317871,2017-11-29
12.12397575378418,2017-11-30
12.250632286071777,2017-12-01
12.138047218322754,2017-12-04
12.060647964477539,2017-12-05
12.03953742980957,2017-12-06
12.215450286865234,2017-12-07
12.51801872253418,2017-12-08
12.637643814086914,2017-12-11
12.489873886108398,2017-12-12
12.560240745544434,2017-12-13
12.553204536437988,2017-12-14
12.616534233093262,2017-12-15
12.665787696838379,2017-12-18
12.609495162963867,2017-12-19
12.496912002563477,2017-12-20
12.715044975280762,2017-12-21
12.700973510742188,2017-12-22
12.74319076538086,2017-12-26
12.75023365020752,2017-12-27
12.883925437927246,2017-12-28
12.715044975280762,2017-12-29
13.228713989257812,2018-01-02
13.341299057006836,2018-01-03
13.37647819519043,2018-01-04
13.334259033203125,2018-01-05
13.2709321975708,2018-01-08
13.327224731445312,2018-01-09
13.285003662109375,2018-01-10
13.510175704956055,2018-01-11
13.735342979431152,2018-01-12
13.643865585327148,2018-01-16
13.770526885986328,2018-01-17
13.37647819519043,2018-01-18
13.37647819519043,2018-01-19
13.81274700164795,2018-01-22
13.686087608337402,2018-01-23
13.467955589294434,2018-01-24
13.242786407470703,2018-01-25
13.207603454589844,2018-01-26
13.165383338928223,2018-01-29
12.91390609741211,2018-01-30
12.736809730529785,2018-01-31
12.79348087310791,2018-02-01
12.396783828735352,2018-02-02
11.907998085021973,2018-02-05
12.27635669708252,2018-02-06
12.248022079467773,2018-02-07
11.900909423828125,2018-02-08
12.212601661682129,2018-02-09
12.255106925964355,2018-02-12
12.318861961364746,2018-02-13
12.36136245727539,2018-02-14
12.262188911437988,2018-02-15
12.085091590881348,2018-02-16
12.042591094970703,2018-02-20
11.865492820739746,2018-02-21
11.801738739013672,2018-02-22
12.04967212677002,2018-02-23
11.985918998718262,2018-02-26
11.787569999694824,2018-02-27
11.475878715515137,2018-02-28
11.482962608337402,2018-03-01
11.405043601989746,2018-03-02
11.482962608337402,2018-03-05
11.412124633789062,2018-03-06
11.369621276855469,2018-03-07
11.341286659240723,2018-03-08
11.56796932220459,2018-03-09
11.723814964294434,2018-03-12
11.688396453857422,2018-03-13
11.631723403930664,2018-03-14
11.553802490234375,2018-03-15
11.624642372131348,2018-03-16
11.33420467376709,2018-03-19
11.057931900024414,2018-03-20
11.270445823669434,2018-03-21
10.880833625793457,2018-03-22
10.632898330688477,2018-03-23
10.717902183532715,2018-03-26
10.689568519592285,2018-03-27
10.491222381591797,2018-03-28
10.668318748474121,2018-03-29
10.554975509643555,2018-04-02
10.632898330688477,2018-04-03
10.739155769348145,2018-04-04
10.980010032653809,2018-04-05
10.746241569519043,2018-04-06
10.69665241241455,2018-04-09
11.057931900024414,2018-04-10
10.873749732971191,2018-04-11
10.866665840148926,2018-04-12
10.859582901000977,2018-04-13
11.10751724243164,2018-04-16
11.348369598388672,2018-04-17
11.454627990722656,2018-04-18
11.716732025146484,2018-04-19
11.667142868041992,2018-04-20
11.645892143249512,2018-04-23
11.525465965270996,2018-04-24
11.518383979797363,2018-04-25
11.490045547485352,2018-04-26
11.439842224121094,2018-04-27
11.346599578857422,2018-04-30
11.490046501159668,2018-05-01
11.590458869934082,2018-05-02
11.346599578857422,2018-05-03
11.554597854614258,2018-05-04
11.62631893157959,2018-05-07
11.525909423828125,2018-05-08
11.798457145690918,2018-05-09
11.834319114685059,2018-05-10
11.84149169921875,2018-05-11
11.934730529785156,2018-05-14
11.791285514831543,2018-05-15
11.762595176696777,2018-05-16
11.690869331359863,2018-05-17
11.525909423828125,2018-05-18
11.461358070373535,2018-05-21
11.43266773223877,2018-05-22
11.611976623535156,2018-05-23
11.389634132385254,2018-05-24
11.396806716918945,2018-05-25
11.504392623901367,2018-05-29
11.877351760864258,2018-05-30
11.963419914245605,2018-05-31
12.121210098266602,2018-06-01
12.149901390075684,2018-06-04
12.078178405761719,2018-06-05
11.992109298706055,2018-06-06
12.235965728759766,2018-06-07
12.08535099029541,2018-06-08
12.300519943237305,2018-06-11
12.142728805541992,2018-06-12
12.006454467773438,2018-06-13
12.157073974609375,2018-06-14
12.027971267700195,2018-06-15
12.307690620422363,2018-06-18
12.443964004516602,2018-06-19
12.544377326965332,2018-06-20
12.307690620422363,2018-06-21
12.472655296325684,2018-06-22
12.314864158630371,2018-06-25
12.587409973144531,2018-06-26
12.651961326599121,2018-06-27
12.537205696105957,2018-06-28
12.673480033874512,2018-06-29
12.50134563446045,2018-07-02
12.687826156616211,2018-07-03
12.608930587768555,2018-07-05
12.859956741333008,2018-07-06
12.981888771057129,2018-07-09
13.06795883178711,2018-07-10
12.80975341796875,2018-07-11
12.931683540344238,2018-07-12
12.845612525939941,2018-07-13
12.766718864440918,2018-07-16
12.687826156616211,2018-07-17
12.7523775100708,2018-07-18
12.902992248535156,2018-07-19
12.687826156616211,2018-07-20
12.694995880126953,2018-07-23
12.659133911132812,2018-07-24
12.8384428024292,2018-07-25
12.931683540344238,2018-07-26
12.8384428024292,2018-07-27
12.874711036682129,2018-07-30
12.89647102355957,2018-07-31
12.715133666992188,2018-08-01
12.82393741607666,2018-08-02
12.780415534973145,2018-08-03
13.019776344299316,2018-08-06
13.041535377502441,2018-08-07
12.998016357421875,2018-08-08
13.01252269744873,2018-08-09
13.179348945617676,2018-08-10
12.939990043640137,2018-08-13
13.019776344299316,2018-08-14
12.860201835632324,2018-08-15
12.925481796264648,2018-08-16
13.019776344299316,2018-08-17
12.990761756896973,2018-08-20
13.027029037475586,2018-08-21
13.259138107299805,2018-08-22
13.041535377502441,2018-08-23
13.034279823303223,2018-08-24
13.034279823303223,2018-08-27
12.918228149414062,2018-08-28
12.969003677368164,2018-08-29
12.89647102355957,2018-08-30
12.8384428024292,2018-08-31
12.780415534973145,2018-09-04
12.90372371673584,2018-09-05
12.81668472290039,2018-09-06
12.925481796264648,2018-09-07
12.831192016601562,2018-09-10
13.0632963180542,2018-09-11
13.172098159790039,2018-09-12
13.273641586303711,2018-09-13
13.099562644958496,2018-09-14
13.179348945617676,2018-09-17
13.143084526062012,2018-09-18
13.244630813598633,2018-09-19
13.085060119628906,2018-09-20
13.099562644958496,2018-09-21
12.976252555847168,2018-09-24
12.969003677368164,2018-09-25
12.773163795471191,2018-09-26
12.736893653869629,2018-09-27
12.860201835632324,2018-09-28
13.186603546142578,2018-10-01
13.114070892333984,2018-10-02
13.230125427246094,2018-10-03
13.251884460449219,2018-10-04
13.099562644958496,2018-10-05
13.208362579345703,2018-10-08
13.469487190246582,2018-10-09
13.056042671203613,2018-10-10
12.635348320007324,2018-10-11
12.700627326965332,2018-10-12
12.72238826751709,2018-10-15
12.998016357421875,2018-10-16
13.019776344299316,2018-10-17
13.01252269744873,2018-10-18
13.041535377502441,2018-10-19
12.64985466003418,2018-10-22
12.359721183776855,2018-10-23
11.975293159484863,2018-10-24
12.026066780090332,2018-10-25
12.033321380615234,2018-10-26
11.939024925231934,2018-10-29
12.306156158447266,2018-10-30
12.497062683105469,2018-10-31
12.599857330322266,2018-11-01
12.379582405090332,2018-11-02
12.673283576965332,2018-11-05
12.812789916992188,2018-11-06
12.849506378173828,2018-11-07
12.89355754852295,2018-11-08
12.871530532836914,2018-11-09
12.827476501464844,2018-11-12
12.614540100097656,2018-11-13
12.43832015991211,2018-11-14
12.607200622558594,2018-11-15
12.687968254089355,2018-11-16
12.790765762329102,2018-11-19
12.453004837036133,2018-11-20
12.607200622558594,2018-11-21
12.196014404296875,2018-11-23
12.276784896850586,2018-11-26
12.284125328063965,2018-11-27
12.379582405090332,2018-11-28
12.386924743652344,2018-11-29
12.533775329589844,2018-11-30
12.702652931213379,2018-12-03
12.247417449951172,2018-12-04
12.08587646484375,2018-12-06
12.005108833312988,2018-12-07
11.777490615844727,2018-12-10
11.836230278015137,2018-12-11
11.916996955871582,2018-12-12
12.049164772033691,2018-12-13
11.872941970825195,2018-12-14
11.630636215209961,2018-12-17
11.403018951416016,2018-12-18
11.432388305664062,2018-12-19
11.417702674865723,2018-12-20
11.432388305664062,2018-12-21
10.800926208496094,2018-12-24
11.483787536621094,2018-12-26
11.388333320617676,2018-12-27
11.226798057556152,2018-12-28
11.29288101196289,2018-12-31
11.601265907287598,2019-01-02
11.535183906555176,2019-01-03
11.924342155456543,2019-01-04
12.181333541870117,2019-01-07
12.585171699523926,2019-01-08
12.673283576965332,2019-01-09
12.746710777282715,2019-01-10
12.563145637512207,2019-01-11
12.651256561279297,2019-01-14
12.717340469360352,2019-01-15
12.827476501464844,2019-01-16
13.011041641235352,2019-01-17
13.223973274230957,2019-01-18
12.944955825805664,2019-01-22
12.658597946166992,2019-01-23
12.834819793701172,2019-01-24
13.025726318359375,2019-01-25
13.13586139678955,2019-01-28
13.253348350524902,2019-01-29
13.43154239654541,2019-01-30
13.438968658447266,2019-01-31
13.624587059020996,2019-02-01
13.632014274597168,2019-02-04
13.7136869430542,2019-02-05
13.409268379211426,2019-02-06
13.3350191116333,2019-02-07
13.379570007324219,2019-02-08
13.565189361572266,2019-02-11
13.721111297607422,2019-02-12
13.914158821105957,2019-02-13
14.018107414245605,2019-02-14
13.958704948425293,2019-02-15
14.218575477600098,2019-02-19
14.233427047729492,2019-02-20
14.248276710510254,2019-02-21
14.344796180725098,2019-02-22
14.329948425292969,2019-02-25
14.270549774169922,2019-02-26
14.315099716186523,2019-02-27
14.22599983215332,2019-02-28
14.656641006469727,2019-03-01
14.738314628601074,2019-03-04
14.827412605285645,2019-03-05
14.849689483642578,2019-03-06
14.730889320373535,2019-03-07
14.649213790893555,2019-03-08
14.775436401367188,2019-03-11
14.745738983154297,2019-03-12
14.834835052490234,2019-03-13
14.834835052490234,2019-03-14
14.753164291381836,2019-03-15
14.842259407043457,2019-03-18
14.886815071105957,2019-03-19
14.916510581970215,2019-03-20
15.161534309387207,2019-03-21
14.775436401367188,2019-03-22
14.946210861206055,2019-03-25
14.916510581970215,2019-03-26
14.834835052490234,2019-03-27
14.812567710876465,2019-03-28
14.857111930847168,2019-03-29
14.879388809204102,2019-04-01
14.886815071105957,2019-04-02
14.768013000488281,2019-04-03
14.790287971496582,2019-04-04
14.886815071105957,2019-04-05
14.805139541625977,2019-04-08
14.768013000488281,2019-04-09
14.730889320373535,2019-04-10
14.790287971496582,2019-04-11
14.716038703918457,2019-04-12
14.693767547607422,2019-04-15
14.708616256713867,2019-04-16
14.619515419006348,2019-04-17
14.396773338317871,2019-04-18
14.871964454650879,2019-04-22
14.909088134765625,2019-04-23
14.909088134765625,2019-04-24
14.827412605285645,2019-04-25
15.020458221435547,2019-04-26
14.930245399475098,2019-04-29
14.937764167785645,2019-04-30
14.727266311645508,2019-05-01
14.554359436035156,2019-05-02
14.682160377502441,2019-05-03
14.614501953125,2019-05-06
14.70471477508545,2019-05-07
14.787409782409668,2019-05-08
14.832514762878418,2019-05-09
14.80996322631836,2019-05-10
14.787409782409668,2019-05-13
14.982869148254395,2019-05-14
15.140743255615234,2019-05-15
15.351242065429688,2019-05-16
15.193368911743164,2019-05-17
15.253509521484375,2019-05-20
15.291093826293945,2019-05-21
15.291093826293945,2019-05-22
15.005423545837402,2019-05-23
15.080601692199707,2019-05-24
14.94528579711914,2019-05-28
14.967835426330566,2019-05-29
15.080601692199707,2019-05-30
14.997908592224121,2019-05-31
15.140743255615234,2019-06-03
15.291093826293945,2019-06-04
15.388829231262207,2019-06-05
15.682024955749512,2019-06-06
15.885001182556152,2019-06-07
15.697057723999023,2019-06-10
15.621879577636719,2019-06-11
15.321171760559082,2019-06-12
15.42641830444336,2019-06-13
15.433935165405273,2019-06-14
15.42641830444336,2019-06-17
15.636917114257812,2019-06-18
15.74216365814209,2019-06-19
15.862447738647461,2019-06-20
16.07294464111328,2019-06-21
15.907554626464844,2019-06-24
15.47152328491211,2019-06-25
15.516630172729492,2019-06-26
15.343721389770508,2019-06-27
15.697057723999023,2019-06-28
15.697057723999023,2019-07-01
15.779749870300293,2019-07-02
15.847415924072266,2019-07-03
15.869965553283691,2019-07-05
15.832377433776855,2019-07-08
15.967700004577637,2019-07-09
15.922589302062988,2019-07-10
15.990249633789062,2019-07-11
16.005287170410156,2019-07-12
15.967700004577637,2019-07-15
15.719609260559082,2019-07-16
15.479042053222656,2019-07-17
15.351242065429688,2019-07-18
15.411384582519531,2019-07-19
15.614361763000488,2019-07-22
15.479042053222656,2019-07-23
15.524152755737305,2019-07-24
15.47152328491211,2019-07-25
15.6745023727417,2019-07-26
15.704574584960938,2019-07-29
15.7426176071167,2019-07-30
15.689355850219727,2019-07-31
15.803487777709961,2019-08-01
15.377397537231445,2019-08-02
15.095870018005371,2019-08-05
15.240439414978027,2019-08-06
15.194781303405762,2019-08-07
15.499136924743652,2019-08-08
15.499136924743652,2019-08-09
15.47630786895752,2019-08-12
15.605660438537598,2019-08-13
15.06543254852295,2019-08-14
15.126307487487793,2019-08-15
15.316523551940918,2019-08-16
15.529571533203125,2019-08-19
15.32413387298584,2019-08-20
15.51435661315918,2019-08-21
15.36978530883789,2019-08-22
14.890432357788086,2019-08-23
15.15673828125,2019-08-26
15.248047828674316,2019-08-27
15.415440559387207,2019-08-28
15.521960258483887,2019-08-29
15.42304801940918,2019-08-30
15.308917999267578,2019-09-03
15.468703269958496,2019-09-04
15.605660438537598,2019-09-05
15.529571533203125,2019-09-06
15.529571533203125,2019-09-09
15.392610549926758,2019-09-10
15.560007095336914,2019-09-11
15.537181854248047,2019-09-12
15.575224876403809,2019-09-13
15.727400779724121,2019-09-16
15.780662536621094,2019-09-17
15.727400779724121,2019-09-18
15.7426176071167,2019-09-19
15.917620658874512,2019-09-20
15.8110990524292,2019-09-23
15.651313781738281,2019-09-24
15.605660438537598,2019-09-25
15.613265037536621,2019-09-26
15.727400779724121,2019-09-27
15.681746482849121,2019-09-30
15.43826675415039,2019-10-01
15.34695816040039,2019-10-02
15.50674819946289,2019-10-03
15.613265037536621,2019-10-04
15.445873260498047,2019-10-07
15.225217819213867,2019-10-08
15.354567527770996,2019-10-09
15.400223731994629,2019-10-10
15.392610549926758,2019-10-11
15.32413387298584,2019-10-14
15.354567527770996,2019-10-15
15.232826232910156,2019-10-16
15.27087116241455,2019-10-17
15.232826232910156,2019-10-18
15.339350700378418,2019-10-21
15.461091041564941,2019-10-22
15.521960258483887,2019-10-23
15.552397727966309,2019-10-24
15.537181854248047,2019-10-25
15.354567527770996,2019-10-28
15.34695816040039,2019-10-29
15.408594131469727,2019-10-30
15.393184661865234,2019-10-31
15.79381275177002,2019-11-01
15.84003734588623,2019-11-04
15.809215545654297,2019-11-05
15.570388793945312,2019-11-06
15.439412117004395,2019-11-07
15.431708335876465,2019-11-08
15.3623685836792,2019-11-11
15.4625244140625,2019-11-12
15.678242683410645,2019-11-13
15.578088760375977,2019-11-14
15.747584342956543,2019-11-15
15.51645278930664,2019-11-18
15.416300773620605,2019-11-19
15.45482063293457,2019-11-20
15.531865119934082,2019-11-21
15.377778053283691,2019-11-22
15.377778053283691,2019-11-25
15.177467346191406,2019-11-26
15.200576782226562,2019-11-27
15.108128547668457,2019-11-29
14.946335792541504,2019-12-02
14.7537260055542,2019-12-03
14.869290351867676,2019-12-04
15.162055969238281,2019-12-05
15.215987205505371,2019-12-06
15.3623685836792,2019-12-09
15.501049041748047,2019-12-10
15.562685012817383,2019-12-11
15.524160385131836,2019-12-12
15.562685012817383,2019-12-13
15.855443000793457,2019-12-16
15.80151653289795,2019-12-17
15.963301658630371,2019-12-18
16.055755615234375,2019-12-19
16.155912399291992,2019-12-20
16.33310890197754,2019-12-23
16.279178619384766,2019-12-24
16.33310890197754,2019-12-26
16.24066162109375,2019-12-27
16.202138900756836,2019-12-30
16.30999755859375,2019-12-31
16.209842681884766,2020-01-02
16.33310890197754,2020-01-03
16.394744873046875,2020-01-06
16.433269500732422,2020-01-07
16.30229377746582,2020-01-08
16.602758407592773,2020-01-09
16.571943283081055,2020-01-10
16.602758407592773,2020-01-13
16.533422470092773,2020-01-14
16.494905471801758,2020-01-15
16.464082717895508,2020-01-16
16.45638084411621,2020-01-17
16.12509536743164,2020-01-21
16.148208618164062,2020-01-22
16.764551162719727,2020-01-23
16.610464096069336,2020-01-24
16.402448654174805,2020-01-27
16.533422470092773,2020-01-28
16.32540512084961,2020-01-29
16.502609252929688,2020-01-30
16.268747329711914,2020-01-31
16.22197723388672,2020-02-03
16.370086669921875,2020-02-04
16.596147537231445,2020-02-05
16.62733268737793,2020-02-06
16.4636287689209,2020-02-07
16.61953353881836,2020-02-10
16.728666305541992,2020-02-11
17.00150489807129,2020-02-12
17.102842330932617,2020-02-13
17.14961051940918,2020-02-14
17.15740966796875,2020-02-18
17.274337768554688,2020-02-19
17.336700439453125,2020-02-20
17.258747100830078,2020-02-21
16.970321655273438,2020-02-24
16.409061431884766,2020-02-25
15.9959135055542,2020-02-26
15.216383934020996,2020-02-27
14.943549156188965,2020-02-28
15.777647972106934,2020-03-02
15.47362995147705,2020-03-03
15.769850730895996,2020-03-04
15.35670280456543,2020-03-05
15.068275451660156,2020-03-06
12.550398826599121,2020-03-09
12.503628730773926,2020-03-10
12.082680702209473,2020-03-11
10.8042573928833,2020-03-12
11.521422386169434,2020-03-13
9.923391342163086,2020-03-16
9.853232383728027,2020-03-17
7.779687404632568,2020-03-18
8.730712890625,2020-03-19
9.62717056274414,2020-03-20
8.59819221496582,2020-03-23
10.040319442749023,2020-03-24
10.70291805267334,2020-03-25
11.28756332397461,2020-03-26
10.718507766723633,2020-03-27
10.344335556030273,2020-03-30
10.85102653503418,2020-03-31
9.923391342163086,2020-04-01
10.484651565551758,2020-04-02
10.453469276428223,2020-04-03
10.905595779418945,2020-04-06
11.069294929504395,2020-04-07
11.56039810180664,2020-04-08
11.973548889160156,2020-04-09
11.653942108154297,2020-04-13
11.786460876464844,2020-04-14
11.186224937438965,2020-04-15
10.999139785766602,2020-04-16
11.669533729553223,2020-04-17
11.451264381408691,2020-04-20
11.271973609924316,2020-04-21
11.435673713684082,2020-04-22
11.077091217041016,2020-04-23
11.396697044372559,2020-04-24
11.708507537841797,2020-04-27
11.84103012084961,2020-04-28
12.246384620666504,2020-04-29
11.872209548950195,2020-04-30
11.549365997314453,2020-05-01
11.620758056640625,2020-05-04
11.858723640441895,2020-05-05
11.676284790039062,2020-05-06
11.85079288482666,2020-05-07
12.17601490020752,2020-05-08
12.18394660949707,2020-05-11
11.890454292297363,2020-05-12
11.68421459197998,2020-05-13
11.771470069885254,2020-05-14
11.771470069885254,2020-05-15
12.287067413330078,2020-05-18
12.168082237243652,2020-05-19
12.413984298706055,2020-05-20
12.18394660949707,2020-05-21
12.223607063293457,2020-05-22
12.532966613769531,2020-05-26
12.667816162109375,2020-05-27
12.46950912475586,2020-05-28
12.532966613769531,2020-05-29
12.509169578552246,2020-06-01
12.596424102783203,2020-06-02
12.810595512390137,2020-06-03
12.874053955078125,2020-06-04
13.262734413146973,2020-06-05
14.254266738891602,2020-06-08
13.714874267578125,2020-06-09
13.429314613342285,2020-06-10
12.302932739257812,2020-06-11
12.294999122619629,2020-06-12
12.572628021240234,2020-06-15
12.667816162109375,2020-06-16
12.437780380249023,2020-06-17
12.509169578552246,2020-06-18
12.31086540222168,2020-06-19
12.382253646850586,2020-06-22
12.247404098510742,2020-06-23
11.747673034667969,2020-06-24
11.866657257080078,2020-06-25
11.477978706359863,2020-06-26
11.62868881225586,2020-06-29
12.033235549926758,2020-06-30
11.826996803283691,2020-07-01
11.993573188781738,2020-07-02
12.04909896850586,2020-07-06
11.636622428894043,2020-07-07
11.517638206481934,2020-07-08
11.033768653869629,2020-07-09
11.295533180236816,2020-07-10
11.255871772766113,2020-07-13
11.541433334350586,2020-07-14
11.866657257080078,2020-07-15
11.890454292297363,2020-07-16
11.834929466247559,2020-07-17
11.5017728805542,2020-07-20
11.96977710723877,2020-07-21
11.811132431030273,2020-07-22
11.493841171264648,2020-07-23
11.303465843200684,2020-07-24
11.26380443572998,2020-07-27
11.200346946716309,2020-07-28
11.5255708694458,2020-07-29
11.358994483947754,2020-07-30
11.393739700317383,2020-07-31
11.337174415588379,2020-08-03
11.716965675354004,2020-08-04
11.668481826782227,2020-08-05
11.555353164672852,2020-08-06
11.571515083312988,2020-08-07
11.749288558959961,2020-08-10
11.652322769165039,2020-08-11
11.708885192871094,2020-08-12
11.531112670898438,2020-08-13
11.547271728515625,2020-08-14
11.668481826782227,2020-08-17
11.61999797821045,2020-08-18
11.40990161895752,2020-08-19
11.361416816711426,2020-08-20
11.401820182800293,2020-08-21
11.506868362426758,2020-08-24
11.280611038208008,2020-08-25
11.094754219055176,2020-08-26
11.199803352355957,2020-08-27
11.45838737487793,2020-08-28
11.167482376098633,2020-08-31
11.207884788513184,2020-09-01
11.183642387390137,2020-09-02
11.022028923034668,2020-09-03
10.925061225891113,2020-09-04
10.706884384155273,2020-09-08
10.68264102935791,2020-09-09
10.43213939666748,2020-09-10
10.359413146972656,2020-09-11
10.553349494934082,2020-09-14
10.43213939666748,2020-09-15
10.787691116333008,2020-09-16
10.739204406738281,2020-09-17
10.569513320922852,2020-09-18
10.39173698425293,2020-09-21
10.343254089355469,2020-09-22
9.88265609741211,2020-09-23
9.923057556152344,2020-09-24
9.995784759521484,2020-09-25
10.189718246459961,2020-09-28
10.060430526733398,2020-09-29
9.963459968566895,2020-09-30
9.890735626220703,2020-10-01
9.94729995727539,2020-10-02
10.181640625,2020-10-05
9.914977073669434,2020-10-06
10.173561096191406,2020-10-07
10.609916687011719,2020-10-08
10.359413146972656,2020-10-09
10.327091217041016,2020-10-12
10.189718246459961,2020-10-13
10.472542762756348,2020-10-14
10.496785163879395,2020-10-15
10.39173698425293,2020-10-16
10.270525932312012,2020-10-19
10.246286392211914,2020-10-20
10.125076293945312,2020-10-21
10.472542762756348,2020-10-22
10.327091217041016,2020-10-23
10.003866195678711,2020-10-26
9.834171295166016,2020-10-27
9.559428215026855,2020-10-28
9.745283126831055,2020-10-29
9.830368041992188,2020-10-30
9.822110176086426,2020-11-02
9.904717445373535,2020-11-03
9.772542953491211,2020-11-04
9.830368041992188,2020-11-05
9.483414649963379,2020-11-06
10.160802841186523,2020-11-09
10.648191452026367,2020-11-10
10.763842582702637,2020-11-11
10.499495506286621,2020-11-12
10.846449851989746,2020-11-13
11.292533874511719,2020-11-16
11.589923858642578,2020-11-17
11.366880416870117,2020-11-18
11.895572662353516,2020-11-19
11.771660804748535,2020-11-20
12.077309608459473,2020-11-23
12.366439819335938,2020-11-24
12.267309188842773,2020-11-25
12.184703826904297,2020-11-27
11.87905216217041,2020-11-30
11.647749900817871,2020-12-01
11.84600830078125,2020-12-02
11.96992015838623,2020-12-03
12.333395004272461,2020-12-04
12.226007461547852,2020-12-07
12.192962646484375,2020-12-08
12.069050788879395,2020-12-09
12.217743873596191,2020-12-10
12.184703826904297,2020-12-11
11.821227073669434,2020-12-14
12.201225280761719,2020-12-15
12.060791015625,2020-12-16
11.812965393066406,2020-12-17
11.738618850708008,2020-12-18
11.556880950927734,2020-12-21
11.383402824401855,2020-12-22
11.42470645904541,2020-12-23
11.42470645904541,2020-12-24
11.267751693725586,2020-12-28
11.209925651550293,2020-12-29
11.209925651550293,2020-12-30
11.292533874511719,2020-12-31
11.20166301727295,2021-01-04
11.482534408569336,2021-01-05
11.862530708312988,2021-01-06
12.060791015625,2021-01-07
11.96992015838623,2021-01-08
12.176441192626953,2021-01-11
12.56470012664795,2021-01-12
12.647307395935059,2021-01-13
12.919914245605469,2021-01-14
12.796001434326172,2021-01-15
12.84556770324707,2021-01-19
12.878610610961914,2021-01-20
12.606002807617188,2021-01-21
12.65556812286377,2021-01-22
12.606002807617188,2021-01-25
12.572959899902344,2021-01-26
12.242526054382324,2021-01-27
12.135136604309082,2021-01-28
11.843260765075684,2021-01-29
11.792793273925781,2021-02-01
11.616154670715332,2021-02-02
11.97784423828125,2021-02-03
11.801204681396484,2021-02-04
11.902140617370605,2021-02-05
12.390003204345703,2021-02-08
12.25541877746582,2021-02-09
12.440469741821289,2021-02-10
12.356356620788574,2021-02-11
12.482527732849121,2021-02-12
12.650757789611816,2021-02-16
12.726459503173828,2021-02-17
12.432059288024902,2021-02-18
12.583464622497559,2021-02-19
12.760104179382324,2021-02-22
12.861041069030762,2021-02-23
13.222731590270996,2021-02-24
12.861041069030762,2021-02-25
12.364767074584961,2021-02-26
12.650757789611816,2021-03-01
12.692814826965332,2021-03-02
12.760104179382324,2021-03-03
13.197497367858887,2021-03-04
13.34890365600586,2021-03-05
13.643302917480469,2021-03-08
13.18067455291748,2021-03-09
13.660123825073242,2021-03-10
13.626479148864746,2021-03-11
13.752650260925293,2021-03-12
13.735828399658203,2021-03-15
13.390959739685059,2021-03-16
13.643302917480469,2021-03-17
13.256378173828125,2021-03-18
13.390959739685059,2021-03-19
13.273199081420898,2021-03-22
13.1890869140625,2021-03-23
13.618066787719727,2021-03-24
13.761062622070312,2021-03-25
14.13116455078125,2021-03-26
14.089109420776367,2021-03-29
13.979759216308594,2021-03-30
14.004993438720703,2021-03-31
14.164810180664062,2021-04-01
14.013405799865723,2021-04-05
14.047049522399902,2021-04-06
14.240513801574707,2021-04-07
14.156399726867676,2021-04-08
13.904057502746582,2021-04-09
13.878823280334473,2021-04-12
13.870409965515137,2021-04-13
14.004993438720703,2021-04-14
14.063872337341309,2021-04-15
13.912469863891602,2021-04-16
13.979759216308594,2021-04-19
13.920877456665039,2021-04-20
14.038639068603516,2021-04-21
13.761062622070312,2021-04-22
14.114341735839844,2021-04-23
14.223689079284668,2021-04-26
14.299391746520996,2021-04-27
14.669493675231934,2021-04-28
14.772018432617188,2021-04-29
14.56696891784668,2021-04-30
14.746386528015137,2021-05-03
14.66949462890625,2021-05-04
14.959975242614746,2021-05-05
15.079591751098633,2021-05-06
15.24191951751709,2021-05-07
15.59221076965332,2021-05-10
15.352986335754395,2021-05-11
15.464056015014648,2021-05-12
15.395706176757812,2021-05-13
15.686192512512207,2021-05-14
16.062110900878906,2021-05-17
15.985220909118652,2021-05-18
15.780172348022461,2021-05-19
15.976675987243652,2021-05-20
15.993762969970703,2021-05-21
16.087745666503906,2021-05-24
15.839977264404297,2021-05-25
15.677650451660156,2021-05-26
15.600753784179688,2021-05-27
15.669107437133789,2021-05-28
15.814347267150879,2021-06-01
16.03648567199707,2021-06-02
16.03648567199707,2021-06-03
16.045026779174805,2021-06-04
16.03648567199707,2021-06-07
16.062110900878906,2021-06-08
16.087745666503906,2021-06-09
16.232986450195312,2021-06-10
16.35259437561035,2021-06-11
16.09628677368164,2021-06-14
16.258617401123047,2021-06-15
16.10483169555664,2021-06-16
15.643472671508789,2021-06-17
15.088132858276367,2021-06-18
15.626386642456055,2021-06-21
15.549493789672852,2021-06-22
15.455512046813965,2021-06-23
15.58366870880127,2021-06-24
15.626386642456055,2021-06-25
15.352986335754395,2021-06-28
15.250466346740723,2021-06-29
15.57512378692627,2021-06-30
15.74599838256836,2021-07-01
15.865608215332031,2021-07-02
15.75454044342041,2021-07-06
15.634927749633789,2021-07-07
15.523859024047852,2021-07-08
15.95104694366455,2021-07-09
15.822890281677246,2021-07-12
15.617840766906738,2021-07-13
15.31881332397461,2021-07-14
15.259010314941406,2021-07-15
15.071046829223633,2021-07-16
14.678037643432617,2021-07-19
14.925806045532227,2021-07-20
15.250466346740723,2021-07-21
14.925806045532227,2021-07-22
14.84036636352539,2021-07-23
15.233376502990723,2021-07-26
15.16502857208252,2021-07-27
15.18211841583252,2021-07-28
15.293181419372559,2021-07-29
15.07631778717041,2021-07-30
15.024273872375488,2021-08-02
15.163064956665039,2021-08-03
14.868132591247559,2021-08-04
14.7640380859375,2021-08-05
14.85078239440918,2021-08-06
14.781386375427246,2021-08-09
14.911503791809082,2021-08-10
14.954874038696289,2021-08-11
15.006921768188477,2021-08-12
14.928852081298828,2021-08-13
14.746685981750488,2021-08-16
14.529826164245605,2021-08-17
14.130797386169434,2021-08-18
13.78381633758545,2021-08-19
13.827186584472656,2021-08-20
14.122122764587402,2021-08-23
14.295612335205078,2021-08-24
14.286938667297363,2021-08-25
14.000679016113281,2021-08-26
14.391033172607422,2021-08-27
14.174169540405273,2021-08-30
14.113447189331055,2021-08-31
14.018028259277344,2021-09-01
14.24356460571289,2021-09-02
14.174169540405273,2021-09-03
14.018028259277344,2021-09-07
13.957304954528809,2021-09-08
13.861885070800781,2021-09-09
13.853212356567383,2021-09-10
14.000679016113281,2021-09-13
13.887910842895508,2021-09-14
14.208866119384766,2021-09-15
14.018028259277344,2021-09-16
13.844537734985352,2021-09-17
13.601651191711426,2021-09-20
13.688394546508789,2021-09-21
13.9920015335083,2021-09-22
14.304286003112793,2021-09-23
14.338985443115234,2021-09-24
14.729337692260742,2021-09-27
14.651267051696777,2021-09-28
14.677291870117188,2021-09-29
14.512474060058594,2021-09-30
14.66861629486084,2021-10-01
14.69464111328125,2021-10-04
14.677291870117188,2021-10-05
14.521150588989258,2021-10-06
14.69464111328125,2021-10-07
15.154391288757324,2021-10-08
15.388604164123535,2021-10-11
15.562090873718262,2021-10-12
15.588112831115723,2021-10-13
15.943771362304688,2021-10-14
16.013166427612305,2021-10-15
16.0218448638916,2021-10-18
16.004493713378906,2021-10-19
16.177982330322266,2021-10-20
15.206439018249512,2021-10-21
15.327878952026367,2021-10-22
15.484024047851562,2021-10-25
15.284507751464844,2021-10-26
15.006921768188477,2021-10-27
15.05029582977295,2021-10-28
14.759511947631836,2021-10-29
15.023859977722168,2021-11-01
14.944557189941406,2021-11-02
14.847628593444824,2021-11-03
14.759511947631836,2021-11-04
14.935745239257812,2021-11-05
14.838818550109863,2021-11-08
14.821191787719727,2021-11-09
14.715452194213867,2021-11-10
14.794755935668945,2021-11-11
14.697831153869629,2021-11-12
14.856441497802734,2021-11-15
14.680207252502441,2021-11-16
14.548030853271484,2021-11-17
14.34536361694336,2021-11-18
14.2396240234375,2021-11-19
14.19556713104248,2021-11-22
14.389420509338379,2021-11-23
14.556842803955078,2021-11-24
14.327741622924805,2021-11-26
14.107449531555176,2021-11-29
13.622808456420898,2021-11-30
13.455389022827148,2021-12-01
13.860722541809082,2021-12-02
13.737359046936035,2021-12-03
13.904780387878418,2021-12-06
14.301305770874023,2021-12-07
14.3101167678833,2021-12-08
14.107449531555176,2021-12-09
14.2396240234375,2021-12-10
14.036956787109375,2021-12-13
13.940028190612793,2021-12-14
13.984086036682129,2021-12-15
13.975273132324219,2021-12-16
13.746170997619629,2021-12-17
13.42895221710205,2021-12-20
13.799042701721191,2021-12-21
13.719736099243164,2021-12-22
13.781418800354004,2021-12-23
13.940028190612793,2021-12-27
13.975273132324219,2021-12-28
13.94883918762207,2021-12-29
13.922404289245605,2021-12-30
13.975273132324219,2021-12-31
14.407045364379883,2022-01-03
14.609713554382324,2022-01-04
14.689018249511719,2022-01-05
14.99742603302002,2022-01-06
15.2177152633667,2022-01-07
15.358704566955566,2022-01-10
15.517313957214355,2022-01-11
15.552558898925781,2022-01-12
15.48206615447998,2022-01-13
15.764039039611816,2022-01-14
15.596617698669434,2022-01-18
15.358704566955566,2022-01-19
15.358704566955566,2022-01-20
15.305832862854004,2022-01-21
15.261775016784668,2022-01-24
15.42038631439209,2022-01-25
15.438009262084961,2022-01-26
15.40276050567627,2022-01-27
15.393813133239746,2022-01-28
15.537009239196777,2022-01-31
15.581761360168457,2022-02-01
15.581761360168457,2022-02-02
15.456459999084473,2022-02-03
15.528059959411621,2022-02-04
15.626507759094238,2022-02-07
15.47436237335205,2022-02-08
15.54595947265625,2022-02-09
15.393813133239746,2022-02-10
15.698108673095703,2022-02-11
15.38486385345459,2022-02-14
15.223763465881348,2022-02-15
15.331162452697754,2022-02-16
15.000018119812012,2022-02-17
14.856819152832031,2022-02-18
14.803119659423828,2022-02-22
15.008967399597168,2022-02-23
14.91946792602539,2022-02-24
15.277462005615234,2022-02-25
15.572808265686035,2022-02-28
15.742859840393066,2022-03-01
16.23509979248047,2022-03-02
16.45884895324707,2022-03-03
16.86159324645996,2022-03-04
16.754196166992188,2022-03-07
16.709447860717773,2022-03-08
16.405149459838867,2022-03-09
16.602046966552734,2022-03-10
16.199304580688477,2022-03-11
15.698108673095703,2022-03-14
15.50121021270752,2022-03-15
15.438560485839844,2022-03-16
15.716009140014648,2022-03-17
15.537009239196777,2022-03-18
16.172452926635742,2022-03-21
16.047151565551758,2022-03-22
16.217201232910156,2022-03-23
16.378297805786133,2022-03-24
17.067440032958984,2022-03-25
16.781044006347656,2022-03-28
16.906341552734375,2022-03-29
17.085342407226562,2022-03-30
16.92424201965332,2022-03-31
17.201688766479492,2022-04-01
17.27328872680664,2022-04-04
16.933191299438477,2022-04-05
17.013744354248047,2022-04-06
17.24643898010254,2022-04-07
17.434385299682617,2022-04-08
17.23748779296875,2022-04-11
17.130088806152344,2022-04-12
17.264339447021484,2022-04-13
17.335939407348633,2022-04-14
17.49703598022461,2022-04-18
17.54178810119629,2022-04-19
17.693933486938477,2022-04-20
17.711835861206055,2022-04-21
17.139041900634766,2022-04-22
16.655744552612305,2022-04-25
16.503599166870117,2022-04-26
16.46780014038086,2022-04-27
16.834741592407227,2022-04-28
16.48773193359375,2022-04-29
16.514982223510742,2022-05-02
16.969192504882812,2022-05-03
17.514238357543945,2022-05-04
17.123619079589844,2022-05-05
17.532407760620117,2022-05-06
16.896516799926758,2022-05-09
16.82384490966797,2022-05-10
16.82384490966797,2022-05-11
16.742084503173828,2022-05-12
17.02369499206543,2022-05-13
17.61416244506836,2022-05-16
17.93210792541504,2022-05-17
17.532407760620117,2022-05-18
17.278051376342773,2022-05-19
17.28713607788086,2022-05-20
17.405227661132812,2022-05-23
17.387060165405273,2022-05-24
17.61416244506836,2022-05-25
17.823101043701172,2022-05-26
18.11379051208496,2022-05-27
17.88669204711914,2022-05-31
18.186466217041016,2022-06-01
18.131959915161133,2022-06-02
18.10470962524414,2022-06-03
17.9775333404541,2022-06-06
18.29547691345215,2022-06-07
18.041122436523438,2022-06-08
17.523324966430664,2022-06-09
17.28713607788086,2022-06-10
16.469560623168945,2022-06-13
16.251541137695312,2022-06-14
15.9881010055542,2022-06-15
15.170527458190918,2022-06-16
14.580057144165039,2022-06-17
15.12510871887207,2022-06-21
14.843498229980469,2022-06-22
14.752656936645508,2022-06-23
14.970677375793457,2022-06-24
15.28862476348877,2022-06-27
15.624736785888672,2022-06-28
15.370380401611328,2022-06-29
15.225034713745117,2022-06-30
15.424881935119629,2022-07-01
15.061519622802734,2022-07-05
14.861668586730957,2022-07-06
15.34312629699707,2022-07-07
15.415799140930176,2022-07-08
15.315876007080078,2022-07-11
15.12510871887207,2022-07-12
15.079686164855957,2022-07-13
15.061519622802734,2022-07-14
15.225034713745117,2022-07-15
15.379465103149414,2022-07-18
15.724661827087402,2022-07-19
15.733746528625488,2022-07-20
16.042606353759766,2022-07-21
16.03352165222168,2022-07-22
16.36963653564453,2022-07-25
16.35146713256836,2022-07-26
16.405969619750977,2022-07-27
16.387805938720703,2022-07-28
16.598161697387695,2022-07-29
16.515127182006836,2022-08-01
16.450542449951172,2022-08-02
16.432090759277344,2022-08-03
15.961546897888184,2022-08-04
16.11839485168457,2022-08-05
16.312149047851562,2022-08-08
16.644296646118164,2022-08-09
16.73655891418457,2022-08-10
17.151744842529297,2022-08-11
17.244009017944336,2022-08-12
17.133291244506836,2022-08-15
17.20709991455078,2022-08-16
17.133291244506836,2022-08-17
17.465438842773438,2022-08-18
17.271684646606445,2022-08-19
17.124065399169922,2022-08-22
17.42853546142578,2022-08-23
17.714550018310547,2022-08-24
17.769908905029297,2022-08-25
17.520795822143555,2022-08-26
17.47466468811035,2022-08-29
17.05025291442871,2022-08-30
16.902633666992188,2022-08-31
16.764238357543945,2022-09-01
16.81037139892578,2022-09-02
16.395185470581055,2022-09-06
16.468996047973633,2022-09-07
16.63507080078125,2022-09-08
16.89340591430664,2022-09-09
17.290138244628906,2022-09-12
16.764238357543945,2022-09-13
17.096385955810547,2022-09-14
16.911861419677734,2022-09-15
16.468996047973633,2022-09-16
16.653522491455078,2022-09-19
16.515127182006836,2022-09-20
16.164527893066406,2022-09-21
15.980001449584961,2022-09-22
15.251120567321777,2022-09-23
14.845162391662598,2022-09-26
15.066593170166016,2022-09-27
15.53713607788086,2022-09-28
15.426420211791992,2022-09-29
15.352608680725098,2022-09-30
15.777022361755371,2022-10-03
16.30292320251465,2022-10-04
16.330602645874023,2022-10-05
16.044584274291992,2022-10-06
15.906189918518066,2022-10-07
15.74934196472168,2022-10-10
15.832377433776855,2022-10-11
15.730889320373535,2022-10-12
16.27524185180664,2022-10-13
15.860057830810547,2022-10-14
16.146076202392578,2022-10-17
16.395185470581055,2022-10-18
16.598161697387695,2022-10-19
15.795475006103516,2022-10-20
16.164527893066406,2022-10-21
15.943096160888672,2022-10-24
16.155298233032227,2022-10-25
16.358280181884766,2022-10-26
16.598161697387695,2022-10-27
16.65251922607422,2022-10-28
16.98050880432129,2022-10-31
17.092960357666016,2022-11-01
16.774341583251953,2022-11-02
16.905540466308594,2022-11-03
17.027362823486328,2022-11-04
17.102331161499023,2022-11-07
17.158559799194336,2022-11-08
16.47446632385254,2022-11-09
17.055477142333984,2022-11-10
17.51466178894043,2022-11-11
17.364723205566406,2022-11-14
17.486547470092773,2022-11-15
17.252269744873047,2022-11-16
17.149187088012695,2022-11-17
17.261642456054688,2022-11-18
17.130447387695312,2022-11-21
17.542774200439453,2022-11-22
17.477176666259766,2022-11-23
17.458433151245117,2022-11-25
17.29912567138672,2022-11-28
17.69271469116211,2022-11-29
17.917621612548828,2022-11-30
17.945735931396484,2022-12-01
17.80516815185547,2022-12-02
17.392837524414062,2022-12-05
16.961763381958008,2022-12-06
16.905540466308594,2022-12-07
16.65251922607422,2022-12-08
16.352642059326172,2022-12-09
16.699371337890625,2022-12-12
17.06484603881836,2022-12-13
16.97113609313965,2022-12-14
16.830568313598633,2022-12-15
16.57754898071289,2022-12-16
16.40886688232422,2022-12-19
16.502578735351562,2022-12-20
16.755599975585938,2022-12-21
16.624404907226562,2022-12-22
16.999250411987305,2022-12-23
17.11170196533203,2022-12-27
16.80245590209961,2022-12-28
17.008621215820312,2022-12-29
16.943021774291992,2022-12-30
16.877426147460938,2023-01-03
17.083589553833008,2023-01-04
17.06484603881836,2023-01-05
17.411579132080078,2023-01-06
17.533403396606445,2023-01-09
17.5615177154541,2023-01-10
17.5990047454834,2023-01-11
17.702085494995117,2023-01-12
17.664600372314453,2023-01-13
17.636486053466797,2023-01-17
17.205415725708008,2023-01-18
17.570890426635742,2023-01-19
17.467805862426758,2023-01-20
17.58026123046875,2023-01-23
17.402210235595703,2023-01-24
17.28975486755371,2023-01-25
17.439693450927734,2023-01-26
17.486547470092773,2023-01-27
17.161209106445312,2023-01-30
17.40854263305664,2023-01-31
17.475133895874023,2023-02-01
17.551237106323242,2023-02-02
17.38951873779297,2023-02-03
17.28487777709961,2023-02-06
17.38951873779297,2023-02-07
17.332439422607422,2023-02-08
17.113643646240234,2023-02-09
17.465621948242188,2023-02-10
17.494159698486328,2023-02-13
17.41805648803711,2023-02-14
17.30390167236328,2023-02-15
17.208772659301758,2023-02-16
16.866310119628906,2023-02-17
16.50482177734375,2023-02-21
16.47628402709961,2023-02-22
16.628488540649414,2023-02-23
16.590436935424805,2023-02-24
16.514333724975586,2023-02-27
16.228946685791016,2023-02-28
16.419206619262695,2023-03-01
16.60946273803711,2023-03-02
16.79020881652832,2023-03-03
16.761669158935547,2023-03-06
16.50482177734375,2023-03-07
16.47628402709961,2023-03-08
16.305049896240234,2023-03-09
15.953076362609863,2023-03-10
16.029178619384766,2023-03-13
16.11479377746582,2023-03-14
15.772329330444336,2023-03-15
15.743791580200195,2023-03-16
15.486945152282715,2023-03-17
15.72476577758789,2023-03-20
16.000638961791992,2023-03-21
15.810382843017578,2023-03-22
15.591585159301758,2023-03-23
15.972101211547852,2023-03-24
16.067228317260742,2023-03-27
16.228946685791016,2023-03-28
16.409692764282227,2023-03-29
16.457256317138672,2023-03-30
16.657028198242188,2023-03-31
16.799718856811523,2023-04-03
16.628488540649414,2023-04-04
16.84728240966797,2023-04-05
16.84728240966797,2023-04-06
16.88533592224121,2023-04-10
17.018516540527344,2023-04-11
16.95192527770996,2023-04-12
16.904361724853516,2023-04-13
16.942413330078125,2023-04-14
16.913875579833984,2023-04-17
16.8377742767334,2023-04-18
16.74264144897461,2023-04-19
16.50482177734375,2023-04-20
16.523849487304688,2023-04-21
16.761669158935547,2023-04-24
16.56189727783203,2023-04-25
16.371641159057617,2023-04-26
16.47628402709961,2023-04-27
16.58556365966797,2023-04-28
16.53721046447754,2023-05-01
16.131032943725586,2023-05-02
16.01498031616211,2023-05-03
16.092348098754883,2023-05-04
16.479185104370117,2023-05-05
16.343791961669922,2023-05-08
16.29543685913086,2023-05-09
16.23741340637207,2023-05-10
16.150373458862305,2023-05-11
16.247081756591797,2023-05-12
16.150373458862305,2023-05-15
15.763537406921387,2023-05-16
15.908601760864258,2023-05-17
15.976298332214355,2023-05-18
15.976298332214355,2023-05-19
15.985968589782715,2023-05-22
15.995640754699707,2023-05-23
15.956955909729004,2023-05-24
15.68617057800293,2023-05-25
15.676499366760254,2023-05-26
15.618474960327148,2023-05-30
15.579792022705078,2023-05-31
15.724855422973633,2023-06-01
16.198728561401367,2023-06-02
16.20840072631836,2023-06-05
16.29543685913086,2023-06-06
16.662931442260742,2023-06-07
16.749967575073242,2023-06-08
16.469512939453125,2023-06-09
16.33411979675293,2023-06-12
16.469512939453125,2023-06-13
16.343791961669922,2023-06-14
16.450172424316406,2023-06-15
16.479185104370117,2023-06-16
16.111690521240234,2023-06-20
16.092348098754883,2023-06-21
15.947285652160645,2023-06-22
15.782880783081055,2023-06-23
15.995640754699707,2023-06-26
16.247081756591797,2023-06-27
16.450172424316406,2023-06-28
16.6339168548584,2023-06-29
16.65325927734375,2023-06-30
16.68227195739746,2023-07-03
16.517866134643555,2023-07-05
16.30510711669922,2023-07-06
16.36313247680664,2023-07-07
16.39214515686035,2023-07-10
16.68227195739746,2023-07-11
16.96272850036621,2023-07-12
17.020753860473633,2023-07-13
16.643587112426758,2023-07-14
16.566221237182617,2023-07-17
16.711284637451172,2023-07-18
16.720956802368164,2023-07-19
17.05943489074707,2023-07-20
17.214168548583984,2023-07-21
17.513967514038086,2023-07-24
17.465614318847656,2023-07-25
17.359235763549805,2023-07-26
17.214168548583984,2023-07-27
17.266254425048828,2023-07-28
17.403833389282227,2023-07-31
17.256427764892578,2023-08-01
17.059885025024414,2023-08-02
17.15815544128418,2023-08-03
17.059885025024414,2023-08-04
17.079538345336914,2023-08-07
17.177810668945312,2023-08-08
17.246599197387695,2023-08-09
17.236774444580078,2023-08-10
17.472625732421875,2023-08-11
17.364526748657227,2023-08-14
17.059885025024414,2023-08-15
16.912477493286133,2023-08-16
17.040231704711914,2023-08-17
17.12867546081543,2023-08-18
17.059885025024414,2023-08-21
16.951786041259766,2023-08-22
16.96161460876465,2023-08-23
16.932132720947266,2023-08-24
17.040231704711914,2023-08-25
17.059885025024414,2023-08-28
17.148330688476562,2023-08-29
17.13850212097168,2023-08-30
16.922304153442383,2023-08-31
16.843687057495117,2023-09-01
16.774898529052734,2023-09-05
16.342504501342773,2023-09-06
16.30319595336914,2023-09-07
16.509565353393555,2023-09-08
16.381813049316406,2023-09-11
16.833860397338867,2023-09-12
16.86334228515625,2023-09-13
17.0107479095459,2023-09-14
16.774898529052734,2023-09-15
16.72576332092285,2023-09-18
16.637319564819336,2023-09-19
16.56852912902832,2023-09-20
16.273714065551758,2023-09-21
16.313024520874023,2023-09-22
16.460430145263672,2023-09-25
16.185270309448242,2023-09-26
16.371986389160156,2023-09-27
16.381813049316406,2023-09-28
16.29336929321289,2023-09-29
15.880630493164062,2023-10-02
15.821667671203613,2023-10-03
15.752878189086914,2023-10-04
15.880630493164062,2023-10-05
15.978901863098145,2023-10-06
16.470258712768555,2023-10-09
16.529220581054688,2023-10-10
16.55870246887207,2023-10-11
16.617664337158203,2023-10-12
16.814207077026367,2023-10-13
16.98126792907715,2023-10-16
17.03040313720703,2023-10-17
16.843687057495117,2023-10-18
16.7159366607666,2023-10-19
16.69628143310547,2023-10-20
16.68645477294922,2023-10-23
16.55870246887207,2023-10-24
16.499740600585938,2023-10-25
16.41129493713379,2023-10-26
16.086999893188477,2023-10-27
16.1299991607666,2023-10-30
16.200000762939453,2023-10-31
16.350000381469727,2023-11-01
16.899999618530273,2023-11-02
16.8700008392334,2023-11-03
16.670000076293945,2023-11-06
16.549999237060547,2023-11-07
16.34000015258789,2023-11-08
16.209999084472656,2023-11-09
16.440000534057617,2023-11-10
16.520000457763672,2023-11-13
16.799999237060547,2023-11-14
16.920000076293945,2023-11-15
16.81999969482422,2023-11-16
16.959999084472656,2023-11-17
16.940000534057617,2023-11-20
17.1200008392334,2023-11-21
17.290000915527344,2023-11-22
17.350000381469727,2023-11-24
17.309999465942383,2023-11-27
17.290000915527344,2023-11-28
17.31999969482422,2023-11-29
17.56999969482422,2023-11-30
17.75,2023-12-01
17.850000381469727,2023-12-04
17.5,2023-12-05
17.530000686645508,2023-12-06
17.5,2023-12-07
17.700000762939453,2023-12-08
17.56999969482422,2023-12-11
17.219999313354492,2023-12-12
