NCLH,Date
24.790000915527344,2013-01-18
26.950000762939453,2013-01-22
27.489999771118164,2013-01-23
27.350000381469727,2013-01-24
27.350000381469727,2013-01-25
27.760000228881836,2013-01-28
27.110000610351562,2013-01-29
26.290000915527344,2013-01-30
26.3700008392334,2013-01-31
27.649999618530273,2013-02-01
28.40999984741211,2013-02-04
28.540000915527344,2013-02-05
27.979999542236328,2013-02-06
27.549999237060547,2013-02-07
27.90999984741211,2013-02-08
27.68000030517578,2013-02-11
28.31999969482422,2013-02-12
28.920000076293945,2013-02-13
29.25,2013-02-14
30.270000457763672,2013-02-15
31.190000534057617,2013-02-19
30.799999237060547,2013-02-20
30.469999313354492,2013-02-21
29.989999771118164,2013-02-22
30.780000686645508,2013-02-25
30.209999084472656,2013-02-26
30.260000228881836,2013-02-27
30.979999542236328,2013-02-28
30.989999771118164,2013-03-01
30.450000762939453,2013-03-04
30.030000686645508,2013-03-05
30.020000457763672,2013-03-06
30.290000915527344,2013-03-07
30.299999237060547,2013-03-08
30.65999984741211,2013-03-11
30.850000381469727,2013-03-12
30.780000686645508,2013-03-13
30.0,2013-03-14
29.81999969482422,2013-03-15
30.290000915527344,2013-03-18
30.260000228881836,2013-03-19
30.5,2013-03-20
30.030000686645508,2013-03-21
30.18000030517578,2013-03-22
29.479999542236328,2013-03-25
29.540000915527344,2013-03-26
30.149999618530273,2013-03-27
29.649999618530273,2013-03-28
29.93000030517578,2013-04-01
29.920000076293945,2013-04-02
29.190000534057617,2013-04-03
29.270000457763672,2013-04-04
29.299999237060547,2013-04-05
29.989999771118164,2013-04-08
30.34000015258789,2013-04-09
30.530000686645508,2013-04-10
30.639999389648438,2013-04-11
30.5,2013-04-12
30.06999969482422,2013-04-15
30.0,2013-04-16
29.549999237060547,2013-04-17
29.34000015258789,2013-04-18
29.43000030517578,2013-04-19
29.3799991607666,2013-04-22
29.34000015258789,2013-04-23
28.899999618530273,2013-04-24
30.059999465942383,2013-04-25
30.389999389648438,2013-04-26
30.360000610351562,2013-04-29
31.010000228881836,2013-04-30
31.09000015258789,2013-05-01
31.360000610351562,2013-05-02
31.530000686645508,2013-05-03
31.81999969482422,2013-05-06
31.65999984741211,2013-05-07
31.899999618530273,2013-05-08
31.709999084472656,2013-05-09
31.010000228881836,2013-05-10
30.459999084472656,2013-05-13
30.760000228881836,2013-05-14
31.360000610351562,2013-05-15
31.420000076293945,2013-05-16
31.559999465942383,2013-05-17
32.029998779296875,2013-05-20
32.0,2013-05-21
31.799999237060547,2013-05-22
31.959999084472656,2013-05-23
32.150001525878906,2013-05-24
31.75,2013-05-28
31.56999969482422,2013-05-29
30.81999969482422,2013-05-30
30.75,2013-05-31
31.350000381469727,2013-06-03
31.40999984741211,2013-06-04
30.850000381469727,2013-06-05
30.790000915527344,2013-06-06
31.239999771118164,2013-06-07
31.170000076293945,2013-06-10
31.649999618530273,2013-06-11
31.110000610351562,2013-06-12
31.079999923706055,2013-06-13
31.280000686645508,2013-06-14
31.190000534057617,2013-06-17
31.549999237060547,2013-06-18
31.299999237060547,2013-06-19
31.280000686645508,2013-06-20
29.719999313354492,2013-06-21
28.270000457763672,2013-06-24
28.760000228881836,2013-06-25
29.43000030517578,2013-06-26
30.030000686645508,2013-06-27
30.309999465942383,2013-06-28
30.950000762939453,2013-07-01
30.479999542236328,2013-07-02
30.59000015258789,2013-07-03
31.649999618530273,2013-07-05
31.790000915527344,2013-07-08
31.760000228881836,2013-07-09
31.5,2013-07-10
31.43000030517578,2013-07-11
31.530000686645508,2013-07-12
31.3799991607666,2013-07-15
31.399999618530273,2013-07-16
31.350000381469727,2013-07-17
31.3700008392334,2013-07-18
31.200000762939453,2013-07-19
31.299999237060547,2013-07-22
31.1299991607666,2013-07-23
30.719999313354492,2013-07-24
30.270000457763672,2013-07-25
30.969999313354492,2013-07-26
30.260000228881836,2013-07-29
29.760000228881836,2013-07-30
30.309999465942383,2013-07-31
30.25,2013-08-01
30.59000015258789,2013-08-02
30.739999771118164,2013-08-05
30.260000228881836,2013-08-06
30.18000030517578,2013-08-07
30.049999237060547,2013-08-08
31.020000457763672,2013-08-09
31.600000381469727,2013-08-12
32.220001220703125,2013-08-13
32.439998626708984,2013-08-14
32.790000915527344,2013-08-15
31.969999313354492,2013-08-16
31.459999084472656,2013-08-19
31.459999084472656,2013-08-20
31.799999237060547,2013-08-21
32.41999816894531,2013-08-22
31.780000686645508,2013-08-23
31.690000534057617,2013-08-26
31.209999084472656,2013-08-27
31.100000381469727,2013-08-28
31.209999084472656,2013-08-29
31.09000015258789,2013-08-30
31.459999084472656,2013-09-03
31.15999984741211,2013-09-04
31.149999618530273,2013-09-05
31.309999465942383,2013-09-06
31.190000534057617,2013-09-09
31.75,2013-09-10
31.799999237060547,2013-09-11
31.8799991607666,2013-09-12
32.56999969482422,2013-09-13
32.29999923706055,2013-09-16
33.18000030517578,2013-09-17
33.060001373291016,2013-09-18
33.189998626708984,2013-09-19
33.04999923706055,2013-09-20
32.84000015258789,2013-09-23
31.940000534057617,2013-09-24
31.649999618530273,2013-09-25
31.270000457763672,2013-09-26
31.020000457763672,2013-09-27
30.850000381469727,2013-09-30
30.829999923706055,2013-10-01
31.34000015258789,2013-10-02
30.540000915527344,2013-10-03
31.25,2013-10-04
30.850000381469727,2013-10-07
30.200000762939453,2013-10-08
30.31999969482422,2013-10-09
30.889999389648438,2013-10-10
30.739999771118164,2013-10-11
30.479999542236328,2013-10-14
30.15999984741211,2013-10-15
29.93000030517578,2013-10-16
29.809999465942383,2013-10-17
30.059999465942383,2013-10-18
31.219999313354492,2013-10-21
31.989999771118164,2013-10-22
32.349998474121094,2013-10-23
32.869998931884766,2013-10-24
32.439998626708984,2013-10-25
32.060001373291016,2013-10-28
32.22999954223633,2013-10-29
32.119998931884766,2013-10-30
32.02000045776367,2013-10-31
32.279998779296875,2013-11-01
32.720001220703125,2013-11-04
31.860000610351562,2013-11-05
32.2400016784668,2013-11-06
31.309999465942383,2013-11-07
31.420000076293945,2013-11-08
32.099998474121094,2013-11-11
31.969999313354492,2013-11-12
32.09000015258789,2013-11-13
31.90999984741211,2013-11-14
33.06999969482422,2013-11-15
33.130001068115234,2013-11-18
32.869998931884766,2013-11-19
32.75,2013-11-20
33.20000076293945,2013-11-21
33.56999969482422,2013-11-22
33.54999923706055,2013-11-25
33.9900016784668,2013-11-26
34.36000061035156,2013-11-27
34.099998474121094,2013-11-29
34.119998931884766,2013-12-02
33.54999923706055,2013-12-03
33.2400016784668,2013-12-04
33.0,2013-12-05
33.52000045776367,2013-12-06
33.560001373291016,2013-12-09
33.2400016784668,2013-12-10
33.0,2013-12-11
32.11000061035156,2013-12-12
31.649999618530273,2013-12-13
32.290000915527344,2013-12-16
32.13999938964844,2013-12-17
31.899999618530273,2013-12-18
33.15999984741211,2013-12-19
34.52000045776367,2013-12-20
34.75,2013-12-23
35.099998474121094,2013-12-24
35.060001373291016,2013-12-26
35.119998931884766,2013-12-27
35.25,2013-12-30
35.470001220703125,2013-12-31
34.63999938964844,2014-01-02
34.63999938964844,2014-01-03
33.959999084472656,2014-01-06
33.880001068115234,2014-01-07
34.31999969482422,2014-01-08
34.720001220703125,2014-01-09
35.25,2014-01-10
34.84000015258789,2014-01-13
35.849998474121094,2014-01-14
36.88999938964844,2014-01-15
36.90999984741211,2014-01-16
36.540000915527344,2014-01-17
36.220001220703125,2014-01-21
36.70000076293945,2014-01-22
36.040000915527344,2014-01-23
35.2599983215332,2014-01-24
34.7400016784668,2014-01-27
34.880001068115234,2014-01-28
34.439998626708984,2014-01-29
35.060001373291016,2014-01-30
35.02000045776367,2014-01-31
34.400001525878906,2014-02-03
34.209999084472656,2014-02-04
34.43000030517578,2014-02-05
35.08000183105469,2014-02-06
35.209999084472656,2014-02-07
35.619998931884766,2014-02-10
36.25,2014-02-11
35.88999938964844,2014-02-12
34.70000076293945,2014-02-13
35.16999816894531,2014-02-14
33.560001373291016,2014-02-18
33.349998474121094,2014-02-19
33.790000915527344,2014-02-20
34.27000045776367,2014-02-21
34.11000061035156,2014-02-24
33.630001068115234,2014-02-25
32.83000183105469,2014-02-26
33.34000015258789,2014-02-27
34.27000045776367,2014-02-28
33.68000030517578,2014-03-03
33.83000183105469,2014-03-04
32.90999984741211,2014-03-05
33.18000030517578,2014-03-06
33.369998931884766,2014-03-07
32.90999984741211,2014-03-10
33.06999969482422,2014-03-11
32.83000183105469,2014-03-12
32.0,2014-03-13
31.729999542236328,2014-03-14
32.20000076293945,2014-03-17
32.709999084472656,2014-03-18
32.7400016784668,2014-03-19
33.349998474121094,2014-03-20
33.4900016784668,2014-03-21
33.279998779296875,2014-03-24
33.099998474121094,2014-03-25
32.849998474121094,2014-03-26
32.59000015258789,2014-03-27
31.84000015258789,2014-03-28
32.27000045776367,2014-03-31
33.189998626708984,2014-04-01
33.25,2014-04-02
33.279998779296875,2014-04-03
32.56999969482422,2014-04-04
31.25,2014-04-07
31.43000030517578,2014-04-08
31.700000762939453,2014-04-09
31.030000686645508,2014-04-10
29.850000381469727,2014-04-11
29.90999984741211,2014-04-14
29.649999618530273,2014-04-15
29.809999465942383,2014-04-16
30.719999313354492,2014-04-17
30.299999237060547,2014-04-21
30.790000915527344,2014-04-22
30.84000015258789,2014-04-23
31.010000228881836,2014-04-24
30.969999313354492,2014-04-25
31.670000076293945,2014-04-28
32.939998626708984,2014-04-29
32.77000045776367,2014-04-30
32.459999084472656,2014-05-01
32.5,2014-05-02
32.040000915527344,2014-05-05
31.860000610351562,2014-05-06
31.889999389648438,2014-05-07
31.790000915527344,2014-05-08
31.459999084472656,2014-05-09
32.380001068115234,2014-05-12
32.52000045776367,2014-05-13
32.40999984741211,2014-05-14
32.650001525878906,2014-05-15
32.75,2014-05-16
33.18000030517578,2014-05-19
33.16999816894531,2014-05-20
33.77000045776367,2014-05-21
33.7599983215332,2014-05-22
33.970001220703125,2014-05-23
33.70000076293945,2014-05-27
33.2400016784668,2014-05-28
33.349998474121094,2014-05-29
33.75,2014-05-30
33.900001525878906,2014-06-02
34.02000045776367,2014-06-03
34.09000015258789,2014-06-04
34.029998779296875,2014-06-05
33.7599983215332,2014-06-06
33.68000030517578,2014-06-09
33.54999923706055,2014-06-10
33.650001525878906,2014-06-11
32.91999816894531,2014-06-12
32.86000061035156,2014-06-13
31.899999618530273,2014-06-16
32.029998779296875,2014-06-17
31.93000030517578,2014-06-18
31.90999984741211,2014-06-19
31.989999771118164,2014-06-20
32.41999816894531,2014-06-23
32.13999938964844,2014-06-24
32.040000915527344,2014-06-25
31.989999771118164,2014-06-26
31.450000762939453,2014-06-27
31.700000762939453,2014-06-30
31.899999618530273,2014-07-01
31.940000534057617,2014-07-02
32.47999954223633,2014-07-03
32.380001068115234,2014-07-07
32.20000076293945,2014-07-08
32.65999984741211,2014-07-09
32.7400016784668,2014-07-10
32.95000076293945,2014-07-11
32.720001220703125,2014-07-14
32.310001373291016,2014-07-15
32.36000061035156,2014-07-16
31.979999542236328,2014-07-17
32.290000915527344,2014-07-18
31.889999389648438,2014-07-21
32.18000030517578,2014-07-22
32.060001373291016,2014-07-23
32.540000915527344,2014-07-24
32.400001525878906,2014-07-25
32.7599983215332,2014-07-28
33.529998779296875,2014-07-29
33.04999923706055,2014-07-30
32.779998779296875,2014-07-31
32.970001220703125,2014-08-01
32.959999084472656,2014-08-04
32.43000030517578,2014-08-05
31.8799991607666,2014-08-06
31.790000915527344,2014-08-07
31.75,2014-08-08
32.18000030517578,2014-08-11
32.33000183105469,2014-08-12
32.20000076293945,2014-08-13
32.84000015258789,2014-08-14
33.560001373291016,2014-08-15
33.68000030517578,2014-08-18
33.4900016784668,2014-08-19
33.790000915527344,2014-08-20
33.7400016784668,2014-08-21
33.790000915527344,2014-08-22
33.790000915527344,2014-08-25
33.790000915527344,2014-08-26
33.70000076293945,2014-08-27
33.189998626708984,2014-08-28
33.310001373291016,2014-08-29
36.9900016784668,2014-09-02
36.939998626708984,2014-09-03
36.25,2014-09-04
36.099998474121094,2014-09-05
36.099998474121094,2014-09-08
36.060001373291016,2014-09-09
36.310001373291016,2014-09-10
36.5,2014-09-11
36.619998931884766,2014-09-12
36.439998626708984,2014-09-15
36.43000030517578,2014-09-16
36.68000030517578,2014-09-17
36.95000076293945,2014-09-18
36.77000045776367,2014-09-19
36.790000915527344,2014-09-22
36.849998474121094,2014-09-23
36.540000915527344,2014-09-24
35.880001068115234,2014-09-25
36.58000183105469,2014-09-26
36.220001220703125,2014-09-29
36.02000045776367,2014-09-30
35.16999816894531,2014-10-01
35.029998779296875,2014-10-02
35.79999923706055,2014-10-03
35.599998474121094,2014-10-06
34.599998474121094,2014-10-07
34.970001220703125,2014-10-08
33.9900016784668,2014-10-09
33.72999954223633,2014-10-10
31.969999313354492,2014-10-13
32.04999923706055,2014-10-14
31.06999969482422,2014-10-15
31.299999237060547,2014-10-16
32.02000045776367,2014-10-17
32.90999984741211,2014-10-20
34.15999984741211,2014-10-21
34.63999938964844,2014-10-22
34.2599983215332,2014-10-23
35.02000045776367,2014-10-24
35.31999969482422,2014-10-27
36.22999954223633,2014-10-28
36.65999984741211,2014-10-29
38.439998626708984,2014-10-30
39.0,2014-10-31
39.06999969482422,2014-11-03
38.400001525878906,2014-11-04
39.029998779296875,2014-11-05
38.97999954223633,2014-11-06
38.9900016784668,2014-11-07
39.349998474121094,2014-11-10
39.900001525878906,2014-11-11
40.349998474121094,2014-11-12
40.5,2014-11-13
41.59000015258789,2014-11-14
41.310001373291016,2014-11-17
41.77000045776367,2014-11-18
41.790000915527344,2014-11-19
41.709999084472656,2014-11-20
41.83000183105469,2014-11-21
42.20000076293945,2014-11-24
42.15999984741211,2014-11-25
42.150001525878906,2014-11-26
43.88999938964844,2014-11-28
42.65999984741211,2014-12-01
44.13999938964844,2014-12-02
44.34000015258789,2014-12-03
44.959999084472656,2014-12-04
45.47999954223633,2014-12-05
44.95000076293945,2014-12-08
44.70000076293945,2014-12-09
44.599998474121094,2014-12-10
43.72999954223633,2014-12-11
43.790000915527344,2014-12-12
43.7400016784668,2014-12-15
43.7599983215332,2014-12-16
45.7599983215332,2014-12-17
45.95000076293945,2014-12-18
46.86000061035156,2014-12-19
46.66999816894531,2014-12-22
47.5099983215332,2014-12-23
47.65999984741211,2014-12-24
47.47999954223633,2014-12-26
48.029998779296875,2014-12-29
46.86000061035156,2014-12-30
46.7599983215332,2014-12-31
46.70000076293945,2015-01-02
46.029998779296875,2015-01-05
45.61000061035156,2015-01-06
46.209999084472656,2015-01-07
46.68000030517578,2015-01-08
45.20000076293945,2015-01-09
45.31999969482422,2015-01-12
45.63999938964844,2015-01-13
45.040000915527344,2015-01-14
44.68000030517578,2015-01-15
44.849998474121094,2015-01-16
45.0,2015-01-20
44.9900016784668,2015-01-21
45.79999923706055,2015-01-22
45.70000076293945,2015-01-23
46.04999923706055,2015-01-26
45.599998474121094,2015-01-27
44.90999984741211,2015-01-28
44.209999084472656,2015-01-29
43.7599983215332,2015-01-30
43.33000183105469,2015-02-02
43.9900016784668,2015-02-03
43.72999954223633,2015-02-04
44.150001525878906,2015-02-05
43.849998474121094,2015-02-06
42.93000030517578,2015-02-09
44.119998931884766,2015-02-10
44.25,2015-02-11
44.380001068115234,2015-02-12
43.709999084472656,2015-02-13
43.400001525878906,2015-02-17
46.709999084472656,2015-02-18
48.40999984741211,2015-02-19
47.77000045776367,2015-02-20
47.86000061035156,2015-02-23
48.08000183105469,2015-02-24
48.91999816894531,2015-02-25
49.209999084472656,2015-02-26
49.31999969482422,2015-02-27
50.81999969482422,2015-03-02
50.36000061035156,2015-03-03
50.56999969482422,2015-03-04
51.31999969482422,2015-03-05
50.040000915527344,2015-03-06
50.869998931884766,2015-03-09
49.90999984741211,2015-03-10
49.900001525878906,2015-03-11
51.04999923706055,2015-03-12
50.709999084472656,2015-03-13
51.40999984741211,2015-03-16
51.79999923706055,2015-03-17
52.90999984741211,2015-03-18
53.61000061035156,2015-03-19
53.689998626708984,2015-03-20
52.630001068115234,2015-03-23
52.279998779296875,2015-03-24
51.150001525878906,2015-03-25
51.189998626708984,2015-03-26
53.81999969482422,2015-03-27
53.279998779296875,2015-03-30
54.0099983215332,2015-03-31
54.47999954223633,2015-04-01
54.459999084472656,2015-04-02
53.88999938964844,2015-04-06
53.150001525878906,2015-04-07
54.7599983215332,2015-04-08
54.810001373291016,2015-04-09
54.5099983215332,2015-04-10
53.779998779296875,2015-04-13
53.72999954223633,2015-04-14
53.029998779296875,2015-04-15
53.13999938964844,2015-04-16
52.209999084472656,2015-04-17
51.2599983215332,2015-04-20
51.47999954223633,2015-04-21
51.099998474121094,2015-04-22
51.65999984741211,2015-04-23
51.40999984741211,2015-04-24
50.20000076293945,2015-04-27
50.16999816894531,2015-04-28
49.0,2015-04-29
48.5099983215332,2015-04-30
49.27000045776367,2015-05-01
49.15999984741211,2015-05-04
48.369998931884766,2015-05-05
48.70000076293945,2015-05-06
52.22999954223633,2015-05-07
54.099998474121094,2015-05-08
53.22999954223633,2015-05-11
52.970001220703125,2015-05-12
52.68000030517578,2015-05-13
54.650001525878906,2015-05-14
55.36000061035156,2015-05-15
55.4900016784668,2015-05-18
57.29999923706055,2015-05-19
54.779998779296875,2015-05-20
54.68000030517578,2015-05-21
54.86000061035156,2015-05-22
54.540000915527344,2015-05-26
54.83000183105469,2015-05-27
54.75,2015-05-28
54.560001373291016,2015-05-29
54.7599983215332,2015-06-01
54.560001373291016,2015-06-02
55.36000061035156,2015-06-03
55.09000015258789,2015-06-04
55.130001068115234,2015-06-05
54.369998931884766,2015-06-08
54.83000183105469,2015-06-09
54.7400016784668,2015-06-10
54.95000076293945,2015-06-11
54.91999816894531,2015-06-12
54.70000076293945,2015-06-15
54.9900016784668,2015-06-16
55.31999969482422,2015-06-17
56.09000015258789,2015-06-18
55.97999954223633,2015-06-19
56.77000045776367,2015-06-22
56.470001220703125,2015-06-23
56.63999938964844,2015-06-24
56.59000015258789,2015-06-25
56.599998474121094,2015-06-26
55.400001525878906,2015-06-29
56.040000915527344,2015-06-30
56.189998626708984,2015-07-01
55.4900016784668,2015-07-02
55.34000015258789,2015-07-06
56.540000915527344,2015-07-07
55.790000915527344,2015-07-08
55.47999954223633,2015-07-09
57.650001525878906,2015-07-10
58.5,2015-07-13
59.220001220703125,2015-07-14
58.7400016784668,2015-07-15
59.189998626708984,2015-07-16
59.0,2015-07-17
59.130001068115234,2015-07-20
59.290000915527344,2015-07-21
59.88999938964844,2015-07-22
59.84000015258789,2015-07-23
58.77000045776367,2015-07-24
58.119998931884766,2015-07-27
58.43000030517578,2015-07-28
59.880001068115234,2015-07-29
59.689998626708984,2015-07-30
62.41999816894531,2015-07-31
62.0,2015-08-03
59.43000030517578,2015-08-04
61.18000030517578,2015-08-05
60.13999938964844,2015-08-06
61.060001373291016,2015-08-07
61.41999816894531,2015-08-10
59.380001068115234,2015-08-11
58.45000076293945,2015-08-12
59.38999938964844,2015-08-13
59.400001525878906,2015-08-14
60.119998931884766,2015-08-17
60.029998779296875,2015-08-18
59.720001220703125,2015-08-19
57.0,2015-08-20
56.099998474121094,2015-08-21
54.93000030517578,2015-08-24
54.790000915527344,2015-08-25
56.86000061035156,2015-08-26
57.7599983215332,2015-08-27
57.7400016784668,2015-08-28
57.599998474121094,2015-08-31
55.95000076293945,2015-09-01
57.400001525878906,2015-09-02
57.599998474121094,2015-09-03
57.189998626708984,2015-09-04
58.84000015258789,2015-09-08
59.75,2015-09-09
59.77000045776367,2015-09-10
60.93000030517578,2015-09-11
61.400001525878906,2015-09-14
61.810001373291016,2015-09-15
62.29999923706055,2015-09-16
62.099998474121094,2015-09-17
61.36000061035156,2015-09-18
62.31999969482422,2015-09-21
60.209999084472656,2015-09-22
62.20000076293945,2015-09-23
61.459999084472656,2015-09-24
60.68000030517578,2015-09-25
57.4900016784668,2015-09-28
56.08000183105469,2015-09-29
57.29999923706055,2015-09-30
57.34000015258789,2015-10-01
58.459999084472656,2015-10-02
58.97999954223633,2015-10-05
56.849998474121094,2015-10-06
57.099998474121094,2015-10-07
57.11000061035156,2015-10-08
57.95000076293945,2015-10-09
59.790000915527344,2015-10-12
59.349998474121094,2015-10-13
56.81999969482422,2015-10-14
60.45000076293945,2015-10-15
60.0,2015-10-16
61.0,2015-10-19
60.84000015258789,2015-10-20
60.20000076293945,2015-10-21
60.900001525878906,2015-10-22
62.2400016784668,2015-10-23
63.22999954223633,2015-10-26
63.630001068115234,2015-10-27
62.470001220703125,2015-10-28
63.369998931884766,2015-10-29
63.619998931884766,2015-10-30
63.7599983215332,2015-11-02
60.54999923706055,2015-11-03
58.939998626708984,2015-11-04
59.709999084472656,2015-11-05
60.560001373291016,2015-11-06
58.75,2015-11-09
58.4900016784668,2015-11-10
58.25,2015-11-11
57.09000015258789,2015-11-12
55.20000076293945,2015-11-13
54.33000183105469,2015-11-16
54.86000061035156,2015-11-17
55.72999954223633,2015-11-18
56.86000061035156,2015-11-19
57.130001068115234,2015-11-20
58.29999923706055,2015-11-23
57.22999954223633,2015-11-24
57.529998779296875,2015-11-25
57.81999969482422,2015-11-27
57.439998626708984,2015-11-30
58.70000076293945,2015-12-01
57.93000030517578,2015-12-02
57.290000915527344,2015-12-03
58.27000045776367,2015-12-04
58.7599983215332,2015-12-07
58.61000061035156,2015-12-08
57.029998779296875,2015-12-09
58.529998779296875,2015-12-10
58.470001220703125,2015-12-11
59.459999084472656,2015-12-14
58.5,2015-12-15
59.790000915527344,2015-12-16
57.11000061035156,2015-12-17
56.86000061035156,2015-12-18
59.040000915527344,2015-12-21
58.84000015258789,2015-12-22
58.470001220703125,2015-12-23
58.61000061035156,2015-12-24
58.02000045776367,2015-12-28
59.529998779296875,2015-12-29
59.5099983215332,2015-12-30
58.599998474121094,2015-12-31
57.9900016784668,2016-01-04
57.709999084472656,2016-01-05
56.970001220703125,2016-01-06
55.720001220703125,2016-01-07
55.06999969482422,2016-01-08
56.0,2016-01-11
55.849998474121094,2016-01-12
52.310001373291016,2016-01-13
50.79999923706055,2016-01-14
47.81999969482422,2016-01-15
47.20000076293945,2016-01-19
47.279998779296875,2016-01-20
47.900001525878906,2016-01-21
47.97999954223633,2016-01-22
47.31999969482422,2016-01-25
48.61000061035156,2016-01-26
45.22999954223633,2016-01-27
42.459999084472656,2016-01-28
45.369998931884766,2016-01-29
47.060001373291016,2016-02-01
43.02000045776367,2016-02-02
41.959999084472656,2016-02-03
42.5,2016-02-04
39.459999084472656,2016-02-05
38.20000076293945,2016-02-08
39.18000030517578,2016-02-09
38.7400016784668,2016-02-10
39.0,2016-02-11
39.33000183105469,2016-02-12
40.560001373291016,2016-02-16
42.83000183105469,2016-02-17
41.849998474121094,2016-02-18
42.4900016784668,2016-02-19
44.08000183105469,2016-02-22
46.849998474121094,2016-02-23
47.900001525878906,2016-02-24
48.65999984741211,2016-02-25
49.63999938964844,2016-02-26
49.130001068115234,2016-02-29
50.310001373291016,2016-03-01
50.529998779296875,2016-03-02
50.0,2016-03-03
49.560001373291016,2016-03-04
49.68000030517578,2016-03-07
47.310001373291016,2016-03-08
47.59000015258789,2016-03-09
47.2599983215332,2016-03-10
48.869998931884766,2016-03-11
49.689998626708984,2016-03-14
48.40999984741211,2016-03-15
49.709999084472656,2016-03-16
51.41999816894531,2016-03-17
52.45000076293945,2016-03-18
52.709999084472656,2016-03-21
51.63999938964844,2016-03-22
49.77000045776367,2016-03-23
51.08000183105469,2016-03-24
51.349998474121094,2016-03-28
51.2599983215332,2016-03-29
54.18000030517578,2016-03-30
55.290000915527344,2016-03-31
54.52000045776367,2016-04-01
54.63999938964844,2016-04-04
53.959999084472656,2016-04-05
54.9900016784668,2016-04-06
53.790000915527344,2016-04-07
53.63999938964844,2016-04-08
53.529998779296875,2016-04-11
53.93000030517578,2016-04-12
55.15999984741211,2016-04-13
54.52000045776367,2016-04-14
53.08000183105469,2016-04-15
52.13999938964844,2016-04-18
51.5,2016-04-19
50.900001525878906,2016-04-20
49.970001220703125,2016-04-21
48.65999984741211,2016-04-22
49.310001373291016,2016-04-25
48.849998474121094,2016-04-26
49.79999923706055,2016-04-27
48.72999954223633,2016-04-28
48.88999938964844,2016-04-29
49.83000183105469,2016-05-02
50.13999938964844,2016-05-03
49.15999984741211,2016-05-04
48.880001068115234,2016-05-05
48.88999938964844,2016-05-06
49.25,2016-05-09
46.88999938964844,2016-05-10
46.68000030517578,2016-05-11
47.189998626708984,2016-05-12
46.380001068115234,2016-05-13
47.349998474121094,2016-05-16
47.22999954223633,2016-05-17
47.58000183105469,2016-05-18
46.38999938964844,2016-05-19
47.209999084472656,2016-05-20
46.7400016784668,2016-05-23
47.810001373291016,2016-05-24
46.56999969482422,2016-05-25
45.779998779296875,2016-05-26
47.09000015258789,2016-05-27
46.40999984741211,2016-05-31
46.59000015258789,2016-06-01
46.54999923706055,2016-06-02
45.72999954223633,2016-06-03
45.400001525878906,2016-06-06
45.90999984741211,2016-06-07
45.459999084472656,2016-06-08
45.61000061035156,2016-06-09
44.529998779296875,2016-06-10
43.83000183105469,2016-06-13
43.220001220703125,2016-06-14
43.36000061035156,2016-06-15
43.29999923706055,2016-06-16
43.380001068115234,2016-06-17
44.220001220703125,2016-06-20
44.459999084472656,2016-06-21
44.2400016784668,2016-06-22
44.22999954223633,2016-06-23
40.380001068115234,2016-06-24
38.209999084472656,2016-06-27
38.439998626708984,2016-06-28
39.279998779296875,2016-06-29
39.84000015258789,2016-06-30
41.060001373291016,2016-07-01
40.5099983215332,2016-07-05
40.29999923706055,2016-07-06
40.59000015258789,2016-07-07
42.060001373291016,2016-07-08
43.15999984741211,2016-07-11
44.54999923706055,2016-07-12
43.97999954223633,2016-07-13
42.77000045776367,2016-07-14
41.189998626708984,2016-07-15
41.15999984741211,2016-07-18
40.13999938964844,2016-07-19
41.189998626708984,2016-07-20
41.119998931884766,2016-07-21
41.11000061035156,2016-07-22
41.689998626708984,2016-07-25
41.869998931884766,2016-07-26
42.130001068115234,2016-07-27
42.959999084472656,2016-07-28
42.599998474121094,2016-07-29
42.459999084472656,2016-08-01
39.7599983215332,2016-08-02
40.45000076293945,2016-08-03
41.65999984741211,2016-08-04
43.099998474121094,2016-08-05
42.959999084472656,2016-08-08
37.90999984741211,2016-08-09
37.29999923706055,2016-08-10
38.779998779296875,2016-08-11
38.439998626708984,2016-08-12
38.369998931884766,2016-08-15
37.630001068115234,2016-08-16
38.65999984741211,2016-08-17
38.70000076293945,2016-08-18
38.209999084472656,2016-08-19
37.68000030517578,2016-08-22
37.68000030517578,2016-08-23
36.86000061035156,2016-08-24
36.18000030517578,2016-08-25
35.79999923706055,2016-08-26
35.52000045776367,2016-08-29
35.849998474121094,2016-08-30
35.88999938964844,2016-08-31
37.04999923706055,2016-09-01
35.61000061035156,2016-09-02
35.310001373291016,2016-09-06
34.970001220703125,2016-09-07
34.400001525878906,2016-09-08
34.5,2016-09-09
35.25,2016-09-12
35.290000915527344,2016-09-13
35.959999084472656,2016-09-14
36.2400016784668,2016-09-15
35.75,2016-09-16
35.34000015258789,2016-09-19
36.310001373291016,2016-09-20
36.29999923706055,2016-09-21
37.16999816894531,2016-09-22
37.41999816894531,2016-09-23
36.720001220703125,2016-09-26
37.689998626708984,2016-09-27
37.439998626708984,2016-09-28
37.15999984741211,2016-09-29
37.70000076293945,2016-09-30
37.779998779296875,2016-10-03
38.04999923706055,2016-10-04
38.2599983215332,2016-10-05
38.63999938964844,2016-10-06
38.459999084472656,2016-10-07
38.47999954223633,2016-10-10
37.95000076293945,2016-10-11
38.08000183105469,2016-10-12
37.790000915527344,2016-10-13
37.33000183105469,2016-10-14
37.470001220703125,2016-10-17
38.25,2016-10-18
38.11000061035156,2016-10-19
38.7400016784668,2016-10-20
37.9900016784668,2016-10-21
38.060001373291016,2016-10-24
37.72999954223633,2016-10-25
37.970001220703125,2016-10-26
35.709999084472656,2016-10-27
38.2400016784668,2016-10-28
38.869998931884766,2016-10-31
37.70000076293945,2016-11-01
37.4900016784668,2016-11-02
37.209999084472656,2016-11-03
37.0,2016-11-04
37.83000183105469,2016-11-07
39.130001068115234,2016-11-08
35.529998779296875,2016-11-09
37.970001220703125,2016-11-10
38.41999816894531,2016-11-11
41.34000015258789,2016-11-14
40.16999816894531,2016-11-15
39.56999969482422,2016-11-16
39.83000183105469,2016-11-17
39.68000030517578,2016-11-18
39.59000015258789,2016-11-21
40.25,2016-11-22
39.97999954223633,2016-11-23
40.58000183105469,2016-11-25
40.099998474121094,2016-11-28
40.709999084472656,2016-11-29
39.810001373291016,2016-11-30
38.849998474121094,2016-12-01
39.279998779296875,2016-12-02
40.63999938964844,2016-12-05
41.25,2016-12-06
42.65999984741211,2016-12-07
44.02000045776367,2016-12-08
44.5,2016-12-09
43.9900016784668,2016-12-12
43.900001525878906,2016-12-13
44.029998779296875,2016-12-14
45.13999938964844,2016-12-15
44.130001068115234,2016-12-16
43.060001373291016,2016-12-19
44.91999816894531,2016-12-20
44.93000030517578,2016-12-21
43.380001068115234,2016-12-22
43.5099983215332,2016-12-23
43.689998626708984,2016-12-27
42.93000030517578,2016-12-28
42.65999984741211,2016-12-29
42.529998779296875,2016-12-30
42.790000915527344,2017-01-03
44.77000045776367,2017-01-04
44.54999923706055,2017-01-05
44.25,2017-01-06
44.38999938964844,2017-01-09
45.220001220703125,2017-01-10
45.75,2017-01-11
45.349998474121094,2017-01-12
44.95000076293945,2017-01-13
44.7400016784668,2017-01-17
45.66999816894531,2017-01-18
45.619998931884766,2017-01-19
45.630001068115234,2017-01-20
46.0,2017-01-23
46.84000015258789,2017-01-24
48.09000015258789,2017-01-25
49.33000183105469,2017-01-26
49.02000045776367,2017-01-27
48.029998779296875,2017-01-30
47.0,2017-01-31
48.08000183105469,2017-02-01
47.65999984741211,2017-02-02
47.7400016784668,2017-02-03
47.52000045776367,2017-02-06
47.70000076293945,2017-02-07
47.86000061035156,2017-02-08
48.060001373291016,2017-02-09
47.79999923706055,2017-02-10
47.869998931884766,2017-02-13
47.77000045776367,2017-02-14
47.91999816894531,2017-02-15
47.630001068115234,2017-02-16
47.689998626708984,2017-02-17
48.20000076293945,2017-02-21
51.63999938964844,2017-02-22
50.68000030517578,2017-02-23
50.02000045776367,2017-02-24
50.77000045776367,2017-02-27
50.70000076293945,2017-02-28
51.04999923706055,2017-03-01
50.97999954223633,2017-03-02
50.11000061035156,2017-03-03
49.7599983215332,2017-03-06
49.41999816894531,2017-03-07
49.52000045776367,2017-03-08
49.91999816894531,2017-03-09
51.099998474121094,2017-03-10
51.31999969482422,2017-03-13
50.959999084472656,2017-03-14
51.40999984741211,2017-03-15
51.43000030517578,2017-03-16
51.310001373291016,2017-03-17
51.099998474121094,2017-03-20
50.0,2017-03-21
50.970001220703125,2017-03-22
51.11000061035156,2017-03-23
50.47999954223633,2017-03-24
51.02000045776367,2017-03-27
51.29999923706055,2017-03-28
50.86000061035156,2017-03-29
51.2400016784668,2017-03-30
50.72999954223633,2017-03-31
50.189998626708984,2017-04-03
49.7599983215332,2017-04-04
49.779998779296875,2017-04-05
49.90999984741211,2017-04-06
48.310001373291016,2017-04-07
48.540000915527344,2017-04-10
47.470001220703125,2017-04-11
47.849998474121094,2017-04-12
48.029998779296875,2017-04-13
48.959999084472656,2017-04-17
48.81999969482422,2017-04-18
49.209999084472656,2017-04-19
50.13999938964844,2017-04-20
50.130001068115234,2017-04-21
50.349998474121094,2017-04-24
51.08000183105469,2017-04-25
52.7599983215332,2017-04-26
52.68000030517578,2017-04-27
53.93000030517578,2017-04-28
54.900001525878906,2017-05-01
55.060001373291016,2017-05-02
54.900001525878906,2017-05-03
54.84000015258789,2017-05-04
55.4900016784668,2017-05-05
55.099998474121094,2017-05-08
55.779998779296875,2017-05-09
54.06999969482422,2017-05-10
52.95000076293945,2017-05-11
51.5,2017-05-12
51.5,2017-05-15
50.310001373291016,2017-05-16
48.06999969482422,2017-05-17
49.119998931884766,2017-05-18
49.34000015258789,2017-05-19
50.5099983215332,2017-05-22
49.58000183105469,2017-05-23
49.63999938964844,2017-05-24
50.68000030517578,2017-05-25
50.84000015258789,2017-05-26
50.06999969482422,2017-05-30
49.970001220703125,2017-05-31
50.93000030517578,2017-06-01
51.15999984741211,2017-06-02
50.310001373291016,2017-06-05
49.720001220703125,2017-06-06
50.790000915527344,2017-06-07
51.790000915527344,2017-06-08
51.130001068115234,2017-06-09
50.41999816894531,2017-06-12
51.84000015258789,2017-06-13
52.16999816894531,2017-06-14
52.90999984741211,2017-06-15
52.900001525878906,2017-06-16
53.630001068115234,2017-06-19
53.099998474121094,2017-06-20
54.900001525878906,2017-06-21
55.459999084472656,2017-06-22
54.810001373291016,2017-06-23
55.310001373291016,2017-06-26
53.86000061035156,2017-06-27
55.279998779296875,2017-06-28
54.41999816894531,2017-06-29
54.290000915527344,2017-06-30
54.54999923706055,2017-07-03
55.40999984741211,2017-07-05
54.060001373291016,2017-07-06
54.68000030517578,2017-07-07
54.029998779296875,2017-07-10
53.959999084472656,2017-07-11
54.09000015258789,2017-07-12
54.2400016784668,2017-07-13
53.470001220703125,2017-07-14
54.130001068115234,2017-07-17
54.18000030517578,2017-07-18
54.380001068115234,2017-07-19
55.04999923706055,2017-07-20
55.06999969482422,2017-07-21
55.72999954223633,2017-07-24
55.75,2017-07-25
55.650001525878906,2017-07-26
55.11000061035156,2017-07-27
55.209999084472656,2017-07-28
55.06999969482422,2017-07-31
56.90999984741211,2017-08-01
55.84000015258789,2017-08-02
56.25,2017-08-03
56.900001525878906,2017-08-04
56.650001525878906,2017-08-07
59.41999816894531,2017-08-08
58.36000061035156,2017-08-09
57.06999969482422,2017-08-10
56.77000045776367,2017-08-11
57.459999084472656,2017-08-14
57.45000076293945,2017-08-15
57.900001525878906,2017-08-16
56.18000030517578,2017-08-17
55.779998779296875,2017-08-18
55.86000061035156,2017-08-21
56.900001525878906,2017-08-22
57.150001525878906,2017-08-23
57.72999954223633,2017-08-24
57.720001220703125,2017-08-25
57.880001068115234,2017-08-28
57.63999938964844,2017-08-29
58.220001220703125,2017-08-30
59.459999084472656,2017-08-31
58.540000915527344,2017-09-01
56.689998626708984,2017-09-05
57.119998931884766,2017-09-06
55.86000061035156,2017-09-07
55.119998931884766,2017-09-08
56.650001525878906,2017-09-11
57.20000076293945,2017-09-12
57.790000915527344,2017-09-13
57.720001220703125,2017-09-14
56.7400016784668,2017-09-15
56.349998474121094,2017-09-18
55.459999084472656,2017-09-19
54.36000061035156,2017-09-20
54.400001525878906,2017-09-21
54.02000045776367,2017-09-22
53.599998474121094,2017-09-25
54.88999938964844,2017-09-26
52.83000183105469,2017-09-27
53.650001525878906,2017-09-28
54.04999923706055,2017-09-29
54.41999816894531,2017-10-02
54.72999954223633,2017-10-03
55.97999954223633,2017-10-04
58.40999984741211,2017-10-05
58.84000015258789,2017-10-06
58.88999938964844,2017-10-09
59.15999984741211,2017-10-10
58.79999923706055,2017-10-11
58.86000061035156,2017-10-12
58.7400016784668,2017-10-13
58.91999816894531,2017-10-16
58.61000061035156,2017-10-17
57.470001220703125,2017-10-18
54.16999816894531,2017-10-19
53.72999954223633,2017-10-20
53.720001220703125,2017-10-23
54.65999984741211,2017-10-24
54.790000915527344,2017-10-25
54.91999816894531,2017-10-26
55.63999938964844,2017-10-27
54.79999923706055,2017-10-30
55.75,2017-10-31
54.20000076293945,2017-11-01
54.90999984741211,2017-11-02
55.029998779296875,2017-11-03
55.2599983215332,2017-11-06
55.36000061035156,2017-11-07
55.560001373291016,2017-11-08
56.88999938964844,2017-11-09
55.22999954223633,2017-11-10
55.27000045776367,2017-11-13
55.099998474121094,2017-11-14
55.06999969482422,2017-11-15
53.970001220703125,2017-11-16
54.84000015258789,2017-11-17
54.689998626708984,2017-11-20
55.47999954223633,2017-11-21
55.310001373291016,2017-11-22
55.5,2017-11-24
55.61000061035156,2017-11-27
55.310001373291016,2017-11-28
55.290000915527344,2017-11-29
54.15999984741211,2017-11-30
54.810001373291016,2017-12-01
55.40999984741211,2017-12-04
54.33000183105469,2017-12-05
54.310001373291016,2017-12-06
54.34000015258789,2017-12-07
55.029998779296875,2017-12-08
54.720001220703125,2017-12-11
53.650001525878906,2017-12-12
53.15999984741211,2017-12-13
52.810001373291016,2017-12-14
54.0,2017-12-15
54.97999954223633,2017-12-18
55.59000015258789,2017-12-19
54.81999969482422,2017-12-20
54.13999938964844,2017-12-21
54.029998779296875,2017-12-22
53.72999954223633,2017-12-26
54.0,2017-12-27
53.61000061035156,2017-12-28
53.25,2017-12-29
54.959999084472656,2018-01-02
55.369998931884766,2018-01-03
54.68000030517578,2018-01-04
54.869998931884766,2018-01-05
54.65999984741211,2018-01-08
54.939998626708984,2018-01-09
55.599998474121094,2018-01-10
56.15999984741211,2018-01-11
57.849998474121094,2018-01-12
57.38999938964844,2018-01-16
59.27000045776367,2018-01-17
58.86000061035156,2018-01-18
59.43000030517578,2018-01-19
59.369998931884766,2018-01-22
58.33000183105469,2018-01-23
59.77000045776367,2018-01-24
59.61000061035156,2018-01-25
60.93000030517578,2018-01-26
60.56999969482422,2018-01-29
59.959999084472656,2018-01-30
60.7400016784668,2018-01-31
60.59000015258789,2018-02-01
59.0,2018-02-02
56.95000076293945,2018-02-05
58.20000076293945,2018-02-06
57.7400016784668,2018-02-07
56.0099983215332,2018-02-08
56.209999084472656,2018-02-09
57.45000076293945,2018-02-12
57.5,2018-02-13
58.880001068115234,2018-02-14
59.36000061035156,2018-02-15
59.11000061035156,2018-02-16
58.95000076293945,2018-02-20
58.720001220703125,2018-02-21
57.290000915527344,2018-02-22
57.900001525878906,2018-02-23
57.95000076293945,2018-02-26
56.27000045776367,2018-02-27
56.900001525878906,2018-02-28
56.77000045776367,2018-03-01
56.439998626708984,2018-03-02
55.58000183105469,2018-03-05
56.0,2018-03-06
55.5,2018-03-07
55.45000076293945,2018-03-08
57.150001525878906,2018-03-09
56.58000183105469,2018-03-12
56.650001525878906,2018-03-13
55.95000076293945,2018-03-14
55.34000015258789,2018-03-15
56.119998931884766,2018-03-16
55.41999816894531,2018-03-19
55.720001220703125,2018-03-20
54.16999816894531,2018-03-21
52.709999084472656,2018-03-22
51.400001525878906,2018-03-23
52.439998626708984,2018-03-26
52.869998931884766,2018-03-27
52.47999954223633,2018-03-28
52.970001220703125,2018-03-29
51.970001220703125,2018-04-02
52.38999938964844,2018-04-03
53.040000915527344,2018-04-04
54.38999938964844,2018-04-05
53.209999084472656,2018-04-06
53.029998779296875,2018-04-09
52.0,2018-04-10
52.33000183105469,2018-04-11
53.34000015258789,2018-04-12
52.41999816894531,2018-04-13
53.439998626708984,2018-04-16
53.880001068115234,2018-04-17
55.43000030517578,2018-04-18
54.959999084472656,2018-04-19
55.650001525878906,2018-04-20
56.75,2018-04-23
56.11000061035156,2018-04-24
56.380001068115234,2018-04-25
55.04999923706055,2018-04-26
54.75,2018-04-27
53.470001220703125,2018-04-30
53.86000061035156,2018-05-01
52.029998779296875,2018-05-02
51.099998474121094,2018-05-03
51.5099983215332,2018-05-04
50.310001373291016,2018-05-07
50.650001525878906,2018-05-08
51.15999984741211,2018-05-09
51.400001525878906,2018-05-10
51.459999084472656,2018-05-11
51.41999816894531,2018-05-14
51.709999084472656,2018-05-15
52.5,2018-05-16
52.4900016784668,2018-05-17
52.970001220703125,2018-05-18
53.31999969482422,2018-05-21
53.18000030517578,2018-05-22
52.849998474121094,2018-05-23
53.66999816894531,2018-05-24
54.130001068115234,2018-05-25
52.810001373291016,2018-05-29
52.77000045776367,2018-05-30
52.34000015258789,2018-05-31
53.18000030517578,2018-06-01
53.029998779296875,2018-06-04
50.79999923706055,2018-06-05
51.54999923706055,2018-06-06
51.95000076293945,2018-06-07
51.75,2018-06-08
52.27000045776367,2018-06-11
52.72999954223633,2018-06-12
53.439998626708984,2018-06-13
54.45000076293945,2018-06-14
54.95000076293945,2018-06-15
54.54999923706055,2018-06-18
53.61000061035156,2018-06-19
52.9900016784668,2018-06-20
51.900001525878906,2018-06-21
51.959999084472656,2018-06-22
48.77000045776367,2018-06-25
49.47999954223633,2018-06-26
48.099998474121094,2018-06-27
47.650001525878906,2018-06-28
47.25,2018-06-29
47.060001373291016,2018-07-02
46.650001525878906,2018-07-03
46.619998931884766,2018-07-05
47.04999923706055,2018-07-06
47.77000045776367,2018-07-09
47.599998474121094,2018-07-10
47.61000061035156,2018-07-11
47.959999084472656,2018-07-12
47.08000183105469,2018-07-13
47.189998626708984,2018-07-16
47.56999969482422,2018-07-17
50.13999938964844,2018-07-18
49.849998474121094,2018-07-19
49.540000915527344,2018-07-20
49.849998474121094,2018-07-23
49.849998474121094,2018-07-24
50.15999984741211,2018-07-25
50.04999923706055,2018-07-26
49.7599983215332,2018-07-27
49.7599983215332,2018-07-30
50.029998779296875,2018-07-31
49.220001220703125,2018-08-01
49.68000030517578,2018-08-02
49.810001373291016,2018-08-03
49.75,2018-08-06
49.61000061035156,2018-08-07
48.93000030517578,2018-08-08
50.95000076293945,2018-08-09
50.61000061035156,2018-08-10
51.15999984741211,2018-08-13
52.02000045776367,2018-08-14
51.970001220703125,2018-08-15
51.88999938964844,2018-08-16
52.4900016784668,2018-08-17
53.08000183105469,2018-08-20
53.36000061035156,2018-08-21
52.59000015258789,2018-08-22
52.380001068115234,2018-08-23
53.06999969482422,2018-08-24
53.43000030517578,2018-08-27
53.61000061035156,2018-08-28
54.25,2018-08-29
53.31999969482422,2018-08-30
53.61000061035156,2018-08-31
53.02000045776367,2018-09-04
52.97999954223633,2018-09-05
53.20000076293945,2018-09-06
53.369998931884766,2018-09-07
53.41999816894531,2018-09-10
53.15999984741211,2018-09-11
53.52000045776367,2018-09-12
53.9900016784668,2018-09-13
55.470001220703125,2018-09-14
55.83000183105469,2018-09-17
56.91999816894531,2018-09-18
57.04999923706055,2018-09-19
57.459999084472656,2018-09-20
57.880001068115234,2018-09-21
56.939998626708984,2018-09-24
56.41999816894531,2018-09-25
57.18000030517578,2018-09-26
56.88999938964844,2018-09-27
57.43000030517578,2018-09-28
56.7599983215332,2018-10-01
56.47999954223633,2018-10-02
56.15999984741211,2018-10-03
55.04999923706055,2018-10-04
54.2400016784668,2018-10-05
54.279998779296875,2018-10-08
53.970001220703125,2018-10-09
52.11000061035156,2018-10-10
50.619998931884766,2018-10-11
50.70000076293945,2018-10-12
50.709999084472656,2018-10-15
51.900001525878906,2018-10-16
51.41999816894531,2018-10-17
49.88999938964844,2018-10-18
49.0,2018-10-19
48.209999084472656,2018-10-22
48.09000015258789,2018-10-23
45.08000183105469,2018-10-24
45.43000030517578,2018-10-25
43.880001068115234,2018-10-26
42.33000183105469,2018-10-29
42.400001525878906,2018-10-30
44.06999969482422,2018-10-31
46.400001525878906,2018-11-01
45.79999923706055,2018-11-02
46.09000015258789,2018-11-05
46.56999969482422,2018-11-06
48.0,2018-11-07
49.27000045776367,2018-11-08
48.75,2018-11-09
48.56999969482422,2018-11-12
49.4900016784668,2018-11-13
49.709999084472656,2018-11-14
50.439998626708984,2018-11-15
50.43000030517578,2018-11-16
49.27000045776367,2018-11-19
49.4900016784668,2018-11-20
50.150001525878906,2018-11-21
50.7400016784668,2018-11-23
51.560001373291016,2018-11-26
50.959999084472656,2018-11-27
51.59000015258789,2018-11-28
51.560001373291016,2018-11-29
51.31999969482422,2018-11-30
51.540000915527344,2018-12-03
48.77000045776367,2018-12-04
49.36000061035156,2018-12-06
47.59000015258789,2018-12-07
47.72999954223633,2018-12-10
47.22999954223633,2018-12-11
47.66999816894531,2018-12-12
47.27000045776367,2018-12-13
47.619998931884766,2018-12-14
47.13999938964844,2018-12-17
46.77000045776367,2018-12-18
45.16999816894531,2018-12-19
42.29999923706055,2018-12-20
40.790000915527344,2018-12-21
39.54999923706055,2018-12-24
41.939998626708984,2018-12-26
41.560001373291016,2018-12-27
41.97999954223633,2018-12-28
42.38999938964844,2018-12-31
42.380001068115234,2019-01-02
40.709999084472656,2019-01-03
43.029998779296875,2019-01-04
43.709999084472656,2019-01-07
45.029998779296875,2019-01-08
45.7400016784668,2019-01-09
46.16999816894531,2019-01-10
46.189998626708984,2019-01-11
45.540000915527344,2019-01-14
46.029998779296875,2019-01-15
45.849998474121094,2019-01-16
46.790000915527344,2019-01-17
47.529998779296875,2019-01-18
46.599998474121094,2019-01-22
46.720001220703125,2019-01-23
46.9900016784668,2019-01-24
47.93000030517578,2019-01-25
48.369998931884766,2019-01-28
48.720001220703125,2019-01-29
50.849998474121094,2019-01-30
51.43000030517578,2019-01-31
51.470001220703125,2019-02-01
52.08000183105469,2019-02-04
51.810001373291016,2019-02-05
52.619998931884766,2019-02-06
51.349998474121094,2019-02-07
51.310001373291016,2019-02-08
51.880001068115234,2019-02-11
51.81999969482422,2019-02-12
52.540000915527344,2019-02-13
52.189998626708984,2019-02-14
53.029998779296875,2019-02-15
53.380001068115234,2019-02-19
53.70000076293945,2019-02-20
55.52000045776367,2019-02-21
55.349998474121094,2019-02-22
55.939998626708984,2019-02-25
55.56999969482422,2019-02-26
54.91999816894531,2019-02-27
55.529998779296875,2019-02-28
55.27000045776367,2019-03-01
54.599998474121094,2019-03-04
55.45000076293945,2019-03-05
55.119998931884766,2019-03-06
54.65999984741211,2019-03-07
55.0099983215332,2019-03-08
55.459999084472656,2019-03-11
55.349998474121094,2019-03-12
55.08000183105469,2019-03-13
55.15999984741211,2019-03-14
55.54999923706055,2019-03-15
56.15999984741211,2019-03-18
56.11000061035156,2019-03-19
55.869998931884766,2019-03-20
56.5,2019-03-21
55.619998931884766,2019-03-22
55.16999816894531,2019-03-25
54.47999954223633,2019-03-26
53.939998626708984,2019-03-27
54.33000183105469,2019-03-28
54.959999084472656,2019-03-29
56.11000061035156,2019-04-01
56.5,2019-04-02
56.7599983215332,2019-04-03
56.72999954223633,2019-04-04
57.130001068115234,2019-04-05
57.290000915527344,2019-04-08
55.880001068115234,2019-04-09
56.5,2019-04-10
57.47999954223633,2019-04-11
58.599998474121094,2019-04-12
58.66999816894531,2019-04-15
59.560001373291016,2019-04-16
57.84000015258789,2019-04-17
56.91999816894531,2019-04-18
56.599998474121094,2019-04-22
57.29999923706055,2019-04-23
56.97999954223633,2019-04-24
56.79999923706055,2019-04-25
57.27000045776367,2019-04-26
57.08000183105469,2019-04-29
56.38999938964844,2019-04-30
58.0,2019-05-01
56.900001525878906,2019-05-02
58.25,2019-05-03
58.290000915527344,2019-05-06
57.189998626708984,2019-05-07
57.34000015258789,2019-05-08
57.59000015258789,2019-05-09
57.900001525878906,2019-05-10
55.290000915527344,2019-05-13
56.29999923706055,2019-05-14
56.72999954223633,2019-05-15
57.54999923706055,2019-05-16
56.91999816894531,2019-05-17
55.88999938964844,2019-05-20
56.77000045776367,2019-05-21
56.810001373291016,2019-05-22
55.54999923706055,2019-05-23
55.380001068115234,2019-05-24
55.220001220703125,2019-05-28
54.65999984741211,2019-05-29
55.15999984741211,2019-05-30
54.709999084472656,2019-05-31
54.29999923706055,2019-06-03
54.2599983215332,2019-06-04
52.380001068115234,2019-06-05
51.939998626708984,2019-06-06
52.59000015258789,2019-06-07
53.83000183105469,2019-06-10
53.59000015258789,2019-06-11
53.84000015258789,2019-06-12
53.720001220703125,2019-06-13
54.279998779296875,2019-06-14
53.040000915527344,2019-06-17
53.75,2019-06-18
53.90999984741211,2019-06-19
52.560001373291016,2019-06-20
51.11000061035156,2019-06-21
50.83000183105469,2019-06-24
50.86000061035156,2019-06-25
50.40999984741211,2019-06-26
51.84000015258789,2019-06-27
53.630001068115234,2019-06-28
52.81999969482422,2019-07-01
53.72999954223633,2019-07-02
52.7599983215332,2019-07-03
51.95000076293945,2019-07-05
50.25,2019-07-08
50.7599983215332,2019-07-09
49.650001525878906,2019-07-10
49.619998931884766,2019-07-11
49.790000915527344,2019-07-12
50.36000061035156,2019-07-15
50.81999969482422,2019-07-16
49.400001525878906,2019-07-17
49.279998779296875,2019-07-18
48.599998474121094,2019-07-19
47.91999816894531,2019-07-22
48.45000076293945,2019-07-23
49.459999084472656,2019-07-24
48.7599983215332,2019-07-25
49.040000915527344,2019-07-26
49.099998474121094,2019-07-29
48.5,2019-07-30
49.439998626708984,2019-07-31
48.56999969482422,2019-08-01
47.45000076293945,2019-08-02
46.04999923706055,2019-08-05
46.91999816894531,2019-08-06
47.63999938964844,2019-08-07
48.599998474121094,2019-08-08
49.65999984741211,2019-08-09
49.83000183105469,2019-08-12
50.439998626708984,2019-08-13
48.90999984741211,2019-08-14
49.11000061035156,2019-08-15
50.47999954223633,2019-08-16
51.349998474121094,2019-08-19
50.97999954223633,2019-08-20
50.900001525878906,2019-08-21
50.5,2019-08-22
49.720001220703125,2019-08-23
49.47999954223633,2019-08-26
49.09000015258789,2019-08-27
49.56999969482422,2019-08-28
50.22999954223633,2019-08-29
50.75,2019-08-30
50.58000183105469,2019-09-03
51.040000915527344,2019-09-04
52.310001373291016,2019-09-05
52.119998931884766,2019-09-06
52.939998626708984,2019-09-09
54.66999816894531,2019-09-10
54.599998474121094,2019-09-11
54.41999816894531,2019-09-12
54.68000030517578,2019-09-13
53.34000015258789,2019-09-16
53.959999084472656,2019-09-17
53.880001068115234,2019-09-18
53.77000045776367,2019-09-19
53.66999816894531,2019-09-20
53.5099983215332,2019-09-23
53.11000061035156,2019-09-24
53.29999923706055,2019-09-25
51.2599983215332,2019-09-26
51.02000045776367,2019-09-27
51.77000045776367,2019-09-30
50.7599983215332,2019-10-01
49.13999938964844,2019-10-02
48.13999938964844,2019-10-03
48.439998626708984,2019-10-04
48.560001373291016,2019-10-07
47.16999816894531,2019-10-08
47.209999084472656,2019-10-09
48.09000015258789,2019-10-10
49.15999984741211,2019-10-11
49.33000183105469,2019-10-14
49.61000061035156,2019-10-15
49.33000183105469,2019-10-16
49.779998779296875,2019-10-17
50.209999084472656,2019-10-18
50.95000076293945,2019-10-21
49.970001220703125,2019-10-22
50.689998626708984,2019-10-23
50.970001220703125,2019-10-24
51.470001220703125,2019-10-25
51.88999938964844,2019-10-28
52.619998931884766,2019-10-29
51.189998626708984,2019-10-30
50.7599983215332,2019-10-31
51.33000183105469,2019-11-01
52.290000915527344,2019-11-04
52.4900016784668,2019-11-05
52.060001373291016,2019-11-06
52.220001220703125,2019-11-07
51.81999969482422,2019-11-08
51.91999816894531,2019-11-11
51.2599983215332,2019-11-12
52.119998931884766,2019-11-13
52.40999984741211,2019-11-14
53.060001373291016,2019-11-15
53.4900016784668,2019-11-18
53.65999984741211,2019-11-19
52.779998779296875,2019-11-20
53.41999816894531,2019-11-21
54.0099983215332,2019-11-22
53.970001220703125,2019-11-25
53.93000030517578,2019-11-26
54.63999938964844,2019-11-27
53.63999938964844,2019-11-29
53.150001525878906,2019-12-02
52.86000061035156,2019-12-03
53.61000061035156,2019-12-04
54.25,2019-12-05
54.709999084472656,2019-12-06
54.86000061035156,2019-12-09
54.779998779296875,2019-12-10
55.40999984741211,2019-12-11
56.130001068115234,2019-12-12
55.779998779296875,2019-12-13
55.220001220703125,2019-12-16
55.27000045776367,2019-12-17
54.83000183105469,2019-12-18
55.34000015258789,2019-12-19
57.560001373291016,2019-12-20
58.5099983215332,2019-12-23
58.380001068115234,2019-12-24
59.11000061035156,2019-12-26
59.11000061035156,2019-12-27
58.59000015258789,2019-12-30
58.40999984741211,2019-12-31
58.83000183105469,2020-01-02
57.599998474121094,2020-01-03
56.79999923706055,2020-01-06
56.970001220703125,2020-01-07
57.56999969482422,2020-01-08
58.060001373291016,2020-01-09
57.959999084472656,2020-01-10
57.84000015258789,2020-01-13
57.900001525878906,2020-01-14
57.540000915527344,2020-01-15
58.58000183105469,2020-01-16
59.650001525878906,2020-01-17
57.95000076293945,2020-01-21
57.630001068115234,2020-01-22
58.220001220703125,2020-01-23
55.84000015258789,2020-01-24
54.15999984741211,2020-01-27
55.0,2020-01-28
56.02000045776367,2020-01-29
54.79999923706055,2020-01-30
53.849998474121094,2020-01-31
54.189998626708984,2020-02-03
54.75,2020-02-04
55.11000061035156,2020-02-05
55.099998474121094,2020-02-06
52.810001373291016,2020-02-07
51.0,2020-02-10
52.4900016784668,2020-02-11
54.209999084472656,2020-02-12
53.43000030517578,2020-02-13
52.459999084472656,2020-02-14
51.689998626708984,2020-02-18
52.02000045776367,2020-02-19
48.5099983215332,2020-02-20
46.970001220703125,2020-02-21
42.58000183105469,2020-02-24
39.310001373291016,2020-02-25
36.209999084472656,2020-02-26
34.7400016784668,2020-02-27
37.2599983215332,2020-02-28
35.59000015258789,2020-03-02
33.619998931884766,2020-03-03
33.0,2020-03-04
28.59000015258789,2020-03-05
27.100000381469727,2020-03-06
19.809999465942383,2020-03-09
20.5,2020-03-10
15.029999732971191,2020-03-11
9.649999618530273,2020-03-12
11.100000381469727,2020-03-13
10.9399995803833,2020-03-16
10.029999732971191,2020-03-17
7.769999980926514,2020-03-18
8.229999542236328,2020-03-19
8.720000267028809,2020-03-20
9.670000076293945,2020-03-23
13.75,2020-03-24
16.959999084472656,2020-03-25
15.710000038146973,2020-03-26
12.020000457763672,2020-03-27
10.680000305175781,2020-03-30
10.960000038146973,2020-03-31
9.550000190734863,2020-04-01
8.399999618530273,2020-04-02
8.460000038146973,2020-04-03
10.010000228881836,2020-04-06
11.010000228881836,2020-04-07
11.720000267028809,2020-04-08
13.109999656677246,2020-04-09
11.359999656677246,2020-04-13
12.350000381469727,2020-04-14
12.079999923706055,2020-04-15
11.350000381469727,2020-04-16
12.380000114440918,2020-04-17
11.489999771118164,2020-04-20
11.0,2020-04-21
10.869999885559082,2020-04-22
11.470000267028809,2020-04-23
10.859999656677246,2020-04-24
11.4399995803833,2020-04-27
13.09000015258789,2020-04-28
16.40999984741211,2020-04-29
16.399999618530273,2020-04-30
13.84000015258789,2020-05-01
14.4399995803833,2020-05-04
11.180000305175781,2020-05-05
11.119999885559082,2020-05-06
12.0,2020-05-07
12.430000305175781,2020-05-08
11.729999542236328,2020-05-11
11.09000015258789,2020-05-12
10.3100004196167,2020-05-13
10.760000228881836,2020-05-14
10.920000076293945,2020-05-15
12.880000114440918,2020-05-18
12.430000305175781,2020-05-19
12.779999732971191,2020-05-20
14.029999732971191,2020-05-21
13.899999618530273,2020-05-22
16.030000686645508,2020-05-26
17.59000015258789,2020-05-27
16.06999969482422,2020-05-28
15.65999984741211,2020-05-29
17.290000915527344,2020-06-01
17.389999389648438,2020-06-02
17.979999542236328,2020-06-03
19.59000015258789,2020-06-04
22.43000030517578,2020-06-05
26.860000610351562,2020-06-08
24.1299991607666,2020-06-09
20.649999618530273,2020-06-10
17.25,2020-06-11
20.5,2020-06-12
19.989999771118164,2020-06-15
20.959999084472656,2020-06-16
19.200000762939453,2020-06-17
19.309999465942383,2020-06-18
18.219999313354492,2020-06-19
17.09000015258789,2020-06-22
18.030000686645508,2020-06-23
15.800000190734863,2020-06-24
16.079999923706055,2020-06-25
15.279999732971191,2020-06-26
16.559999465942383,2020-06-29
16.43000030517578,2020-06-30
16.420000076293945,2020-07-01
15.970000267028809,2020-07-02
16.1299991607666,2020-07-06
15.270000457763672,2020-07-07
15.989999771118164,2020-07-08
15.199999809265137,2020-07-09
16.399999618530273,2020-07-10
15.600000381469727,2020-07-13
15.329999923706055,2020-07-14
18.5,2020-07-15
15.609999656677246,2020-07-16
15.270000457763672,2020-07-17
14.890000343322754,2020-07-20
14.979999542236328,2020-07-21
14.65999984741211,2020-07-22
14.40999984741211,2020-07-23
14.380000114440918,2020-07-24
13.380000114440918,2020-07-27
14.220000267028809,2020-07-28
14.34000015258789,2020-07-29
14.170000076293945,2020-07-30
13.640000343322754,2020-07-31
13.0600004196167,2020-08-03
13.5600004196167,2020-08-04
13.720000267028809,2020-08-05
14.239999771118164,2020-08-06
13.989999771118164,2020-08-07
15.130000114440918,2020-08-10
15.640000343322754,2020-08-11
15.229999542236328,2020-08-12
15.34000015258789,2020-08-13
15.75,2020-08-14
15.390000343322754,2020-08-17
15.199999809265137,2020-08-18
15.680000305175781,2020-08-19
15.579999923706055,2020-08-20
15.5600004196167,2020-08-21
16.739999771118164,2020-08-24
16.75,2020-08-25
15.720000267028809,2020-08-26
16.649999618530273,2020-08-27
17.690000534057617,2020-08-28
17.110000610351562,2020-08-31
16.940000534057617,2020-09-01
16.989999771118164,2020-09-02
17.6299991607666,2020-09-03
18.420000076293945,2020-09-04
18.530000686645508,2020-09-08
17.93000030517578,2020-09-09
17.93000030517578,2020-09-10
17.510000228881836,2020-09-11
17.790000915527344,2020-09-14
16.969999313354492,2020-09-15
17.5,2020-09-16
17.260000228881836,2020-09-17
16.25,2020-09-18
14.989999771118164,2020-09-21
15.329999923706055,2020-09-22
15.170000076293945,2020-09-23
14.630000114440918,2020-09-24
16.6299991607666,2020-09-25
16.68000030517578,2020-09-28
16.559999465942383,2020-09-29
17.110000610351562,2020-09-30
17.34000015258789,2020-10-01
17.270000457763672,2020-10-02
16.989999771118164,2020-10-05
17.229999542236328,2020-10-06
18.010000228881836,2020-10-07
18.200000762939453,2020-10-08
18.729999542236328,2020-10-09
18.079999923706055,2020-10-12
16.59000015258789,2020-10-13
16.479999542236328,2020-10-14
16.100000381469727,2020-10-15
16.200000762939453,2020-10-16
16.450000762939453,2020-10-19
17.079999923706055,2020-10-20
16.989999771118164,2020-10-21
17.709999084472656,2020-10-22
18.350000381469727,2020-10-23
16.799999237060547,2020-10-26
16.530000686645508,2020-10-27
15.029999732971191,2020-10-28
15.770000457763672,2020-10-29
16.6299991607666,2020-10-30
16.170000076293945,2020-11-02
16.549999237060547,2020-11-03
16.15999984741211,2020-11-04
17.25,2020-11-05
16.969999313354492,2020-11-06
21.510000228881836,2020-11-09
20.1200008392334,2020-11-10
19.520000457763672,2020-11-11
18.850000381469727,2020-11-12
20.059999465942383,2020-11-13
21.309999465942383,2020-11-16
22.059999465942383,2020-11-17
20.459999084472656,2020-11-18
21.020000457763672,2020-11-19
19.989999771118164,2020-11-20
20.889999389648438,2020-11-23
22.549999237060547,2020-11-24
23.200000762939453,2020-11-25
23.68000030517578,2020-11-27
22.8700008392334,2020-11-30
22.940000534057617,2020-12-01
23.399999618530273,2020-12-02
25.420000076293945,2020-12-03
26.299999237060547,2020-12-04
26.5,2020-12-07
28.149999618530273,2020-12-08
27.260000228881836,2020-12-09
27.440000534057617,2020-12-10
26.510000228881836,2020-12-11
25.40999984741211,2020-12-14
25.219999313354492,2020-12-15
25.459999084472656,2020-12-16
25.40999984741211,2020-12-17
25.18000030517578,2020-12-18
24.780000686645508,2020-12-21
23.079999923706055,2020-12-22
24.5,2020-12-23
24.579999923706055,2020-12-24
25.530000686645508,2020-12-28
25.389999389648438,2020-12-29
25.639999389648438,2020-12-30
25.43000030517578,2020-12-31
23.729999542236328,2021-01-04
24.239999771118164,2021-01-05
24.329999923706055,2021-01-06
24.65999984741211,2021-01-07
24.43000030517578,2021-01-08
24.139999389648438,2021-01-11
24.520000457763672,2021-01-12
24.610000610351562,2021-01-13
26.420000076293945,2021-01-14
25.3799991607666,2021-01-15
25.299999237060547,2021-01-19
25.190000534057617,2021-01-20
24.989999771118164,2021-01-21
24.59000015258789,2021-01-22
23.969999313354492,2021-01-25
23.65999984741211,2021-01-26
23.530000686645508,2021-01-27
24.15999984741211,2021-01-28
22.649999618530273,2021-01-29
22.399999618530273,2021-02-01
22.940000534057617,2021-02-02
23.610000610351562,2021-02-03
24.399999618530273,2021-02-04
24.719999313354492,2021-02-05
25.010000228881836,2021-02-08
24.079999923706055,2021-02-09
24.139999389648438,2021-02-10
23.770000457763672,2021-02-11
23.540000915527344,2021-02-12
25.190000534057617,2021-02-16
25.469999313354492,2021-02-17
25.200000762939453,2021-02-18
26.850000381469727,2021-02-19
28.559999465942383,2021-02-22
28.6200008392334,2021-02-23
31.270000457763672,2021-02-24
28.760000228881836,2021-02-25
29.559999465942383,2021-02-26
29.850000381469727,2021-03-01
31.18000030517578,2021-03-02
33.130001068115234,2021-03-03
32.900001525878906,2021-03-04
28.850000381469727,2021-03-05
29.309999465942383,2021-03-08
29.729999542236328,2021-03-09
29.540000915527344,2021-03-10
30.260000228881836,2021-03-11
30.729999542236328,2021-03-12
31.559999465942383,2021-03-15
30.100000381469727,2021-03-16
30.5,2021-03-17
28.950000762939453,2021-03-18
29.700000762939453,2021-03-19
28.649999618530273,2021-03-22
26.600000381469727,2021-03-23
25.309999465942383,2021-03-24
26.040000915527344,2021-03-25
26.81999969482422,2021-03-26
26.209999084472656,2021-03-29
27.200000762939453,2021-03-30
27.59000015258789,2021-03-31
27.719999313354492,2021-04-01
29.709999084472656,2021-04-05
31.079999923706055,2021-04-06
31.309999465942383,2021-04-07
30.6200008392334,2021-04-08
30.540000915527344,2021-04-09
29.260000228881836,2021-04-12
29.40999984741211,2021-04-13
29.209999084472656,2021-04-14
28.280000686645508,2021-04-15
28.31999969482422,2021-04-16
27.969999313354492,2021-04-19
26.75,2021-04-20
29.510000228881836,2021-04-21
29.0,2021-04-22
29.809999465942383,2021-04-23
30.219999313354492,2021-04-26
30.5,2021-04-27
30.229999542236328,2021-04-28
30.309999465942383,2021-04-29
31.049999237060547,2021-04-30
31.190000534057617,2021-05-03
30.25,2021-05-04
29.850000381469727,2021-05-05
27.809999465942383,2021-05-06
28.479999542236328,2021-05-07
27.950000762939453,2021-05-10
27.65999984741211,2021-05-11
26.110000610351562,2021-05-12
26.440000534057617,2021-05-13
28.579999923706055,2021-05-14
28.8799991607666,2021-05-17
29.229999542236328,2021-05-18
29.049999237060547,2021-05-19
29.06999969482422,2021-05-20
28.700000762939453,2021-05-21
30.049999237060547,2021-05-24
31.1200008392334,2021-05-25
31.690000534057617,2021-05-26
32.41999816894531,2021-05-27
31.899999618530273,2021-05-28
32.7599983215332,2021-06-01
33.06999969482422,2021-06-02
32.18000030517578,2021-06-03
32.119998931884766,2021-06-04
33.11000061035156,2021-06-07
33.709999084472656,2021-06-08
32.65999984741211,2021-06-09
32.4900016784668,2021-06-10
32.22999954223633,2021-06-11
31.0,2021-06-14
30.8700008392334,2021-06-15
31.68000030517578,2021-06-16
30.969999313354492,2021-06-17
30.299999237060547,2021-06-18
31.3799991607666,2021-06-21
30.84000015258789,2021-06-22
31.0,2021-06-23
30.610000610351562,2021-06-24
31.030000686645508,2021-06-25
29.139999389648438,2021-06-28
28.90999984741211,2021-06-29
29.40999984741211,2021-06-30
29.510000228881836,2021-07-01
29.0,2021-07-02
28.059999465942383,2021-07-06
27.049999237060547,2021-07-07
26.739999771118164,2021-07-08
27.489999771118164,2021-07-09
27.280000686645508,2021-07-12
26.09000015258789,2021-07-13
25.200000762939453,2021-07-14
24.450000762939453,2021-07-15
23.139999389648438,2021-07-16
21.8700008392334,2021-07-19
23.68000030517578,2021-07-20
26.079999923706055,2021-07-21
25.639999389648438,2021-07-22
24.8700008392334,2021-07-23
26.020000457763672,2021-07-26
25.450000762939453,2021-07-27
25.520000457763672,2021-07-28
25.309999465942383,2021-07-29
24.030000686645508,2021-07-30
23.579999923706055,2021-08-02
23.190000534057617,2021-08-03
22.600000381469727,2021-08-04
24.18000030517578,2021-08-05
24.889999389648438,2021-08-06
24.65999984741211,2021-08-09
25.81999969482422,2021-08-10
26.270000457763672,2021-08-11
25.81999969482422,2021-08-12
25.040000915527344,2021-08-13
24.6299991607666,2021-08-16
23.709999084472656,2021-08-17
23.899999618530273,2021-08-18
23.059999465942383,2021-08-19
23.6299991607666,2021-08-20
24.639999389648438,2021-08-23
25.780000686645508,2021-08-24
26.040000915527344,2021-08-25
25.329999923706055,2021-08-26
26.15999984741211,2021-08-27
25.3700008392334,2021-08-30
25.84000015258789,2021-08-31
25.15999984741211,2021-09-01
25.479999542236328,2021-09-02
24.6200008392334,2021-09-03
25.040000915527344,2021-09-07
24.420000076293945,2021-09-08
24.940000534057617,2021-09-09
24.59000015258789,2021-09-10
25.299999237060547,2021-09-13
24.770000457763672,2021-09-14
25.06999969482422,2021-09-15
25.059999465942383,2021-09-16
25.59000015258789,2021-09-17
25.110000610351562,2021-09-20
24.989999771118164,2021-09-21
26.010000228881836,2021-09-22
27.290000915527344,2021-09-23
28.100000381469727,2021-09-24
28.34000015258789,2021-09-27
27.93000030517578,2021-09-28
27.34000015258789,2021-09-29
26.709999084472656,2021-09-30
28.309999465942383,2021-10-01
27.469999313354492,2021-10-04
27.760000228881836,2021-10-05
27.59000015258789,2021-10-06
26.979999542236328,2021-10-07
26.350000381469727,2021-10-08
26.239999771118164,2021-10-11
27.040000915527344,2021-10-12
26.530000686645508,2021-10-13
26.600000381469727,2021-10-14
26.530000686645508,2021-10-15
26.1299991607666,2021-10-18
25.6200008392334,2021-10-19
25.600000381469727,2021-10-20
25.5,2021-10-21
25.479999542236328,2021-10-22
25.920000076293945,2021-10-25
25.90999984741211,2021-10-26
25.5,2021-10-27
25.809999465942383,2021-10-28
25.719999313354492,2021-10-29
27.06999969482422,2021-11-01
26.829999923706055,2021-11-02
27.31999969482422,2021-11-03
26.81999969482422,2021-11-04
28.920000076293945,2021-11-05
28.239999771118164,2021-11-08
27.799999237060547,2021-11-09
26.729999542236328,2021-11-10
26.299999237060547,2021-11-11
25.6299991607666,2021-11-12
25.510000228881836,2021-11-15
23.639999389648438,2021-11-16
24.0,2021-11-17
23.579999923706055,2021-11-18
23.09000015258789,2021-11-19
23.0,2021-11-22
22.559999465942383,2021-11-23
22.6299991607666,2021-11-24
20.059999465942383,2021-11-26
20.219999313354492,2021-11-29
19.510000228881836,2021-11-30
17.790000915527344,2021-12-01
19.15999984741211,2021-12-02
18.290000915527344,2021-12-03
20.030000686645508,2021-12-06
20.1200008392334,2021-12-07
21.770000457763672,2021-12-08
21.40999984741211,2021-12-09
21.540000915527344,2021-12-10
20.59000015258789,2021-12-13
20.34000015258789,2021-12-14
20.06999969482422,2021-12-15
19.34000015258789,2021-12-16
20.329999923706055,2021-12-17
20.739999771118164,2021-12-20
22.190000534057617,2021-12-21
22.6200008392334,2021-12-22
22.719999313354492,2021-12-23
22.139999389648438,2021-12-27
21.90999984741211,2021-12-28
21.579999923706055,2021-12-29
21.020000457763672,2021-12-30
20.739999771118164,2021-12-31
22.18000030517578,2022-01-03
22.469999313354492,2022-01-04
21.65999984741211,2022-01-05
21.34000015258789,2022-01-06
22.200000762939453,2022-01-07
21.709999084472656,2022-01-10
22.0,2022-01-11
22.219999313354492,2022-01-12
23.110000610351562,2022-01-13
22.959999084472656,2022-01-14
21.940000534057617,2022-01-18
21.3799991607666,2022-01-19
21.030000686645508,2022-01-20
20.059999465942383,2022-01-21
19.969999313354492,2022-01-24
20.649999618530273,2022-01-25
20.93000030517578,2022-01-26
19.850000381469727,2022-01-27
19.559999465942383,2022-01-28
20.829999923706055,2022-01-31
21.610000610351562,2022-02-01
21.309999465942383,2022-02-02
20.489999771118164,2022-02-03
20.25,2022-02-04
21.950000762939453,2022-02-07
22.75,2022-02-08
23.719999313354492,2022-02-09
22.6299991607666,2022-02-10
21.440000534057617,2022-02-11
21.09000015258789,2022-02-14
22.549999237060547,2022-02-15
22.75,2022-02-16
21.770000457763672,2022-02-17
21.200000762939453,2022-02-18
20.360000610351562,2022-02-22
19.290000915527344,2022-02-23
19.3700008392334,2022-02-24
19.649999618530273,2022-02-25
19.489999771118164,2022-02-28
18.479999542236328,2022-03-01
19.059999465942383,2022-03-02
18.559999465942383,2022-03-03
17.389999389648438,2022-03-04
15.380000114440918,2022-03-07
15.960000038146973,2022-03-08
17.309999465942383,2022-03-09
17.799999237060547,2022-03-10
17.489999771118164,2022-03-11
17.059999465942383,2022-03-14
18.25,2022-03-15
19.31999969482422,2022-03-16
19.690000534057617,2022-03-17
19.899999618530273,2022-03-18
19.6299991607666,2022-03-21
19.90999984741211,2022-03-22
19.399999618530273,2022-03-23
19.75,2022-03-24
19.860000610351562,2022-03-25
20.540000915527344,2022-03-28
21.18000030517578,2022-03-29
21.219999313354492,2022-03-30
21.8799991607666,2022-03-31
21.81999969482422,2022-04-01
21.969999313354492,2022-04-04
22.190000534057617,2022-04-05
20.68000030517578,2022-04-06
20.329999923706055,2022-04-07
19.940000534057617,2022-04-08
20.260000228881836,2022-04-11
20.200000762939453,2022-04-12
21.450000762939453,2022-04-13
21.639999389648438,2022-04-14
21.209999084472656,2022-04-18
22.18000030517578,2022-04-19
22.020000457763672,2022-04-20
21.84000015258789,2022-04-21
21.1299991607666,2022-04-22
21.239999771118164,2022-04-25
19.81999969482422,2022-04-26
19.90999984741211,2022-04-27
20.6200008392334,2022-04-28
20.030000686645508,2022-04-29
19.860000610351562,2022-05-02
20.030000686645508,2022-05-03
20.3700008392334,2022-05-04
18.959999084472656,2022-05-05
18.270000457763672,2022-05-06
15.949999809265137,2022-05-09
16.209999084472656,2022-05-10
15.420000076293945,2022-05-11
14.770000457763672,2022-05-12
16.219999313354492,2022-05-13
16.09000015258789,2022-05-16
16.969999313354492,2022-05-17
15.899999618530273,2022-05-18
15.949999809265137,2022-05-19
15.300000190734863,2022-05-20
15.100000381469727,2022-05-23
13.289999961853027,2022-05-24
13.729999542236328,2022-05-25
15.390000343322754,2022-05-26
16.200000762939453,2022-05-27
16.010000228881836,2022-05-31
15.289999961853027,2022-06-01
16.079999923706055,2022-06-02
15.630000114440918,2022-06-03
15.75,2022-06-06
15.890000343322754,2022-06-07
15.149999618530273,2022-06-08
13.760000228881836,2022-06-09
13.15999984741211,2022-06-10
11.550000190734863,2022-06-13
11.119999885559082,2022-06-14
11.729999542236328,2022-06-15
10.380000114440918,2022-06-16
11.430000305175781,2022-06-17
11.470000267028809,2022-06-21
11.470000267028809,2022-06-22
11.460000038146973,2022-06-23
13.220000267028809,2022-06-24
12.869999885559082,2022-06-27
12.760000228881836,2022-06-28
11.569999694824219,2022-06-29
11.119999885559082,2022-06-30
11.329999923706055,2022-07-01
12.460000038146973,2022-07-05
11.270000457763672,2022-07-06
11.8100004196167,2022-07-07
11.529999732971191,2022-07-08
10.960000038146973,2022-07-11
11.600000381469727,2022-07-12
11.520000457763672,2022-07-13
11.180000305175781,2022-07-14
11.800000190734863,2022-07-15
12.390000343322754,2022-07-18
12.850000381469727,2022-07-19
13.460000038146973,2022-07-20
12.479999542236328,2022-07-21
11.970000267028809,2022-07-22
11.819999694824219,2022-07-25
11.180000305175781,2022-07-26
11.5,2022-07-27
12.109999656677246,2022-07-28
12.149999618530273,2022-07-29
11.979999542236328,2022-08-01
12.470000267028809,2022-08-02
12.989999771118164,2022-08-03
12.979999542236328,2022-08-04
13.210000038146973,2022-08-05
13.529999732971191,2022-08-08
12.100000381469727,2022-08-09
13.5600004196167,2022-08-10
13.760000228881836,2022-08-11
14.15999984741211,2022-08-12
14.15999984741211,2022-08-15
14.5600004196167,2022-08-16
13.800000190734863,2022-08-17
13.8100004196167,2022-08-18
13.180000305175781,2022-08-19
12.550000190734863,2022-08-22
12.850000381469727,2022-08-23
13.930000305175781,2022-08-24
14.479999542236328,2022-08-25
13.720000267028809,2022-08-26
13.569999694824219,2022-08-29
13.4399995803833,2022-08-30
13.079999923706055,2022-08-31
13.010000228881836,2022-09-01
13.050000190734863,2022-09-02
13.319999694824219,2022-09-06
14.039999961853027,2022-09-07
14.279999732971191,2022-09-08
14.600000381469727,2022-09-09
14.800000190734863,2022-09-12
14.399999618530273,2022-09-13
15.069999694824219,2022-09-14
15.489999771118164,2022-09-15
15.3100004196167,2022-09-16
15.329999923706055,2022-09-19
15.1899995803833,2022-09-20
14.579999923706055,2022-09-21
14.390000343322754,2022-09-22
13.550000190734863,2022-09-23
13.390000343322754,2022-09-26
13.960000038146973,2022-09-27
14.640000343322754,2022-09-28
13.859999656677246,2022-09-29
11.359999656677246,2022-09-30
11.399999618530273,2022-10-03
13.319999694824219,2022-10-04
13.220000267028809,2022-10-05
13.289999961853027,2022-10-06
12.899999618530273,2022-10-07
11.90999984741211,2022-10-10
11.630000114440918,2022-10-11
12.979999542236328,2022-10-12
12.949999809265137,2022-10-13
13.029999732971191,2022-10-14
13.180000305175781,2022-10-17
14.3100004196167,2022-10-18
13.90999984741211,2022-10-19
14.229999542236328,2022-10-20
14.930000305175781,2022-10-21
15.3100004196167,2022-10-24
15.829999923706055,2022-10-25
15.899999618530273,2022-10-26
15.930000305175781,2022-10-27
16.520000457763672,2022-10-28
16.889999389648438,2022-10-31
16.790000915527344,2022-11-01
16.350000381469727,2022-11-02
16.989999771118164,2022-11-03
16.940000534057617,2022-11-04
16.670000076293945,2022-11-07
17.280000686645508,2022-11-08
15.789999961853027,2022-11-09
17.09000015258789,2022-11-10
17.860000610351562,2022-11-11
17.8700008392334,2022-11-14
18.299999237060547,2022-11-15
17.59000015258789,2022-11-16
16.399999618530273,2022-11-17
16.3700008392334,2022-11-18
16.1200008392334,2022-11-21
16.209999084472656,2022-11-22
16.31999969482422,2022-11-23
16.43000030517578,2022-11-25
15.90999984741211,2022-11-28
16.56999969482422,2022-11-29
16.440000534057617,2022-11-30
16.6200008392334,2022-12-01
16.540000915527344,2022-12-02
16.209999084472656,2022-12-05
15.829999923706055,2022-12-06
15.460000038146973,2022-12-07
15.720000267028809,2022-12-08
15.350000381469727,2022-12-09
15.460000038146973,2022-12-12
15.029999732971191,2022-12-13
15.079999923706055,2022-12-14
14.760000228881836,2022-12-15
14.319999694824219,2022-12-16
13.670000076293945,2022-12-19
13.59000015258789,2022-12-20
13.75,2022-12-21
13.069999694824219,2022-12-22
13.0,2022-12-23
12.539999961853027,2022-12-27
12.140000343322754,2022-12-28
12.470000267028809,2022-12-29
12.239999771118164,2022-12-30
11.859999656677246,2023-01-03
12.460000038146973,2023-01-04
12.760000228881836,2023-01-05
13.039999961853027,2023-01-06
13.779999732971191,2023-01-09
14.140000343322754,2023-01-10
14.579999923706055,2023-01-11
15.350000381469727,2023-01-12
15.630000114440918,2023-01-13
16.0,2023-01-17
15.529999732971191,2023-01-18
14.779999732971191,2023-01-19
15.449999809265137,2023-01-20
15.520000457763672,2023-01-23
15.430000305175781,2023-01-24
15.420000076293945,2023-01-25
15.199999809265137,2023-01-26
15.010000228881836,2023-01-27
14.84000015258789,2023-01-30
15.210000038146973,2023-01-31
16.110000610351562,2023-02-01
17.110000610351562,2023-02-02
16.56999969482422,2023-02-03
16.59000015258789,2023-02-06
17.479999542236328,2023-02-07
16.969999313354492,2023-02-08
16.920000076293945,2023-02-09
16.239999771118164,2023-02-10
16.93000030517578,2023-02-13
17.450000762939453,2023-02-14
18.110000610351562,2023-02-15
17.799999237060547,2023-02-16
17.6299991607666,2023-02-17
16.979999542236328,2023-02-21
16.84000015258789,2023-02-22
16.75,2023-02-23
16.399999618530273,2023-02-24
16.5,2023-02-27
14.819999694824219,2023-02-28
15.140000343322754,2023-03-01
15.550000190734863,2023-03-02
16.229999542236328,2023-03-03
16.31999969482422,2023-03-06
15.960000038146973,2023-03-07
15.279999732971191,2023-03-08
14.380000114440918,2023-03-09
14.0600004196167,2023-03-10
13.489999771118164,2023-03-13
13.350000381469727,2023-03-14
12.90999984741211,2023-03-15
13.109999656677246,2023-03-16
12.579999923706055,2023-03-17
12.369999885559082,2023-03-20
12.880000114440918,2023-03-21
12.470000267028809,2023-03-22
12.569999694824219,2023-03-23
12.520000457763672,2023-03-24
12.199999809265137,2023-03-27
12.449999809265137,2023-03-28
13.15999984741211,2023-03-29
13.270000457763672,2023-03-30
13.449999809265137,2023-03-31
13.350000381469727,2023-04-03
13.239999771118164,2023-04-04
12.920000076293945,2023-04-05
13.079999923706055,2023-04-06
13.350000381469727,2023-04-10
13.539999961853027,2023-04-11
12.729999542236328,2023-04-12
12.869999885559082,2023-04-13
12.640000343322754,2023-04-14
12.949999809265137,2023-04-17
13.109999656677246,2023-04-18
13.180000305175781,2023-04-19
12.640000343322754,2023-04-20
13.039999961853027,2023-04-21
13.050000190734863,2023-04-24
12.729999542236328,2023-04-25
12.460000038146973,2023-04-26
12.829999923706055,2023-04-27
13.350000381469727,2023-04-28
14.539999961853027,2023-05-01
14.369999885559082,2023-05-02
14.140000343322754,2023-05-03
13.75,2023-05-04
14.130000114440918,2023-05-05
14.260000228881836,2023-05-08
14.109999656677246,2023-05-09
14.079999923706055,2023-05-10
13.65999984741211,2023-05-11
13.239999771118164,2023-05-12
13.710000038146973,2023-05-15
13.479999542236328,2023-05-16
14.350000381469727,2023-05-17
14.529999732971191,2023-05-18
14.149999618530273,2023-05-19
14.329999923706055,2023-05-22
14.470000267028809,2023-05-23
14.229999542236328,2023-05-24
14.479999542236328,2023-05-25
14.479999542236328,2023-05-26
14.819999694824219,2023-05-30
14.850000381469727,2023-05-31
15.510000228881836,2023-06-01
15.779999732971191,2023-06-02
16.18000030517578,2023-06-05
16.75,2023-06-06
17.020000457763672,2023-06-07
16.809999465942383,2023-06-08
17.170000076293945,2023-06-09
18.40999984741211,2023-06-12
19.469999313354492,2023-06-13
19.299999237060547,2023-06-14
19.540000915527344,2023-06-15
19.1299991607666,2023-06-16
19.290000915527344,2023-06-20
19.219999313354492,2023-06-21
19.079999923706055,2023-06-22
19.399999618530273,2023-06-23
18.530000686645508,2023-06-26
19.59000015258789,2023-06-27
21.06999969482422,2023-06-28
20.899999618530273,2023-06-29
21.770000457763672,2023-06-30
21.90999984741211,2023-07-03
22.15999984741211,2023-07-05
21.739999771118164,2023-07-06
21.889999389648438,2023-07-07
22.520000457763672,2023-07-10
22.40999984741211,2023-07-11
21.799999237060547,2023-07-12
21.489999771118164,2023-07-13
20.420000076293945,2023-07-14
20.760000228881836,2023-07-17
21.149999618530273,2023-07-18
21.139999389648438,2023-07-19
20.68000030517578,2023-07-20
21.030000686645508,2023-07-21
20.809999465942383,2023-07-24
20.299999237060547,2023-07-25
20.770000457763672,2023-07-26
21.329999923706055,2023-07-27
21.540000915527344,2023-07-28
22.06999969482422,2023-07-31
19.40999984741211,2023-08-01
18.639999389648438,2023-08-02
18.280000686645508,2023-08-03
17.950000762939453,2023-08-04
18.479999542236328,2023-08-07
18.420000076293945,2023-08-08
17.899999618530273,2023-08-09
17.969999313354492,2023-08-10
17.68000030517578,2023-08-11
17.799999237060547,2023-08-14
17.649999618530273,2023-08-15
17.1200008392334,2023-08-16
16.780000686645508,2023-08-17
16.68000030517578,2023-08-18
17.010000228881836,2023-08-21
17.260000228881836,2023-08-22
17.56999969482422,2023-08-23
16.93000030517578,2023-08-24
16.8700008392334,2023-08-25
16.68000030517578,2023-08-28
16.90999984741211,2023-08-29
16.540000915527344,2023-08-30
16.56999969482422,2023-08-31
16.399999618530273,2023-09-01
16.65999984741211,2023-09-05
16.59000015258789,2023-09-06
16.489999771118164,2023-09-07
16.299999237060547,2023-09-08
16.65999984741211,2023-09-11
16.649999618530273,2023-09-12
16.350000381469727,2023-09-13
17.280000686645508,2023-09-14
17.229999542236328,2023-09-15
17.1200008392334,2023-09-18
17.34000015258789,2023-09-19
17.170000076293945,2023-09-20
16.920000076293945,2023-09-21
15.65999984741211,2023-09-22
15.180000305175781,2023-09-25
15.390000343322754,2023-09-26
16.290000915527344,2023-09-27
16.940000534057617,2023-09-28
16.479999542236328,2023-09-29
16.440000534057617,2023-10-02
15.850000381469727,2023-10-03
16.459999084472656,2023-10-04
16.440000534057617,2023-10-05
16.649999618530273,2023-10-06
16.649999618530273,2023-10-09
16.610000610351562,2023-10-10
15.65999984741211,2023-10-11
15.489999771118164,2023-10-12
14.859999656677246,2023-10-13
14.960000038146973,2023-10-16
15.140000343322754,2023-10-17
14.319999694824219,2023-10-18
13.960000038146973,2023-10-19
13.579999923706055,2023-10-20
13.920000076293945,2023-10-23
13.949999809265137,2023-10-24
13.720000267028809,2023-10-25
13.539999961853027,2023-10-26
13.359999656677246,2023-10-27
13.520000457763672,2023-10-30
13.600000381469727,2023-10-31
13.100000381469727,2023-11-01
13.069999694824219,2023-11-02
13.8100004196167,2023-11-03
13.109999656677246,2023-11-06
13.390000343322754,2023-11-07
13.4399995803833,2023-11-08
12.760000228881836,2023-11-09
13.180000305175781,2023-11-10
13.100000381469727,2023-11-13
14.029999732971191,2023-11-14
14.680000305175781,2023-11-15
14.630000114440918,2023-11-16
14.930000305175781,2023-11-17
14.619999885559082,2023-11-20
14.329999923706055,2023-11-21
14.390000343322754,2023-11-22
14.369999885559082,2023-11-24
14.380000114440918,2023-11-27
14.479999542236328,2023-11-28
14.829999923706055,2023-11-29
15.270000457763672,2023-11-30
16.420000076293945,2023-12-01
17.5,2023-12-04
17.59000015258789,2023-12-05
18.18000030517578,2023-12-06
18.770000457763672,2023-12-07
18.68000030517578,2023-12-08
18.420000076293945,2023-12-11
18.450000762939453,2023-12-12
19.219999313354492,2023-12-13
20.350000381469727,2023-12-14
20.360000610351562,2023-12-15
20.31999969482422,2023-12-18
20.690000534057617,2023-12-19
19.8700008392334,2023-12-20
20.950000762939453,2023-12-21
20.950000762939453,2023-12-22
20.350000381469727,2023-12-26
20.3799991607666,2023-12-27
20.469999313354492,2023-12-28
20.040000915527344,2023-12-29
18.31999969482422,2024-01-02
17.31999969482422,2024-01-03
17.649999618530273,2024-01-04
17.799999237060547,2024-01-05
17.760000228881836,2024-01-08
17.3799991607666,2024-01-09
17.59000015258789,2024-01-10
17.510000228881836,2024-01-11
16.75,2024-01-12
17.25,2024-01-16
17.079999923706055,2024-01-17
17.510000228881836,2024-01-18
17.760000228881836,2024-01-19
17.479999542236328,2024-01-22
17.40999984741211,2024-01-23
17.510000228881836,2024-01-24
17.75,2024-01-25
17.219999313354492,2024-01-26
17.760000228881836,2024-01-29
17.65999984741211,2024-01-30
17.799999237060547,2024-01-31
17.790000915527344,2024-02-01
17.739999771118164,2024-02-02
17.139999389648438,2024-02-05
17.440000534057617,2024-02-06
17.389999389648438,2024-02-07
17.5,2024-02-08
16.420000076293945,2024-02-09
16.639999389648438,2024-02-12
16.290000915527344,2024-02-13
16.549999237060547,2024-02-14
16.510000228881836,2024-02-15
16.260000228881836,2024-02-16
16.18000030517578,2024-02-20
16.100000381469727,2024-02-21
16.34000015258789,2024-02-22
16.170000076293945,2024-02-23
15.930000305175781,2024-02-26
19.09000015258789,2024-02-27
18.700000762939453,2024-02-28
19.389999389648438,2024-02-29
19.290000915527344,2024-03-01
19.420000076293945,2024-03-04
19.65999984741211,2024-03-05
20.030000686645508,2024-03-06
19.6299991607666,2024-03-07
19.989999771118164,2024-03-08
19.799999237060547,2024-03-11
19.559999465942383,2024-03-12
19.8700008392334,2024-03-13
19.329999923706055,2024-03-14
19.399999618530273,2024-03-15
19.649999618530273,2024-03-18
19.440000534057617,2024-03-19
20.18000030517578,2024-03-20
20.540000915527344,2024-03-21
20.700000762939453,2024-03-22
20.540000915527344,2024-03-25
20.15999984741211,2024-03-26
21.34000015258789,2024-03-27
20.93000030517578,2024-03-28
20.940000534057617,2024-04-01
19.260000228881836,2024-04-02
19.280000686645508,2024-04-03
18.829999923706055,2024-04-04
18.889999389648438,2024-04-05
19.389999389648438,2024-04-08
19.40999984741211,2024-04-09
