Date,TFCF
2019-03-19,49.61
2019-03-18,51.04
2019-03-15,51.72
2019-03-14,51.32
2019-03-13,51.06
2019-03-12,50.68
2019-03-11,50.27
2019-03-08,50.21
2019-03-07,50.28
2019-03-06,50.38
2019-03-05,50.31
2019-03-04,50.39
2019-03-01,50.31
2019-02-28,50.16
2019-02-27,50.12
2019-02-26,50.59
2019-02-25,50.41
2019-02-22,50.83
2019-02-21,50.43
2019-02-20,50.38
2019-02-19,50.17
2019-02-15,50.02
2019-02-14,49.63
2019-02-13,49.26
2019-02-12,49.24
2019-02-11,49.22
2019-02-08,49.33
2019-02-07,49.17
2019-02-06,49.12
2019-02-05,49.03
2019-02-04,49.09
2019-02-01,49.1
2019-01-31,49.06
2019-01-30,48.75
2019-01-29,48.8
2019-01-28,48.92
2019-01-25,48.97
2019-01-24,48.66
2019-01-23,48.45
2019-01-22,48.4
2019-01-18,48.35
2019-01-17,48.06
2019-01-16,48.05
2019-01-15,48.34
2019-01-14,48.34
2019-01-11,48.4
2019-01-10,48.47
2019-01-09,48.47
2019-01-08,48.36
2019-01-07,47.94
2019-01-04,47.78
2019-01-03,47.18
2019-01-02,47.47
2018-12-31,47.78
2018-12-28,47.62
2018-12-27,47.75
2018-12-26,47.53
2018-12-24,46.0
2018-12-21,46.6
2018-12-20,47.73
2018-12-19,48.19
2018-12-18,48.5
2018-12-17,48.77
2018-12-14,48.8
2018-12-13,48.92
2018-12-12,48.92
2018-12-11,49.01
2018-12-10,49.02
2018-12-07,48.99
2018-12-06,49.23
2018-12-04,48.92
2018-12-03,49.39
2018-11-30,49.03
2018-11-29,49.3
2018-11-28,49.25
2018-11-27,48.89
2018-11-26,48.55
2018-11-23,48.66
2018-11-21,48.54
2018-11-20,48.31
2018-11-19,48.54
2018-11-16,47.73
2018-11-15,47.79
2018-11-14,47.43
2018-11-13,47.28
2018-11-12,47.59
2018-11-09,47.71
2018-11-08,47.47
2018-11-07,47.16
2018-11-06,46.78
2018-11-05,46.41
2018-11-02,46.08
2018-11-01,46.2
2018-10-31,45.18
2018-10-30,45.29
2018-10-29,45.21
2018-10-26,44.8
2018-10-25,44.79
2018-10-24,44.29
2018-10-23,45.37
2018-10-22,45.44
2018-10-19,45.53
2018-10-18,45.43
2018-10-17,45.46
2018-10-16,45.56
2018-10-15,45.13
2018-10-12,44.94
2018-10-11,44.79
2018-10-10,44.4
2018-10-09,45.26
2018-10-08,45.47
2018-10-05,45.83
2018-10-04,46.27
2018-10-03,46.51
2018-10-02,46.18
2018-10-01,45.84
2018-09-28,45.82
2018-09-27,45.49
2018-09-26,45.26
2018-09-25,44.81
2018-09-24,44.65
2018-09-21,43.89
2018-09-20,44.2
2018-09-19,44.26
2018-09-18,44.16
2018-09-17,44.34
2018-09-14,44.42
2018-09-13,44.38
2018-09-12,44.21
2018-09-11,44.31
2018-09-10,44.45
2018-09-07,44.74
2018-09-06,44.88
2018-09-05,44.72
2018-09-04,44.87
2018-08-31,44.9
2018-08-30,44.73
2018-08-29,45.01
2018-08-28,44.6
2018-08-27,44.61
2018-08-24,44.58
2018-08-23,44.66
2018-08-22,44.75
2018-08-21,44.84
2018-08-20,44.79
2018-08-17,44.83
2018-08-16,45.12
2018-08-15,44.8
2018-08-14,44.97
2018-08-13,44.71
2018-08-10,44.92
2018-08-09,45.06
2018-08-08,44.96
2018-08-07,45.06
2018-08-06,45.27
2018-08-03,44.92
2018-08-02,44.66
2018-08-01,44.53
2018-07-31,44.42
2018-07-30,44.53
2018-07-27,44.71
2018-07-26,45.09
2018-07-25,44.87
2018-07-24,44.91
2018-07-23,45.54
2018-07-20,45.69
2018-07-19,46.2
2018-07-18,46.32
2018-07-17,46.19
2018-07-16,46.41
2018-07-13,47.19
2018-07-12,47.04
2018-07-11,47.4
2018-07-10,49.34
2018-07-09,49.08
2018-07-06,48.43
2018-07-05,48.17
2018-07-03,48.03
2018-07-02,48.67
2018-06-29,49.27
2018-06-28,49.33
2018-06-27,48.3
2018-06-26,47.42
2018-06-25,47.89
2018-06-22,48.35
2018-06-21,48.04
2018-06-20,47.5
2018-06-19,44.29
2018-06-18,44.37
2018-06-15,44.56
2018-06-14,44.42
2018-06-13,43.41
2018-06-12,40.39
2018-06-11,39.92
2018-06-08,39.55
2018-06-07,39.23
2018-06-06,38.85
2018-06-05,38.74
2018-06-04,38.44
2018-06-01,38.27
2018-05-31,38.17
2018-05-30,38.25
2018-05-29,38.25
2018-05-25,38.52
2018-05-24,38.5
2018-05-23,38.24
2018-05-22,37.74
2018-05-21,37.45
2018-05-18,37.27
2018-05-17,37.28
2018-05-16,37.71
2018-05-15,37.35
2018-05-14,37.29
2018-05-11,37.48
2018-05-10,37.46
2018-05-09,37.24
2018-05-08,37.45
2018-05-07,37.48
2018-05-04,37.16
2018-05-03,36.33
2018-05-02,36.13
2018-05-01,36.12
2018-04-30,36.07
2018-04-27,35.99
2018-04-26,35.84
2018-04-25,36.13
2018-04-24,35.52
2018-04-23,36.03
2018-04-20,36.18
2018-04-19,36.68
2018-04-18,36.82
2018-04-17,37.09
2018-04-16,36.51
2018-04-13,36.41
2018-04-12,36.07
2018-04-11,35.65
2018-04-10,35.8
2018-04-09,35.33
2018-04-06,35.34
2018-04-05,36.0
2018-04-04,35.67
2018-04-03,35.59
2018-04-02,35.68
2018-03-29,36.37
2018-03-28,35.5
2018-03-27,36.08
2018-03-26,36.58
2018-03-23,35.45
2018-03-22,36.18
2018-03-21,36.3
2018-03-20,36.18
2018-03-19,36.25
2018-03-16,36.62
2018-03-15,36.7
2018-03-14,37.23
2018-03-13,36.85
2018-03-12,37.5
2018-03-09,37.21
2018-03-08,36.79
2018-03-07,36.51
2018-03-06,37.02
2018-03-05,36.15
2018-03-02,35.93
2018-03-01,35.53
2018-02-28,36.42
2018-02-27,37.14
2018-02-26,38.4
2018-02-23,37.62
2018-02-22,36.73
2018-02-21,36.56
2018-02-20,36.61
2018-02-16,37.04
2018-02-15,36.65
2018-02-14,36.18
2018-02-13,36.19
2018-02-12,35.95
2018-02-09,35.19
2018-02-08,34.09
2018-02-07,35.7
2018-02-06,36.42
2018-02-05,35.56
2018-02-02,36.22
2018-02-01,36.71
2018-01-31,36.49
2018-01-30,37.88
2018-01-29,38.14
2018-01-26,38.32
2018-01-25,37.73
2018-01-24,37.49
2018-01-23,37.19
2018-01-22,36.96
2018-01-19,36.26
2018-01-18,35.73
2018-01-17,36.49
2018-01-16,35.79
2018-01-12,36.37
2018-01-11,35.8
2018-01-10,35.32
2018-01-09,36.18
2018-01-08,35.85
2018-01-05,36.35
2018-01-04,36.17
2018-01-03,35.93
2018-01-02,35.36
2017-12-29,34.12
2017-12-28,34.08
2017-12-27,34.14
2017-12-26,34.17
2017-12-22,34.72
2017-12-21,34.53
2017-12-20,33.86
2017-12-19,34.37
2017-12-18,34.5
2017-12-15,34.22
2017-12-14,34.22
2017-12-13,32.34
2017-12-12,33.6
2017-12-11,33.27
2017-12-08,32.97
2017-12-07,33.77
2017-12-06,32.7
2017-12-05,32.48
2017-12-04,32.31
2017-12-01,31.47
2017-11-30,31.15
2017-11-29,31.3
2017-11-28,30.17
2017-11-27,29.7
2017-11-24,29.78
2017-11-22,29.94
2017-11-21,30.1
2017-11-20,29.9
2017-11-17,30.48
2017-11-16,28.6
2017-11-15,27.95
2017-11-14,27.31
2017-11-13,27.82
2017-11-10,28.07
2017-11-09,28.13
2017-11-08,27.35
2017-11-07,27.04
2017-11-06,26.62
2017-11-03,24.43
2017-11-02,25.15
2017-11-01,25.38
2017-10-31,25.45
2017-10-30,25.75
2017-10-27,25.75
2017-10-26,25.7
2017-10-25,25.43
2017-10-24,25.56
2017-10-23,26.01
2017-10-20,26.84
2017-10-19,26.7
2017-10-18,26.59
2017-10-17,26.22
2017-10-16,26.1
2017-10-13,25.83
2017-10-12,25.49
2017-10-11,25.48
2017-10-10,26.15
2017-10-09,25.97
2017-10-06,26.47
2017-10-05,26.32
2017-10-04,26.46
2017-10-03,26.02
2017-10-02,26.05
2017-09-29,25.79
2017-09-28,26.01
2017-09-27,26.77
2017-09-26,26.42
2017-09-25,26.61
2017-09-22,26.43
2017-09-21,26.33
2017-09-20,26.38
2017-09-19,26.27
2017-09-18,26.03
2017-09-15,26.65
2017-09-14,26.0
2017-09-13,26.15
2017-09-12,25.46
2017-09-11,25.67
2017-09-08,25.38
2017-09-07,25.38
2017-09-06,25.97
2017-09-05,26.09
2017-09-01,26.98
2017-08-31,27.1
2017-08-30,27.01
2017-08-29,26.91
2017-08-28,26.76
2017-08-25,26.72
2017-08-24,26.61
2017-08-23,26.66
2017-08-22,26.98
2017-08-21,26.89
2017-08-18,26.79
2017-08-17,26.89
2017-08-16,27.56
2017-08-15,27.44
2017-08-14,27.77
2017-08-11,27.84
2017-08-10,27.47
2017-08-09,27.51
2017-08-08,27.71
2017-08-07,27.84
2017-08-04,28.06
2017-08-03,28.52
2017-08-02,28.28
2017-08-01,28.92
2017-07-31,28.69
2017-07-28,28.91
2017-07-27,29.22
2017-07-26,27.92
2017-07-25,27.71
2017-07-24,27.5
2017-07-21,27.65
2017-07-20,27.61
2017-07-19,27.46
2017-07-18,27.2
2017-07-17,27.23
2017-07-14,27.54
2017-07-13,27.4
2017-07-12,28.31
2017-07-11,27.72
2017-07-10,27.84
2017-07-07,27.56
2017-07-06,27.52
2017-07-05,27.94
2017-07-03,28.13
2017-06-30,27.87
2017-06-29,27.74
2017-06-28,27.77
2017-06-27,27.22
2017-06-26,27.62
2017-06-23,26.93
2017-06-22,26.63
2017-06-21,26.86
2017-06-20,26.74
2017-06-19,27.43
2017-06-16,27.12
2017-06-15,27.41
2017-06-14,27.13
2017-06-13,27.66
2017-06-12,28.17
2017-06-09,27.7
2017-06-08,27.0
2017-06-07,27.19
2017-06-06,27.21
2017-06-05,27.36
2017-06-02,27.6
2017-06-01,27.53
2017-05-31,26.9
2017-05-30,26.96
2017-05-26,26.95
2017-05-25,27.23
2017-05-24,26.67
2017-05-23,26.53
2017-05-22,27.0
2017-05-19,27.02
2017-05-18,26.78
2017-05-17,26.77
2017-05-16,27.11
2017-05-15,27.67
2017-05-12,27.9
2017-05-11,28.32
2017-05-10,27.68
2017-05-09,27.96
2017-05-08,28.03
2017-05-05,28.58
2017-05-04,28.5
2017-05-03,28.35
2017-05-02,29.85
2017-05-01,29.69
2017-04-28,29.86
2017-04-27,29.93
2017-04-26,30.05
2017-04-25,29.89
2017-04-24,29.75
2017-04-21,30.22
2017-04-20,30.55
2017-04-19,29.81
2017-04-18,30.05
2017-04-17,30.16
2017-04-13,29.86
2017-04-12,30.14
2017-04-11,30.47
2017-04-10,30.6
2017-04-07,30.54
2017-04-06,30.55
2017-04-05,30.83
2017-04-04,31.21
2017-04-03,31.57
2017-03-31,31.78
2017-03-30,31.67
2017-03-29,31.51
2017-03-28,31.82
2017-03-27,31.25
2017-03-24,30.88
2017-03-23,30.75
2017-03-22,30.42
2017-03-21,30.09
2017-03-20,30.09
2017-03-17,30.27
2017-03-16,30.2
2017-03-15,30.32
2017-03-14,29.92
2017-03-13,29.95
2017-03-10,29.96
2017-03-09,30.26
2017-03-08,29.98
2017-03-07,30.11
2017-03-06,30.2
2017-03-03,29.95
2017-03-02,29.71
2017-03-01,29.86
2017-02-28,29.35
2017-02-27,30.01
2017-02-24,30.23
2017-02-23,30.0
2017-02-22,30.15
2017-02-21,30.06
2017-02-17,29.92
2017-02-16,30.08
2017-02-15,30.33
2017-02-14,30.02
2017-02-13,29.48
2017-02-10,29.65
2017-02-09,29.71
2017-02-08,29.82
2017-02-07,30.16
2017-02-06,30.72
2017-02-03,31.09
2017-02-02,31.16
2017-02-01,31.24
2017-01-31,31.01
2017-01-30,30.98
2017-01-27,30.85
2017-01-26,30.59
2017-01-25,29.8
2017-01-24,29.79
2017-01-23,29.51
2017-01-20,29.55
2017-01-19,29.21
2017-01-18,29.52
2017-01-17,29.25
2017-01-13,29.25
2017-01-12,29.08
2017-01-11,29.44
2017-01-10,28.92
2017-01-09,28.77
2017-01-06,28.85
2017-01-05,28.34
2017-01-04,28.25
2017-01-03,28.0
2016-12-30,27.25
2016-12-29,27.48
2016-12-28,27.66
2016-12-27,27.84
2016-12-23,27.7
2016-12-22,27.75
2016-12-21,27.74
2016-12-20,27.59
2016-12-19,27.63
2016-12-16,27.73
2016-12-15,27.39
2016-12-14,27.59
2016-12-13,26.9
2016-12-12,26.19
2016-12-09,27.92
2016-12-08,28.48
2016-12-07,27.95
2016-12-06,27.37
2016-12-05,27.53
2016-12-02,27.37
2016-12-01,28.08
2016-11-30,28.06
2016-11-29,28.36
2016-11-28,28.19
2016-11-25,28.26
2016-11-23,28.28
2016-11-22,28.14
2016-11-21,27.73
2016-11-18,27.69
2016-11-17,27.81
2016-11-16,27.49
2016-11-15,27.4
2016-11-14,27.33
2016-11-11,27.0
2016-11-10,27.16
2016-11-09,27.33
2016-11-08,27.08
2016-11-07,27.19
2016-11-04,26.69
2016-11-03,27.53
2016-11-02,25.75
2016-11-01,26.19
2016-10-31,26.39
2016-10-28,26.24
2016-10-27,26.24
2016-10-26,26.52
2016-10-25,25.71
2016-10-24,25.67
2016-10-21,25.91
2016-10-20,25.36
2016-10-19,25.32
2016-10-18,25.07
2016-10-17,24.79
2016-10-14,24.86
2016-10-13,24.76
2016-10-12,24.76
2016-10-11,24.83
2016-10-10,25.01
2016-10-07,24.68
2016-10-06,24.91
2016-10-05,25.01
2016-10-04,25.15
2016-10-03,25.17
2016-09-30,24.74
2016-09-29,24.62
2016-09-28,24.89
2016-09-27,24.8
2016-09-26,24.31
2016-09-23,24.49
2016-09-22,24.74
2016-09-21,24.3
2016-09-20,24.24
2016-09-19,24.29
2016-09-16,24.28
2016-09-15,24.32
2016-09-14,24.19
2016-09-13,24.2
2016-09-12,24.66
2016-09-09,24.12
2016-09-08,25.04
2016-09-07,24.56
2016-09-06,24.71
2016-09-02,24.75
2016-09-01,24.75
2016-08-31,24.85
2016-08-30,24.85
2016-08-29,25.05
2016-08-26,25.0
2016-08-25,25.1
2016-08-24,25.34
2016-08-23,25.45
2016-08-22,25.71
2016-08-19,25.81
2016-08-18,25.82
2016-08-17,26.19
2016-08-16,26.13
2016-08-15,26.3
2016-08-12,26.57
2016-08-11,26.64
2016-08-10,26.18
2016-08-09,26.18
2016-08-08,26.23
2016-08-05,26.44
2016-08-04,26.21
2016-08-03,27.42
2016-08-02,27.04
2016-08-01,27.14
2016-07-29,27.03
2016-07-28,27.07
2016-07-27,27.43
2016-07-26,27.4
2016-07-25,27.45
2016-07-22,27.77
2016-07-21,27.72
2016-07-20,27.8
2016-07-19,28.45
2016-07-18,28.58
2016-07-15,28.59
2016-07-14,28.62
2016-07-13,28.41
2016-07-12,28.08
2016-07-11,28.09
2016-07-08,28.0
2016-07-07,27.26
2016-07-06,27.12
2016-07-05,26.88
2016-07-01,27.51
2016-06-30,27.25
2016-06-29,27.07
2016-06-28,26.62
2016-06-27,26.26
2016-06-24,26.76
2016-06-23,28.98
2016-06-22,28.67
2016-06-21,28.59
2016-06-20,28.94
2016-06-17,28.7
2016-06-16,29.02
2016-06-15,28.97
2016-06-14,28.98
2016-06-13,29.08
2016-06-10,28.99
2016-06-09,29.41
2016-06-08,29.69
2016-06-07,29.68
2016-06-06,29.73
2016-06-03,29.6
2016-06-02,29.86
2016-06-01,29.7
2016-05-31,29.24
2016-05-27,29.26
2016-05-26,28.97
2016-05-25,29.2
2016-05-24,28.84
2016-05-23,28.44
2016-05-20,28.46
2016-05-19,28.25
2016-05-18,28.48
2016-05-17,28.83
2016-05-16,29.13
2016-05-13,29.24
2016-05-12,29.35
2016-05-11,29.59
2016-05-10,30.02
2016-05-09,29.4
2016-05-06,29.52
2016-05-05,29.82
2016-05-04,29.58
2016-05-03,29.69
2016-05-02,30.24
2016-04-29,30.12
2016-04-28,30.57
2016-04-27,30.78
2016-04-26,30.87
2016-04-25,30.93
2016-04-22,30.75
2016-04-21,30.09
2016-04-20,29.97
2016-04-19,30.04
2016-04-18,30.08
2016-04-15,29.84
2016-04-14,29.79
2016-04-13,29.88
2016-04-12,29.42
2016-04-11,28.68
2016-04-08,28.78
2016-04-07,28.82
2016-04-06,29.36
2016-04-05,28.8
2016-04-04,29.01
2016-04-01,29.12
2016-03-31,28.2
2016-03-30,28.2
2016-03-29,28.17
2016-03-28,27.99
2016-03-24,28.02
2016-03-23,27.99
2016-03-22,28.0
2016-03-21,28.04
2016-03-18,28.19
2016-03-17,28.21
2016-03-16,28.21
2016-03-15,28.11
2016-03-14,28.14
2016-03-11,28.19
2016-03-10,27.98
2016-03-09,28.08
2016-03-08,27.83
2016-03-07,28.13
2016-03-04,27.99
2016-03-03,28.0
2016-03-02,27.68
2016-03-01,28.03
2016-02-29,27.16
2016-02-27,27.26
2016-02-26,27.2
2016-02-25,27.38
2016-02-24,27.33
2016-02-23,27.02
2016-02-22,27.31
2016-02-19,26.69
2016-02-18,26.42
2016-02-17,26.47
2016-02-16,25.63
2016-02-12,24.67
2016-02-11,24.71
2016-02-10,24.46
2016-02-09,24.21
2016-02-08,24.54
2016-02-05,25.04
2016-02-04,26.23
2016-02-03,26.5
2016-02-02,26.06
2016-02-01,27.11
2016-01-29,27.1
2016-01-28,26.23
2016-01-27,26.58
2016-01-26,26.96
2016-01-25,26.0
2016-01-22,26.41
2016-01-21,25.62
2016-01-20,25.75
2016-01-19,26.58
2016-01-15,26.17
2016-01-14,26.77
2016-01-13,25.81
2016-01-12,26.46
2016-01-11,26.0
2016-01-08,25.93
2016-01-07,25.92
2016-01-06,26.5
2016-01-05,26.6
2016-01-04,26.61
2015-12-31,27.23
2015-12-30,27.35
2015-12-29,27.6
2015-12-28,27.45
2015-12-24,27.54
2015-12-23,27.6
2015-12-22,27.6
2015-12-21,27.59
2015-12-18,27.83
2015-12-17,28.23
2015-12-16,28.5
2015-12-15,28.1
2015-12-14,28.0
2015-12-11,28.16
2015-12-10,29.05
2015-12-09,28.97
2015-12-08,29.5
2015-12-07,30.03
2015-12-04,30.0
2015-12-03,29.71
2015-12-02,29.95
2015-12-01,30.26
2015-11-30,29.95
2015-11-27,29.9
2015-11-25,30.32
2015-11-24,30.25
2015-11-23,30.38
2015-11-20,30.54
2015-11-19,30.32
2015-11-18,30.63
2015-11-17,30.43
2015-11-16,30.61
2015-11-13,30.02
2015-11-12,30.36
2015-11-11,30.34
2015-11-10,30.33
2015-11-09,29.7
2015-11-06,30.08
2015-11-05,29.88
2015-11-04,29.9
2015-11-03,31.5
2015-11-02,31.11
2015-10-30,30.88
2015-10-29,30.65
2015-10-28,30.41
2015-10-27,30.28
2015-10-26,30.58
2015-10-23,30.42
2015-10-22,30.09
2015-10-21,29.54
2015-10-20,29.83
2015-10-19,29.67
2015-10-16,29.66
2015-10-15,29.44
2015-10-14,28.73
2015-10-13,28.96
2015-10-12,28.84
2015-10-09,28.9
2015-10-08,28.9
2015-10-07,28.51
2015-10-06,28.45
2015-10-05,28.7
2015-10-02,28.3
2015-10-01,27.48
2015-09-30,27.07
2015-09-29,25.88
2015-09-28,25.41
2015-09-25,25.98
2015-09-24,26.22
2015-09-23,26.52
2015-09-22,26.58
2015-09-21,26.6
2015-09-18,26.43
2015-09-17,27.05
2015-09-16,27.07
2015-09-15,26.88
2015-09-14,26.67
2015-09-11,26.9
2015-09-10,27.02
2015-09-09,26.99
2015-09-08,27.63
2015-09-04,26.92
2015-09-03,27.19
2015-09-02,27.17
2015-09-01,26.77
2015-08-31,27.66
2015-08-28,28.08
2015-08-27,27.93
2015-08-26,27.49
2015-08-25,26.9
2015-08-24,26.85
2015-08-21,27.92
2015-08-20,28.68
2015-08-19,29.81
2015-08-18,30.05
2015-08-17,30.15
2015-08-14,29.91
2015-08-13,29.64
2015-08-12,29.48
2015-08-11,29.73
2015-08-10,30.14
2015-08-07,30.38
2015-08-06,29.06
2015-08-05,31.16
2015-08-04,33.4
2015-08-03,33.37
2015-07-31,33.52
2015-07-30,33.06
2015-07-29,32.99
2015-07-28,32.72
2015-07-27,32.29
2015-07-24,32.83
2015-07-23,32.48
2015-07-22,32.95
2015-07-21,32.75
2015-07-20,33.14
2015-07-17,33.2
2015-07-16,33.47
2015-07-15,33.18
2015-07-14,33.12
2015-07-13,33.11
2015-07-10,32.54
2015-07-09,31.94
2015-07-08,31.8
2015-07-07,32.47
2015-07-06,32.24
2015-07-02,32.22
2015-07-01,32.46
2015-06-30,32.22
2015-06-29,31.88
2015-06-26,32.8
2015-06-25,32.61
2015-06-24,32.52
2015-06-23,33.06
2015-06-22,32.99
2015-06-19,32.72
2015-06-18,32.79
2015-06-17,32.49
2015-06-16,32.17
2015-06-15,32.26
2015-06-12,32.59
2015-06-11,32.82
2015-06-10,32.85
2015-06-09,32.72
2015-06-08,33.0
2015-06-05,33.11
2015-06-04,33.51
2015-06-03,33.57
2015-06-02,33.35
2015-06-01,33.46
2015-05-29,33.44
2015-05-28,33.77
2015-05-27,34.01
2015-05-26,33.8
2015-05-22,34.11
2015-05-21,34.43
2015-05-20,34.22
2015-05-19,34.18
2015-05-18,33.48
2015-05-15,33.63
2015-05-14,33.06
2015-05-13,32.65
2015-05-12,32.37
2015-05-11,32.51
2015-05-08,32.44
2015-05-07,32.34
2015-05-06,33.02
2015-05-05,33.2
2015-05-04,33.58
2015-05-01,33.65
2015-04-30,33.35
2015-04-29,33.78
2015-04-28,33.79
2015-04-27,33.81
2015-04-24,33.95
2015-04-23,33.65
2015-04-22,33.31
2015-04-21,33.13
2015-04-20,33.12
2015-04-17,32.62
2015-04-16,33.18
2015-04-15,33.18
2015-04-14,33.13
2015-04-13,33.17
2015-04-10,33.37
2015-04-09,33.44
2015-04-08,33.23
2015-04-07,33.29
2015-04-06,33.48
2015-04-02,33.24
2015-04-01,32.7
2015-03-31,32.88
2015-03-30,33.15
2015-03-27,32.73
2015-03-26,33.01
2015-03-25,33.26
2015-03-24,34.12
2015-03-23,34.65
2015-03-20,34.4
2015-03-19,33.58
2015-03-18,33.87
2015-03-17,32.98
2015-03-16,33.32
2015-03-13,32.98
2015-03-12,33.48
2015-03-11,33.16
2015-03-10,33.22
2015-03-09,33.65
2015-03-06,33.59
2015-03-05,34.03
2015-03-04,34.07
2015-03-03,34.62
2015-03-02,34.26
2015-02-27,34.04
2015-02-26,33.8
2015-02-25,33.96
2015-02-24,34.06
2015-02-23,34.4
2015-02-20,34.27
2015-02-19,33.85
2015-02-18,33.62
2015-02-17,34.0
2015-02-13,33.66
2015-02-12,33.31
2015-02-11,33.57
2015-02-10,33.26
2015-02-09,33.0
2015-02-06,32.56
2015-02-05,31.78
2015-02-04,33.43
2015-02-03,33.33
2015-02-02,32.46
2015-01-30,31.85
2015-01-29,32.57
2015-01-28,32.35
2015-01-27,32.98
2015-01-26,33.42
2015-01-23,33.24
2015-01-22,33.38
2015-01-21,32.65
2015-01-20,32.78
2015-01-16,33.59
2015-01-15,33.12
2015-01-14,33.3
2015-01-13,33.56
2015-01-12,33.81
2015-01-09,33.84
2015-01-08,34.12
2015-01-07,33.96
2015-01-06,35.27
2015-01-05,35.77
2015-01-02,36.52
2014-12-31,36.89
2014-12-30,37.18
2014-12-29,37.49
2014-12-26,37.32
2014-12-24,37.33
2014-12-23,37.3
2014-12-22,37.49
2014-12-19,37.05
2014-12-18,36.4
2014-12-17,35.8
2014-12-16,34.83
2014-12-15,35.16
2014-12-12,35.46
2014-12-11,35.75
2014-12-10,35.61
2014-12-09,35.76
2014-12-08,36.19
2014-12-05,36.52
2014-12-04,36.15
2014-12-03,35.67
2014-12-02,35.79
2014-12-01,35.72
2014-11-28,35.36
2014-11-26,34.86
2014-11-25,35.15
2014-11-24,34.45
2014-11-21,33.95
2014-11-20,33.8
2014-11-19,33.66
2014-11-18,33.77
2014-11-17,33.82
2014-11-14,33.71
2014-11-13,33.55
2014-11-12,33.19
2014-11-11,33.39
2014-11-10,33.29
2014-11-07,33.24
2014-11-06,33.93
2014-11-05,33.41
2014-11-04,31.99
2014-11-03,33.11
2014-10-31,33.17
2014-10-30,33.29
2014-10-29,33.11
2014-10-28,33.11
2014-10-27,32.65
2014-10-24,32.24
2014-10-23,32.38
2014-10-22,31.64
2014-10-21,32.54
2014-10-20,31.96
2014-10-17,31.64
2014-10-16,31.56
2014-10-15,30.87
2014-10-14,30.96
2014-10-13,30.71
2014-10-10,31.34
2014-10-09,32.2
2014-10-08,33.11
2014-10-07,32.69
2014-10-06,32.98
2014-10-03,33.03
2014-10-02,32.37
2014-10-01,32.86
2014-09-30,33.31
2014-09-29,33.25
2014-09-26,33.4
2014-09-25,32.77
2014-09-24,33.46
2014-09-23,33.2
2014-09-22,33.49
2014-09-19,34.13
2014-09-18,33.93
2014-09-17,33.61
2014-09-16,33.74
2014-09-15,33.92
2014-09-12,34.09
2014-09-11,34.26
2014-09-10,34.5
2014-09-09,34.66
2014-09-08,34.9
2014-09-05,35.11
2014-09-04,35.13
2014-09-03,35.28
2014-09-02,34.93
2014-08-29,34.44
2014-08-28,34.6
2014-08-27,34.83
2014-08-26,34.52
2014-08-25,34.55
2014-08-22,34.7
2014-08-21,34.65
2014-08-20,34.62
2014-08-19,34.73
2014-08-18,34.87
2014-08-15,34.72
2014-08-14,34.62
2014-08-13,34.24
2014-08-12,34.01
2014-08-11,33.68
2014-08-08,33.55
2014-08-07,33.08
2014-08-06,31.67
2014-08-05,31.03
2014-08-04,31.37
2014-08-01,31.87
2014-07-31,31.66
2014-07-30,31.97
2014-07-29,32.03
2014-07-28,32.25
2014-07-25,32.57
2014-07-24,32.57
2014-07-23,32.25
2014-07-22,32.72
2014-07-21,32.49
2014-07-18,32.76
2014-07-17,32.46
2014-07-16,32.57
2014-07-15,34.16
2014-07-14,34.42
2014-07-11,34.5
2014-07-10,34.62
2014-07-09,34.83
2014-07-08,34.1
2014-07-07,34.63
2014-07-03,35.14
2014-07-02,34.67
2014-07-01,34.33
2014-06-30,34.23
2014-06-27,34.34
2014-06-26,34.22
2014-06-25,34.08
2014-06-24,33.36
2014-06-23,33.53
2014-06-20,33.57
2014-06-19,34.2
2014-06-18,34.33
2014-06-17,34.39
2014-06-16,34.48
2014-06-13,34.39
2014-06-12,34.31
2014-06-11,35.02
2014-06-10,35.05
2014-06-09,35.36
2014-06-06,35.07
2014-06-05,35.1
2014-06-04,34.52
2014-06-03,34.41
2014-06-02,34.62
2014-05-30,34.46
2014-05-29,34.5
2014-05-28,34.16
2014-05-27,33.81
2014-05-23,34.04
2014-05-22,33.63
2014-05-21,33.72
2014-05-20,33.26
2014-05-19,33.28
2014-05-16,33.2
2014-05-15,33.26
2014-05-14,33.46
2014-05-13,34.07
2014-05-12,34.34
2014-05-09,33.45
2014-05-08,33.48
2014-05-07,31.4
2014-05-06,31.66
2014-05-05,32.0
2014-05-02,31.78
2014-05-01,31.69
2014-04-30,31.32
2014-04-29,31.29
2014-04-28,31.03
2014-04-25,31.78
2014-04-24,32.03
2014-04-23,31.9
2014-04-22,31.99
2014-04-21,31.7
2014-04-17,31.69
2014-04-16,31.32
2014-04-15,30.77
2014-04-14,31.09
2014-04-11,31.01
2014-04-10,31.54
2014-04-09,32.3
2014-04-08,31.65
2014-04-07,31.18
2014-04-04,32.19
2014-04-03,32.76
2014-04-02,32.52
2014-04-01,32.05
2014-03-31,31.12
2014-03-28,30.72
2014-03-27,30.97
2014-03-26,31.3
2014-03-25,31.64
2014-03-24,31.48
2014-03-21,31.83
2014-03-20,31.8
2014-03-19,32.0
2014-03-18,32.24
2014-03-17,31.8
2014-03-14,31.64
2014-03-13,31.45
2014-03-12,32.06
2014-03-11,32.28
2014-03-10,32.94
2014-03-07,33.14
2014-03-06,33.46
2014-03-05,33.03
2014-03-04,32.76
2014-03-03,32.09
2014-02-28,32.55
2014-02-27,32.12
2014-02-26,31.95
2014-02-25,32.23
2014-02-24,32.3
2014-02-21,32.13
2014-02-20,31.8
2014-02-19,31.89
2014-02-18,32.14
2014-02-14,31.83
2014-02-13,31.58
2014-02-12,31.81
2014-02-11,31.51
2014-02-10,31.44
2014-02-07,31.57
2014-02-06,31.57
2014-02-05,31.15
2014-02-04,31.04
2014-02-03,30.46
2014-01-31,31.24
2014-01-30,31.31
2014-01-29,30.21
2014-01-28,30.67
2014-01-27,30.55
2014-01-24,30.69
2014-01-23,31.03
2014-01-22,31.36
2014-01-21,31.24
2014-01-17,31.46
2014-01-16,31.82
2014-01-15,31.98
2014-01-14,31.83
2014-01-13,31.93
2014-01-10,32.84
2014-01-09,32.59
2014-01-08,33.8
2014-01-07,34.37
2014-01-06,34.27
2014-01-03,34.66
2014-01-02,35.04
2013-12-31,34.6
2013-12-30,34.44
2013-12-27,34.37
2013-12-26,34.4
2013-12-24,34.14
2013-12-23,33.92
2013-12-20,33.58
2013-12-19,33.22
2013-12-18,32.59
2013-12-17,31.95
2013-12-16,32.01
2013-12-13,32.08
2013-12-12,31.65
2013-12-11,31.74
2013-12-10,32.31
2013-12-09,32.09
2013-12-06,32.16
2013-12-05,31.96
2013-12-04,32.33
2013-12-03,32.75
2013-12-02,32.98
2013-11-29,33.03
2013-11-27,32.87
2013-11-26,32.66
2013-11-25,32.72
2013-11-22,32.96
2013-11-21,32.89
2013-11-20,32.82
2013-11-19,32.96
2013-11-18,33.42
2013-11-15,33.85
2013-11-14,33.79
2013-11-13,33.36
2013-11-12,32.93
2013-11-11,33.24
2013-11-08,33.61
2013-11-07,32.68
2013-11-06,33.76
2013-11-05,33.87
2013-11-04,34.02
2013-11-01,34.22
2013-10-31,34.02
2013-10-30,33.84
2013-10-29,34.58
2013-10-28,34.62
2013-10-25,34.64
2013-10-24,34.85
2013-10-23,34.51
2013-10-22,34.74
2013-10-21,34.25
2013-10-18,34.21
2013-10-17,34.23
2013-10-16,33.91
2013-10-15,33.35
2013-10-14,33.58
2013-10-11,33.15
2013-10-10,32.78
2013-10-09,32.18
2013-10-08,32.42
2013-10-07,33.03
2013-10-04,33.59
2013-10-03,33.17
2013-10-02,33.64
2013-10-01,33.94
2013-09-30,33.4
2013-09-27,33.27
2013-09-26,32.99
2013-09-25,32.66
2013-09-24,32.55
2013-09-23,32.73
2013-09-20,33.0
2013-09-19,32.82
2013-09-18,32.77
2013-09-17,32.6
2013-09-16,32.64
2013-09-13,32.65
2013-09-12,32.34
2013-09-11,32.51
2013-09-10,32.25
2013-09-09,32.17
2013-09-06,32.16
2013-09-05,32.01
2013-09-04,32.03
2013-09-03,31.79
2013-08-30,31.39
2013-08-29,31.51
2013-08-28,31.66
2013-08-27,31.65
2013-08-26,32.18
2013-08-23,32.25
2013-08-22,32.15
2013-08-21,31.54
2013-08-20,31.99
2013-08-19,31.54
2013-08-16,32.06
2013-08-15,31.95
2013-08-14,32.35
2013-08-13,32.54
2013-08-12,32.71
2013-08-09,32.8
2013-08-08,32.83
2013-08-07,31.82
2013-08-06,31.29
2013-08-05,31.39
2013-08-02,31.54
2013-08-01,30.67
2013-07-31,29.99
2013-07-30,29.53
2013-07-29,29.99
2013-07-26,30.48
2013-07-25,30.45
2013-07-24,30.48
2013-07-23,30.84
2013-07-22,30.88
2013-07-19,30.77
2013-07-18,31.03
2013-07-17,30.31
2013-07-16,30.31
2013-07-15,30.15
2013-07-12,30.29
2013-07-11,30.08
2013-07-10,30.06
2013-07-09,30.2
2013-07-08,30.41
2013-07-05,30.32
2013-07-03,29.75
2013-07-02,29.34
2013-07-01,29.53
2013-06-28,28.98
2013-06-27,29.09
2013-06-26,28.56
2013-06-25,28.0
2013-06-24,27.7
2013-06-21,27.95
2013-06-20,27.79
2013-06-19,28.55
2013-06-18,28.0
2013-06-17,27.7
2013-06-14,27.73
2013-06-13,28.07
2013-06-12,27.47
2013-06-11,28.06
2013-06-10,28.32
2013-06-07,28.51
2013-06-06,28.2
2013-06-05,27.99
2013-06-04,28.8
2013-06-03,28.8
2013-05-31,28.46
2013-05-30,28.75
2013-05-29,29.11
2013-05-28,29.46
2013-05-24,29.35
2013-05-23,29.2
2013-05-22,29.42
2013-05-21,29.46
2013-05-20,29.28
2013-05-17,29.44
2013-05-16,29.13
2013-05-15,29.61
2013-05-14,29.71
2013-05-13,29.52
2013-05-10,29.49
2013-05-09,29.52
2013-05-08,28.23
2013-05-07,28.51
2013-05-06,28.32
2013-05-03,28.27
2013-05-02,28.22
2013-05-01,27.61
2013-04-30,27.47
2013-04-29,27.43
2013-04-26,27.54
2013-04-25,27.6
2013-04-24,27.48
2013-04-23,27.96
2013-04-22,28.0
2013-04-19,27.61
2013-04-18,26.97
2013-04-17,27.48
2013-04-16,27.78
2013-04-15,26.96
2013-04-12,27.97
2013-04-11,28.03
2013-04-10,27.72
2013-04-09,27.69
2013-04-08,27.87
2013-04-05,27.25
2013-04-04,27.09
2013-04-03,27.36
2013-04-02,27.63
2013-04-01,27.02
2013-03-28,27.16
2013-03-27,26.91
2013-03-26,27.01
2013-03-25,26.87
2013-03-22,26.99
2013-03-21,26.64
2013-03-20,26.82
2013-03-19,26.49
2013-03-18,27.0
2013-03-15,27.19
2013-03-14,27.35
2013-03-13,27.18
2013-03-12,27.21
2013-03-11,27.44
2013-03-08,27.38
2013-03-07,26.79
2013-03-06,26.79
2013-03-05,26.99
2013-03-04,26.35
2013-03-01,26.13
2013-02-28,25.84
2013-02-27,25.77
2013-02-26,25.33
2013-02-25,25.12
2013-02-22,25.63
2013-02-21,25.38
2013-02-20,25.79
2013-02-19,26.26
2013-02-15,25.9
2013-02-14,25.57
2013-02-13,25.33
2013-02-12,25.37
2013-02-11,25.36
2013-02-08,25.51
2013-02-07,24.63
2013-02-06,25.33
2013-02-05,25.27
2013-02-04,25.09
2013-02-01,25.26
2013-01-31,24.93
2013-01-30,25.03
2013-01-29,24.96
2013-01-28,24.82
2013-01-25,24.57
2013-01-24,24.47
2013-01-23,24.71
2013-01-22,24.48
2013-01-18,24.57
2013-01-17,24.68
2013-01-16,24.27
2013-01-15,24.28
2013-01-14,24.17
2013-01-11,24.22
2013-01-10,24.28
2013-01-09,23.84
2013-01-08,23.54
2013-01-07,23.68
2013-01-04,23.86
2013-01-03,23.73
2013-01-02,24.0
2012-12-31,23.17
2012-12-28,22.32
2012-12-27,22.5
2012-12-26,22.53
2012-12-24,22.7
2012-12-21,22.6
2012-12-20,23.02
2012-12-19,22.89
2012-12-18,23.08
2012-12-17,22.73
2012-12-14,22.22
2012-12-13,22.36
2012-12-12,22.54
2012-12-11,22.63
2012-12-10,22.58
2012-12-07,22.54
2012-12-06,22.3
2012-12-05,22.02
2012-12-04,22.18
2012-12-03,22.19
2012-11-30,22.27
2012-11-29,22.32
2012-11-28,22.03
2012-11-27,21.64
2012-11-26,21.81
2012-11-23,21.92
2012-11-21,21.45
2012-11-20,21.59
2012-11-19,21.59
2012-11-16,20.96
2012-11-15,20.81
2012-11-14,21.16
2012-11-13,21.67
2012-11-12,21.78
2012-11-09,21.84
2012-11-08,21.85
2012-11-07,22.05
2012-11-06,21.71
2012-11-05,21.51
2012-11-02,21.42
2012-11-01,21.79
2012-10-31,21.51
2012-10-26,21.37
2012-10-25,21.7
2012-10-24,21.96
2012-10-23,21.7
2012-10-22,22.24
2012-10-19,22.39
2012-10-18,22.81
2012-10-17,22.64
2012-10-16,22.22
2012-10-15,21.89
2012-10-12,21.7
2012-10-11,21.7
2012-10-10,21.82
2012-10-09,22.07
2012-10-08,22.51
2012-10-05,22.49
2012-10-04,22.38
2012-10-03,22.16
2012-10-02,21.99
2012-10-01,21.93
2012-09-28,21.89
2012-09-27,22.03
2012-09-26,21.68
2012-09-25,21.8
2012-09-24,22.1
2012-09-21,22.14
2012-09-20,22.27
2012-09-19,22.15
2012-09-18,21.84
2012-09-17,21.91
2012-09-14,21.99
2012-09-13,21.83
2012-09-12,21.61
2012-09-11,21.72
2012-09-10,21.5
2012-09-07,21.77
2012-09-06,21.77
2012-09-05,21.08
2012-09-04,20.91
2012-08-31,20.79
2012-08-30,20.63
2012-08-29,20.84
2012-08-28,20.76
2012-08-27,20.85
2012-08-24,20.73
2012-08-23,20.72
2012-08-22,20.91
2012-08-21,20.78
2012-08-20,20.54
2012-08-17,20.7
2012-08-16,20.89
2012-08-15,20.78
2012-08-14,20.73
2012-08-13,20.69
2012-08-10,20.84
2012-08-09,21.03
2012-08-08,21.09
2012-08-07,21.17
2012-08-06,20.96
2012-08-03,20.84
2012-08-02,20.58
2012-08-01,20.46
2012-07-31,20.47
2012-07-30,20.73
2012-07-27,20.8
2012-07-26,20.15
2012-07-25,19.66
2012-07-24,19.37
2012-07-23,19.42
2012-07-20,19.63
2012-07-19,19.97
2012-07-18,19.97
2012-07-17,19.84
2012-07-16,19.44
2012-07-13,19.52
2012-07-12,19.18
2012-07-11,19.32
2012-07-10,19.42
2012-07-09,19.55
2012-07-06,19.75
2012-07-05,19.93
2012-07-03,20.22
2012-07-02,20.26
2012-06-29,19.88
2012-06-28,19.66
2012-06-27,19.78
2012-06-26,19.39
2012-06-25,17.9
2012-06-22,18.16
2012-06-21,18.03
2012-06-20,18.29
2012-06-19,18.11
2012-06-18,17.94
2012-06-15,17.89
2012-06-14,17.69
2012-06-13,17.43
2012-06-12,17.53
2012-06-11,17.1
2012-06-08,17.37
2012-06-07,17.19
2012-06-06,17.28
2012-06-05,16.62
2012-06-04,16.61
2012-06-01,16.54
2012-05-31,17.13
2012-05-30,17.29
2012-05-29,17.57
2012-05-25,17.33
2012-05-24,17.29
2012-05-23,17.14
2012-05-22,17.42
2012-05-21,17.38
2012-05-18,17.19
2012-05-17,17.38
2012-05-16,17.65
2012-05-15,17.81
2012-05-14,18.01
2012-05-11,18.11
2012-05-10,18.19
2012-05-09,17.3
2012-05-08,17.32
2012-05-07,17.37
2012-05-04,17.21
2012-05-03,17.65
2012-05-02,17.82
2012-05-01,17.73
2012-04-30,17.52
2012-04-27,17.54
2012-04-26,17.57
2012-04-25,17.32
2012-04-24,17.26
2012-04-23,17.02
2012-04-20,17.08
2012-04-19,16.99
2012-04-18,17.33
2012-04-17,17.46
2012-04-16,17.16
2012-04-13,17.23
2012-04-12,17.37
2012-04-11,16.88
2012-04-10,16.7
2012-04-09,17.05
2012-04-05,17.45
2012-04-04,17.41
2012-04-03,17.8
2012-04-02,17.83
2012-03-30,17.63
2012-03-29,17.37
2012-03-28,17.61
2012-03-27,18.09
2012-03-26,18.03
2012-03-23,17.69
2012-03-22,17.64
2012-03-21,17.84
2012-03-20,17.76
2012-03-19,18.05
2012-03-16,17.91
2012-03-15,18.04
2012-03-14,17.9
2012-03-13,17.91
2012-03-12,17.48
2012-03-09,17.77
2012-03-08,17.61
2012-03-07,17.44
2012-03-06,17.16
2012-03-05,17.52
2012-03-02,17.79
2012-03-01,17.97
2012-02-29,17.91
2012-02-28,17.9
2012-02-27,17.73
2012-02-24,17.81
2012-02-23,17.87
2012-02-22,17.69
2012-02-21,17.84
2012-02-17,17.88
2012-02-16,17.62
2012-02-15,17.39
2012-02-14,17.58
2012-02-13,17.75
2012-02-10,17.52
2012-02-09,17.62
2012-02-08,17.84
2012-02-07,17.82
2012-02-06,17.83
2012-02-03,17.62
2012-02-02,17.31
2012-02-01,17.52
2012-01-31,17.19
2012-01-30,17.29
2012-01-27,17.23
2012-01-26,17.22
2012-01-25,17.2
2012-01-24,17.37
2012-01-23,17.45
2012-01-20,17.36
2012-01-19,17.7
2012-01-18,17.28
2012-01-17,17.03
2012-01-13,16.7
2012-01-12,16.9
2012-01-11,16.8
2012-01-10,16.7
2012-01-09,16.42
2012-01-06,16.42
2012-01-05,16.53
2012-01-04,16.38
2012-01-03,16.48
2011-12-30,16.05
2011-12-29,16.08
2011-12-28,15.77
2011-12-27,16.09
2011-12-23,16.07
2011-12-22,15.93
2011-12-21,15.96
2011-12-20,15.74
2011-12-19,15.3
2011-12-16,15.56
2011-12-15,15.52
2011-12-14,15.56
2011-12-13,15.63
2011-12-12,15.77
2011-12-09,15.86
2011-12-08,15.55
2011-12-07,16.01
2011-12-06,16.15
2011-12-05,16.02
2011-12-02,15.89
2011-12-01,15.77
2011-11-30,15.76
2011-11-29,14.93
2011-11-28,14.84
2011-11-25,14.36
2011-11-23,14.39
2011-11-22,14.73
2011-11-21,14.66
2011-11-18,14.85
2011-11-17,15.0
2011-11-16,15.15
2011-11-15,15.64
2011-11-14,15.36
2011-11-11,15.54
2011-11-10,15.23
2011-11-09,14.96
2011-11-08,15.72
2011-11-07,15.48
2011-11-04,15.39
2011-11-03,15.46
2011-11-02,15.33
2011-11-01,15.06
2011-10-31,15.76
2011-10-28,15.95
2011-10-27,15.97
2011-10-26,15.16
2011-10-25,15.14
2011-10-24,15.6
2011-10-21,15.35
2011-10-20,15.05
2011-10-19,14.92
2011-10-18,15.18
2011-10-17,14.95
2011-10-14,15.26
2011-10-13,15.12
2011-10-12,15.15
2011-10-11,14.91
2011-10-10,14.98
2011-10-07,14.39
2011-10-06,14.14
2011-10-05,14.13
2011-10-04,13.81
2011-10-03,13.43
2011-09-30,13.77
2011-09-29,14.17
2011-09-28,14.12
2011-09-27,14.55
2011-09-26,14.43
2011-09-23,14.24
2011-09-22,13.9
2011-09-21,14.32
2011-09-20,14.92
2011-09-19,14.95
2011-09-16,15.04
2011-09-15,14.6
2011-09-14,14.42
2011-09-13,14.4
2011-09-12,14.39
2011-09-09,14.36
2011-09-08,14.58
2011-09-07,14.88
2011-09-06,14.57
2011-09-02,14.62
2011-09-01,15.08
2011-08-31,15.34
2011-08-30,15.27
2011-08-29,15.4
2011-08-26,15.02
2011-08-25,14.75
2011-08-24,15.02
2011-08-23,14.58
2011-08-22,13.84
2011-08-19,13.95
2011-08-18,14.4
2011-08-17,15.2
2011-08-16,15.28
2011-08-15,15.18
2011-08-12,14.72
2011-08-11,14.65
2011-08-10,12.55
2011-08-09,13.16
2011-08-08,12.37
2011-08-05,13.39
2011-08-04,13.28
2011-08-03,14.23
2011-08-02,14.0
2011-08-01,14.65
2011-07-29,14.57
2011-07-28,14.65
2011-07-27,14.62
2011-07-26,14.68
2011-07-25,14.73
2011-07-22,14.88
2011-07-21,14.98
2011-07-20,14.5
2011-07-19,14.35
2011-07-18,13.6
2011-07-15,14.2
2011-07-14,14.12
2011-07-13,14.44
2011-07-12,14.2
2011-07-11,14.21
2011-07-08,15.3
2011-07-07,15.83
2011-07-06,15.84
2011-07-05,16.37
2011-07-01,16.27
2011-06-30,15.96
2011-06-29,15.75
2011-06-28,15.55
2011-06-27,15.4
2011-06-24,15.25
2011-06-23,15.16
2011-06-22,15.29
2011-06-21,15.26
2011-06-20,14.91
2011-06-17,14.8
2011-06-16,14.75
2011-06-15,14.83
2011-06-14,15.1
2011-06-13,14.97
2011-06-10,15.06
2011-06-09,15.38
2011-06-08,15.24
2011-06-07,15.36
2011-06-06,15.55
2011-06-03,15.71
2011-06-02,16.01
2011-06-01,16.09
2011-05-31,16.65
2011-05-27,16.43
2011-05-26,16.23
2011-05-25,15.84
2011-05-24,15.82
2011-05-23,15.87
2011-05-20,16.26
2011-05-19,16.44
2011-05-18,16.15
2011-05-17,15.92
2011-05-16,15.89
2011-05-13,15.98
2011-05-12,16.11
2011-05-11,16.16
2011-05-10,16.47
2011-05-09,16.24
2011-05-06,16.3
2011-05-05,16.08
2011-05-04,16.38
2011-05-03,16.47
2011-05-02,16.63
2011-04-29,16.69
2011-04-28,16.77
2011-04-27,16.67
2011-04-26,16.62
2011-04-25,16.46
2011-04-21,16.41
2011-04-20,16.26
2011-04-19,15.95
2011-04-18,16.01
2011-04-15,16.3
2011-04-14,16.01
2011-04-13,16.16
2011-04-12,15.94
2011-04-11,16.19
2011-04-08,16.16
2011-04-07,16.29
2011-04-06,16.47
2011-04-05,16.59
2011-04-04,16.72
2011-04-01,16.69
2011-03-31,16.44
2011-03-30,16.39
2011-03-29,16.15
2011-03-28,15.98
2011-03-25,15.96
2011-03-24,15.91
2011-03-23,15.75
2011-03-22,15.61
2011-03-21,15.62
2011-03-18,15.14
2011-03-17,15.11
2011-03-16,14.95
2011-03-15,15.23
2011-03-14,15.67
2011-03-11,15.85
2011-03-10,15.66
2011-03-09,15.99
2011-03-08,16.16
2011-03-07,16.0
2011-03-04,16.53
2011-03-03,16.32
2011-03-02,16.02
2011-03-01,15.93
2011-02-28,16.24
2011-02-25,16.19
2011-02-24,15.75
2011-02-23,15.63
2011-02-22,15.71
2011-02-18,16.54
2011-02-17,16.31
2011-02-16,16.17
2011-02-15,15.99
2011-02-14,15.96
2011-02-11,16.18
2011-02-10,15.79
2011-02-09,16.17
2011-02-08,16.16
2011-02-07,15.96
2011-02-04,16.22
2011-02-03,16.15
2011-02-02,15.46
2011-02-01,15.09
2011-01-31,14.64
2011-01-28,14.74
2011-01-27,15.05
2011-01-26,15.21
2011-01-25,15.27
2011-01-24,15.34
2011-01-21,14.93
2011-01-20,14.43
2011-01-19,14.14
2011-01-18,14.25
2011-01-14,14.07
2011-01-13,14.1
2011-01-12,14.27
2011-01-11,14.27
2011-01-10,14.43
2011-01-07,14.51
2011-01-06,14.58
2011-01-05,14.51
2011-01-04,14.58
2011-01-03,14.55
2010-12-31,14.5
2010-12-30,14.39
2010-12-29,14.45
2010-12-28,14.44
2010-12-27,14.39
2010-12-23,14.57
2010-12-22,14.67
2010-12-21,14.3
2010-12-20,14.23
2010-12-17,14.25
2010-12-16,14.25
2010-12-15,14.15
2010-12-14,14.28
2010-12-13,14.28
2010-12-10,14.47
2010-12-09,14.19
2010-12-08,14.21
2010-12-07,14.35
2010-12-06,14.18
2010-12-03,14.25
2010-12-02,14.16
2010-12-01,13.84
2010-11-30,13.45
2010-11-29,13.72
2010-11-26,13.76
2010-11-24,13.9
2010-11-23,13.7
2010-11-22,14.11
2010-11-19,14.1
2010-11-18,14.15
2010-11-17,13.89
2010-11-16,13.85
2010-11-15,14.02
2010-11-12,14.12
2010-11-11,14.25
2010-11-10,14.27
2010-11-09,14.2
2010-11-08,14.31
2010-11-05,14.42
2010-11-04,14.62
2010-11-03,14.51
2010-11-02,14.49
2010-11-01,14.29
2010-10-29,14.2
2010-10-28,14.19
2010-10-27,14.01
2010-10-26,14.08
2010-10-25,14.2
2010-10-22,14.18
2010-10-21,14.2
2010-10-20,14.26
2010-10-19,13.76
2010-10-18,13.97
2010-10-15,14.14
2010-10-14,14.0
2010-10-13,14.02
2010-10-12,13.91
2010-10-11,13.84
2010-10-08,13.96
2010-10-07,13.78
2010-10-06,13.74
2010-10-05,13.67
2010-10-04,13.28
2010-10-01,13.47
2010-09-30,13.3
2010-09-29,13.49
2010-09-28,13.79
2010-09-27,13.83
2010-09-24,13.98
2010-09-23,13.53
2010-09-22,13.57
2010-09-21,13.75
2010-09-20,13.87
2010-09-17,13.53
2010-09-16,13.53
2010-09-15,13.75
2010-09-14,13.75
2010-09-13,13.64
2010-09-10,13.33
2010-09-09,13.29
2010-09-08,13.03
2010-09-07,12.96
2010-09-03,13.29
2010-09-02,13.15
2010-09-01,12.97
2010-08-31,12.44
2010-08-30,12.3
2010-08-27,12.34
2010-08-26,12.11
2010-08-25,12.15
2010-08-24,12.13
2010-08-23,12.37
2010-08-20,12.52
2010-08-19,12.62
2010-08-18,12.97
2010-08-17,13.0
2010-08-16,12.82
2010-08-13,12.82
2010-08-12,12.93
2010-08-11,13.09
2010-08-10,13.7
2010-08-09,13.92
2010-08-06,13.92
2010-08-05,14.06
2010-08-04,13.75
2010-08-03,13.41
2010-08-02,13.57
2010-07-30,13.06
2010-07-29,12.91
2010-07-28,12.97
2010-07-27,13.21
2010-07-26,13.38
2010-07-23,13.25
2010-07-22,12.98
2010-07-21,12.64
2010-07-20,12.93
2010-07-19,12.7
2010-07-16,12.48
2010-07-15,13.03
2010-07-14,13.09
2010-07-13,13.03
2010-07-12,12.79
2010-07-09,12.75
2010-07-08,12.56
2010-07-07,12.24
2010-07-06,12.09
2010-07-02,11.9
2010-07-01,12.05
2010-06-30,12.23
2010-06-29,12.46
2010-06-28,12.93
2010-06-25,12.82
2010-06-24,12.97
2010-06-23,13.64
2010-06-22,13.67
2010-06-21,13.98
2010-06-18,14.16
2010-06-17,14.2
2010-06-16,14.21
2010-06-15,14.57
2010-06-14,13.64
2010-06-11,13.76
2010-06-10,13.68
2010-06-09,13.08
2010-06-08,12.97
2010-06-07,12.77
2010-06-04,13.03
2010-06-03,13.57
2010-06-02,13.62
2010-06-01,13.19
2010-05-28,13.56
2010-05-27,13.74
2010-05-26,13.17
2010-05-25,13.15
2010-05-24,13.3
2010-05-21,13.47
2010-05-20,13.21
2010-05-19,13.94
2010-05-18,14.21
2010-05-17,14.52
2010-05-14,14.47
2010-05-13,14.79
2010-05-12,15.03
2010-05-11,14.88
2010-05-10,15.05
2010-05-07,14.14
2010-05-06,14.31
2010-05-05,15.0
2010-05-04,15.61
2010-05-03,16.23
2010-04-30,15.71
2010-04-29,16.01
2010-04-28,15.79
2010-04-27,15.87
2010-04-26,16.42
2010-04-23,16.33
2010-04-22,16.35
2010-04-21,16.3
2010-04-20,16.09
2010-04-19,16.07
2010-04-16,16.0
2010-04-15,16.16
2010-04-14,16.2
2010-04-13,15.89
2010-04-12,15.59
2010-04-09,15.73
2010-04-08,15.31
2010-04-07,15.13
2010-04-06,15.31
2010-04-05,15.37
2010-04-01,15.16
2010-03-31,15.02
2010-03-30,15.03
2010-03-29,15.16
2010-03-26,15.09
2010-03-25,15.04
2010-03-24,14.86
2010-03-23,14.78
2010-03-22,14.66
2010-03-19,14.62
2010-03-18,14.74
2010-03-17,14.7
2010-03-16,14.63
2010-03-15,14.48
2010-03-12,14.58
2010-03-11,14.73
2010-03-10,14.77
2010-03-09,14.76
2010-03-08,14.75
2010-03-05,14.84
2010-03-04,14.4
2010-03-03,14.24
2010-03-02,14.3
2010-03-01,14.27
2010-02-26,13.9
2010-02-25,13.97
2010-02-24,14.05
2010-02-23,13.78
2010-02-22,14.05
2010-02-19,14.14
2010-02-18,14.03
2010-02-17,13.97
2010-02-16,13.99
2010-02-12,13.67
2010-02-11,13.44
2010-02-10,13.08
2010-02-09,13.38
2010-02-08,13.07
2010-02-05,13.45
2010-02-04,13.52
2010-02-03,14.08
2010-02-02,13.28
2010-02-01,12.99
2010-01-29,12.96
2010-01-28,12.85
2010-01-27,13.15
2010-01-26,13.25
2010-01-25,13.26
2010-01-22,13.01
2010-01-21,13.4
2010-01-20,13.66
2010-01-19,13.94
2010-01-15,13.71
2010-01-14,13.98
2010-01-13,13.95
2010-01-12,14.03
2010-01-11,14.54
2010-01-08,14.5
2010-01-07,14.43
2010-01-06,14.55
2010-01-05,14.34
2010-01-04,14.4
2009-12-31,14.05
2009-12-30,14.22
2009-12-29,14.28
2009-12-28,14.02
2009-12-24,14.0
2009-12-23,13.88
2009-12-22,13.92
2009-12-21,14.06
2009-12-18,13.86
2009-12-17,13.62
2009-12-16,13.74
2009-12-15,13.5
2009-12-14,13.35
2009-12-11,13.24
2009-12-10,13.07
2009-12-09,12.89
2009-12-08,12.86
2009-12-07,12.82
2009-12-04,12.62
2009-12-03,12.29
2009-12-02,12.36
2009-12-01,12.32
2009-11-30,12.09
2009-11-27,12.09
2009-11-25,12.55
2009-11-24,12.44
2009-11-23,12.53
2009-11-20,12.47
2009-11-19,13.0
2009-11-18,13.07
2009-11-17,13.2
2009-11-16,13.32
2009-11-13,13.07
2009-11-12,12.78
2009-11-11,13.02
2009-11-10,12.94
2009-11-09,12.89
2009-11-06,12.49
2009-11-05,12.46
2009-11-04,12.05
2009-11-03,11.93
2009-11-02,11.94
2009-10-30,12.01
2009-10-29,12.4
2009-10-28,11.95
2009-10-27,12.43
2009-10-26,12.62
2009-10-23,12.73
2009-10-22,13.15
2009-10-21,12.99
2009-10-20,13.09
2009-10-19,13.19
2009-10-16,12.84
2009-10-15,13.07
2009-10-14,12.96
2009-10-13,12.62
2009-10-12,12.4
2009-10-09,12.51
2009-10-08,12.39
2009-10-07,12.08
2009-10-06,12.0
2009-10-05,11.89
2009-10-02,11.69
2009-10-01,11.73
2009-09-30,12.35
2009-09-29,12.34
2009-09-28,12.35
2009-09-25,12.02
2009-09-24,12.09
2009-09-23,12.4
2009-09-22,12.75
2009-09-21,12.6
2009-09-18,12.64
2009-09-17,12.58
2009-09-16,12.72
2009-09-15,12.41
2009-09-14,12.19
2009-09-11,12.1
2009-09-10,12.05
2009-09-09,11.67
2009-09-08,11.5
2009-09-04,11.4
2009-09-03,10.98
2009-09-02,10.89
2009-09-01,10.84
2009-08-31,11.16
2009-08-28,11.42
2009-08-27,11.47
2009-08-26,11.42
2009-08-25,11.36
2009-08-24,11.37
2009-08-21,11.45
2009-08-20,11.27
2009-08-19,11.15
2009-08-18,11.04
2009-08-17,10.8
2009-08-14,11.27
2009-08-13,11.49
2009-08-12,11.41
2009-08-11,11.26
2009-08-10,11.56
2009-08-07,11.52
2009-08-06,10.93
2009-08-05,10.78
2009-08-04,10.83
2009-08-03,10.93
2009-07-31,10.61
2009-07-30,10.53
2009-07-29,10.12
2009-07-28,10.52
2009-07-27,10.42
2009-07-24,10.2
2009-07-23,10.26
2009-07-22,10.04
2009-07-21,9.97
2009-07-20,9.99
2009-07-17,9.54
2009-07-16,9.49
2009-07-15,9.2
2009-07-14,8.85
2009-07-13,8.67
2009-07-10,8.49
2009-07-09,8.58
2009-07-08,8.45
2009-07-07,8.36
2009-07-06,8.7
2009-07-02,8.81
2009-07-01,9.39
2009-06-30,9.33
2009-06-29,9.41
2009-06-26,9.3
2009-06-25,9.31
2009-06-24,9.08
2009-06-23,8.98
2009-06-22,8.93
2009-06-19,9.41
2009-06-18,9.37
2009-06-17,9.35
2009-06-16,9.47
2009-06-15,9.76
2009-06-12,10.36
2009-06-11,10.44
2009-06-10,10.5
2009-06-09,10.43
2009-06-08,10.35
2009-06-05,10.2
2009-06-04,10.25
2009-06-03,10.24
2009-06-02,10.66
2009-06-01,10.51
2009-05-29,9.91
2009-05-28,9.71
2009-05-27,9.35
2009-05-26,9.45
2009-05-22,9.01
2009-05-21,8.68
2009-05-20,9.17
2009-05-19,9.31
2009-05-18,9.3
2009-05-15,8.79
2009-05-14,9.02
2009-05-13,8.75
2009-05-12,9.41
2009-05-11,9.46
2009-05-08,9.8
2009-05-07,9.51
2009-05-06,9.4
2009-05-05,8.85
2009-05-04,8.7
2009-05-01,8.18
2009-04-30,8.05
2009-04-29,7.94
2009-04-28,7.42
2009-04-27,7.5
2009-04-24,7.87
2009-04-23,7.64
2009-04-22,7.72
2009-04-21,7.68
2009-04-20,7.53
2009-04-17,8.27
2009-04-16,7.94
2009-04-15,7.49
2009-04-14,7.41
2009-04-13,7.62
2009-04-09,7.71
2009-04-08,7.27
2009-04-07,7.24
2009-04-06,7.55
2009-04-03,7.76
2009-04-02,7.54
2009-04-01,7.06
2009-03-31,6.8
2009-03-30,6.64
2009-03-27,7.02
2009-03-26,7.15
2009-03-25,6.85
2009-03-24,6.76
2009-03-23,6.78
2009-03-20,6.08
2009-03-19,6.21
2009-03-18,6.47
2009-03-17,6.29
2009-03-16,6.0
2009-03-13,5.98
2009-03-12,5.78
2009-03-11,5.61
2009-03-10,5.47
2009-03-09,4.99
2009-03-06,5.3
2009-03-05,5.38
2009-03-04,5.67
2009-03-03,5.38
2009-03-02,5.3
2009-02-27,5.53
2009-02-26,5.69
2009-02-25,5.94
2009-02-24,5.99
2009-02-23,5.64
2009-02-20,5.9
2009-02-19,5.9
2009-02-18,5.99
2009-02-17,6.02
2009-02-13,6.38
2009-02-12,6.39
2009-02-11,6.35
2009-02-10,6.19
2009-02-09,6.63
2009-02-06,6.78
2009-02-05,6.58
2009-02-04,6.4
2009-02-03,6.65
2009-02-02,6.5
2009-01-30,6.39
2009-01-29,6.73
2009-01-28,7.27
2009-01-27,6.59
2009-01-26,6.74
2009-01-23,6.7
2009-01-22,6.98
2009-01-21,7.45
2009-01-20,6.95
2009-01-16,7.62
2009-01-15,7.6
2009-01-14,7.72
2009-01-13,8.11
2009-01-12,8.1
2009-01-09,8.36
2009-01-08,8.57
2009-01-07,8.66
2009-01-06,9.27
2009-01-05,8.95
2009-01-02,8.98
2008-12-31,8.46
2008-12-30,8.27
2008-12-29,8.22
2008-12-26,8.02
2008-12-24,7.87
2008-12-23,7.8
2008-12-22,7.95
2008-12-19,8.11
2008-12-18,7.72
2008-12-17,7.87
2008-12-16,7.87
2008-12-15,7.34
2008-12-12,7.47
2008-12-11,7.55
2008-12-10,7.81
2008-12-09,7.71
2008-12-08,8.1
2008-12-05,7.73
2008-12-04,7.33
2008-12-03,7.39
2008-12-02,7.07
2008-12-01,6.55
2008-11-28,7.23
2008-11-26,6.71
2008-11-25,6.36
2008-11-24,6.25
2008-11-21,5.63
2008-11-20,5.22
2008-11-19,5.78
2008-11-18,6.07
2008-11-17,6.24
2008-11-14,6.67
2008-11-13,6.72
2008-11-12,6.46
2008-11-11,6.96
2008-11-10,7.28
2008-11-07,7.49
2008-11-06,7.34
2008-11-05,8.77
2008-11-04,9.7
2008-11-03,9.48
2008-10-31,9.38
2008-10-30,8.99
2008-10-29,8.03
2008-10-28,8.18
2008-10-27,6.96
2008-10-24,7.59
2008-10-23,8.0
2008-10-22,7.66
2008-10-21,8.34
2008-10-20,8.77
2008-10-17,8.18
2008-10-16,8.26
2008-10-15,7.78
2008-10-14,8.86
2008-10-13,8.99
2008-10-10,7.47
2008-10-09,8.13
2008-10-08,8.88
2008-10-07,8.93
2008-10-06,9.53
2008-10-03,9.74
2008-10-02,10.05
2008-10-01,10.66
2008-09-30,10.73
2008-09-29,10.66
2008-09-26,11.7
2008-09-25,11.72
2008-09-24,11.26
2008-09-23,11.48
2008-09-22,11.51
2008-09-19,12.35
2008-09-18,11.76
2008-09-17,11.28
2008-09-16,11.97
2008-09-15,12.19
2008-09-12,12.71
2008-09-11,12.7
2008-09-10,12.42
2008-09-09,12.48
2008-09-08,12.76
2008-09-05,12.15
2008-09-04,12.32
2008-09-03,12.87
2008-09-02,12.71
2008-08-29,12.68
2008-08-28,12.8
2008-08-27,12.47
2008-08-26,12.42
2008-08-25,12.32
2008-08-22,12.51
2008-08-21,12.2
2008-08-20,12.14
2008-08-19,12.27
2008-08-18,12.43
2008-08-15,12.64
2008-08-14,12.71
2008-08-13,12.45
2008-08-12,12.35
2008-08-11,12.58
2008-08-08,12.7
2008-08-07,12.42
2008-08-06,12.79
2008-08-05,13.46
2008-08-04,12.86
2008-08-01,12.71
2008-07-31,12.9
2008-07-30,12.98
2008-07-29,12.78
2008-07-28,12.52
2008-07-25,13.17
2008-07-24,13.16
2008-07-23,13.22
2008-07-22,12.72
2008-07-21,12.65
2008-07-18,12.71
2008-07-17,12.83
2008-07-16,12.81
2008-07-15,12.75
2008-07-14,12.73
2008-07-11,12.77
2008-07-10,12.98
2008-07-09,12.92
2008-07-08,13.22
2008-07-07,12.92
2008-07-03,13.03
2008-07-02,12.92
2008-07-01,13.3
2008-06-30,13.55
2008-06-27,13.89
2008-06-26,14.28
2008-06-25,14.78
2008-06-24,14.58
2008-06-23,14.59
2008-06-20,14.71
2008-06-19,15.34
2008-06-18,15.54
2008-06-17,15.76
2008-06-16,16.05
2008-06-13,16.27
2008-06-12,15.74
2008-06-11,15.74
2008-06-10,15.8
2008-06-09,15.79
2008-06-06,15.86
2008-06-05,16.55
2008-06-04,16.28
2008-06-03,16.13
2008-06-02,16.28
2008-05-30,16.42
2008-05-29,16.72
2008-05-28,16.94
2008-05-27,17.06
2008-05-23,16.87
2008-05-22,17.36
2008-05-21,17.23
2008-05-20,17.38
2008-05-19,17.53
2008-05-16,17.65
2008-05-15,17.53
2008-05-14,17.37
2008-05-13,17.49
2008-05-12,17.28
2008-05-09,17.08
2008-05-08,17.37
2008-05-07,16.95
2008-05-06,17.17
2008-05-05,17.07
2008-05-02,17.14
2008-05-01,16.9
2008-04-30,16.33
2008-04-29,16.09
2008-04-28,16.01
2008-04-25,16.18
2008-04-24,16.25
2008-04-23,16.17
2008-04-22,16.33
2008-04-21,16.72
2008-04-18,16.74
2008-04-17,16.39
2008-04-16,16.17
2008-04-15,15.95
2008-04-14,16.01
2008-04-11,16.77
2008-04-10,17.16
2008-04-09,17.24
2008-04-08,17.58
2008-04-07,17.75
2008-04-04,17.46
2008-04-03,17.81
2008-04-02,17.66
2008-04-01,17.52
2008-03-31,16.81
2008-03-28,16.54
2008-03-27,16.77
2008-03-26,16.94
2008-03-25,17.12
2008-03-24,16.88
2008-03-20,16.46
2008-03-19,16.5
2008-03-18,16.52
2008-03-17,16.15
2008-03-14,16.24
2008-03-13,16.62
2008-03-12,16.7
2008-03-11,16.52
2008-03-10,16.14
2008-03-07,16.5
2008-03-06,16.8
2008-03-05,17.06
2008-03-04,16.96
2008-03-03,16.88
2008-02-29,16.87
2008-02-28,17.52
2008-02-27,17.86
2008-02-26,17.82
2008-02-25,17.77
2008-02-22,17.44
2008-02-21,17.29
2008-02-20,17.52
2008-02-19,17.63
2008-02-15,17.7
2008-02-14,17.61
2008-02-13,17.6
2008-02-12,17.68
2008-02-11,17.8
2008-02-08,17.92
2008-02-07,18.15
2008-02-06,17.89
2008-02-05,17.73
2008-02-04,17.62
2008-02-01,17.67
2008-01-31,17.12
2008-01-30,17.02
2008-01-29,17.49
2008-01-28,17.29
2008-01-25,17.0
2008-01-24,17.58
2008-01-23,17.09
2008-01-22,16.82
2008-01-18,17.08
2008-01-17,17.17
2008-01-16,17.77
2008-01-15,17.39
2008-01-14,17.8
2008-01-11,17.42
2008-01-10,17.76
2008-01-09,17.52
2008-01-08,17.14
2008-01-07,17.58
2008-01-04,17.75
2008-01-03,18.23
2008-01-02,18.27
2007-12-31,18.76
2007-12-28,18.8
2007-12-27,18.98
2007-12-26,19.26
2007-12-24,18.95
2007-12-21,19.19
2007-12-20,18.6
2007-12-19,18.42
2007-12-18,18.55
2007-12-17,18.38
2007-12-14,18.66
2007-12-13,18.93
2007-12-12,19.11
2007-12-11,18.88
2007-12-10,19.27
2007-12-07,19.4
2007-12-06,19.28
2007-12-05,18.71
2007-12-04,18.63
2007-12-03,19.04
2007-11-30,19.14
2007-11-29,18.97
2007-11-28,19.22
2007-11-27,18.52
2007-11-26,18.09
2007-11-23,18.72
2007-11-21,18.5
2007-11-20,19.08
2007-11-19,18.82
2007-11-16,19.21
2007-11-15,19.17
2007-11-14,19.48
2007-11-13,19.64
2007-11-12,18.84
2007-11-09,19.54
2007-11-08,19.93
2007-11-07,19.39
2007-11-06,19.98
2007-11-05,19.4
2007-11-02,19.71
2007-11-01,19.81
2007-10-31,20.24
2007-10-30,20.11
2007-10-29,20.31
2007-10-26,20.31
2007-10-25,20.28
2007-10-24,20.45
2007-10-23,20.49
2007-10-22,20.08
2007-10-19,20.01
2007-10-18,20.84
2007-10-17,20.87
2007-10-16,20.78
2007-10-15,21.21
2007-10-12,21.49
2007-10-11,21.54
2007-10-10,21.54
2007-10-09,21.59
2007-10-08,21.38
2007-10-05,21.63
2007-10-04,20.79
2007-10-03,20.88
2007-10-02,21.02
2007-10-01,20.99
2007-09-28,20.65
2007-09-27,20.76
2007-09-26,20.77
2007-09-25,20.36
2007-09-24,20.42
2007-09-21,20.79
2007-09-20,20.32
2007-09-19,20.56
2007-09-18,20.19
2007-09-17,19.44
2007-09-14,19.48
2007-09-13,19.62
2007-09-12,19.78
2007-09-11,19.91
2007-09-10,19.77
2007-09-07,19.73
2007-09-06,19.93
2007-09-05,19.22
2007-09-04,19.64
2007-08-31,19.19
2007-08-30,18.92
2007-08-29,19.29
2007-08-28,18.87
2007-08-27,19.64
2007-08-24,19.82
2007-08-23,19.46
2007-08-22,19.33
2007-08-21,19.22
2007-08-20,19.22
2007-08-17,19.2
2007-08-16,18.62
2007-08-15,18.73
2007-08-14,18.96
2007-08-13,19.69
2007-08-10,19.43
2007-08-09,19.78
2007-08-08,20.13
2007-08-07,19.72
2007-08-06,19.92
2007-08-03,19.78
2007-08-02,20.26
2007-08-01,20.15
2007-07-31,20.01
2007-07-30,20.16
2007-07-27,20.01
2007-07-26,20.47
2007-07-25,21.01
2007-07-24,21.21
2007-07-23,21.51
2007-07-20,21.59
2007-07-19,21.69
2007-07-18,21.42
2007-07-17,21.41
2007-07-16,20.86
2007-07-13,20.86
2007-07-12,21.06
2007-07-11,20.62
2007-07-10,20.35
2007-07-09,20.77
2007-07-06,20.53
2007-07-05,20.52
2007-07-03,20.08
2007-07-02,20.32
2007-06-29,20.25
2007-06-28,20.38
2007-06-27,20.31
2007-06-26,20.58
2007-06-25,20.75
2007-06-22,20.59
2007-06-21,20.93
2007-06-20,20.84
2007-06-19,20.91
2007-06-18,20.85
2007-06-15,21.15
2007-06-14,21.36
2007-06-13,20.92
2007-06-12,20.77
2007-06-11,21.17
2007-06-08,20.9
2007-06-07,20.99
2007-06-06,21.19
2007-06-05,21.32
2007-06-04,21.28
2007-06-01,21.38
2007-05-31,20.86
2007-05-30,21.16
2007-05-29,20.94
2007-05-25,21.03
2007-05-24,20.65
2007-05-23,21.1
2007-05-22,21.01
2007-05-21,21.1
2007-05-18,20.91
2007-05-17,20.61
2007-05-16,20.75
2007-05-15,20.82
2007-05-14,20.77
2007-05-11,20.57
2007-05-10,20.39
2007-05-09,20.53
2007-05-08,20.88
2007-05-07,21.06
2007-05-04,20.82
2007-05-03,20.69
2007-05-02,20.69
2007-05-01,20.3
2007-04-30,21.19
2007-04-27,21.5
2007-04-26,21.8
2007-04-25,21.93
2007-04-24,21.79
2007-04-23,21.96
2007-04-20,21.98
2007-04-19,21.76
2007-04-18,22.14
2007-04-17,22.29
2007-04-16,22.31
2007-04-13,22.18
2007-04-12,22.19
2007-04-11,22.1
2007-04-10,22.25
2007-04-09,22.09
2007-04-05,21.97
2007-04-04,21.96
2007-04-03,22.12
2007-04-02,21.86
2007-03-30,21.6
2007-03-29,21.47
2007-03-28,21.04
2007-03-27,21.28
2007-03-26,21.59
2007-03-23,21.68
2007-03-22,21.85
2007-03-21,21.89
2007-03-20,21.58
2007-03-19,21.36
2007-03-16,20.99
2007-03-15,20.99
2007-03-14,20.99
2007-03-13,20.99
2007-03-12,21.17
2007-03-09,20.79
2007-03-08,21.03
2007-03-07,20.68
2007-03-06,20.64
2007-03-05,20.22
2007-03-02,20.51
2007-03-01,20.68
2007-02-28,21.05
2007-02-27,21.04
2007-02-26,21.76
2007-02-23,21.93
2007-02-22,21.9
2007-02-21,22.03
2007-02-20,22.16
2007-02-16,21.75
2007-02-15,21.76
2007-02-14,21.89
2007-02-13,21.96
2007-02-12,21.76
2007-02-09,22.05
2007-02-08,22.37
2007-02-07,21.81
2007-02-06,21.32
2007-02-05,21.37
2007-02-02,21.58
2007-02-01,21.53
2007-01-31,21.59
2007-01-30,21.33
2007-01-29,21.14
2007-01-26,21.19
2007-01-25,21.29
2007-01-24,21.57
2007-01-23,21.47
2007-01-22,21.05
2007-01-19,21.3
2007-01-18,21.17
2007-01-17,20.92
2007-01-16,21.04
2007-01-12,20.89
2007-01-11,20.89
2007-01-10,20.76
2007-01-09,20.15
2007-01-08,19.78
2007-01-05,19.62
2007-01-04,19.56
2007-01-03,19.64
2006-12-29,19.65
2006-12-28,19.76
2006-12-27,19.77
2006-12-26,19.65
2006-12-22,19.78
2006-12-21,19.88
2006-12-20,19.92
2006-12-19,20.08
2006-12-18,19.85
2006-12-15,19.69
2006-12-14,19.57
2006-12-13,19.67
2006-12-12,19.6
2006-12-11,19.73
2006-12-08,19.95
2006-12-07,19.78
2006-12-06,19.19
2006-12-05,19.4
2006-12-04,19.33
2006-12-01,18.92
2006-11-30,19.01
2006-11-29,18.86
2006-11-28,18.76
2006-11-27,18.91
2006-11-24,19.27
2006-11-22,19.29
2006-11-21,19.2
2006-11-20,19.3
2006-11-17,19.5
2006-11-16,19.59
2006-11-15,19.6
2006-11-14,19.71
2006-11-13,19.65
2006-11-10,19.75
2006-11-09,19.46
2006-11-08,19.3
2006-11-07,19.04
2006-11-06,19.18
2006-11-03,18.85
2006-11-02,18.8
2006-11-01,18.8
2006-10-31,19.19
2006-10-30,19.3
2006-10-27,19.17
2006-10-26,19.43
2006-10-25,19.21
2006-10-24,19.18
2006-10-23,19.33
2006-10-20,19.21
2006-10-19,19.35
2006-10-18,19.26
2006-10-17,19.25
2006-10-16,19.31
2006-10-13,19.06
2006-10-12,18.91
2006-10-11,18.62
2006-10-10,18.75
2006-10-09,18.5
2006-10-06,18.31
2006-10-05,18.2
2006-10-04,18.12
2006-10-03,17.99
2006-10-02,17.92
2006-09-29,18.22
2006-09-28,18.03
2006-09-27,18.11
2006-09-26,18.17
2006-09-25,17.72
2006-09-22,17.37
2006-09-21,17.55
2006-09-20,17.57
2006-09-19,17.42
2006-09-18,17.59
2006-09-15,17.78
2006-09-14,17.3
2006-09-13,17.07
2006-09-12,17.17
2006-09-11,16.9
2006-09-08,17.25
2006-09-07,17.11
2006-09-06,17.24
2006-09-05,17.44
2006-09-01,17.71
2006-08-31,17.54
2006-08-30,17.48
2006-08-29,17.53
2006-08-28,17.27
2006-08-25,17.17
2006-08-24,17.22
2006-08-23,17.17
2006-08-22,17.26
2006-08-21,17.43
2006-08-18,17.33
2006-08-17,17.33
2006-08-16,17.33
2006-08-15,17.31
2006-08-14,17.15
2006-08-11,16.96
2006-08-10,17.4
2006-08-09,17.57
2006-08-08,17.82
2006-08-07,17.45
2006-08-04,17.43
2006-08-03,17.4
2006-08-02,17.55
2006-08-01,17.67
2006-07-31,17.76
2006-07-28,17.67
2006-07-27,17.45
2006-07-26,17.46
2006-07-25,17.38
2006-07-24,17.19
2006-07-21,16.74
2006-07-20,17.13
2006-07-19,17.36
2006-07-18,17.29
2006-07-17,17.26
2006-07-14,17.39
2006-07-13,17.8
2006-07-12,18.06
2006-07-11,17.75
2006-07-10,17.73
2006-07-07,17.67
2006-07-06,17.6
2006-07-05,17.6
2006-07-03,17.83
2006-06-30,17.82
2006-06-29,17.88
2006-06-28,17.52
2006-06-27,17.26
2006-06-26,17.32
2006-06-23,17.41
2006-06-22,17.29
2006-06-21,17.57
2006-06-20,17.83
2006-06-19,17.67
2006-06-16,17.58
2006-06-15,17.67
2006-06-14,17.06
2006-06-13,17.0
2006-06-12,17.41
2006-06-09,17.51
2006-06-08,17.58
2006-06-07,17.71
2006-06-06,17.71
2006-06-05,17.82
2006-06-02,18.05
2006-06-01,18.07
2006-05-31,17.63
2006-05-30,17.49
2006-05-26,17.64
2006-05-25,17.34
2006-05-24,17.17
2006-05-23,17.21
2006-05-22,17.37
2006-05-19,17.63
2006-05-18,17.57
2006-05-17,17.54
2006-05-16,17.75
2006-05-15,17.41
2006-05-12,17.21
2006-05-11,17.38
2006-05-10,16.88
2006-05-09,16.78
2006-05-08,16.57
2006-05-05,16.6
2006-05-04,16.54
2006-05-03,16.24
2006-05-02,16.12
2006-05-01,16.07
2006-04-28,16.09
2006-04-27,16.09
2006-04-26,15.84
2006-04-25,15.74
2006-04-24,15.71
2006-04-21,15.66
2006-04-20,15.68
2006-04-19,15.71
2006-04-18,15.81
2006-04-17,15.81
2006-04-13,15.86
2006-04-12,15.9
2006-04-11,15.81
2006-04-10,15.9
2006-04-07,15.94
2006-04-06,15.92
2006-04-05,15.8
2006-04-04,15.72
2006-04-03,15.64
2006-03-31,15.5
2006-03-30,15.51
2006-03-29,15.44
2006-03-28,15.43
2006-03-27,15.54
2006-03-24,15.41
2006-03-23,15.45
2006-03-22,15.49
2006-03-21,15.4
2006-03-20,15.45
2006-03-17,15.63
2006-03-16,15.72
2006-03-15,15.74
2006-03-14,15.71
2006-03-13,15.62
2006-03-10,15.53
2006-03-09,15.49
2006-03-08,15.49
2006-03-07,15.41
2006-03-06,15.36
2006-03-03,15.49
2006-03-02,15.33
2006-03-01,15.34
2006-02-28,15.14
2006-02-27,15.13
2006-02-24,15.15
2006-02-23,15.11
2006-02-22,14.96
2006-02-21,14.88
2006-02-17,14.88
2006-02-16,14.92
2006-02-15,14.93
2006-02-14,14.96
2006-02-13,14.66
2006-02-10,14.71
2006-02-09,14.55
2006-02-08,14.8
2006-02-07,14.68
2006-02-06,14.73
2006-02-03,14.59
2006-02-02,14.66
2006-02-01,14.65
2006-01-31,14.6
2006-01-30,14.65
2006-01-27,14.75
2006-01-26,14.67
2006-01-25,14.74
2006-01-24,15.0
2006-01-23,14.99
2006-01-20,15.01
2006-01-19,15.14
2006-01-18,15.04
2006-01-17,15.23
2006-01-13,15.09
2006-01-12,14.98
2006-01-11,15.11
2006-01-10,14.96
2006-01-09,14.81
2006-01-06,14.58
2006-01-05,14.39
2006-01-04,14.62
2006-01-03,14.51
2005-12-30,14.66
2005-12-29,14.72
2005-12-28,14.58
2005-12-27,14.6
2005-12-23,14.8
2005-12-22,14.74
2005-12-21,14.41
2005-12-20,14.58
2005-12-19,14.86
2005-12-16,14.86
2005-12-15,14.8
2005-12-14,14.88
2005-12-13,14.94
2005-12-12,14.72
2005-12-09,14.59
2005-12-08,14.5
2005-12-07,14.16
2005-12-06,14.05
2005-12-05,13.94
2005-12-02,14.0
2005-12-01,14.02
2005-11-30,13.81
2005-11-29,13.89
2005-11-28,13.98
2005-11-25,13.95
2005-11-23,14.01
2005-11-22,13.9
2005-11-21,13.73
2005-11-18,13.42
2005-11-17,13.32
2005-11-16,13.39
2005-11-15,13.51
2005-11-14,13.68
2005-11-11,13.71
2005-11-10,13.45
2005-11-09,13.45
2005-11-08,13.43
2005-11-07,13.42
2005-11-04,13.23
2005-11-03,13.49
2005-11-02,13.46
2005-11-01,13.32
2005-10-31,13.3
2005-10-28,13.22
2005-10-27,13.26
2005-10-26,13.51
2005-10-25,13.51
2005-10-24,13.73
2005-10-21,13.55
2005-10-20,13.71
2005-10-19,13.81
2005-10-18,13.82
2005-10-17,13.89
2005-10-14,13.92
2005-10-13,13.76
2005-10-12,13.56
2005-10-11,13.73
2005-10-10,13.92
2005-10-07,13.97
2005-10-06,14.09
2005-10-05,13.97
2005-10-04,14.11
2005-10-03,14.38
2005-09-30,14.57
2005-09-29,14.37
2005-09-28,14.18
2005-09-27,14.16
2005-09-26,14.27
2005-09-23,14.28
2005-09-22,14.43
2005-09-21,14.48
2005-09-20,14.69
2005-09-19,14.94
2005-09-16,15.03
2005-09-15,14.88
2005-09-14,14.86
2005-09-13,15.12
2005-09-12,15.27
2005-09-09,15.34
2005-09-08,15.25
2005-09-07,15.29
2005-09-06,15.19
2005-09-02,14.86
2005-09-01,15.07
2005-08-31,15.09
2005-08-30,15.02
2005-08-29,15.18
2005-08-26,15.18
2005-08-25,15.21
2005-08-24,15.18
2005-08-23,15.41
2005-08-22,15.5
2005-08-19,15.37
2005-08-18,15.52
2005-08-17,15.7
2005-08-16,15.72
2005-08-15,15.94
2005-08-12,15.99
2005-08-11,15.92
2005-08-10,15.4
2005-08-09,15.18
2005-08-08,15.07
2005-08-05,15.11
2005-08-04,15.11
2005-08-03,15.2
2005-08-02,15.27
2005-08-01,15.34
2005-07-29,15.31
2005-07-28,15.51
2005-07-27,15.59
2005-07-26,15.58
2005-07-25,15.51
2005-07-22,15.58
2005-07-21,15.52
2005-07-20,15.48
2005-07-19,15.38
2005-07-18,15.41
2005-07-15,15.42
2005-07-14,15.49
2005-07-13,15.44
2005-07-12,15.25
2005-07-11,15.11
2005-07-08,15.02
2005-07-07,14.8
2005-07-06,14.8
2005-07-05,14.88
2005-07-01,14.86
2005-06-30,14.88
2005-06-29,15.17
2005-06-28,15.22
2005-06-27,15.28
2005-06-24,15.59
2005-06-23,15.4
2005-06-22,15.63
2005-06-21,15.59
2005-06-20,15.6
2005-06-17,15.77
2005-06-16,15.49
2005-06-15,15.44
2005-06-14,15.27
2005-06-13,15.28
2005-06-10,14.9
2005-06-09,15.18
2005-06-08,14.98
2005-06-07,14.82
2005-06-06,14.77
2005-06-03,14.7
2005-06-02,14.71
2005-06-01,14.7
2005-05-31,14.75
2005-05-27,14.93
2005-05-26,14.71
2005-05-25,14.7
2005-05-24,14.66
2005-05-23,14.29
2005-05-20,14.0
2005-05-19,14.13
2005-05-18,14.14
2005-05-17,13.99
2005-05-16,14.11
2005-05-13,14.14
2005-05-12,14.05
2005-05-11,14.05
2005-05-10,14.15
2005-05-09,14.41
2005-05-06,14.46
2005-05-05,14.29
2005-05-04,14.43
2005-05-03,14.13
2005-05-02,14.2
2005-04-29,14.05
2005-04-28,14.02
2005-04-27,14.15
2005-04-26,14.36
2005-04-25,14.59
2005-04-22,14.64
2005-04-21,14.89
2005-04-20,14.66
2005-04-19,14.74
2005-04-18,14.68
2005-04-15,14.65
2005-04-14,14.88
2005-04-13,15.22
2005-04-12,15.46
2005-04-11,15.38
2005-04-08,15.41
2005-04-07,15.49
2005-04-06,15.24
2005-04-05,15.25
2005-04-04,15.25
2005-04-01,15.53
2005-03-31,15.55
2005-03-30,15.65
2005-03-29,15.34
2005-03-28,15.56
2005-03-24,15.64
2005-03-23,15.6
2005-03-22,15.8
2005-03-21,16.21
2005-03-18,16.17
2005-03-17,15.89
2005-03-16,15.65
2005-03-15,15.68
2005-03-14,15.64
2005-03-11,15.54
2005-03-10,15.64
2005-03-09,15.61
2005-03-08,15.68
2005-03-07,15.89
2005-03-04,15.95
2005-03-03,15.69
2005-03-02,15.28
2005-03-01,15.09
2005-02-28,15.19
2005-02-25,15.28
2005-02-24,15.01
2005-02-23,15.02
2005-02-22,15.02
2005-02-18,15.37
2005-02-17,15.49
2005-02-16,15.55
2005-02-15,15.45
2005-02-14,15.46
2005-02-11,15.59
2005-02-10,15.48
2005-02-09,15.33
2005-02-08,15.41
2005-02-07,15.6
2005-02-04,15.63
2005-02-03,15.29
2005-02-02,15.6
2005-02-01,15.56
2005-01-31,15.52
2005-01-28,15.41
2005-01-27,15.58
2005-01-26,15.59
2005-01-25,15.38
2005-01-24,15.53
2005-01-21,15.49
2005-01-20,15.22
2005-01-19,15.37
2005-01-18,15.49
2005-01-14,15.49
2005-01-13,15.76
2005-01-12,15.94
2005-01-11,15.68
2005-01-10,15.76
2005-01-07,16.09
2005-01-06,16.27
2005-01-05,16.44
2005-01-04,16.6
2005-01-03,16.95
2004-12-31,16.95
2004-12-30,16.9
2004-12-29,16.91
2004-12-28,16.97
2004-12-27,16.82
2004-12-23,16.77
2004-12-22,16.75
2004-12-21,16.8
2004-12-20,16.72
2004-12-17,16.62
2004-12-16,16.45
2004-12-15,16.46
2004-12-14,15.96
2004-12-13,16.01
2004-12-10,15.85
2004-12-09,15.56
2004-12-08,15.54
2004-12-07,15.81
2004-12-06,15.97
2004-12-03,16.04
2004-12-02,16.16
2004-12-01,16.15
2004-11-30,15.97
2004-11-29,15.99
2004-11-26,15.95
2004-11-24,15.99
2004-11-23,15.93
2004-11-22,16.11
2004-11-19,16.31
2004-11-18,16.27
2004-11-17,16.43
2004-11-16,15.89
2004-11-15,16.05
2004-11-12,15.98
2004-11-11,15.76
2004-11-10,15.77
2004-11-09,15.71
2004-11-08,15.52
2004-11-05,16.07
2004-11-04,15.98
2004-11-03,15.66
2004-11-02,14.84
2004-11-01,14.17
2004-10-29,14.24
2004-10-28,14.49
2004-10-27,14.56
2004-10-26,14.34
2004-10-25,14.15
2004-10-22,13.75
2004-10-21,13.9
2004-10-20,14.05
2004-10-19,14.26
2004-10-18,14.43
2004-10-15,14.47
2004-10-14,14.43
2004-10-13,14.39
2004-10-12,14.26
2004-10-11,14.41
2004-10-08,14.33
2004-10-07,14.44
2004-10-06,14.69
2004-10-05,14.66
2004-10-04,14.79
2004-10-01,14.51
2004-09-30,14.51
2004-09-29,14.62
2004-09-28,14.52
2004-09-27,14.47
2004-09-24,14.4
2004-09-23,14.48
2004-09-22,14.49
2004-09-21,14.88
2004-09-20,14.79
2004-09-17,14.88
2004-09-16,14.96
2004-09-15,14.62
2004-09-14,14.32
2004-09-13,13.86
2004-09-10,13.86
2004-09-09,13.79
2004-09-08,13.87
2004-09-07,13.75
2004-09-03,13.58
2004-09-02,13.79
2004-09-01,13.75
2004-08-31,13.79
2004-08-30,13.7
2004-08-27,13.75
2004-08-26,13.68
2004-08-25,13.83
2004-08-24,14.02
2004-08-23,14.2
2004-08-20,14.32
2004-08-19,13.95
2004-08-18,14.2
2004-08-17,14.27
2004-08-16,14.37
2004-08-13,14.21
2004-08-12,14.05
2004-08-11,14.13
2004-08-10,14.36
2004-08-09,14.28
2004-08-06,14.25
2004-08-05,14.35
2004-08-04,14.48
2004-08-03,15.16
2004-08-02,15.07
2004-07-30,14.96
2004-07-29,15.01
2004-07-28,14.94
2004-07-27,15.07
2004-07-26,15.27
2004-07-23,15.26
2004-07-22,15.47
2004-07-21,15.25
2004-07-20,15.71
2004-07-19,15.75
2004-07-16,15.71
2004-07-15,15.45
2004-07-14,15.49
2004-07-13,15.54
2004-07-12,15.49
2004-07-09,15.45
2004-07-08,15.36
2004-07-07,15.73
2004-07-06,15.64
2004-07-02,15.72
2004-07-01,15.67
2004-06-30,15.64
2004-06-29,15.6
2004-06-28,15.69
2004-06-25,15.71
2004-06-24,15.67
2004-06-23,15.71
2004-06-22,15.92
2004-06-21,16.04
2004-06-18,15.89
2004-06-17,15.83
2004-06-16,15.81
2004-06-15,15.87
2004-06-14,15.69
2004-06-10,15.9
2004-06-09,15.78
2004-06-08,16.09
2004-06-07,16.35
2004-06-04,16.05
2004-06-03,15.83
2004-06-02,16.13
2004-06-01,16.06
2004-05-28,16.26
2004-05-27,16.27
2004-05-26,16.16
2004-05-25,16.11
2004-05-24,15.74
2004-05-21,15.67
2004-05-20,15.68
2004-05-19,15.79
2004-05-18,15.81
2004-05-17,15.49
2004-05-14,15.6
2004-05-13,15.75
2004-05-12,15.73
2004-05-11,15.75
2004-05-10,15.72
2004-05-07,16.16
2004-05-06,16.11
2004-05-05,16.5
2004-05-04,16.42
2004-05-03,16.16
2004-04-30,16.14
2004-04-29,16.1
2004-04-28,16.19
2004-04-27,16.69
2004-04-26,16.65
2004-04-23,16.83
2004-04-22,16.99
2004-04-21,16.63
2004-04-20,16.52
2004-04-19,16.64
2004-04-16,16.34
2004-04-15,16.31
2004-04-14,16.34
2004-04-13,16.28
2004-04-12,16.77
2004-04-08,16.82
2004-04-07,16.89
2004-04-06,16.52
2004-04-05,16.28
2004-04-02,16.19
2004-04-01,16.16
2004-03-31,15.88
2004-03-30,15.58
2004-03-29,15.41
2004-03-26,15.3
2004-03-25,15.34
2004-03-24,15.22
2004-03-23,15.39
2004-03-22,15.21
2004-03-19,15.42
2004-03-18,15.55
2004-03-17,15.67
2004-03-16,15.57
2004-03-15,15.46
2004-03-12,15.8
2004-03-11,15.64
2004-03-10,15.67
2004-03-09,16.1
2004-03-08,16.22
2004-03-05,16.61
2004-03-04,16.53
2004-03-03,16.47
2004-03-02,16.27
2004-03-01,16.55
2004-02-27,16.53
2004-02-26,16.51
2004-02-25,16.39
2004-02-24,16.46
2004-02-23,16.32
2004-02-20,16.41
2004-02-19,16.8
2004-02-18,17.06
2004-02-17,17.43
2004-02-13,17.25
2004-02-12,16.96
2004-02-11,17.04
2004-02-10,16.64
2004-02-09,16.42
2004-02-06,16.16
2004-02-05,15.85
2004-02-04,15.96
2004-02-03,16.13
2004-02-02,16.29
2004-01-30,16.25
2004-01-29,16.11
2004-01-28,16.27
2004-01-27,16.69
2004-01-26,16.87
2004-01-23,17.04
2004-01-22,16.98
2004-01-21,16.77
2004-01-20,16.59
2004-01-16,16.36
2004-01-15,16.5
2004-01-14,16.49
2004-01-13,16.24
2004-01-12,16.48
2004-01-09,16.14
2004-01-08,16.09
2004-01-07,16.07
2004-01-06,16.28
2004-01-05,16.23
2004-01-02,16.23
2003-12-31,15.94
2003-12-30,15.73
2003-12-29,15.54
2003-12-26,15.34
2003-12-24,15.36
2003-12-23,15.38
2003-12-22,15.4
2003-12-19,15.25
2003-12-18,15.37
2003-12-17,15.29
2003-12-16,15.37
2003-12-15,15.41
2003-12-12,15.37
2003-12-11,15.17
2003-12-10,14.76
2003-12-09,14.74
2003-12-08,14.8
2003-12-05,14.93
2003-12-04,15.11
2003-12-03,15.13
2003-12-02,15.07
2003-12-01,15.18
2003-11-28,15.12
2003-11-26,15.15
2003-11-25,15.1
2003-11-24,14.94
2003-11-21,14.96
2003-11-20,15.02
2003-11-19,15.13
2003-11-18,15.13
2003-11-17,15.16
2003-11-14,15.32
2003-11-13,15.7
2003-11-12,15.98
2003-11-11,15.87
2003-11-10,16.33
2003-11-07,16.6
2003-11-06,16.39
2003-11-05,16.1
2003-11-04,15.94
2003-11-03,15.84
2003-10-31,15.74
2003-10-30,15.76
2003-10-29,15.71
2003-10-28,15.55
2003-10-27,15.3
2003-10-24,15.14
2003-10-23,15.3
2003-10-22,15.34
2003-10-21,15.35
2003-10-20,15.4
2003-10-17,15.12
2003-10-16,15.27
2003-10-15,15.29
2003-10-14,15.27
2003-10-13,15.24
2003-10-10,14.99
2003-10-09,14.96
2003-10-08,14.8
2003-10-07,14.99
2003-10-06,14.92
2003-10-03,14.77
2003-10-02,14.7
2003-10-01,14.66
2003-09-30,14.48
2003-09-29,14.55
2003-09-26,14.35
2003-09-25,14.61
2003-09-24,14.94
2003-09-23,15.03
2003-09-22,15.0
2003-09-19,15.2
2003-09-18,15.41
2003-09-17,15.18
2003-09-16,15.05
2003-09-15,14.72
2003-09-12,14.81
2003-09-11,15.01
2003-09-10,14.94
2003-09-09,15.11
2003-09-08,15.2
2003-09-05,15.07
2003-09-04,15.42
2003-09-03,15.54
2003-09-02,15.41
2003-08-29,15.16
2003-08-28,14.78
2003-08-27,14.73
2003-08-26,14.51
2003-08-25,14.43
2003-08-22,14.49
2003-08-21,14.57
2003-08-20,14.52
2003-08-19,14.61
2003-08-18,14.47
2003-08-15,14.35
2003-08-14,14.39
2003-08-13,14.39
2003-08-12,14.38
2003-08-11,14.06
2003-08-08,13.58
2003-08-07,13.39
2003-08-06,13.38
2003-08-05,13.19
2003-08-04,13.31
2003-08-01,13.44
2003-07-31,13.42
2003-07-30,13.27
2003-07-29,13.53
2003-07-28,13.75
2003-07-25,13.7
2003-07-24,13.42
2003-07-23,13.4
2003-07-22,13.4
2003-07-21,13.3
2003-07-18,13.5
2003-07-17,13.41
2003-07-16,13.49
2003-07-15,13.6
2003-07-14,13.93
2003-07-11,13.71
2003-07-10,13.48
2003-07-09,13.54
2003-07-08,13.62
2003-07-07,13.84
2003-07-03,13.43
2003-07-02,13.67
2003-07-01,13.45
2003-06-30,13.36
2003-06-27,13.24
2003-06-26,13.24
2003-06-25,13.26
2003-06-24,13.38
2003-06-23,13.3
2003-06-20,13.62
2003-06-19,13.84
2003-06-18,14.02
2003-06-17,14.3
2003-06-16,14.18
2003-06-13,13.9
2003-06-12,14.04
2003-06-11,14.14
2003-06-10,13.89
2003-06-09,13.73
2003-06-06,14.06
2003-06-05,14.06
2003-06-04,13.95
2003-06-03,13.62
2003-06-02,13.78
2003-05-30,13.58
2003-05-29,13.46
2003-05-28,13.61
2003-05-27,13.57
2003-05-23,13.34
2003-05-22,13.28
2003-05-21,12.86
2003-05-20,12.79
2003-05-19,12.74
2003-05-16,13.23
2003-05-15,13.2
2003-05-14,13.23
2003-05-13,13.39
2003-05-12,13.01
2003-05-09,12.82
2003-05-08,12.64
2003-05-07,12.77
2003-05-06,12.77
2003-05-05,12.63
2003-05-02,12.66
2003-05-01,12.5
2003-04-30,12.48
2003-04-29,12.61
2003-04-28,12.31
2003-04-25,12.12
2003-04-24,12.32
2003-04-23,12.56
2003-04-22,12.46
2003-04-21,11.93
2003-04-17,12.03
2003-04-16,11.74
2003-04-15,12.07
2003-04-14,12.07
2003-04-11,11.85
2003-04-10,11.23
2003-04-09,12.02
2003-04-08,12.31
2003-04-07,12.18
2003-04-04,11.96
2003-04-03,11.87
2003-04-02,12.09
2003-04-01,11.7
2003-03-31,11.43
2003-03-28,11.66
2003-03-27,11.51
2003-03-26,11.54
2003-03-25,11.45
2003-03-24,11.15
2003-03-21,11.89
2003-03-20,11.61
2003-03-19,11.17
2003-03-18,11.08
2003-03-17,10.93
2003-03-14,10.78
2003-03-13,10.55
2003-03-12,10.09
2003-03-11,10.08
2003-03-10,10.29
2003-03-07,10.54
2003-03-06,10.63
2003-03-05,10.8
2003-03-04,10.85
2003-03-03,11.06
2003-02-28,11.04
2003-02-27,10.96
2003-02-26,10.9
2003-02-25,11.08
2003-02-24,11.34
2003-02-21,11.43
2003-02-20,11.37
2003-02-19,11.5
2003-02-18,11.53
2003-02-14,11.41
2003-02-13,11.22
2003-02-12,11.72
2003-02-11,11.45
2003-02-10,11.34
2003-02-07,11.21
2003-02-06,11.3
2003-02-05,11.4
2003-02-04,11.57
2003-02-03,11.55
2003-01-31,11.72
2003-01-30,11.6
2003-01-29,11.89
2003-01-28,11.84
2003-01-27,11.87
2003-01-24,12.09
2003-01-23,12.33
2003-01-22,11.95
2003-01-21,12.24
2003-01-17,12.57
2003-01-16,12.71
2003-01-15,12.77
2003-01-14,12.95
2003-01-13,12.99
2003-01-10,12.88
2003-01-09,12.68
2003-01-08,12.37
2003-01-07,12.51
2003-01-06,12.65
2003-01-03,12.14
2003-01-02,12.01
