Date,VIAB
2003-01-02,57.48
2003-01-03,57.3333
2003-01-06,57.8133
2003-01-07,56.7733
2003-01-08,55.6667
2003-01-09,56.6533
2003-01-10,57.9333
2003-01-13,57.7067
2003-01-14,57.0667
2003-01-15,55.1467
2003-01-16,55.1733
2003-01-17,55.0133
2003-01-21,52.1733
2003-01-22,50.64
2003-01-23,53.1733
2003-01-24,51.6533
2003-01-27,50.1733
2003-01-28,50.48
2003-01-29,52.44
2003-01-30,50.3733
2003-01-31,51.4
2003-02-03,51.1333
2003-02-04,49.0
2003-02-05,49.48
2003-02-06,50.0267
2003-02-07,49.6133
2003-02-10,49.8667
2003-02-11,50.0
2003-02-12,48.76
2003-02-13,48.2267
2003-02-14,49.8
2003-02-18,51.4667
2003-02-19,50.4667
2003-02-20,50.4
2003-02-21,51.3333
2003-02-24,49.2667
2003-02-25,48.9333
2003-02-26,48.28
2003-02-27,49.1867
2003-02-28,49.5067
2003-03-03,49.44
2003-03-04,47.1067
2003-03-05,47.9067
2003-03-06,47.5333
2003-03-07,48.3467
2003-03-10,46.2133
2003-03-11,45.48
2003-03-12,44.8
2003-03-13,48.1867
2003-03-14,49.3733
2003-03-17,52.0
2003-03-18,51.28
2003-03-19,51.6667
2003-03-20,54.32
2003-03-21,55.3333
2003-03-24,52.3333
2003-03-25,53.2133
2003-03-26,51.3467
2003-03-27,50.9333
2003-03-28,50.2533
2003-03-31,48.6933
2003-04-01,50.4133
2003-04-02,52.7733
2003-04-03,52.5467
2003-04-04,52.5333
2003-04-07,53.5067
2003-04-08,53.4667
2003-04-09,53.6667
2003-04-10,53.8667
2003-04-11,54.2533
2003-04-14,55.56
2003-04-15,54.9867
2003-04-16,53.2267
2003-04-17,54.28
2003-04-21,54.4533
2003-04-22,57.92
2003-04-23,58.7867
2003-04-24,57.3067
2003-04-25,55.8667
2003-04-28,57.4667
2003-04-29,58.3867
2003-04-30,57.88
2003-05-01,57.0533
2003-05-02,59.0267
2003-05-05,57.56
2003-05-06,58.2933
2003-05-07,58.5333
2003-05-08,57.8133
2003-05-09,59.4267
2003-05-12,60.5067
2003-05-13,59.76
2003-05-14,59.7467
2003-05-15,60.1333
2003-05-16,61.0933
2003-05-19,58.7867
2003-05-20,57.6267
2003-05-21,58.7733
2003-05-22,60.7333
2003-05-23,59.8933
2003-05-27,61.56
2003-05-28,61.2
2003-05-29,60.6667
2003-05-30,60.6933
2003-06-02,61.6933
2003-06-03,61.6133
2003-06-04,62.8267
2003-06-05,63.2667
2003-06-06,62.0933
2003-06-09,60.9067
2003-06-10,61.5333
2003-06-11,61.6
2003-06-12,62.08
2003-06-13,61.2533
2003-06-16,63.0
2003-06-17,62.2933
2003-06-18,62.1067
2003-06-19,59.96
2003-06-20,60.0
2003-06-23,59.4267
2003-06-24,59.6667
2003-06-25,58.6
2003-06-26,58.76
2003-06-27,57.8667
2003-06-30,58.2133
2003-07-01,57.92
2003-07-02,57.7333
2003-07-03,57.3333
2003-07-07,59.0533
2003-07-08,58.6933
2003-07-09,58.3867
2003-07-10,57.64
2003-07-11,59.2133
2003-07-14,60.0667
2003-07-15,60.0133
2003-07-16,59.0
2003-07-18,58.6267
2003-07-21,57.12
2003-07-22,56.7333
2003-07-23,57.1067
2003-07-24,59.3067
2003-07-25,60.32
2003-07-28,59.3333
2003-07-29,58.72
2003-07-30,57.0267
2003-07-31,58.0267
2003-08-01,57.4
2003-08-04,57.1733
2003-08-05,55.96
2003-08-06,56.76
2003-08-07,55.8533
2003-08-08,55.48
2003-08-11,56.04
2003-08-12,56.84
2003-08-13,56.56
2003-08-14,57.2933
2003-08-15,57.2667
2003-08-18,57.8667
2003-08-19,58.9333
2003-08-20,58.88
2003-08-21,59.44
2003-08-22,59.52
2003-08-25,58.92
2003-08-26,59.0667
2003-08-27,58.44
2003-08-28,58.3333
2003-08-29,60.0
2003-09-02,60.8267
2003-09-03,61.0267
2003-09-04,61.9333
2003-09-05,61.9867
2003-09-08,61.68
2003-09-09,59.96
2003-09-10,59.0667
2003-09-11,58.7867
2003-09-12,58.4533
2003-09-15,58.0
2003-09-16,58.84
2003-09-17,57.88
2003-09-18,58.1333
2003-09-19,56.08
2003-09-22,54.0533
2003-09-23,53.6933
2003-09-24,51.7733
2003-09-25,52.12
2003-09-26,51.2667
2003-09-29,50.92
2003-09-30,51.0667
2003-10-01,52.9333
2003-10-02,53.5333
2003-10-03,53.5867
2003-10-06,54.08
2003-10-07,54.0
2003-10-08,53.44
2003-10-09,54.2267
2003-10-10,55.6
2003-10-13,55.44
2003-10-14,55.4933
2003-10-15,53.6667
2003-10-16,53.2933
2003-10-17,52.36
2003-10-20,51.8667
2003-10-21,51.44
2003-10-22,51.64
2003-10-23,51.6667
2003-10-24,51.3733
2003-10-27,51.8667
2003-10-28,52.9733
2003-10-29,52.7333
2003-10-30,52.8667
2003-10-31,53.16
2003-11-03,53.1067
2003-11-04,52.0133
2003-11-05,51.6933
2003-11-06,52.64
2003-11-07,53.7067
2003-11-10,52.9733
2003-11-11,51.9467
2003-11-12,51.6
2003-11-13,50.8
2003-11-14,50.3333
2003-11-17,50.52
2003-11-18,49.3333
2003-11-19,50.16
2003-11-20,50.4267
2003-11-21,50.4
2003-11-24,51.1067
2003-11-25,52.1867
2003-11-26,53.5467
2003-11-28,52.4267
2003-12-01,52.6667
2003-12-02,52.6933
2003-12-03,52.8133
2003-12-04,52.64
2003-12-05,51.36
2003-12-08,52.6
2003-12-09,53.9333
2003-12-10,54.8
2003-12-11,55.44
2003-12-12,55.9867
2003-12-15,55.8
2003-12-16,55.4933
2003-12-17,55.1067
2003-12-18,55.9867
2003-12-19,57.0
2003-12-22,57.2
2003-12-23,57.6267
2003-12-24,57.64
2003-12-26,58.1333
2003-12-29,57.96
2003-12-30,58.3333
2003-12-31,59.1733
2004-01-02,59.1333
2004-01-05,59.4
2004-01-06,58.4667
2004-01-07,58.2667
2004-01-08,58.84
2004-01-09,57.8133
2004-01-12,57.6933
2004-01-13,56.4
2004-01-14,55.96
2004-01-15,55.2667
2004-01-16,54.6133
2004-01-20,55.5733
2004-01-21,55.9867
2004-01-22,56.9467
2004-01-23,57.1467
2004-01-26,56.4133
2004-01-27,55.04
2004-01-28,53.8533
2004-01-29,54.0933
2004-01-30,53.7333
2004-02-02,54.4267
2004-02-03,53.7867
2004-02-04,52.6267
2004-02-05,53.2933
2004-02-06,53.8667
2004-02-09,53.3067
2004-02-10,54.8
2004-02-11,54.8933
2004-02-12,53.2533
2004-02-13,52.3333
2004-02-17,53.2533
2004-02-18,53.32
2004-02-19,52.7467
2004-02-20,52.3333
2004-02-23,51.4933
2004-02-24,51.9867
2004-02-25,51.8667
2004-02-26,52.1333
2004-02-27,51.28
2004-03-01,51.6533
2004-03-02,52.4
2004-03-03,53.36
2004-03-04,53.8933
2004-03-05,53.4
2004-03-08,52.3333
2004-03-09,51.8667
2004-03-10,50.3333
2004-03-11,49.9333
2004-03-12,50.5733
2004-03-15,49.48
2004-03-16,49.4533
2004-03-17,50.76
2004-03-18,51.1067
2004-03-19,51.6
2004-03-22,50.36
2004-03-23,50.4533
2004-03-24,51.0667
2004-03-25,51.96
2004-03-26,51.4
2004-03-29,51.6133
2004-03-30,52.3333
2004-03-31,52.28
2004-04-01,52.0133
2004-04-02,53.3333
2004-04-05,53.7867
2004-04-06,54.0
2004-04-07,53.72
2004-04-08,54.2
2004-04-12,54.52
2004-04-13,53.6933
2004-04-14,54.16
2004-04-15,53.6533
2004-04-16,53.8533
2004-04-19,54.4667
2004-04-20,53.2
2004-04-21,54.64
2004-04-22,54.3867
2004-04-23,54.0667
2004-04-26,53.5867
2004-04-27,54.2
2004-04-28,54.1333
2004-04-29,52.7333
2004-04-30,51.5333
2004-05-03,51.7067
2004-05-04,51.8267
2004-05-05,51.2
2004-05-06,51.4267
2004-05-07,50.3733
2004-05-10,49.1733
2004-05-11,51.8267
2004-05-12,52.2667
2004-05-13,51.4
2004-05-14,50.5867
2004-05-18,50.2267
2004-05-19,50.2133
2004-05-20,49.7333
2004-05-21,48.9333
2004-05-24,49.7467
2004-05-25,50.7333
2004-05-26,50.0
2004-05-27,49.9867
2004-05-28,49.1867
2004-06-01,48.6667
2004-06-02,49.0667
2004-06-03,49.5733
2004-06-04,49.1867
2004-06-07,50.3333
2004-06-08,50.4667
2004-06-09,49.8933
2004-06-10,50.6267
2004-06-14,49.2667
2004-06-15,49.4667
2004-06-16,49.2933
2004-06-17,48.88
2004-06-21,49.16
2004-06-22,48.5067
2004-06-23,47.72
2004-06-24,47.7467
2004-06-25,47.3467
2004-06-28,47.6133
2004-06-29,46.84
2004-06-30,47.6267
2004-07-01,47.3467
2004-07-02,47.2667
2004-07-06,46.68
2004-07-07,46.6
2004-07-08,45.76
2004-07-09,45.64
2004-07-12,45.8933
2004-07-13,46.24
2004-07-14,46.04
2004-07-15,46.0667
2004-07-16,45.3067
2004-07-19,44.8933
2004-07-20,45.0267
2004-07-21,44.8
2004-07-22,45.9333
2004-07-23,46.2
2004-07-26,45.7867
2004-07-27,45.4133
2004-07-28,44.6933
2004-07-29,44.7333
2004-07-30,44.7867
2004-08-02,44.8667
2004-08-03,45.32
2004-08-04,45.36
2004-08-05,45.16
2004-08-06,44.1467
2004-08-09,43.9067
2004-08-10,44.24
2004-08-11,43.7733
2004-08-12,42.6933
2004-08-13,43.6
2004-08-16,45.0
2004-08-17,44.9067
2004-08-18,45.7733
2004-08-19,46.2533
2004-08-20,47.48
2004-08-23,47.0667
2004-08-24,46.6
2004-08-25,46.3733
2004-08-26,45.8267
2004-08-27,45.76
2004-08-30,45.0
2004-08-31,44.4133
2004-09-01,44.7733
2004-09-02,45.3467
2004-09-03,44.8533
2004-09-07,45.5067
2004-09-08,46.28
2004-09-09,45.8267
2004-09-10,47.0
2004-09-13,46.3867
2004-09-14,46.6533
2004-09-15,45.5733
2004-09-16,45.7467
2004-09-17,45.9467
2004-09-20,45.3867
2004-09-21,44.8533
2004-09-22,44.1333
2004-09-23,44.72
2004-09-24,45.0267
2004-09-27,44.1467
2004-09-28,43.5067
2004-09-29,43.8133
2004-09-30,44.7467
2004-10-01,46.12
2004-10-04,47.4
2004-10-05,47.2667
2004-10-06,47.6933
2004-10-07,46.84
2004-10-08,46.4
2004-10-11,45.9467
2004-10-12,45.9067
2004-10-13,45.7733
2004-10-14,44.96
2004-10-15,45.4
2004-10-18,45.9467
2004-10-19,45.8933
2004-10-20,45.1867
2004-10-21,45.9467
2004-10-22,45.12
2004-10-25,44.6667
2004-10-26,45.96
2004-10-27,46.64
2004-10-28,48.0
2004-10-29,48.6533
2004-11-01,48.1867
2004-11-02,48.8
2004-11-03,48.68
2004-11-04,49.3333
2004-11-05,48.6533
2004-11-08,48.2667
2004-11-09,48.0133
2004-11-10,47.44
2004-11-11,47.68
2004-11-12,48.0667
2004-11-15,47.9733
2004-11-16,47.6
2004-11-17,47.7867
2004-11-18,47.2667
2004-11-19,46.2933
2004-11-22,46.1733
2004-11-23,46.9867
2004-11-24,46.8267
2004-11-26,47.0533
2004-11-29,46.4
2004-11-30,46.2667
2004-12-01,47.4133
2004-12-02,48.08
2004-12-03,48.36
2004-12-06,48.2267
2004-12-07,47.7333
2004-12-08,47.0533
2004-12-09,46.5733
2004-12-10,46.2933
2004-12-13,45.7333
2004-12-14,45.3333
2004-12-15,46.6667
2004-12-16,46.8133
2004-12-17,47.0667
2004-12-20,47.4
2004-12-21,47.9467
2004-12-22,48.96
2004-12-23,48.8
2004-12-27,48.7333
2004-12-28,48.7333
2004-12-29,48.4267
2004-12-30,48.8
2004-12-31,48.52
2005-01-03,48.8533
2005-01-04,48.9867
2005-01-05,49.88
2005-01-06,50.4533
2005-01-07,50.2133
2005-01-10,50.9067
2005-01-11,51.0
2005-01-12,51.1333
2005-01-13,50.2133
2005-01-14,50.6533
2005-01-18,51.8
2005-01-19,50.9467
2005-01-20,51.0133
2005-01-21,50.0533
2005-01-24,50.2933
2005-01-25,50.1333
2005-01-26,49.84
2005-01-27,49.7333
2005-01-28,49.44
2005-01-31,49.7867
2005-02-01,49.6133
2005-02-02,49.8
2005-02-03,49.5867
2005-02-04,50.3733
2005-02-07,50.1467
2005-02-08,50.0
2005-02-09,49.84
2005-02-10,49.3333
2005-02-11,49.92
2005-02-14,48.7067
2005-02-15,49.08
2005-02-16,49.4133
2005-02-17,48.92
2005-02-18,48.2533
2005-02-22,47.56
2005-02-23,47.7467
2005-02-24,46.6667
2005-02-25,46.9867
2005-02-28,46.5333
2005-03-01,46.6933
2005-03-02,47.0133
2005-03-03,47.0
2005-03-04,46.88
2005-03-07,46.9333
2005-03-08,46.32
2005-03-09,45.6667
2005-03-10,45.3333
2005-03-11,45.3333
2005-03-14,45.6267
2005-03-15,45.16
2005-03-16,48.0
2005-03-17,48.96
2005-03-18,48.92
2005-03-21,48.3067
2005-03-22,47.3333
2005-03-23,46.88
2005-03-24,46.5733
2005-03-28,46.56
2005-03-29,45.7333
2005-03-30,46.48
2005-03-31,46.44
2005-04-01,46.4933
2005-04-04,46.9067
2005-04-05,47.2133
2005-04-06,46.8133
2005-04-07,46.9867
2005-04-08,46.8267
2005-04-11,46.2667
2005-04-12,46.4
2005-04-13,45.9867
2005-04-14,46.24
2005-04-15,45.4933
2005-04-18,45.28
2005-04-19,46.0533
2005-04-20,45.7733
2005-04-21,47.5067
2005-04-22,46.8
2005-04-25,47.16
2005-04-26,46.3733
2005-04-27,47.04
2005-04-28,46.3467
2005-04-29,46.16
2005-05-02,46.6
2005-05-03,46.8267
2005-05-04,48.2
2005-05-05,47.3867
2005-05-06,47.2533
2005-05-09,47.2667
2005-05-10,46.6533
2005-05-11,46.1467
2005-05-12,46.12
2005-05-13,46.0
2005-05-16,45.6267
2005-05-17,45.7867
2005-05-18,45.92
2005-05-19,46.0
2005-05-20,46.6667
2005-05-23,47.2667
2005-05-24,47.2133
2005-05-25,46.8
2005-05-26,46.9333
2005-05-27,46.5733
2005-05-31,45.72
2005-06-01,45.5733
2005-06-02,45.4933
2005-06-03,45.3333
2005-06-06,45.16
2005-06-07,45.2
2005-06-08,44.5467
2005-06-09,44.1867
2005-06-10,44.92
2005-06-13,45.4667
2005-06-14,45.6133
2005-06-15,45.0267
2005-06-16,44.9333
2005-06-17,44.64
2005-06-20,44.4
2005-06-21,44.16
2005-06-22,44.28
2005-06-23,43.4267
2005-06-24,43.52
2005-06-27,42.96
2005-06-28,43.52
2005-06-29,43.5333
2005-06-30,42.6933
2005-07-01,42.9067
2005-07-05,43.2133
2005-07-06,43.2533
2005-07-07,43.1867
2005-07-08,44.0
2005-07-11,43.5467
2005-07-12,44.0667
2005-07-13,43.72
2005-07-14,43.6667
2005-07-15,43.8267
2005-07-18,43.04
2005-07-19,43.3467
2005-07-20,43.2933
2005-07-21,43.4667
2005-07-22,43.84
2005-07-25,43.2667
2005-07-26,44.3867
2005-07-27,45.16
2005-07-28,45.3333
2005-07-29,44.6533
2005-08-01,44.2133
2005-08-02,45.0133
2005-08-03,44.7733
2005-08-04,45.16
2005-08-05,45.3333
2005-08-08,45.7333
2005-08-09,46.1867
2005-08-10,46.2667
2005-08-11,46.7733
2005-08-12,47.4533
2005-08-15,47.1867
2005-08-16,46.36
2005-08-17,46.72
2005-08-18,46.4267
2005-08-19,46.1733
2005-08-22,46.24
2005-08-23,45.96
2005-08-24,45.28
2005-08-25,45.3333
2005-08-26,45.0267
2005-08-29,45.5733
2005-08-30,45.28
2005-08-31,45.32
2005-09-01,45.5067
2005-09-02,45.16
2005-09-06,45.8667
2005-09-07,45.92
2005-09-08,45.8
2005-09-09,46.16
2005-09-12,46.1733
2005-09-13,45.8133
2005-09-14,45.7733
2005-09-15,45.7733
2005-09-16,45.76
2005-09-19,45.3867
2005-09-20,44.72
2005-09-21,43.8667
2005-09-22,44.16
2005-09-23,44.48
2005-09-26,44.32
2005-09-27,43.76
2005-09-28,43.88
2005-09-29,44.1467
2005-09-30,44.0133
2005-10-03,43.9733
2005-10-04,43.4667
2005-10-05,42.44
2005-10-06,42.24
2005-10-07,42.52
2005-10-10,42.4
2005-10-11,41.8
2005-10-12,41.0667
2005-10-13,41.24
2005-10-14,41.64
2005-10-17,41.4
2005-10-18,41.2
2005-10-19,41.1467
2005-10-20,40.4267
2005-10-21,40.08
2005-10-24,41.5467
2005-10-25,41.3867
2005-10-26,41.4533
2005-10-27,41.2267
2005-10-28,41.0533
2005-10-31,41.2933
2005-11-01,42.0667
2005-11-02,42.3067
2005-11-03,41.92
2005-11-04,42.1867
2005-11-07,43.0533
2005-11-08,43.1067
2005-11-09,43.0667
2005-11-10,43.6667
2005-11-11,44.0
2005-11-14,43.8933
2005-11-15,43.6133
2005-11-16,43.5733
2005-11-17,44.8533
2005-11-18,45.04
2005-11-21,44.8533
2005-11-22,45.4267
2005-11-23,45.4667
2005-11-25,45.7333
2005-11-28,45.64
2005-11-29,45.2667
2005-11-30,44.5333
2005-12-01,45.0133
2005-12-02,45.96
2005-12-05,45.9733
2005-12-06,46.44
2005-12-07,46.7067
2005-12-08,45.9733
2005-12-09,45.88
2005-12-12,46.2
2005-12-13,46.4
2005-12-14,46.1067
2005-12-15,45.2667
2005-12-16,45.3733
2005-12-19,45.0133
2005-12-20,44.4667
2005-12-21,44.4933
2005-12-22,44.3067
2005-12-23,44.4533
2005-12-27,43.7467
2005-12-28,43.3333
2005-12-29,43.1333
2005-12-30,43.4667
2006-01-03,41.59
2006-01-04,41.98
2006-01-05,42.25
2006-01-06,42.65
2006-01-09,42.5
2006-01-10,42.4
2006-01-11,41.81
2006-01-12,41.65
2006-01-13,42.18
2006-01-17,41.7
2006-01-18,41.74
2006-01-19,42.77
2006-01-20,42.45
2006-01-23,43.15
2006-01-24,43.46
2006-01-25,43.28
2006-01-26,43.1
2006-01-27,43.29
2006-01-30,42.55
2006-01-31,41.48
2006-02-01,42.09
2006-02-02,41.77
2006-02-03,41.99
2006-02-06,41.88
2006-02-07,41.85
2006-02-08,42.5
2006-02-09,42.85
2006-02-10,42.95
2006-02-13,42.77
2006-02-14,43.19
2006-02-15,43.4
2006-02-16,43.6
2006-02-17,42.92
2006-02-21,42.42
2006-02-22,41.9
2006-02-23,40.96
2006-02-24,40.16
2006-02-27,40.16
2006-02-28,39.96
2006-03-01,40.93
2006-03-02,39.98
2006-03-03,39.79
2006-03-06,38.63
2006-03-07,38.06
2006-03-08,38.05
2006-03-09,38.28
2006-03-10,38.85
2006-03-13,38.8
2006-03-14,39.0
2006-03-15,38.86
2006-03-16,38.31
2006-03-17,39.0
2006-03-20,39.0
2006-03-21,38.1
2006-03-22,38.2
2006-03-23,38.65
2006-03-24,38.76
2006-03-27,38.72
2006-03-28,38.7
2006-03-29,39.3
2006-03-30,38.95
2006-03-31,38.8
2006-04-03,38.46
2006-04-04,38.69
2006-04-05,38.89
2006-04-06,39.19
2006-04-07,38.72
2006-04-10,38.4
2006-04-11,38.34
2006-04-12,38.37
2006-04-13,38.68
2006-04-17,38.47
2006-04-18,38.45
2006-04-19,38.6
2006-04-20,38.7
2006-04-21,38.8
2006-04-24,39.01
2006-04-25,39.65
2006-04-26,40.16
2006-04-27,40.25
2006-04-28,39.83
2006-05-01,39.27
2006-05-02,38.86
2006-05-03,39.01
2006-05-04,39.71
2006-05-05,40.1
2006-05-08,39.75
2006-05-09,39.76
2006-05-10,39.55
2006-05-11,38.89
2006-05-12,38.31
2006-05-15,38.15
2006-05-16,38.41
2006-05-17,38.02
2006-05-18,37.27
2006-05-19,37.52
2006-05-22,37.35
2006-05-23,36.8
2006-05-24,36.78
2006-05-25,37.4
2006-05-26,37.71
2006-05-30,37.39
2006-05-31,37.75
2006-06-01,38.05
2006-06-02,37.94
2006-06-05,37.05
2006-06-06,36.2
2006-06-07,36.29
2006-06-08,37.12
2006-06-09,37.53
2006-06-12,37.42
2006-06-13,36.82
2006-06-14,36.36
2006-06-15,36.57
2006-06-16,36.1
2006-06-19,36.25
2006-06-20,36.21
2006-06-21,37.05
2006-06-22,36.25
2006-06-23,36.21
2006-06-26,36.45
2006-06-27,35.55
2006-06-28,35.8
2006-06-29,35.88
2006-06-30,35.84
2006-07-03,36.16
2006-07-05,35.54
2006-07-06,34.26
2006-07-07,34.8
2006-07-10,35.44
2006-07-11,35.4
2006-07-12,34.63
2006-07-13,33.8
2006-07-14,33.3
2006-07-17,33.1
2006-07-18,33.45
2006-07-19,34.25
2006-07-20,33.76
2006-07-21,33.47
2006-07-24,33.38
2006-07-25,33.25
2006-07-26,33.53
2006-07-27,33.95
2006-07-28,35.27
2006-07-31,34.85
2006-08-01,34.44
2006-08-02,34.07
2006-08-03,33.58
2006-08-04,34.22
2006-08-07,34.28
2006-08-08,34.4
2006-08-09,33.78
2006-08-10,37.05
2006-08-11,36.88
2006-08-14,36.43
2006-08-15,36.44
2006-08-16,36.54
2006-08-17,36.89
2006-08-18,36.92
2006-08-21,36.48
2006-08-22,36.44
2006-08-23,36.63
2006-08-24,36.51
2006-08-25,36.34
2006-08-28,36.63
2006-08-29,36.76
2006-08-30,36.3
2006-08-31,36.3
2006-09-01,36.97
2006-09-05,34.89
2006-09-06,34.14
2006-09-07,34.29
2006-09-08,34.46
2006-09-11,35.12
2006-09-12,35.6
2006-09-13,36.22
2006-09-14,35.79
2006-09-15,36.57
2006-09-18,36.48
2006-09-19,36.99
2006-09-20,37.17
2006-09-21,37.0
2006-09-22,37.03
2006-09-25,37.58
2006-09-26,37.69
2006-09-27,37.55
2006-09-28,37.0
2006-09-29,37.18
2006-10-02,37.06
2006-10-03,38.03
2006-10-04,38.02
2006-10-05,38.2
2006-10-06,38.25
2006-10-09,38.5
2006-10-10,38.29
2006-10-11,38.08
2006-10-12,39.04
2006-10-13,38.86
2006-10-16,38.69
2006-10-17,38.79
2006-10-18,38.9
2006-10-19,38.84
2006-10-20,38.18
2006-10-23,38.58
2006-10-24,38.81
2006-10-25,38.59
2006-10-26,39.45
2006-10-27,39.93
2006-10-30,39.5
2006-10-31,38.92
2006-11-01,39.02
2006-11-02,38.36
2006-11-03,38.86
2006-11-06,39.47
2006-11-07,39.9
2006-11-08,39.67
2006-11-09,38.37
2006-11-10,38.16
2006-11-13,38.56
2006-11-14,38.71
2006-11-15,38.47
2006-11-16,39.21
2006-11-17,39.31
2006-11-20,39.05
2006-11-21,38.91
2006-11-22,38.81
2006-11-24,39.03
2006-11-27,37.7
2006-11-28,37.73
2006-11-29,37.74
2006-11-30,37.51
2006-12-01,38.11
2006-12-04,38.58
2006-12-05,38.33
2006-12-06,38.25
2006-12-07,37.9
2006-12-08,37.69
2006-12-11,38.2
2006-12-12,37.84
2006-12-13,37.63
2006-12-14,37.79
2006-12-15,37.98
2006-12-18,38.38
2006-12-19,39.34
2006-12-20,39.24
2006-12-21,39.44
2006-12-22,39.66
2006-12-26,40.35
2006-12-27,40.46
2006-12-28,40.64
2006-12-29,41.03
2007-01-03,41.58
2007-01-04,41.24
2007-01-05,41.47
2007-01-08,42.21
2007-01-09,42.1
2007-01-10,42.51
2007-01-11,42.39
2007-01-12,41.8
2007-01-16,41.88
2007-01-17,41.7
2007-01-18,41.92
2007-01-19,41.75
2007-01-22,41.4
2007-01-23,40.68
2007-01-24,40.29
2007-01-25,39.95
2007-01-26,39.67
2007-01-29,40.39
2007-01-30,40.41
2007-01-31,40.67
2007-02-01,40.35
2007-02-02,41.1
2007-02-05,41.0
2007-02-06,41.1
2007-02-07,40.9
2007-02-08,40.71
2007-02-09,40.32
2007-02-12,39.58
2007-02-13,39.96
2007-02-14,40.11
2007-02-15,40.17
2007-02-16,40.47
2007-02-20,40.39
2007-02-21,40.63
2007-02-22,40.52
2007-02-23,40.32
2007-02-26,40.38
2007-02-27,39.24
2007-02-28,39.04
2007-03-01,38.57
2007-03-02,39.1
2007-03-05,39.01
2007-03-06,39.25
2007-03-07,38.52
2007-03-08,38.76
2007-03-09,39.1
2007-03-12,39.57
2007-03-13,39.48
2007-03-14,39.87
2007-03-15,40.26
2007-03-16,40.1
2007-03-19,41.0
2007-03-20,40.99
2007-03-21,42.0
2007-03-22,41.81
2007-03-23,41.39
2007-03-26,41.2
2007-03-27,40.9
2007-03-28,40.8
2007-03-29,40.66
2007-03-30,41.11
2007-04-02,41.0
2007-04-03,41.48
2007-04-04,41.15
2007-04-05,40.69
2007-04-09,41.0
2007-04-10,40.6
2007-04-11,40.04
2007-04-12,40.1
2007-04-13,40.13
2007-04-16,41.07
2007-04-17,41.54
2007-04-18,41.56
2007-04-19,41.6
2007-04-20,41.85
2007-04-23,42.28
2007-04-24,42.73
2007-04-25,42.75
2007-04-26,42.5
2007-04-27,41.83
2007-04-30,41.25
2007-05-01,41.15
2007-05-02,41.71
2007-05-03,41.5
2007-05-04,41.32
2007-05-07,41.98
2007-05-08,41.62
2007-05-09,42.02
2007-05-10,41.51
2007-05-11,42.06
2007-05-14,42.52
2007-05-15,42.7
2007-05-16,43.0
2007-05-17,42.94
2007-05-18,42.92
2007-05-21,42.75
2007-05-22,43.97
2007-05-23,43.77
2007-05-24,43.09
2007-05-25,43.47
2007-05-29,43.86
2007-05-30,44.53
2007-05-31,44.92
2007-06-01,43.94
2007-06-04,44.02
2007-06-05,43.53
2007-06-06,43.29
2007-06-07,42.91
2007-06-08,43.24
2007-06-11,43.4
2007-06-12,42.09
2007-06-13,42.59
2007-06-14,43.0
2007-06-15,43.54
2007-06-18,42.91
2007-06-19,42.93
2007-06-20,42.5
2007-06-21,41.72
2007-06-22,40.99
2007-06-25,40.99
2007-06-26,41.54
2007-06-27,41.3
2007-06-28,41.28
2007-06-29,41.63
2007-07-02,42.18
2007-07-03,42.31
2007-07-05,42.47
2007-07-06,42.98
2007-07-09,42.36
2007-07-10,41.58
2007-07-11,42.05
2007-07-12,41.99
2007-07-13,41.88
2007-07-16,42.06
2007-07-17,41.59
2007-07-18,41.23
2007-07-19,42.41
2007-07-20,41.22
2007-07-23,41.72
2007-07-24,41.4
2007-07-25,40.93
2007-07-26,38.7
2007-07-27,37.66
2007-07-30,38.74
2007-07-31,38.3
2007-08-01,37.78
2007-08-02,38.41
2007-08-03,38.69
2007-08-06,38.84
2007-08-07,38.73
2007-08-08,38.92
2007-08-09,37.05
2007-08-10,38.92
2007-08-13,38.07
2007-08-14,37.87
2007-08-15,37.59
2007-08-16,38.15
2007-08-17,37.4
2007-08-20,37.56
2007-08-21,37.7
2007-08-22,38.04
2007-08-23,37.49
2007-08-24,38.42
2007-08-27,37.51
2007-08-28,37.58
2007-08-29,38.81
2007-08-30,38.9
2007-08-31,39.46
2007-09-04,40.0
2007-09-05,38.1
2007-09-06,39.18
2007-09-07,38.74
2007-09-10,38.59
2007-09-11,38.89
2007-09-12,37.93
2007-09-13,37.48
2007-09-14,37.69
2007-09-17,37.2
2007-09-18,38.59
2007-09-19,39.08
2007-09-20,38.73
2007-09-21,39.19
2007-09-24,37.74
2007-09-25,37.87
2007-09-26,38.27
2007-09-27,38.23
2007-09-28,38.97
2007-10-01,39.27
2007-10-02,38.65
2007-10-03,38.23
2007-10-04,39.02
2007-10-05,40.11
2007-10-08,40.19
2007-10-09,41.03
2007-10-10,41.29
2007-10-11,40.8
2007-10-12,40.7
2007-10-15,40.39
2007-10-16,40.66
2007-10-17,40.15
2007-10-18,40.22
2007-10-19,39.3
2007-10-22,39.41
2007-10-23,39.51
2007-10-24,38.84
2007-10-25,38.49
2007-10-26,39.38
2007-10-29,40.47
2007-10-30,40.44
2007-10-31,41.29
2007-11-01,40.41
2007-11-02,41.58
2007-11-05,42.08
2007-11-06,42.47
2007-11-07,41.22
2007-11-08,41.51
2007-11-09,39.88
2007-11-12,39.55
2007-11-13,40.79
2007-11-14,39.94
2007-11-15,40.65
2007-11-16,41.46
2007-11-19,41.5
2007-11-20,40.74
2007-11-21,40.2
2007-11-23,40.7
2007-11-26,39.87
2007-11-27,40.03
2007-11-28,40.57
2007-11-29,41.27
2007-11-30,42.02
2007-12-03,42.65
2007-12-04,43.33
2007-12-05,42.15
2007-12-06,42.71
2007-12-07,43.17
2007-12-10,43.63
2007-12-11,43.19
2007-12-12,43.33
2007-12-13,43.6
2007-12-14,42.77
2007-12-17,42.3
2007-12-18,43.07
2007-12-19,43.32
2007-12-20,43.55
2007-12-21,44.06
2007-12-24,44.72
2007-12-26,44.79
2007-12-27,43.6
2007-12-28,43.86
2007-12-31,43.92
2008-01-02,42.55
2008-01-03,42.57
2008-01-04,41.82
2008-01-07,41.93
2008-01-08,41.19
2008-01-09,40.28
2008-01-10,40.31
2008-01-11,40.16
2008-01-14,40.23
2008-01-15,40.1
2008-01-16,39.52
2008-01-17,38.53
2008-01-18,38.18
2008-01-22,37.72
2008-01-23,37.53
2008-01-24,37.13
2008-01-25,36.4
2008-01-28,37.6
2008-01-29,37.65
2008-01-30,37.87
2008-01-31,38.7
2008-02-01,39.66
2008-02-04,39.61
2008-02-05,38.39
2008-02-06,39.07
2008-02-07,39.12
2008-02-08,39.45
2008-02-11,39.39
2008-02-12,40.14
2008-02-13,40.73
2008-02-14,40.42
2008-02-15,40.63
2008-02-19,40.66
2008-02-20,40.99
2008-02-21,40.44
2008-02-22,41.21
2008-02-25,42.33
2008-02-26,42.42
2008-02-27,41.9
2008-02-28,41.3
2008-02-29,39.75
2008-03-03,40.06
2008-03-04,39.93
2008-03-05,40.25
2008-03-06,39.49
2008-03-07,39.3
2008-03-10,38.38
2008-03-11,38.35
2008-03-12,38.27
2008-03-13,38.62
2008-03-14,38.15
2008-03-17,37.99
2008-03-18,39.41
2008-03-19,39.3
2008-03-20,38.83
2008-03-24,39.66
2008-03-25,39.96
2008-03-26,39.58
2008-03-27,39.57
2008-03-28,38.99
2008-03-31,39.62
2008-04-01,40.91
2008-04-02,40.73
2008-04-03,40.49
2008-04-04,40.34
2008-04-07,40.78
2008-04-08,41.1
2008-04-09,40.79
2008-04-10,40.67
2008-04-11,39.51
2008-04-14,39.28
2008-04-15,39.05
2008-04-16,39.25
2008-04-17,40.02
2008-04-18,40.27
2008-04-21,39.76
2008-04-22,39.16
2008-04-23,39.26
2008-04-24,39.73
2008-04-25,38.7
2008-04-28,38.57
2008-04-29,38.84
2008-04-30,38.44
2008-05-01,39.74
2008-05-02,39.25
2008-05-05,38.23
2008-05-06,38.55
2008-05-07,38.18
2008-05-08,38.52
2008-05-09,38.3
2008-05-12,38.9
2008-05-13,39.5
2008-05-14,39.95
2008-05-15,39.98
2008-05-16,39.68
2008-05-19,39.16
2008-05-20,39.12
2008-05-21,39.22
2008-05-22,39.04
2008-05-23,38.32
2008-05-27,38.3
2008-05-28,36.49
2008-05-29,35.63
2008-05-30,35.82
2008-06-02,35.65
2008-06-03,35.49
2008-06-04,35.26
2008-06-05,35.8
2008-06-06,34.33
2008-06-09,33.92
2008-06-10,33.77
2008-06-11,33.23
2008-06-12,32.87
2008-06-13,33.84
2008-06-16,33.33
2008-06-17,32.85
2008-06-18,32.51
2008-06-19,32.07
2008-06-20,31.5
2008-06-23,30.02
2008-06-24,31.15
2008-06-25,31.53
2008-06-26,30.89
2008-06-27,30.56
2008-06-30,30.54
2008-07-01,30.37
2008-07-02,30.02
2008-07-03,29.67
2008-07-07,28.77
2008-07-08,28.88
2008-07-09,27.9
2008-07-10,28.12
2008-07-11,28.08
2008-07-14,28.16
2008-07-15,28.04
2008-07-16,29.04
2008-07-17,29.73
2008-07-18,29.63
2008-07-21,29.74
2008-07-22,29.85
2008-07-23,31.11
2008-07-24,29.9
2008-07-25,30.39
2008-07-28,29.86
2008-07-29,29.66
2008-07-30,28.5
2008-07-31,27.93
2008-08-01,27.69
2008-08-04,28.53
2008-08-05,29.07
2008-08-06,28.9
2008-08-07,28.49
2008-08-08,29.56
2008-08-11,29.77
2008-08-12,28.99
2008-08-13,29.17
2008-08-14,29.13
2008-08-15,29.33
2008-08-18,29.24
2008-08-19,29.03
2008-08-20,28.86
2008-08-21,28.62
2008-08-22,29.52
2008-08-25,29.04
2008-08-26,28.84
2008-08-27,28.77
2008-08-28,29.81
2008-08-29,29.48
2008-09-02,30.2
2008-09-03,29.12
2008-09-04,28.01
2008-09-05,28.08
2008-09-08,29.14
2008-09-09,27.43
2008-09-10,27.04
2008-09-11,27.07
2008-09-12,27.04
2008-09-15,26.55
2008-09-16,25.7
2008-09-17,24.44
2008-09-18,25.86
2008-09-19,26.79
2008-09-22,25.6
2008-09-23,25.57
2008-09-24,24.77
2008-09-25,25.57
2008-09-26,25.43
2008-09-29,23.44
2008-09-30,24.84
2008-10-01,25.01
2008-10-02,24.11
2008-10-03,23.35
2008-10-06,23.39
2008-10-07,22.15
2008-10-08,21.3
2008-10-09,20.08
2008-10-10,16.5
2008-10-13,20.8
2008-10-14,20.43
2008-10-15,18.62
2008-10-16,18.5
2008-10-17,18.21
2008-10-20,18.88
2008-10-21,19.12
2008-10-22,18.09
2008-10-23,18.52
2008-10-24,19.21
2008-10-27,17.65
2008-10-28,17.97
2008-10-29,17.67
2008-10-30,20.68
2008-10-31,20.22
2008-11-03,19.99
2008-11-04,21.86
2008-11-05,19.85
2008-11-06,18.56
2008-11-07,18.44
2008-11-10,18.87
2008-11-11,17.27
2008-11-12,15.14
2008-11-13,16.26
2008-11-14,16.78
2008-11-17,15.71
2008-11-18,15.11
2008-11-19,13.51
2008-11-20,11.96
2008-11-21,13.27
2008-11-24,14.27
2008-11-25,13.97
2008-11-26,15.02
2008-11-28,15.92
2008-12-01,14.3
2008-12-02,14.75
2008-12-03,14.5
2008-12-04,14.63
2008-12-05,14.87
2008-12-08,15.67
2008-12-09,16.06
2008-12-10,16.07
2008-12-11,16.09
2008-12-12,16.46
2008-12-15,16.39
2008-12-16,17.26
2008-12-17,17.4
2008-12-18,17.15
2008-12-19,18.08
2008-12-22,17.09
2008-12-23,17.28
2008-12-24,17.34
2008-12-26,17.62
2008-12-29,17.55
2008-12-30,18.21
2008-12-31,19.06
2009-01-02,19.73
2009-01-05,20.12
2009-01-06,20.64
2009-01-07,19.55
2009-01-08,19.21
2009-01-09,18.48
2009-01-12,17.63
2009-01-13,17.52
2009-01-14,16.75
2009-01-15,16.57
2009-01-16,16.26
2009-01-20,15.17
2009-01-21,15.51
2009-01-22,15.43
2009-01-23,15.02
2009-01-26,15.1
2009-01-27,15.03
2009-01-28,15.99
2009-01-29,15.34
2009-01-30,14.75
2009-02-02,14.61
2009-02-03,16.05
2009-02-04,15.51
2009-02-05,15.79
2009-02-06,16.56
2009-02-09,16.55
2009-02-10,15.31
2009-02-11,15.63
2009-02-12,16.29
2009-02-13,16.82
2009-02-17,15.77
2009-02-18,15.33
2009-02-19,15.11
2009-02-20,15.29
2009-02-23,14.88
2009-02-24,15.74
2009-02-25,15.48
2009-02-26,15.39
2009-02-27,15.39
2009-03-02,14.25
2009-03-03,13.87
2009-03-04,14.16
2009-03-05,13.5
2009-03-06,13.92
2009-03-09,13.44
2009-03-10,14.53
2009-03-11,14.6
2009-03-12,15.26
2009-03-13,15.15
2009-03-16,15.16
2009-03-17,15.72
2009-03-18,16.53
2009-03-19,16.28
2009-03-20,16.47
2009-03-23,18.05
2009-03-24,18.04
2009-03-25,18.19
2009-03-26,18.3
2009-03-27,17.54
2009-03-30,17.26
2009-03-31,17.38
2009-04-01,18.21
2009-04-02,19.3
2009-04-03,19.74
2009-04-06,18.63
2009-04-07,18.05
2009-04-08,18.42
2009-04-09,18.94
2009-04-13,19.15
2009-04-14,19.05
2009-04-15,18.85
2009-04-16,19.48
2009-04-17,19.44
2009-04-20,18.44
2009-04-21,18.41
2009-04-22,18.6
2009-04-23,18.59
2009-04-24,19.45
2009-04-27,18.98
2009-04-28,18.98
2009-04-29,20.44
2009-04-30,19.24
2009-05-01,19.24
2009-05-04,20.03
2009-05-05,20.32
2009-05-06,21.71
2009-05-07,21.11
2009-05-08,21.69
2009-05-11,21.77
2009-05-12,20.65
2009-05-13,19.25
2009-05-14,19.55
2009-05-15,20.29
2009-05-18,21.34
2009-05-19,21.19
2009-05-20,21.07
2009-05-21,20.66
2009-05-22,21.6
2009-05-26,22.65
2009-05-27,22.13
2009-05-28,22.11
2009-05-29,22.17
2009-06-01,23.21
2009-06-02,23.45
2009-06-03,22.7
2009-06-04,22.75
2009-06-05,22.63
2009-06-08,22.95
2009-06-09,22.85
2009-06-10,23.13
2009-06-11,23.7
2009-06-12,23.56
2009-06-15,22.62
2009-06-16,22.15
2009-06-17,22.31
2009-06-18,23.12
2009-06-19,23.29
2009-06-22,21.94
2009-06-23,22.03
2009-06-24,21.78
2009-06-25,22.31
2009-06-26,22.45
2009-06-29,23.4
2009-06-30,22.7
2009-07-01,22.83
2009-07-02,21.5
2009-07-06,21.29
2009-07-07,20.68
2009-07-08,20.37
2009-07-09,20.64
2009-07-10,20.31
2009-07-13,20.86
2009-07-14,20.99
2009-07-15,22.07
2009-07-16,22.69
2009-07-17,22.54
2009-07-20,22.76
2009-07-21,23.02
2009-07-22,23.4
2009-07-23,24.22
2009-07-24,24.1
2009-07-27,24.25
2009-07-28,23.75
2009-07-29,23.1
2009-07-30,23.66
2009-07-31,23.16
2009-08-03,23.7
2009-08-04,23.95
2009-08-05,23.54
2009-08-06,23.56
2009-08-07,24.99
2009-08-10,25.21
2009-08-11,24.51
2009-08-12,24.62
2009-08-13,24.3
2009-08-14,24.2
2009-08-17,23.54
2009-08-18,23.58
2009-08-19,23.96
2009-08-20,24.2
2009-08-21,24.77
2009-08-24,24.84
2009-08-25,25.08
2009-08-26,25.23
2009-08-27,25.09
2009-08-28,25.17
2009-08-31,25.04
2009-09-01,24.23
2009-09-02,24.08
2009-09-03,24.28
2009-09-04,25.16
2009-09-08,25.22
2009-09-09,25.67
2009-09-10,26.51
2009-09-11,26.03
2009-09-14,26.67
2009-09-15,27.61
2009-09-16,28.1
2009-09-17,28.38
2009-09-18,28.19
2009-09-21,27.91
2009-09-22,28.02
2009-09-23,27.36
2009-09-24,27.1
2009-09-25,26.6
2009-09-28,27.77
2009-09-29,28.24
2009-09-30,28.04
2009-10-01,27.31
2009-10-02,27.58
2009-10-05,27.85
2009-10-06,28.52
2009-10-07,28.85
2009-10-08,28.92
2009-10-09,28.98
2009-10-12,28.79
2009-10-13,28.7
2009-10-14,28.91
2009-10-15,28.52
2009-10-16,28.48
2009-10-19,28.97
2009-10-20,29.51
2009-10-21,28.51
2009-10-22,28.71
2009-10-23,28.36
2009-10-26,28.47
2009-10-27,28.22
2009-10-28,27.42
2009-10-29,28.34
2009-10-30,27.59
2009-11-02,28.05
2009-11-03,28.68
2009-11-04,28.74
2009-11-05,29.96
2009-11-06,29.96
2009-11-09,30.55
2009-11-10,30.73
2009-11-11,30.81
2009-11-12,30.25
2009-11-13,30.92
2009-11-16,31.39
2009-11-17,31.27
2009-11-18,30.79
2009-11-19,30.73
2009-11-20,29.98
2009-11-23,30.28
2009-11-24,30.4
2009-11-25,30.43
2009-11-27,30.03
2009-11-30,29.64
2009-12-01,30.01
2009-12-02,30.08
2009-12-03,29.51
2009-12-04,29.71
2009-12-07,30.42
2009-12-08,30.24
2009-12-09,30.06
2009-12-10,30.84
2009-12-11,30.92
2009-12-14,30.4
2009-12-15,30.41
2009-12-16,30.53
2009-12-17,29.91
2009-12-18,30.0
2009-12-21,30.21
2009-12-22,29.72
2009-12-23,29.48
2009-12-24,29.56
2009-12-28,29.62
2009-12-29,29.99
2009-12-30,29.9
2009-12-31,29.73
2010-01-04,29.98
2010-01-05,30.04
2010-01-06,29.89
2010-01-07,30.2
2010-01-08,30.04
2010-01-11,30.18
2010-01-12,29.48
2010-01-13,29.67
2010-01-14,29.97
2010-01-15,29.45
2010-01-19,30.8
2010-01-20,30.71
2010-01-21,30.37
2010-01-22,29.57
2010-01-25,29.3
2010-01-26,29.4
2010-01-27,29.25
2010-01-28,29.0
2010-01-29,29.14
2010-02-01,29.29
2010-02-02,29.68
2010-02-03,30.31
2010-02-04,29.13
2010-02-05,28.43
2010-02-08,27.92
2010-02-09,28.75
2010-02-10,28.55
2010-02-11,28.33
2010-02-12,28.9
2010-02-16,29.41
2010-02-17,29.76
2010-02-18,29.76
2010-02-19,29.94
2010-02-22,29.8
2010-02-23,29.31
2010-02-24,29.45
2010-02-25,29.69
2010-02-26,29.65
2010-03-01,29.65
2010-03-02,29.7
2010-03-03,29.58
2010-03-04,29.75
2010-03-05,30.34
2010-03-08,30.39
2010-03-09,30.75
2010-03-10,31.13
2010-03-11,31.23
2010-03-12,31.35
2010-03-15,31.0
2010-03-16,31.32
2010-03-17,31.09
2010-03-18,31.27
2010-03-19,31.63
2010-03-22,32.02
2010-03-23,32.5
2010-03-24,32.77
2010-03-25,33.26
2010-03-26,33.29
2010-03-29,33.64
2010-03-30,33.63
2010-03-31,34.38
2010-04-01,34.62
2010-04-05,35.12
2010-04-06,35.01
2010-04-07,34.8
2010-04-08,35.01
2010-04-09,36.32
2010-04-12,35.91
2010-04-13,35.75
2010-04-14,36.17
2010-04-15,36.06
2010-04-16,34.98
2010-04-19,34.8
2010-04-20,35.87
2010-04-21,35.84
2010-04-22,36.26
2010-04-23,36.53
2010-04-26,36.6
2010-04-27,35.38
2010-04-28,35.49
2010-04-29,36.0
2010-04-30,35.33
2010-05-03,36.07
2010-05-04,34.57
2010-05-05,33.82
2010-05-06,32.85
2010-05-07,32.26
2010-05-10,33.48
2010-05-11,33.5
2010-05-12,34.49
2010-05-13,34.02
2010-05-14,33.67
2010-05-17,33.98
2010-05-18,33.91
2010-05-19,33.54
2010-05-20,32.09
2010-05-21,32.58
2010-05-24,32.21
2010-05-25,32.22
2010-05-26,32.77
2010-05-27,34.3
2010-05-28,33.61
2010-06-01,33.19
2010-06-02,34.16
2010-06-03,33.65
2010-06-04,32.73
2010-06-07,32.9
2010-06-08,32.55
2010-06-09,33.16
2010-06-10,33.96
2010-06-11,34.08
2010-06-14,34.02
2010-06-15,35.05
2010-06-16,35.54
2010-06-17,35.7
2010-06-18,35.61
2010-06-21,35.64
2010-06-22,35.22
2010-06-23,35.27
2010-06-24,34.09
2010-06-25,34.11
2010-06-28,33.97
2010-06-29,32.07
2010-06-30,31.37
2010-07-01,30.76
2010-07-02,30.77
2010-07-06,31.18
2010-07-07,32.65
2010-07-08,33.04
2010-07-09,33.57
2010-07-12,33.44
2010-07-13,34.25
2010-07-14,33.67
2010-07-15,33.1
2010-07-16,31.79
2010-07-19,32.28
2010-07-20,32.49
2010-07-21,31.51
2010-07-22,32.9
2010-07-23,33.22
2010-07-26,33.55
2010-07-27,32.87
2010-07-28,32.88
2010-07-29,32.94
2010-07-30,33.04
2010-08-02,34.12
2010-08-03,33.87
2010-08-04,34.02
2010-08-05,33.7
2010-08-06,33.6
2010-08-09,33.67
2010-08-10,33.96
2010-08-11,32.66
2010-08-12,32.76
2010-08-13,32.51
2010-08-16,32.63
2010-08-17,33.01
2010-08-18,33.0
2010-08-19,32.2
2010-08-20,31.68
2010-08-23,31.47
2010-08-24,31.09
2010-08-25,31.09
2010-08-26,31.38
2010-08-27,31.82
2010-08-30,31.4
2010-08-31,31.42
2010-09-01,31.82
2010-09-02,32.47
2010-09-03,32.95
2010-09-07,32.28
2010-09-08,32.51
2010-09-09,32.56
2010-09-10,33.76
2010-09-13,34.55
2010-09-14,34.63
2010-09-15,35.07
2010-09-16,34.77
2010-09-17,35.26
2010-09-20,35.76
2010-09-21,35.11
2010-09-22,34.94
2010-09-23,34.75
2010-09-24,35.97
2010-09-27,35.86
2010-09-28,36.52
2010-09-29,36.28
2010-09-30,36.19
2010-10-01,36.39
2010-10-04,36.21
2010-10-05,36.73
2010-10-06,36.51
2010-10-07,36.81
2010-10-08,37.28
2010-10-11,37.29
2010-10-12,37.41
2010-10-13,37.23
2010-10-14,37.5
2010-10-15,37.87
2010-10-18,37.64
2010-10-19,36.94
2010-10-20,37.49
2010-10-21,37.6
2010-10-22,37.18
2010-10-25,37.78
2010-10-26,37.85
2010-10-27,37.8
2010-10-28,38.35
2010-10-29,38.62
2010-11-01,38.71
2010-11-02,38.92
2010-11-03,38.76
2010-11-04,38.99
2010-11-05,38.7
2010-11-08,38.65
2010-11-09,38.03
2010-11-10,38.1
2010-11-11,39.18
2010-11-12,38.95
2010-11-15,38.82
2010-11-16,37.95
2010-11-17,38.04
2010-11-18,38.45
2010-11-19,38.39
2010-11-22,38.31
2010-11-23,37.4
2010-11-24,38.02
2010-11-26,37.9
2010-11-29,37.47
2010-11-30,37.83
2010-12-01,39.22
2010-12-02,40.05
2010-12-03,39.8
2010-12-06,39.7
2010-12-07,39.4
2010-12-08,39.49
2010-12-09,39.5
2010-12-10,39.54
2010-12-13,39.26
2010-12-14,39.09
2010-12-15,38.57
2010-12-16,38.64
2010-12-17,38.61
2010-12-20,38.59
2010-12-21,38.83
2010-12-22,39.4
2010-12-23,39.17
2010-12-27,39.38
2010-12-28,39.25
2010-12-29,39.41
2010-12-30,39.44
2010-12-31,39.61
2011-01-03,39.8
2011-01-04,39.87
2011-01-05,40.6
2011-01-06,40.42
2011-01-07,40.52
2011-01-10,40.63
2011-01-11,40.99
2011-01-12,41.22
2011-01-13,41.27
2011-01-14,41.79
2011-01-18,42.55
2011-01-19,42.05
2011-01-20,42.04
2011-01-21,42.28
2011-01-24,42.95
2011-01-25,42.5
2011-01-26,42.19
2011-01-27,42.51
2011-01-28,41.54
2011-01-31,41.55
2011-02-01,42.92
2011-02-02,43.97
2011-02-03,43.55
2011-02-04,43.86
2011-02-07,44.23
2011-02-08,44.4
2011-02-09,45.0
2011-02-10,44.75
2011-02-11,45.14
2011-02-14,45.26
2011-02-15,45.44
2011-02-16,45.63
2011-02-17,45.65
2011-02-18,45.5
2011-02-22,44.24
2011-02-23,43.77
2011-02-24,43.94
2011-02-25,44.64
2011-02-28,44.66
2011-03-01,44.53
2011-03-02,44.35
2011-03-03,46.13
2011-03-04,46.54
2011-03-07,46.16
2011-03-08,46.23
2011-03-09,46.17
2011-03-10,45.57
2011-03-11,45.19
2011-03-14,44.14
2011-03-15,43.66
2011-03-16,43.28
2011-03-17,43.68
2011-03-18,43.95
2011-03-21,44.68
2011-03-22,44.85
2011-03-23,44.59
2011-03-24,45.11
2011-03-25,44.9
2011-03-28,45.48
2011-03-29,46.27
2011-03-30,47.0
2011-03-31,46.52
2011-04-01,47.15
2011-04-04,47.51
2011-04-05,47.5
2011-04-06,47.36
2011-04-07,47.15
2011-04-08,47.36
2011-04-11,47.31
2011-04-12,47.42
2011-04-13,47.33
2011-04-14,47.03
2011-04-15,47.64
2011-04-18,47.4
2011-04-19,47.55
2011-04-20,47.78
2011-04-21,48.26
2011-04-25,48.1
2011-04-26,48.35
2011-04-27,48.85
2011-04-28,50.63
2011-04-29,51.16
2011-05-02,50.73
2011-05-03,50.62
2011-05-04,50.32
2011-05-05,50.27
2011-05-06,50.32
2011-05-09,51.19
2011-05-10,51.6
2011-05-11,50.86
2011-05-12,50.48
2011-05-13,49.92
2011-05-16,49.23
2011-05-17,49.59
2011-05-18,51.05
2011-05-19,51.43
2011-05-20,51.29
2011-05-23,49.99
2011-05-24,49.94
2011-05-25,49.95
2011-05-26,49.95
2011-05-27,50.07
2011-05-31,50.41
2011-06-01,50.63
2011-06-02,50.37
2011-06-03,49.51
2011-06-06,49.2
2011-06-07,48.56
2011-06-08,48.38
2011-06-09,48.95
2011-06-10,48.13
2011-06-13,47.16
2011-06-14,48.09
2011-06-15,47.57
2011-06-16,47.07
2011-06-17,47.45
2011-06-20,47.75
2011-06-21,48.92
2011-06-22,48.65
2011-06-23,47.88
2011-06-24,47.92
2011-06-27,48.74
2011-06-28,50.22
2011-06-29,50.53
2011-06-30,51.0
2011-07-01,51.89
2011-07-05,51.95
2011-07-06,51.96
2011-07-07,52.3
2011-07-08,52.15
2011-07-11,50.68
2011-07-12,50.1
2011-07-13,50.46
2011-07-14,50.42
2011-07-15,50.67
2011-07-18,49.41
2011-07-19,50.31
2011-07-20,50.01
2011-07-21,51.3
2011-07-22,50.9
2011-07-25,50.7
2011-07-26,50.72
2011-07-27,49.29
2011-07-28,48.88
2011-07-29,48.42
2011-08-01,48.22
2011-08-02,45.7
2011-08-03,46.96
2011-08-04,44.1
2011-08-05,44.93
2011-08-08,40.96
2011-08-09,44.01
2011-08-10,42.86
2011-08-11,46.23
2011-08-12,46.07
2011-08-15,45.81
2011-08-16,45.11
2011-08-17,45.48
2011-08-18,42.11
2011-08-19,40.87
2011-08-22,41.64
2011-08-23,44.15
2011-08-24,44.72
2011-08-25,43.82
2011-08-26,45.58
2011-08-29,47.28
2011-08-30,47.66
2011-08-31,48.24
2011-09-01,46.98
2011-09-02,45.3
2011-09-06,44.98
2011-09-07,46.13
2011-09-08,45.1
2011-09-09,43.52
2011-09-12,43.88
2011-09-13,44.73
2011-09-14,45.34
2011-09-15,46.37
2011-09-16,46.9
2011-09-19,47.03
2011-09-20,46.69
2011-09-21,45.4
2011-09-22,41.25
2011-09-23,40.68
2011-09-26,40.58
2011-09-27,41.44
2011-09-28,40.71
2011-09-29,41.03
2011-09-30,38.74
2011-10-03,36.66
2011-10-04,38.06
2011-10-05,39.17
2011-10-06,40.42
2011-10-07,40.14
2011-10-10,42.57
2011-10-11,42.77
2011-10-12,42.83
2011-10-13,42.53
2011-10-14,43.3
2011-10-17,42.15
2011-10-18,43.14
2011-10-19,42.75
2011-10-20,42.29
2011-10-21,43.58
2011-10-24,44.0
2011-10-25,43.07
2011-10-26,43.99
2011-10-27,45.59
2011-10-28,44.89
2011-10-31,43.85
2011-11-01,42.14
2011-11-02,42.72
2011-11-03,41.37
2011-11-04,41.19
2011-11-07,42.06
2011-11-08,42.25
2011-11-09,40.3
2011-11-10,43.61
2011-11-11,44.9
2011-11-14,45.05
2011-11-15,45.27
2011-11-16,45.0
2011-11-17,44.69
2011-11-18,44.45
2011-11-21,43.51
2011-11-22,43.03
2011-11-23,41.76
2011-11-25,41.61
2011-11-28,42.76
2011-11-29,42.62
2011-11-30,44.76
2011-12-01,43.12
2011-12-02,42.63
2011-12-05,42.13
2011-12-06,42.81
2011-12-07,44.04
2011-12-08,43.05
2011-12-09,44.12
2011-12-12,43.21
2011-12-13,43.0
2011-12-14,42.38
2011-12-15,42.98
2011-12-16,42.76
2011-12-19,42.08
2011-12-20,43.7
2011-12-21,43.73
2011-12-22,44.81
2011-12-23,45.28
2011-12-27,45.25
2011-12-28,45.06
2011-12-29,45.96
2011-12-30,45.41
2012-01-03,45.91
2012-01-04,45.9
2012-01-05,46.97
2012-01-06,47.45
2012-01-09,46.6
2012-01-10,46.93
2012-01-11,47.28
2012-01-12,47.89
2012-01-13,46.89
2012-01-17,47.56
2012-01-18,48.06
2012-01-19,48.58
2012-01-20,47.63
2012-01-23,47.75
2012-01-24,48.0
2012-01-25,48.35
2012-01-26,48.01
2012-01-27,47.82
2012-01-30,47.9
2012-01-31,47.04
2012-02-01,46.97
2012-02-02,46.69
2012-02-03,48.36
2012-02-06,48.72
2012-02-07,48.8
2012-02-08,49.37
2012-02-09,49.38
2012-02-10,49.22
2012-02-13,49.39
2012-02-14,49.04
2012-02-15,48.47
2012-02-16,48.9
2012-02-17,48.69
2012-02-21,48.38
2012-02-22,47.77
2012-02-23,47.49
2012-02-24,47.45
2012-02-27,46.9
2012-02-28,47.16
2012-02-29,47.66
2012-03-01,48.83
2012-03-02,48.48
2012-03-05,48.47
2012-03-06,47.24
2012-03-07,47.43
2012-03-08,48.3
2012-03-09,47.79
2012-03-12,47.54
2012-03-13,48.03
2012-03-14,47.48
2012-03-15,47.1
2012-03-16,47.62
2012-03-19,48.46
2012-03-20,47.67
2012-03-21,47.13
2012-03-22,46.68
2012-03-23,46.64
2012-03-26,47.07
2012-03-27,47.65
2012-03-28,47.17
2012-03-29,47.34
2012-03-30,47.46
2012-04-02,47.14
2012-04-03,46.97
2012-04-04,46.4
2012-04-05,47.26
2012-04-09,46.75
2012-04-10,46.24
2012-04-11,46.4
2012-04-12,47.08
2012-04-13,46.78
2012-04-16,46.4
2012-04-17,47.15
2012-04-18,47.28
2012-04-19,47.26
2012-04-20,47.28
2012-04-23,46.39
2012-04-24,46.13
2012-04-25,46.93
2012-04-26,47.44
2012-04-27,47.37
2012-04-30,46.39
2012-05-01,46.61
2012-05-02,47.43
2012-05-03,49.02
2012-05-04,48.25
2012-05-07,47.95
2012-05-08,46.97
2012-05-09,47.11
2012-05-10,47.89
2012-05-11,47.69
2012-05-14,47.73
2012-05-15,46.99
2012-05-16,47.25
2012-05-17,46.69
2012-05-18,45.88
2012-05-21,46.9
2012-05-22,46.88
2012-05-23,47.21
2012-05-24,48.4
2012-05-25,48.0
2012-05-29,48.87
2012-05-30,47.85
2012-05-31,47.73
2012-06-01,46.26
2012-06-04,45.75
2012-06-05,45.65
2012-06-06,46.67
2012-06-07,47.38
2012-06-08,47.64
2012-06-11,47.05
2012-06-12,47.82
2012-06-13,46.16
2012-06-14,46.77
2012-06-15,47.67
2012-06-18,47.46
2012-06-19,47.88
2012-06-20,48.4
2012-06-21,47.45
2012-06-22,47.34
2012-06-25,46.29
2012-06-26,46.17
2012-06-27,46.94
2012-06-28,46.61
2012-06-29,47.02
2012-07-02,47.79
2012-07-03,48.6
2012-07-05,47.75
2012-07-06,47.66
2012-07-09,47.61
2012-07-10,46.86
2012-07-11,46.73
2012-07-12,46.28
2012-07-13,47.31
2012-07-16,46.99
2012-07-17,46.96
2012-07-18,47.62
2012-07-19,46.65
2012-07-20,46.41
2012-07-23,45.6
2012-07-24,45.28
2012-07-25,45.28
2012-07-26,46.04
2012-07-27,46.76
2012-07-30,46.7
2012-07-31,46.71
2012-08-01,46.23
2012-08-02,45.83
2012-08-03,47.2
2012-08-06,48.81
2012-08-07,49.09
2012-08-08,49.1
2012-08-09,49.79
2012-08-10,49.44
2012-08-13,49.34
2012-08-14,49.28
2012-08-15,49.64
2012-08-16,49.94
2012-08-17,51.02
2012-08-20,51.02
2012-08-21,50.62
2012-08-22,50.6
2012-08-23,50.17
2012-08-24,50.61
2012-08-27,50.28
2012-08-28,50.26
2012-08-29,50.33
2012-08-30,49.91
2012-08-31,50.01
2012-09-04,49.36
2012-09-05,48.98
2012-09-06,49.83
2012-09-07,50.86
2012-09-10,50.76
2012-09-11,50.91
2012-09-12,50.81
2012-09-13,52.26
2012-09-14,52.13
2012-09-17,52.47
2012-09-18,51.75
2012-09-19,53.55
2012-09-20,54.38
2012-09-21,54.31
2012-09-24,55.21
2012-09-25,54.48
2012-09-26,53.42
2012-09-27,54.15
2012-09-28,53.59
2012-10-01,53.62
2012-10-02,54.07
2012-10-03,54.31
2012-10-04,55.65
2012-10-05,55.91
2012-10-08,56.64
2012-10-09,56.22
2012-10-10,54.62
2012-10-11,54.3
2012-10-12,54.33
2012-10-15,54.41
2012-10-16,55.1
2012-10-17,55.35
2012-10-18,55.57
2012-10-19,54.67
2012-10-22,55.25
2012-10-23,53.7
2012-10-24,53.82
2012-10-25,53.46
2012-10-26,52.53
2012-10-31,51.29
2012-11-01,51.77
2012-11-02,50.96
2012-11-05,50.69
2012-11-06,50.61
2012-11-07,50.27
2012-11-08,49.43
2012-11-09,49.16
2012-11-12,49.1
2012-11-13,48.82
2012-11-14,47.99
2012-11-15,49.23
2012-11-16,49.46
2012-11-19,50.4
2012-11-20,49.97
2012-11-21,49.71
2012-11-23,50.48
2012-11-26,50.13
2012-11-27,50.38
2012-11-28,50.94
2012-11-29,51.39
2012-11-30,51.61
2012-12-03,51.04
2012-12-04,51.29
2012-12-05,51.39
2012-12-06,52.51
2012-12-07,53.55
2012-12-10,54.22
2012-12-11,54.54
2012-12-12,54.16
2012-12-13,53.35
2012-12-14,53.0
2012-12-17,53.38
2012-12-18,53.8
2012-12-19,53.42
2012-12-20,53.49
2012-12-21,53.09
2012-12-24,53.16
2012-12-26,52.69
2012-12-27,52.61
2012-12-28,51.96
2012-12-31,52.74
2013-01-02,56.01
2013-01-03,56.45
2013-01-04,57.51
2013-01-07,56.29
2013-01-08,57.04
2013-01-09,57.8
2013-01-10,58.5
2013-01-11,57.78
2013-01-14,57.76
2013-01-15,57.82
2013-01-16,57.17
2013-01-17,57.59
2013-01-18,57.88
2013-01-22,58.93
2013-01-23,59.0
2013-01-24,58.56
2013-01-25,59.02
2013-01-28,58.73
2013-01-29,58.76
2013-01-30,59.33
2013-01-31,60.35
2013-02-01,60.54
2013-02-04,59.15
2013-02-05,59.35
2013-02-06,59.2
2013-02-07,58.89
2013-02-08,59.28
2013-02-11,59.31
2013-02-12,59.12
2013-02-13,59.55
2013-02-14,59.95
2013-02-15,59.46
2013-02-19,60.16
2013-02-20,58.8
2013-02-21,58.06
2013-02-22,59.02
2013-02-25,57.31
2013-02-26,57.28
2013-02-27,57.86
2013-02-28,58.5
2013-03-01,59.64
2013-03-04,59.55
2013-03-05,60.69
2013-03-06,60.34
2013-03-07,60.85
2013-03-08,61.91
2013-03-11,61.85
2013-03-12,61.95
2013-03-13,62.35
2013-03-14,63.87
2013-03-15,63.14
2013-03-18,62.52
2013-03-19,61.42
2013-03-20,61.81
2013-03-21,61.24
2013-03-22,61.94
2013-03-25,61.31
2013-03-26,61.34
2013-03-27,61.36
2013-03-28,61.48
2013-04-01,61.72
2013-04-02,61.71
2013-04-03,62.13
2013-04-04,62.96
2013-04-05,63.05
2013-04-08,65.49
2013-04-09,64.6
2013-04-10,65.7
2013-04-11,66.15
2013-04-12,66.5
2013-04-15,64.02
2013-04-16,66.19
2013-04-17,65.56
2013-04-18,65.05
2013-04-19,66.18
2013-04-22,66.52
2013-04-23,65.55
2013-04-24,65.0
2013-04-25,64.49
2013-04-26,63.62
2013-04-29,63.65
2013-04-30,63.99
2013-05-01,65.9
2013-05-02,67.52
2013-05-03,67.27
2013-05-06,67.45
2013-05-07,67.73
2013-05-08,68.58
2013-05-09,68.62
2013-05-10,69.0
2013-05-13,68.57
2013-05-14,68.7
2013-05-15,69.62
2013-05-16,68.77
2013-05-17,69.72
2013-05-20,69.01
2013-05-21,69.58
2013-05-22,69.56
2013-05-23,69.09
2013-05-24,68.96
2013-05-28,69.36
2013-05-29,68.43
2013-05-30,67.95
2013-05-31,65.89
2013-06-03,66.93
2013-06-04,67.04
2013-06-05,66.21
2013-06-06,66.32
2013-06-07,67.81
2013-06-10,67.54
2013-06-11,67.02
2013-06-12,65.26
2013-06-13,66.95
2013-06-14,66.77
2013-06-17,67.28
2013-06-18,67.6
2013-06-19,66.87
2013-06-20,65.25
2013-06-21,65.72
2013-06-24,65.2
2013-06-25,65.62
2013-06-26,67.12
2013-06-27,67.66
2013-06-28,68.03
2013-07-01,67.79
2013-07-02,67.54
2013-07-03,68.44
2013-07-05,69.31
2013-07-08,69.82
2013-07-09,69.08
2013-07-10,70.15
2013-07-11,70.83
2013-07-12,72.01
2013-07-15,72.32
2013-07-16,71.94
2013-07-17,72.67
2013-07-18,74.08
2013-07-19,74.36
2013-07-22,73.32
2013-07-23,73.72
2013-07-24,72.61
2013-07-25,72.87
2013-07-26,73.04
2013-07-29,72.28
2013-07-30,72.14
2013-07-31,72.77
2013-08-01,74.36
2013-08-02,79.17
2013-08-05,78.75
2013-08-06,78.85
2013-08-07,79.43
2013-08-08,80.1
2013-08-09,80.15
2013-08-12,79.59
2013-08-13,79.74
2013-08-14,79.56
2013-08-15,78.17
2013-08-16,78.51
2013-08-19,77.68
2013-08-20,78.24
2013-08-21,77.93
2013-08-22,79.59
2013-08-23,79.43
2013-08-26,79.51
2013-08-27,78.32
2013-08-28,79.41
2013-08-29,79.41
2013-08-30,79.56
2013-09-03,79.91
2013-09-04,80.1
2013-09-05,79.91
2013-09-06,80.29
2013-09-09,80.39
2013-09-10,80.75
2013-09-11,82.05
2013-09-12,82.55
2013-09-13,82.27
2013-09-16,82.75
2013-09-17,83.14
2013-09-18,83.2
2013-09-19,83.2
2013-09-20,83.14
2013-09-23,83.38
2013-09-24,82.94
2013-09-25,82.91
2013-09-26,83.81
2013-09-27,84.42
2013-09-30,83.58
2013-10-01,84.33
2013-10-02,82.83
2013-10-03,82.15
2013-10-04,83.2
2013-10-07,82.34
2013-10-08,80.59
2013-10-09,80.17
2013-10-10,81.05
2013-10-11,82.0
2013-10-14,82.84
2013-10-15,82.55
2013-10-16,82.47
2013-10-17,83.12
2013-10-18,83.64
2013-10-21,83.86
2013-10-22,84.65
2013-10-23,84.37
2013-10-24,84.39
2013-10-25,84.94
2013-10-28,84.53
2013-10-29,84.71
2013-10-30,83.49
2013-10-31,83.29
2013-11-01,83.55
2013-11-04,83.07
2013-11-05,84.15
2013-11-06,83.79
2013-11-07,80.91
2013-11-08,82.29
2013-11-11,82.36
2013-11-12,82.12
2013-11-13,83.13
2013-11-14,80.8
2013-11-15,80.51
2013-11-18,79.54
2013-11-19,79.63
2013-11-20,80.12
2013-11-21,80.16
2013-11-22,79.63
2013-11-25,79.59
2013-11-26,79.25
2013-11-27,79.85
2013-11-29,80.17
2013-12-02,80.82
2013-12-03,81.2
2013-12-04,81.53
2013-12-05,81.62
2013-12-06,82.2
2013-12-09,82.17
2013-12-10,82.61
2013-12-11,81.03
2013-12-12,80.72
2013-12-13,81.2
2013-12-16,82.04
2013-12-17,82.24
2013-12-18,83.55
2013-12-19,84.12
2013-12-20,84.16
2013-12-23,85.47
2013-12-24,85.6
2013-12-26,85.84
2013-12-27,86.05
2013-12-30,87.15
2013-12-31,87.34
2014-01-02,86.95
2014-01-03,86.6
2014-01-06,85.73
2014-01-07,86.33
2014-01-08,86.67
2014-01-09,86.0
2014-01-10,85.4
2014-01-13,84.42
2014-01-14,84.63
2014-01-15,84.96
2014-01-16,84.94
2014-01-17,83.08
2014-01-21,82.55
2014-01-22,84.32
2014-01-23,83.52
2014-01-24,81.41
2014-01-27,81.04
2014-01-28,82.26
2014-01-29,80.97
2014-01-30,84.01
2014-01-31,82.1
2014-02-03,78.8
2014-02-04,79.62
2014-02-05,79.95
2014-02-06,80.73
2014-02-07,81.92
2014-02-10,82.57
2014-02-11,83.17
2014-02-12,84.27
2014-02-13,84.71
2014-02-14,85.48
2014-02-18,85.75
2014-02-19,86.02
2014-02-20,86.51
2014-02-21,86.86
2014-02-24,86.98
2014-02-25,86.43
2014-02-26,86.14
2014-02-27,86.86
2014-02-28,87.73
2014-03-03,85.9
2014-03-04,86.94
2014-03-05,87.13
2014-03-06,87.97
2014-03-07,88.27
2014-03-10,88.9
2014-03-11,88.22
2014-03-12,88.2
2014-03-13,87.1
2014-03-14,87.08
2014-03-17,88.24
2014-03-18,88.41
2014-03-19,87.85
2014-03-20,87.52
2014-03-21,87.03
2014-03-24,85.86
2014-03-25,85.42
2014-03-26,84.67
2014-03-27,84.0
2014-03-28,84.69
2014-03-31,84.99
2014-04-01,86.72
2014-04-02,87.37
2014-04-03,87.16
2014-04-04,84.74
2014-04-07,82.77
2014-04-08,83.63
2014-04-09,85.89
2014-04-10,82.83
2014-04-11,81.94
2014-04-14,82.73
2014-04-15,82.24
2014-04-16,83.25
2014-04-17,84.05
2014-04-21,84.3
2014-04-22,84.01
2014-04-23,84.35
2014-04-24,84.84
2014-04-25,83.44
2014-04-28,83.77
2014-04-29,83.71
2014-04-30,84.98
2014-05-01,83.5
2014-05-02,84.15
2014-05-05,84.24
2014-05-06,83.15
2014-05-07,83.24
2014-05-08,83.86
2014-05-09,83.38
2014-05-12,84.56
2014-05-13,83.69
2014-05-14,83.13
2014-05-15,83.06
2014-05-16,83.83
2014-05-19,84.25
2014-05-20,83.29
2014-05-21,84.46
2014-05-22,84.67
2014-05-23,84.99
2014-05-27,85.35
2014-05-28,85.61
2014-05-29,85.62
2014-05-30,85.33
2014-06-02,86.7
2014-06-03,87.1
2014-06-04,87.0
2014-06-05,87.48
2014-06-06,87.66
2014-06-09,87.85
2014-06-10,87.37
2014-06-11,86.6
2014-06-12,85.95
2014-06-13,85.91
2014-06-16,86.47
2014-06-17,86.35
2014-06-18,87.0
2014-06-19,87.0
2014-06-20,85.76
2014-06-23,85.42
2014-06-24,85.12
2014-06-25,85.06
2014-06-26,85.43
2014-06-27,86.37
2014-06-30,86.73
2014-07-01,86.85
2014-07-02,87.32
2014-07-03,87.48
2014-07-07,87.27
2014-07-08,86.65
2014-07-09,86.51
2014-07-10,86.29
2014-07-11,85.37
2014-07-14,85.03
2014-07-15,84.6
2014-07-16,87.37
2014-07-17,87.64
2014-07-18,88.36
2014-07-21,87.3
2014-07-22,87.1
2014-07-23,85.76
2014-07-24,85.62
2014-07-25,86.14
2014-07-28,85.98
2014-07-29,85.51
2014-07-30,84.89
2014-07-31,82.67
2014-08-01,82.25
2014-08-04,82.39
2014-08-05,81.77
2014-08-06,80.31
2014-08-07,79.73
2014-08-08,80.44
2014-08-11,81.08
2014-08-12,80.38
2014-08-13,80.24
2014-08-14,80.82
2014-08-15,81.48
2014-08-18,82.15
2014-08-19,81.22
2014-08-20,81.23
2014-08-21,80.75
2014-08-22,80.7
2014-08-25,80.51
2014-08-26,80.44
2014-08-27,80.81
2014-08-28,80.77
2014-08-29,81.15
2014-09-02,81.46
2014-09-03,80.86
2014-09-04,81.09
2014-09-05,81.36
2014-09-08,80.87
2014-09-09,79.2
2014-09-10,80.24
2014-09-11,79.92
2014-09-12,79.51
2014-09-15,79.28
2014-09-16,80.0
2014-09-17,79.48
2014-09-18,80.46
2014-09-19,80.87
2014-09-22,79.42
2014-09-23,77.51
2014-09-24,78.13
2014-09-25,76.97
2014-09-26,77.17
2014-09-29,76.82
2014-09-30,76.94
2014-10-01,75.22
2014-10-02,74.6
2014-10-03,75.09
2014-10-06,74.55
2014-10-07,73.78
2014-10-08,74.61
2014-10-09,72.06
2014-10-10,70.44
2014-10-13,68.22
2014-10-14,68.98
2014-10-15,68.2
2014-10-16,68.23
2014-10-17,69.31
2014-10-20,69.0
2014-10-21,71.84
2014-10-22,70.43
2014-10-23,71.47
2014-10-24,71.61
2014-10-27,71.89
2014-10-28,72.93
2014-10-29,73.0
2014-10-30,72.72
2014-10-31,72.68
2014-11-03,72.83
2014-11-04,69.63
2014-11-05,70.48
2014-11-06,70.79
2014-11-07,70.63
2014-11-10,70.09
2014-11-11,69.53
2014-11-12,69.25
2014-11-13,71.2
2014-11-14,72.96
2014-11-17,74.1
2014-11-18,73.75
2014-11-19,73.48
2014-11-20,73.8
2014-11-21,73.71
2014-11-24,74.5
2014-11-25,74.95
2014-11-26,75.23
2014-11-28,75.63
2014-12-01,74.16
2014-12-02,74.14
2014-12-03,75.05
2014-12-04,74.74
2014-12-05,76.9
2014-12-08,75.11
2014-12-09,74.61
2014-12-10,73.0
2014-12-11,72.97
2014-12-12,72.96
2014-12-15,73.08
2014-12-16,72.26
2014-12-17,73.57
2014-12-18,75.74
2014-12-19,75.92
2014-12-22,76.38
2014-12-23,77.27
2014-12-24,76.89
2014-12-26,76.91
2014-12-29,76.88
2014-12-30,76.39
2014-12-31,75.25
2015-01-02,75.4
2015-01-05,73.3
2015-01-06,71.85
2015-01-07,71.3
2015-01-08,72.29
2015-01-09,71.67
2015-01-12,72.4
2015-01-13,72.63
2015-01-14,67.8
2015-01-15,66.48
2015-01-16,68.07
2015-01-20,66.36
2015-01-21,67.48
2015-01-22,68.61
2015-01-23,67.8
2015-01-26,67.48
2015-01-27,67.14
2015-01-28,66.5
2015-01-29,67.49
2015-01-30,64.42
2015-02-02,65.13
2015-02-03,66.77
2015-02-04,66.08
2015-02-05,66.25
2015-02-06,67.07
2015-02-09,68.24
2015-02-10,68.14
2015-02-11,67.15
2015-02-12,67.71
2015-02-13,68.98
2015-02-17,69.34
2015-02-18,68.09
2015-02-19,69.31
2015-02-20,69.71
2015-02-23,70.32
2015-02-24,70.93
2015-02-25,70.35
2015-02-26,69.61
2015-02-27,69.94
2015-03-02,70.75
2015-03-03,71.48
2015-03-04,70.86
2015-03-05,70.34
2015-03-06,70.32
2015-03-09,71.28
2015-03-10,69.85
2015-03-11,69.12
2015-03-12,69.71
2015-03-13,68.13
2015-03-16,69.32
2015-03-17,68.8
2015-03-18,68.87
2015-03-19,68.81
2015-03-20,69.76
2015-03-23,70.4
2015-03-24,69.07
2015-03-25,67.73
2015-03-26,67.25
2015-03-27,67.85
2015-03-30,68.14
2015-03-31,68.3
2015-04-01,67.31
2015-04-02,67.59
2015-04-06,68.6
2015-04-07,67.28
2015-04-08,68.23
2015-04-09,69.32
2015-04-10,69.26
2015-04-13,69.54
2015-04-14,69.61
2015-04-15,70.45
2015-04-16,70.91
2015-04-17,69.14
2015-04-20,70.35
2015-04-21,70.39
2015-04-22,70.42
2015-04-23,70.7
2015-04-24,70.74
2015-04-27,69.95
2015-04-28,71.31
2015-04-29,72.24
2015-04-30,69.45
2015-05-01,69.17
2015-05-04,69.83
2015-05-05,68.88
2015-05-06,67.76
2015-05-07,66.68
2015-05-08,66.44
2015-05-11,65.43
2015-05-12,64.48
2015-05-13,64.39
2015-05-14,65.1
2015-05-15,65.57
2015-05-18,65.76
2015-05-19,65.58
2015-05-20,65.92
2015-05-21,66.91
2015-05-22,66.8
2015-05-26,65.94
2015-05-27,68.35
2015-05-28,67.34
2015-05-29,66.88
2015-06-01,66.71
2015-06-02,66.09
2015-06-03,68.21
2015-06-04,68.06
2015-06-05,68.06
2015-06-08,67.12
2015-06-09,66.74
2015-06-10,67.15
2015-06-11,67.43
2015-06-12,66.4
2015-06-15,66.05
2015-06-16,66.82
2015-06-17,66.88
2015-06-18,67.44
2015-06-19,67.61
2015-06-22,68.24
2015-06-23,67.52
2015-06-24,66.74
2015-06-25,66.46
2015-06-26,66.43
2015-06-29,64.39
2015-06-30,64.64
2015-07-01,64.61
2015-07-02,64.2
2015-07-06,63.24
2015-07-07,63.05
2015-07-08,61.17
2015-07-09,61.36
2015-07-10,61.8
2015-07-13,62.5
2015-07-14,61.71
2015-07-15,61.25
2015-07-16,61.79
2015-07-17,60.78
2015-07-20,60.05
2015-07-21,59.73
2015-07-22,58.41
2015-07-23,58.23
2015-07-24,56.41
2015-07-27,56.39
2015-07-28,56.69
2015-07-29,56.6
2015-07-30,56.36
2015-07-31,57.0
2015-08-03,56.14
2015-08-04,55.6
2015-08-05,51.41
2015-08-06,44.1
2015-08-07,45.47
2015-08-10,47.02
2015-08-11,46.0
2015-08-12,46.05
2015-08-13,45.75
2015-08-14,43.67
2015-08-17,44.16
2015-08-18,43.24
2015-08-19,43.13
2015-08-20,40.42
2015-08-21,39.87
2015-08-24,38.15
2015-08-25,38.58
2015-08-26,38.61
2015-08-27,39.25
2015-08-28,40.91
2015-08-31,40.77
2015-09-01,40.39
2015-09-02,41.74
2015-09-03,43.15
2015-09-04,43.34
2015-09-08,44.02
2015-09-09,44.32
2015-09-10,44.7
2015-09-11,44.28
2015-09-14,43.81
2015-09-15,44.42
2015-09-16,45.45
2015-09-17,45.26
2015-09-18,45.68
2015-09-21,44.88
2015-09-22,44.14
2015-09-23,43.61
2015-09-24,43.6
2015-09-25,43.52
2015-09-28,43.22
2015-09-29,42.83
2015-09-30,43.15
2015-10-01,42.83
2015-10-02,44.33
2015-10-05,45.46
2015-10-06,46.79
2015-10-07,47.45
2015-10-08,47.92
2015-10-09,47.48
2015-10-12,46.5
2015-10-13,46.52
2015-10-14,47.08
2015-10-15,49.24
2015-10-16,49.75
2015-10-19,48.9
2015-10-20,49.33
2015-10-21,48.52
2015-10-22,49.65
2015-10-23,50.34
2015-10-26,49.74
2015-10-27,49.05
2015-10-28,49.65
2015-10-29,49.21
2015-10-30,49.31
2015-11-02,50.71
2015-11-03,51.29
2015-11-04,47.92
2015-11-05,46.78
2015-11-06,47.71
2015-11-09,47.78
2015-11-10,48.4
2015-11-11,49.35
2015-11-12,49.79
2015-11-13,49.99
2015-11-16,51.97
2015-11-17,50.98
2015-11-18,53.11
2015-11-19,52.21
2015-11-20,52.71
2015-11-23,50.85
2015-11-24,50.91
2015-11-25,52.35
2015-11-27,51.16
2015-11-30,49.79
2015-12-01,49.69
2015-12-02,47.65
2015-12-03,46.73
2015-12-04,46.22
2015-12-07,47.15
2015-12-08,44.71
2015-12-09,43.97
2015-12-10,43.93
2015-12-11,41.59
2015-12-14,40.74
2015-12-15,40.98
2015-12-16,41.51
2015-12-17,39.8
2015-12-18,39.06
2015-12-21,39.22
2015-12-22,40.78
2015-12-23,41.18
2015-12-24,41.11
2015-12-28,41.17
2015-12-29,41.33
2015-12-30,40.86
2015-12-31,41.16
2016-01-04,40.82
2016-01-05,40.56
2016-01-06,40.06
2016-01-07,38.89
2016-01-08,40.98
2016-01-11,40.97
2016-01-12,41.69
2016-01-13,40.79
2016-01-14,41.43
2016-01-15,39.85
2016-01-19,41.72
2016-01-20,40.67
2016-01-21,41.58
2016-01-22,43.21
2016-01-25,42.03
2016-01-26,43.86
2016-01-27,43.78
2016-01-28,44.54
2016-01-29,45.64
2016-02-01,46.05
2016-02-02,43.75
2016-02-03,44.67
2016-02-04,45.34
2016-02-05,43.24
2016-02-08,41.85
2016-02-09,32.86
2016-02-10,31.38
2016-02-11,32.25
2016-02-12,32.81
2016-02-16,34.29
2016-02-17,35.85
2016-02-18,35.71
2016-02-19,35.28
2016-02-22,36.86
2016-02-23,37.01
2016-02-24,37.22
2016-02-25,37.11
2016-02-26,36.23
2016-02-29,36.85
2016-03-01,37.56
2016-03-02,37.48
2016-03-03,39.02
2016-03-04,38.82
2016-03-07,40.07
2016-03-08,39.08
2016-03-09,38.88
2016-03-10,38.17
2016-03-11,39.29
2016-03-14,39.76
2016-03-15,38.82
2016-03-16,40.26
2016-03-17,41.48
2016-03-18,41.46
2016-03-21,40.96
2016-03-22,40.78
2016-03-23,39.7
2016-03-24,39.68
2016-03-28,40.37
2016-03-29,40.14
2016-03-30,40.11
2016-03-31,41.28
2016-04-01,41.17
2016-04-04,39.56
2016-04-05,38.75
2016-04-06,39.44
2016-04-07,38.27
2016-04-08,37.99
2016-04-11,38.13
2016-04-12,38.59
2016-04-13,39.82
2016-04-14,38.45
2016-04-15,38.27
2016-04-18,38.87
2016-04-19,35.64
2016-04-20,37.38
2016-04-21,42.56
2016-04-22,43.78
2016-04-25,43.25
2016-04-26,43.4
2016-04-27,43.79
2016-04-28,42.4
2016-04-29,40.9
2016-05-02,41.98
2016-05-03,41.45
2016-05-04,41.17
2016-05-05,41.43
2016-05-06,41.32
2016-05-09,40.43
2016-05-10,41.04
2016-05-11,40.47
2016-05-12,39.93
2016-05-13,39.53
2016-05-16,39.33
2016-05-17,39.42
2016-05-18,38.86
2016-05-19,38.41
2016-05-20,39.05
2016-05-23,39.95
2016-05-24,41.3
2016-05-25,41.99
2016-05-26,42.53
2016-05-27,44.24
2016-05-31,44.37
2016-06-01,44.58
2016-06-02,45.09
2016-06-03,45.0
2016-06-06,45.43
2016-06-07,44.72
2016-06-08,44.57
2016-06-09,44.41
2016-06-10,42.02
2016-06-13,41.24
2016-06-14,41.21
2016-06-15,42.2
2016-06-16,45.05
2016-06-17,44.42
2016-06-20,44.85
2016-06-21,43.53
2016-06-22,44.03
2016-06-23,43.47
2016-06-24,40.97
2016-06-27,38.88
2016-06-28,40.03
2016-06-29,40.36
2016-06-30,41.47
2016-07-01,41.53
2016-07-05,41.07
2016-07-06,41.38
2016-07-07,43.04
2016-07-08,45.2
2016-07-11,44.36
2016-07-12,45.44
2016-07-13,44.8
2016-07-14,44.8
2016-07-15,44.28
2016-07-18,44.7
2016-07-19,44.65
2016-07-20,44.75
2016-07-21,45.3
2016-07-22,45.57
2016-07-25,45.34
2016-07-26,45.55
2016-07-27,45.81
2016-07-28,45.97
2016-07-29,45.47
2016-08-01,44.35
2016-08-02,43.65
2016-08-03,43.99
2016-08-04,43.56
2016-08-05,43.68
2016-08-08,42.52
2016-08-09,42.29
2016-08-10,41.74
2016-08-11,42.61
2016-08-12,42.91
2016-08-15,42.82
2016-08-16,42.84
2016-08-17,43.74
2016-08-18,42.84
2016-08-19,43.49
2016-08-22,41.74
2016-08-23,41.7
2016-08-24,41.34
2016-08-25,41.41
2016-08-26,41.11
2016-08-29,41.46
2016-08-30,40.85
2016-08-31,40.34
2016-09-01,39.77
2016-09-02,39.9
2016-09-06,39.54
2016-09-07,40.54
2016-09-08,39.51
2016-09-09,37.16
2016-09-12,38.08
2016-09-13,36.8
2016-09-14,37.44
2016-09-15,37.27
2016-09-16,37.0
2016-09-19,36.77
2016-09-20,36.16
2016-09-21,36.05
2016-09-22,35.82
2016-09-23,35.5
2016-09-26,34.84
2016-09-27,35.47
2016-09-28,36.56
2016-09-29,37.77
2016-09-30,38.1
2016-10-03,37.69
2016-10-04,37.58
2016-10-05,37.74
2016-10-06,36.62
2016-10-07,36.27
2016-10-10,36.26
2016-10-11,35.73
2016-10-12,35.12
2016-10-13,35.82
2016-10-14,36.0
2016-10-17,36.09
2016-10-18,36.14
2016-10-19,36.37
2016-10-20,36.5
2016-10-21,37.51
2016-10-24,37.45
2016-10-25,37.43
2016-10-26,37.75
2016-10-27,37.72
2016-10-28,37.6
2016-10-31,37.56
2016-11-01,36.68
2016-11-02,35.87
2016-11-03,36.68
2016-11-04,36.56
2016-11-07,37.56
2016-11-08,37.35
2016-11-09,37.98
2016-11-10,38.01
2016-11-11,38.42
2016-11-14,38.86
2016-11-15,38.61
2016-11-16,38.58
2016-11-17,38.61
2016-11-18,37.77
2016-11-21,37.21
2016-11-22,37.23
2016-11-23,37.25
2016-11-25,37.64
2016-11-28,36.79
2016-11-29,36.95
2016-11-30,37.48
2016-12-01,37.26
2016-12-02,36.52
2016-12-05,36.63
2016-12-06,36.54
2016-12-07,38.01
2016-12-08,38.8
2016-12-09,38.62
2016-12-12,34.99
2016-12-13,34.96
2016-12-14,34.6
2016-12-15,34.91
2016-12-16,35.22
2016-12-19,34.49
2016-12-20,34.63
2016-12-21,35.25
2016-12-22,35.15
2016-12-23,35.15
2016-12-27,35.79
2016-12-28,35.52
2016-12-29,35.28
2016-12-30,35.1
2017-01-03,35.9
2017-01-04,36.6
2017-01-05,37.48
2017-01-06,37.79
2017-01-09,38.34
2017-01-10,38.4
2017-01-11,38.9
2017-01-12,38.53
2017-01-13,38.7
2017-01-17,38.69
2017-01-18,39.76
2017-01-19,39.8
2017-01-20,40.23
2017-01-23,40.32
2017-01-24,41.11
2017-01-25,40.99
2017-01-26,41.85
2017-01-27,41.97
2017-01-30,42.46
2017-01-31,42.14
2017-02-01,41.65
2017-02-02,41.58
2017-02-03,41.9
2017-02-06,41.82
2017-02-07,41.67
2017-02-08,42.07
2017-02-09,43.89
2017-02-10,43.65
2017-02-13,43.45
2017-02-14,44.25
2017-02-15,44.66
2017-02-16,44.16
2017-02-17,43.99
2017-02-21,44.7
2017-02-22,44.51
2017-02-23,43.86
2017-02-24,43.89
2017-02-27,43.5
2017-02-28,43.45
2017-03-01,43.76
2017-03-02,42.12
2017-03-03,42.31
2017-03-06,42.19
2017-03-07,42.93
2017-03-08,44.0
2017-03-09,44.44
2017-03-10,43.73
2017-03-13,43.15
2017-03-14,43.36
2017-03-15,43.96
2017-03-16,44.04
2017-03-17,43.4
2017-03-20,42.87
2017-03-21,42.1
2017-03-22,42.57
2017-03-23,42.96
2017-03-24,43.06
2017-03-27,44.31
2017-03-28,44.91
2017-03-29,45.3
2017-03-30,46.36
2017-03-31,46.62
2017-04-03,45.71
2017-04-04,45.55
2017-04-05,45.32
2017-04-06,45.58
2017-04-07,45.27
2017-04-10,44.83
2017-04-11,44.79
2017-04-12,44.34
2017-04-13,43.77
2017-04-17,43.96
2017-04-18,44.09
2017-04-19,44.31
2017-04-20,44.33
2017-04-21,43.1
2017-04-24,42.75
2017-04-25,42.95
2017-04-26,43.38
2017-04-27,43.31
2017-04-28,42.56
2017-05-01,42.6
2017-05-02,42.46
2017-05-03,39.26
2017-05-04,36.46
2017-05-05,36.82
2017-05-08,36.41
2017-05-09,36.23
2017-05-10,34.95
2017-05-11,34.52
2017-05-12,34.61
2017-05-15,33.76
2017-05-16,33.87
2017-05-17,33.65
2017-05-18,33.99
2017-05-19,35.2
2017-05-22,35.24
2017-05-23,34.32
2017-05-24,34.74
2017-05-25,34.92
2017-05-26,35.13
2017-05-30,35.05
2017-05-31,34.79
2017-06-01,35.31
2017-06-02,35.25
2017-06-05,35.21
2017-06-06,35.07
2017-06-07,34.85
2017-06-08,35.26
2017-06-09,35.4
2017-06-12,36.09
2017-06-13,35.59
2017-06-14,34.9
2017-06-15,34.96
2017-06-16,35.07
2017-06-19,35.43
2017-06-20,34.21
2017-06-21,34.57
2017-06-22,34.12
2017-06-23,34.11
2017-06-26,35.09
2017-06-27,35.41
2017-06-28,35.07
2017-06-29,34.35
2017-06-30,33.57
2017-07-03,34.12
2017-07-05,33.0
2017-07-06,33.07
2017-07-07,33.2
2017-07-10,34.0
2017-07-11,34.14
2017-07-12,34.5
2017-07-13,34.5
2017-07-14,34.93
2017-07-17,35.32
2017-07-18,35.46
2017-07-19,36.2
2017-07-20,35.89
2017-07-21,36.04
2017-07-24,36.22
2017-07-25,35.01
2017-07-26,34.37
2017-07-27,35.51
2017-07-28,35.66
2017-07-31,34.92
2017-08-01,35.53
2017-08-02,34.09
2017-08-03,35.07
2017-08-04,30.22
2017-08-07,30.58
2017-08-08,30.77
2017-08-09,30.17
2017-08-10,30.07
2017-08-11,30.66
2017-08-14,30.23
2017-08-15,30.08
2017-08-16,29.82
2017-08-17,29.21
2017-08-18,28.59
2017-08-21,28.11
2017-08-22,28.46
2017-08-23,28.61
2017-08-24,28.65
2017-08-25,29.19
2017-08-28,29.43
2017-08-29,29.28
2017-08-30,29.13
2017-08-31,28.6
2017-09-01,28.52
2017-09-05,27.43
2017-09-06,28.22
2017-09-07,27.2
2017-09-08,27.27
2017-09-11,27.19
2017-09-12,27.11
2017-09-13,27.91
2017-09-14,27.36
2017-09-15,27.67
2017-09-18,27.32
2017-09-19,27.14
2017-09-20,27.72
2017-09-21,27.4
2017-09-22,27.64
2017-09-25,27.9
2017-09-26,27.59
2017-09-27,27.93
2017-09-28,27.85
2017-09-29,27.84
2017-10-02,27.41
2017-10-03,27.55
2017-10-04,28.14
2017-10-05,27.3
2017-10-06,27.15
2017-10-09,25.42
2017-10-10,25.56
2017-10-11,25.21
2017-10-12,24.57
2017-10-13,26.0
2017-10-16,26.26
2017-10-17,26.57
2017-10-18,25.82
2017-10-19,26.53
2017-10-20,26.7
2017-10-23,26.31
2017-10-24,25.65
2017-10-25,25.48
2017-10-26,25.3
2017-10-27,24.66
2017-10-30,24.23
2017-10-31,24.03
2017-11-01,24.78
2017-11-02,23.4
2017-11-03,23.27
2017-11-06,24.18
2017-11-07,24.78
2017-11-08,24.3
2017-11-09,24.78
2017-11-10,24.89
2017-11-13,24.72
2017-11-14,24.54
2017-11-15,24.61
2017-11-16,23.69
2017-11-17,26.15
2017-11-20,26.17
2017-11-21,27.26
2017-11-22,26.68
2017-11-24,26.29
2017-11-27,26.54
2017-11-28,27.03
2017-11-29,28.42
2017-11-30,28.32
2017-12-01,28.4
2017-12-04,29.18
2017-12-05,28.94
2017-12-06,28.94
2017-12-07,29.64
2017-12-08,29.29
2017-12-11,29.46
2017-12-12,29.59
2017-12-13,29.52
2017-12-14,29.71
2017-12-15,30.24
2017-12-18,30.66
2017-12-19,30.93
2017-12-20,31.19
2017-12-21,31.76
2017-12-22,32.23
2017-12-26,31.87
2017-12-27,30.98
2017-12-28,30.81
2017-12-29,30.81
2018-01-02,31.19
2018-01-03,29.95
2018-01-04,29.56
2018-01-05,29.1
2018-01-08,29.18
2018-01-09,29.04
2018-01-10,29.16
2018-01-11,30.81
2018-01-12,33.76
2018-01-16,31.38
2018-01-17,31.96
2018-01-18,33.95
2018-01-19,33.36
2018-01-22,33.94
2018-01-23,33.39
2018-01-24,33.13
2018-01-25,33.61
2018-01-26,34.09
2018-01-29,33.71
2018-01-30,32.94
2018-01-31,33.42
2018-02-01,33.21
2018-02-02,32.22
2018-02-05,31.14
2018-02-06,31.25
2018-02-07,30.51
2018-02-08,32.71
2018-02-09,32.87
2018-02-12,32.88
2018-02-13,33.1
2018-02-14,33.93
2018-02-15,33.93
2018-02-16,33.5
2018-02-20,33.98
2018-02-21,33.03
2018-02-22,32.93
2018-02-23,33.74
2018-02-26,33.88
2018-02-27,33.21
2018-02-28,33.34
2018-03-01,33.13
2018-03-02,34.09
2018-03-05,34.28
2018-03-06,34.21
2018-03-07,33.65
2018-03-08,32.85
2018-03-09,32.72
2018-03-12,32.82
2018-03-13,32.8
2018-03-14,32.64
2018-03-15,32.83
2018-03-16,31.65
2018-03-19,31.36
2018-03-20,30.99
2018-03-21,31.3
2018-03-22,30.63
2018-03-23,30.14
2018-03-26,30.09
2018-03-27,30.73
2018-03-28,30.48
2018-03-29,31.06
2018-04-02,30.55
2018-04-03,29.42
2018-04-04,30.57
2018-04-05,30.77
2018-04-06,30.9
2018-04-09,30.97
2018-04-10,31.04
2018-04-11,30.51
2018-04-12,30.52
2018-04-13,30.7
2018-04-16,31.46
2018-04-17,31.44
2018-04-18,31.26
2018-04-19,30.76
2018-04-20,30.66
2018-04-23,31.06
2018-04-24,30.92
2018-04-25,31.18
2018-04-26,30.97
2018-04-27,30.75
2018-04-30,30.16
2018-05-01,29.96
2018-05-02,29.65
2018-05-03,29.37
2018-05-04,30.29
2018-05-07,30.7
2018-05-08,29.79
2018-05-09,30.06
2018-05-10,30.54
2018-05-11,30.22
2018-05-14,28.74
2018-05-15,28.29
2018-05-16,28.27
2018-05-17,28.16
2018-05-18,27.24
2018-05-21,27.45
2018-05-22,27.57
2018-05-23,27.19
2018-05-24,27.28
2018-05-25,27.5
2018-05-29,26.87
2018-05-30,27.19
2018-05-31,27.1
2018-06-01,26.71
2018-06-04,26.94
2018-06-05,27.07
2018-06-06,27.69
2018-06-07,27.76
2018-06-08,27.91
2018-06-11,28.28
2018-06-12,28.29
2018-06-13,28.15
2018-06-14,28.91
2018-06-15,29.4
2018-06-18,29.69
2018-06-19,29.32
2018-06-20,30.24
2018-06-21,30.4
2018-06-22,30.28
2018-06-25,29.9
2018-06-26,29.69
2018-06-27,29.99
2018-06-28,29.89
2018-06-29,30.16
2018-07-02,29.45
2018-07-03,29.01
2018-07-05,29.41
2018-07-06,30.0
2018-07-09,30.5
2018-07-10,30.5
2018-07-11,30.12
2018-07-12,30.02
2018-07-13,30.0
2018-07-16,29.69
2018-07-17,28.58
2018-07-18,28.56
2018-07-19,28.0
2018-07-20,27.49
2018-07-23,27.61
2018-07-24,27.32
2018-07-25,27.88
2018-07-26,28.06
2018-07-27,29.35
2018-07-30,28.78
2018-07-31,29.05
2018-08-01,28.7
2018-08-02,28.6
2018-08-03,29.09
2018-08-06,29.09
2018-08-07,29.02
2018-08-08,28.62
2018-08-09,30.34
2018-08-10,30.34
2018-08-13,30.31
2018-08-14,30.88
2018-08-15,30.8
2018-08-16,30.1
2018-08-17,30.72
2018-08-20,31.01
2018-08-21,31.94
2018-08-22,31.93
2018-08-23,30.98
2018-08-24,30.98
2018-08-27,30.6
2018-08-28,30.4
2018-08-29,30.4
2018-08-30,29.85
2018-08-31,29.28
2018-09-04,29.39
2018-09-05,29.44
2018-09-06,29.26
2018-09-07,28.98
2018-09-10,29.07
2018-09-11,28.88
2018-09-12,29.64
2018-09-13,30.08
2018-09-14,29.85
2018-09-17,30.06
2018-09-18,30.21
2018-09-19,30.73
2018-09-20,31.83
2018-09-21,32.37
2018-09-24,32.59
2018-09-25,32.48
2018-09-26,33.74
2018-09-27,33.85
2018-09-28,33.76
2018-10-01,32.46
2018-10-02,32.73
2018-10-03,33.32
2018-10-04,33.05
2018-10-05,32.6
2018-10-08,32.74
2018-10-09,32.82
2018-10-10,31.95
2018-10-11,31.19
2018-10-12,31.39
2018-10-15,31.78
2018-10-16,32.83
2018-10-17,33.41
2018-10-18,33.73
2018-10-19,33.23
2018-10-22,33.0
2018-10-23,32.71
2018-10-24,29.92
2018-10-25,29.68
2018-10-26,29.98
2018-10-29,30.46
2018-10-30,31.65
2018-10-31,31.98
2018-11-01,32.78
2018-11-02,31.67
2018-11-05,32.41
2018-11-06,32.56
2018-11-07,32.34
2018-11-08,32.03
2018-11-09,32.1
2018-11-12,32.57
2018-11-13,32.05
2018-11-14,31.79
2018-11-15,31.83
2018-11-16,32.99
2018-11-19,31.42
2018-11-20,30.83
2018-11-21,31.75
2018-11-23,31.04
2018-11-26,31.14
2018-11-27,31.51
2018-11-28,32.06
2018-11-29,32.03
2018-11-30,30.86
2018-12-03,31.47
2018-12-04,30.88
2018-12-06,30.0
2018-12-07,29.91
2018-12-10,29.39
2018-12-11,29.52
2018-12-12,29.52
2018-12-13,29.08
2018-12-14,28.57
2018-12-17,28.08
2018-12-18,27.31
2018-12-19,26.74
2018-12-20,26.3
2018-12-21,25.68
2018-12-24,25.35
2018-12-26,26.27
2018-12-27,25.89
2018-12-28,25.89
2018-12-31,25.7
2019-01-02,26.75
2019-01-03,26.39
2019-01-04,26.9
2019-01-07,28.17
2019-01-08,28.71
2019-01-09,29.0
2019-01-10,29.33
2019-01-11,29.44
2019-01-14,29.88
2019-01-15,29.99
2019-01-16,29.59
2019-01-17,29.79
2019-01-18,30.08
2019-01-22,29.24
2019-01-23,29.15
2019-01-24,29.14
2019-01-25,28.99
2019-01-28,29.13
2019-01-29,28.85
2019-01-30,28.63
2019-01-31,29.42
2019-02-01,29.53
2019-02-04,29.45
2019-02-05,30.33
2019-02-06,29.62
2019-02-07,29.38
2019-02-08,29.19
2019-02-11,28.53
2019-02-12,28.39
2019-02-13,28.53
2019-02-14,28.55
2019-02-15,29.15
2019-02-19,29.15
2019-02-20,29.31
2019-02-21,29.19
2019-02-22,29.19
2019-02-25,28.91
2019-02-26,29.14
2019-02-27,29.01
2019-02-28,29.22
2019-03-01,29.45
2019-03-04,29.39
2019-03-05,29.87
2019-03-06,29.76
2019-03-07,29.13
2019-03-08,28.86
2019-03-11,29.04
2019-03-12,29.44
2019-03-13,28.45
2019-03-14,28.52
2019-03-15,27.99
2019-03-18,27.8
2019-03-19,27.52
2019-03-20,26.01
2019-03-21,25.98
2019-03-22,25.34
2019-03-25,26.32
2019-03-26,28.33
2019-03-27,27.95
2019-03-28,27.45
2019-03-29,28.07
2019-04-01,28.89
2019-04-02,28.82
2019-04-03,29.35
2019-04-04,29.27
2019-04-05,29.78
2019-04-08,29.91
2019-04-09,29.71
2019-04-10,30.24
2019-04-11,29.85
2019-04-12,30.29
2019-04-15,29.97
2019-04-16,30.43
2019-04-17,30.54
2019-04-18,30.18
2019-04-22,29.02
2019-04-23,29.28
2019-04-24,29.7
2019-04-25,29.2
2019-04-26,29.4
2019-04-29,29.39
2019-04-30,28.91
2019-05-01,28.85
2019-05-02,28.91
2019-05-03,28.6
2019-05-06,28.71
2019-05-07,28.44
2019-05-08,28.4
2019-05-09,28.5
2019-05-10,29.25
2019-05-13,28.15
2019-05-14,28.47
2019-05-15,28.27
2019-05-16,28.54
2019-05-17,28.45
2019-05-20,28.6
2019-05-21,28.99
2019-05-22,28.81
2019-05-23,28.32
2019-05-24,28.06
2019-05-28,27.89
2019-05-29,27.75
2019-05-30,28.72
2019-05-31,29.03
2019-06-03,29.04
2019-06-04,29.36
2019-06-05,29.13
2019-06-06,29.18
2019-06-07,29.28
2019-06-10,29.07
2019-06-11,28.94
2019-06-12,29.14
2019-06-13,29.84
2019-06-14,29.39
2019-06-17,29.3
2019-06-18,29.81
2019-06-19,30.47
2019-06-20,30.71
2019-06-21,30.8
2019-06-24,30.42
2019-06-25,29.52
2019-06-26,29.03
2019-06-27,29.27
2019-06-28,29.87
2019-07-01,30.5
2019-07-02,30.61
2019-07-03,31.16
2019-07-05,31.37
2019-07-08,31.4
2019-07-09,31.25
2019-07-10,31.28
2019-07-11,31.71
2019-07-12,31.7
2019-07-15,31.73
2019-07-16,31.71
2019-07-17,31.04
2019-07-18,30.58
2019-07-19,30.49
2019-07-22,30.02
2019-07-23,30.05
2019-07-24,30.76
2019-07-25,30.83
2019-07-26,30.97
2019-07-29,30.98
2019-07-30,30.96
2019-07-31,30.35
2019-08-01,29.92
2019-08-02,29.78
2019-08-05,29.3
2019-08-06,29.66
2019-08-07,29.67
2019-08-08,30.78
2019-08-09,30.01
2019-08-12,28.53
2019-08-13,29.21
2019-08-14,26.72
2019-08-15,25.95
2019-08-16,26.02
2019-08-19,26.23
2019-08-20,26.24
2019-08-21,26.23
2019-08-22,25.87
2019-08-23,24.65
2019-08-26,24.79
2019-08-27,24.37
2019-08-28,24.83
2019-08-29,25.16
2019-08-30,24.98
2019-09-03,24.56
2019-09-04,24.82
2019-09-05,25.68
2019-09-06,25.88
2019-09-09,26.27
2019-09-10,26.54
2019-09-11,26.22
2019-09-12,26.22
2019-09-13,26.04
2019-09-16,26.17
2019-09-17,25.75
2019-09-18,25.76
2019-09-19,25.21
2019-09-20,24.94
2019-09-23,25.0
2019-09-24,24.6
2019-09-25,24.61
2019-09-26,24.05
2019-09-27,23.98
2019-09-30,24.03
2019-10-01,23.95
2019-10-02,23.005
2019-10-03,22.93
2019-10-04,23.26
2019-10-07,23.08
2019-10-08,22.175
2019-10-09,22.47
2019-10-10,22.54
2019-10-11,23.02
2019-10-14,22.73
2019-10-15,22.76
2019-10-16,22.83
2019-10-17,22.62
2019-10-18,22.05
2019-10-21,21.89
2019-10-22,21.83
2019-10-23,21.95
2019-10-24,21.485
2019-10-25,21.655
2019-10-28,21.53
2019-10-29,21.66
2019-10-30,21.23
2019-10-31,21.56
2019-11-01,21.99
2019-11-04,22.22
2019-11-05,22.39
2019-11-06,22.01
2019-11-07,22.57
2019-11-08,22.75
2019-11-11,23.45
2019-11-12,22.56
2019-11-13,22.05
2019-11-14,22.47
2019-11-15,23.06
2019-11-18,23.46
2019-11-19,23.55
2019-11-20,23.29
2019-11-21,23.27
2019-11-22,23.65
2019-11-25,23.91
2019-11-26,24.18
2019-11-27,24.13
2019-11-29,24.07
2019-12-02,23.76
2019-12-03,23.47
2019-12-04,24.22
