Date,WLTW
2003-01-02,22.0
2003-01-03,21.75
2003-01-06,21.96
2003-01-07,21.88
2003-01-08,22.16
2003-01-09,21.65
2003-01-10,21.8
2003-01-13,21.2
2003-01-14,21.2
2003-01-15,21.07
2003-01-16,20.86
2003-01-17,20.1
2003-01-21,19.38
2003-01-22,19.4
2003-01-23,19.97
2003-01-24,19.61
2003-01-27,19.69
2003-01-28,19.24
2003-01-29,19.15
2003-01-30,18.47
2003-01-31,18.9
2003-02-03,19.05
2003-02-04,18.5
2003-02-05,18.27
2003-02-06,19.2
2003-02-07,19.27
2003-02-10,19.65
2003-02-11,19.6
2003-02-12,19.7
2003-02-13,19.48
2003-02-14,19.95
2003-02-18,19.71
2003-02-19,19.8
2003-02-20,19.45
2003-02-21,20.05
2003-02-24,19.31
2003-02-25,19.9
2003-02-26,19.4
2003-02-27,19.39
2003-02-28,19.19
2003-03-03,19.08
2003-03-04,19.0
2003-03-05,19.24
2003-03-06,19.21
2003-03-07,19.28
2003-03-10,18.85
2003-03-11,18.95
2003-03-12,18.9
2003-03-13,19.15
2003-03-14,19.23
2003-03-17,19.44
2003-03-18,19.98
2003-03-19,19.61
2003-03-20,19.78
2003-03-21,19.98
2003-03-24,20.18
2003-03-25,20.36
2003-03-26,20.1
2003-03-27,20.15
2003-03-28,20.5
2003-03-31,20.1
2003-04-01,20.28
2003-04-02,20.36
2003-04-03,20.15
2003-04-04,20.08
2003-04-07,20.45
2003-04-08,19.99
2003-04-09,20.08
2003-04-10,19.99
2003-04-11,19.4
2003-04-14,19.97
2003-04-15,20.21
2003-04-16,20.09
2003-04-17,20.0
2003-04-21,19.79
2003-04-22,19.75
2003-04-23,19.89
2003-04-24,19.98
2003-04-25,19.87
2003-04-28,19.99
2003-04-29,20.06
2003-04-30,20.4
2003-05-01,20.35
2003-05-02,20.5
2003-05-05,20.23
2003-05-06,20.25
2003-05-07,20.18
2003-05-08,20.13
2003-05-09,20.5
2003-05-12,20.38
2003-05-13,20.37
2003-05-14,20.58
2003-05-15,20.64
2003-05-16,20.4
2003-05-19,20.2
2003-05-20,20.49
2003-05-21,20.47
2003-05-22,20.47
2003-05-23,20.4
2003-05-27,21.0
2003-05-28,21.0
2003-05-29,21.48
2003-05-30,22.0
2003-06-02,22.0
2003-06-03,22.15
2003-06-04,22.3
2003-06-05,22.4
2003-06-06,22.4
2003-06-09,21.5
2003-06-10,21.91
2003-06-11,22.03
2003-06-12,22.2
2003-06-13,21.71
2003-06-16,22.6
2003-06-17,22.85
2003-06-18,22.9
2003-06-19,22.86
2003-06-20,23.14
2003-06-23,23.01
2003-06-24,23.27
2003-06-25,23.38
2003-06-26,23.35
2003-06-27,23.27
2003-06-30,23.18
2003-07-01,23.4
2003-07-02,23.2
2003-07-03,22.9
2003-07-07,23.43
2003-07-08,23.49
2003-07-09,23.49
2003-07-10,23.49
2003-07-11,23.49
2003-07-14,23.35
2003-07-15,23.34
2003-07-16,23.2
2003-07-17,22.4
2003-07-18,22.74
2003-07-21,22.5
2003-07-22,22.4
2003-07-23,22.7
2003-07-24,22.3
2003-07-25,22.68
2003-07-28,22.71
2003-07-29,22.96
2003-07-30,22.98
2003-07-31,23.0
2003-08-01,22.91
2003-08-04,22.74
2003-08-05,22.66
2003-08-06,23.05
2003-08-07,22.75
2003-08-08,22.56
2003-08-11,22.75
2003-08-12,22.94
2003-08-13,22.75
2003-08-14,22.5
2003-08-15,22.94
2003-08-18,23.14
2003-08-19,23.26
2003-08-20,23.26
2003-08-21,23.2
2003-08-22,23.14
2003-08-25,23.01
2003-08-26,23.13
2003-08-27,22.88
2003-08-28,23.24
2003-08-29,23.11
2003-09-02,23.1
2003-09-03,23.3
2003-09-04,23.4
2003-09-05,23.33
2003-09-08,23.31
2003-09-09,23.47
2003-09-10,23.1
2003-09-11,23.05
2003-09-12,23.0
2003-09-15,22.9
2003-09-16,23.02
2003-09-17,22.97
2003-09-18,22.65
2003-09-19,23.4
2003-09-22,23.27
2003-09-23,23.11
2003-09-24,23.0
2003-09-25,22.9
2003-09-26,23.0
2003-09-29,22.52
2003-09-30,22.51
2003-10-01,22.75
2003-10-02,22.86
2003-10-03,23.45
2003-10-06,23.8
2003-10-07,23.82
2003-10-08,23.78
2003-10-09,24.0
2003-10-10,23.98
2003-10-13,24.24
2003-10-14,24.17
2003-10-15,23.87
2003-10-16,23.58
2003-10-17,23.35
2003-10-20,23.8
2003-10-21,23.85
2003-10-22,23.91
2003-10-23,23.76
2003-10-24,23.65
2003-10-27,23.91
2003-10-28,23.99
2003-10-29,24.0
2003-10-30,24.0
2003-10-31,24.05
2003-11-03,24.4
2003-11-04,24.22
2003-11-05,23.95
2003-11-06,23.8
2003-11-07,24.38
2003-11-10,23.74
2003-11-11,23.2
2003-11-12,23.44
2003-11-13,22.75
2003-11-14,23.32
2003-11-17,23.39
2003-11-18,23.2
2003-11-19,23.5
2003-11-20,23.65
2003-11-21,23.76
2003-11-24,24.09
2003-11-25,24.05
2003-11-26,24.03
2003-11-28,24.02
2003-12-01,24.05
2003-12-02,24.0
2003-12-03,23.6
2003-12-04,23.9
2003-12-05,23.1
2003-12-08,23.14
2003-12-09,23.0
2003-12-10,23.05
2003-12-11,23.73
2003-12-12,23.91
2003-12-15,23.5
2003-12-16,23.2
2003-12-17,23.45
2003-12-18,23.54
2003-12-19,23.73
2003-12-22,24.23
2003-12-23,24.5
2003-12-24,24.3
2003-12-26,24.3
2003-12-29,24.28
2003-12-30,24.62
2003-12-31,24.15
2004-01-02,24.12
2004-01-05,24.39
2004-01-06,24.17
2004-01-07,24.72
2004-01-08,24.74
2004-01-09,24.13
2004-01-12,24.69
2004-01-13,24.7
2004-01-14,24.74
2004-01-15,24.75
2004-01-16,24.41
2004-01-20,24.68
2004-01-21,24.45
2004-01-22,24.62
2004-01-23,24.74
2004-01-26,23.85
2004-01-27,23.85
2004-01-28,23.71
2004-01-29,23.35
2004-01-30,22.85
2004-02-02,22.82
2004-02-03,23.05
2004-02-04,22.68
2004-02-05,22.95
2004-02-06,23.58
2004-02-09,23.63
2004-02-10,24.28
2004-02-11,24.32
2004-02-12,23.7
2004-02-13,23.64
2004-02-17,24.09
2004-02-18,24.0
2004-02-19,23.85
2004-02-20,23.52
2004-02-23,23.06
2004-02-24,23.25
2004-02-25,23.57
2004-02-26,23.74
2004-02-27,23.7
2004-03-01,24.04
2004-03-02,23.72
2004-03-03,24.0
2004-03-04,23.95
2004-03-05,23.91
2004-03-08,24.82
2004-03-09,24.95
2004-03-10,24.9
2004-03-11,24.84
2004-03-12,25.43
2004-03-15,25.23
2004-03-16,25.09
2004-03-17,25.19
2004-03-18,25.05
2004-03-19,25.07
2004-03-22,24.73
2004-03-23,24.81
2004-03-24,24.93
2004-03-25,25.18
2004-03-26,25.0
2004-03-29,25.18
2004-03-30,25.2
2004-03-31,25.24
2004-04-01,25.23
2004-04-02,25.2
2004-04-05,25.65
2004-04-06,25.66
2004-04-07,26.25
2004-04-08,26.0
2004-04-12,26.11
2004-04-13,26.02
2004-04-14,26.07
2004-04-15,26.01
2004-04-16,25.98
2004-04-19,26.09
2004-04-20,26.0
2004-04-21,26.35
2004-04-22,26.62
2004-04-23,26.43
2004-04-26,26.46
2004-04-27,26.78
2004-04-28,26.55
2004-04-29,26.45
2004-04-30,26.23
2004-05-03,26.55
2004-05-04,26.65
2004-05-05,26.55
2004-05-06,26.96
2004-05-07,26.67
2004-05-10,26.17
2004-05-11,26.35
2004-05-12,25.78
2004-05-13,25.71
2004-05-14,25.58
2004-05-17,25.2
2004-05-18,25.37
2004-05-19,25.23
2004-05-20,25.7
2004-05-21,25.9
2004-05-24,26.0
2004-05-25,26.27
2004-05-26,26.2
2004-05-27,26.41
2004-05-28,26.15
2004-06-01,26.14
2004-06-02,26.03
2004-06-03,25.66
2004-06-04,25.7
2004-06-07,26.21
2004-06-08,26.1
2004-06-09,25.82
2004-06-10,26.4
2004-06-14,25.72
2004-06-15,25.88
2004-06-16,26.07
2004-06-17,26.3
2004-06-18,26.22
2004-06-21,26.02
2004-06-22,26.4
2004-06-23,26.78
2004-06-24,26.65
2004-06-25,26.9
2004-06-28,26.75
2004-06-29,26.45
2004-06-30,26.65
2004-07-01,26.17
2004-07-02,26.37
2004-07-06,26.26
2004-07-07,26.22
2004-07-08,25.76
2004-07-09,26.0
2004-07-12,26.14
2004-07-13,26.03
2004-07-14,25.88
2004-07-15,25.86
2004-07-16,25.62
2004-07-19,25.82
2004-07-20,26.05
2004-07-21,26.04
2004-07-22,26.05
2004-07-23,25.82
2004-07-26,25.49
2004-07-27,26.02
2004-07-28,25.79
2004-07-29,26.19
2004-07-30,26.14
2004-08-02,25.6
2004-08-03,25.26
2004-08-04,25.49
2004-08-05,24.93
2004-08-06,24.17
2004-08-09,24.39
2004-08-10,24.89
2004-08-11,24.89
2004-08-12,24.62
2004-08-13,24.24
2004-08-16,24.54
2004-08-17,24.68
2004-08-18,25.21
2004-08-19,25.03
2004-08-20,25.55
2004-08-23,25.53
2004-08-24,25.71
2004-08-25,25.94
2004-08-26,25.05
2004-08-27,25.29
2004-08-30,25.03
2004-08-31,25.2
2004-09-01,25.27
2004-09-02,25.62
2004-09-03,25.78
2004-09-07,26.14
2004-09-08,25.75
2004-09-09,26.19
2004-09-10,26.11
2004-09-13,26.46
2004-09-14,26.56
2004-09-15,26.68
2004-09-16,26.81
2004-09-17,26.72
2004-09-20,26.75
2004-09-21,26.87
2004-09-22,26.0
2004-09-23,25.97
2004-09-24,26.1
2004-09-27,25.45
2004-09-28,25.64
2004-09-29,26.35
2004-09-30,26.3
2004-10-01,26.8
2004-10-04,26.79
2004-10-05,26.72
2004-10-06,26.7
2004-10-07,26.36
2004-10-08,25.81
2004-10-11,26.28
2004-10-12,26.0
2004-10-13,25.98
2004-10-14,25.68
2004-10-15,25.82
2004-10-18,25.99
2004-10-19,25.21
2004-10-20,25.37
2004-10-21,26.0
2004-10-22,25.54
2004-10-25,25.86
2004-10-26,26.3
2004-10-27,26.85
2004-10-28,26.8
2004-10-29,26.55
2004-11-01,26.8
2004-11-02,26.89
2004-11-03,27.32
2004-11-04,27.21
2004-11-05,27.15
2004-11-08,27.1
2004-11-09,26.85
2004-11-10,26.62
2004-11-11,26.73
2004-11-12,26.99
2004-11-15,26.96
2004-11-16,26.74
2004-11-17,26.75
2004-11-18,26.31
2004-11-19,26.23
2004-11-22,26.7
2004-11-23,26.65
2004-11-24,26.56
2004-11-26,26.63
2004-11-29,26.49
2004-11-30,26.66
2004-12-01,27.43
2004-12-02,27.48
2004-12-03,26.91
2004-12-06,26.83
2004-12-07,26.46
2004-12-08,26.96
2004-12-09,26.7
2004-12-10,27.02
2004-12-13,27.24
2004-12-14,27.25
2004-12-15,27.0
2004-12-16,27.01
2004-12-17,27.24
2004-12-20,26.99
2004-12-21,27.23
2004-12-22,27.42
2004-12-23,27.43
2004-12-27,27.0
2004-12-28,27.27
2004-12-29,27.12
2004-12-30,27.29
2004-12-31,26.95
2005-01-03,26.84
2005-01-04,26.12
2005-01-05,25.58
2005-01-06,25.8
2005-01-07,26.0
2005-01-10,25.82
2005-01-11,25.98
2005-01-12,26.09
2005-01-13,26.1
2005-01-14,26.13
2005-01-18,26.57
2005-01-19,26.41
2005-01-20,26.07
2005-01-21,26.14
2005-01-24,25.91
2005-01-25,26.21
2005-01-26,26.61
2005-01-27,26.16
2005-01-28,26.01
2005-01-31,26.24
2005-02-01,26.21
2005-02-02,26.74
2005-02-03,26.89
2005-02-04,27.24
2005-02-07,27.02
2005-02-08,27.48
2005-02-09,27.15
2005-02-10,26.95
2005-02-11,27.01
2005-02-14,27.07
2005-02-15,27.27
2005-02-16,27.4
2005-02-17,27.22
2005-02-18,27.15
2005-02-22,27.0
2005-02-23,27.02
2005-02-24,27.08
2005-02-25,27.27
2005-02-28,27.36
2005-03-01,27.29
2005-03-02,27.19
2005-03-03,27.39
2005-03-04,27.45
2005-03-07,27.24
2005-03-08,27.19
2005-03-09,26.96
2005-03-10,27.05
2005-03-11,26.92
2005-03-14,27.27
2005-03-15,26.97
2005-03-16,26.96
2005-03-17,27.94
2005-03-18,28.1
2005-03-21,28.16
2005-03-22,27.73
2005-03-23,27.36
2005-03-24,27.4
2005-03-28,27.55
2005-03-29,27.1
2005-03-30,27.5
2005-03-31,27.2
2005-04-01,27.24
2005-04-04,27.41
2005-04-05,27.36
2005-04-06,27.38
2005-04-07,27.52
2005-04-08,27.41
2005-04-11,27.08
2005-04-12,27.55
2005-04-13,27.44
2005-04-14,27.2
2005-04-15,26.3
2005-04-18,26.74
2005-04-19,26.54
2005-04-20,26.26
2005-04-21,26.75
2005-04-22,26.54
2005-04-25,26.74
2005-04-26,26.24
2005-04-27,26.21
2005-04-28,26.09
2005-04-29,26.4
2005-05-02,26.41
2005-05-03,26.73
2005-05-04,27.12
2005-05-05,27.21
2005-05-06,26.55
2005-05-09,26.4
2005-05-10,26.32
2005-05-11,25.99
2005-05-12,25.83
2005-05-13,25.85
2005-05-16,25.65
2005-05-17,25.49
2005-05-18,25.51
2005-05-19,25.86
2005-05-20,25.94
2005-05-23,26.32
2005-05-24,26.34
2005-05-25,26.15
2005-05-26,26.42
2005-05-27,26.44
2005-05-31,26.32
2005-06-01,26.43
2005-06-02,26.38
2005-06-03,25.99
2005-06-06,26.09
2005-06-07,26.25
2005-06-08,25.69
2005-06-09,25.71
2005-06-10,24.93
2005-06-13,24.9
2005-06-14,25.14
2005-06-15,25.05
2005-06-16,25.36
2005-06-17,25.84
2005-06-20,25.59
2005-06-21,25.55
2005-06-22,25.8
2005-06-23,25.5
2005-06-24,25.27
2005-06-27,25.25
2005-06-28,25.73
2005-06-29,25.7
2005-06-30,25.63
2005-07-01,25.76
2005-07-05,26.28
2005-07-06,25.97
2005-07-07,26.24
2005-07-08,26.78
2005-07-11,26.95
2005-07-12,26.73
2005-07-13,26.64
2005-07-14,26.62
2005-07-15,26.4
2005-07-18,26.27
2005-07-19,26.37
2005-07-20,27.05
2005-07-21,26.73
2005-07-22,27.13
2005-07-25,27.27
2005-07-26,27.51
2005-07-27,27.48
2005-07-28,27.73
2005-07-29,27.62
2005-08-01,28.6
2005-08-02,28.62
2005-08-03,28.09
2005-08-04,27.5
2005-08-05,27.0
2005-08-08,27.65
2005-08-09,28.0
2005-08-10,27.88
2005-08-11,27.0
2005-08-12,26.9
2005-08-15,27.03
2005-08-16,26.35
2005-08-17,26.72
2005-08-18,27.06
2005-08-19,26.75
2005-08-22,27.06
2005-08-23,27.02
2005-08-24,27.15
2005-08-25,27.05
2005-08-26,27.0
2005-08-29,27.23
2005-08-30,27.23
2005-08-31,27.27
2005-09-01,27.27
2005-09-02,26.92
2005-09-06,27.0
2005-09-07,26.93
2005-09-08,27.12
2005-09-09,27.41
2005-09-12,27.54
2005-09-13,27.4
2005-09-14,27.13
2005-09-15,26.94
2005-09-16,27.0
2005-09-19,26.7
2005-09-20,26.46
2005-09-21,26.45
2005-09-22,26.73
2005-09-23,26.74
2005-09-26,26.77
2005-09-27,26.85
2005-09-28,26.63
2005-09-29,26.7
2005-09-30,26.95
2005-10-03,26.89
2005-10-04,26.75
2005-10-05,26.2
2005-10-06,25.99
2005-10-07,26.0
2005-10-10,25.8
2005-10-11,25.44
2005-10-12,25.55
2005-10-13,25.36
2005-10-14,25.67
2005-10-17,26.03
2005-10-18,25.85
2005-10-19,26.55
2005-10-20,26.07
2005-10-21,26.15
2005-10-24,27.0
2005-10-25,26.2
2005-10-26,26.27
2005-10-27,25.82
2005-10-28,26.17
2005-10-31,26.5
2005-11-01,26.04
2005-11-02,27.0
2005-11-03,27.1
2005-11-04,27.0
2005-11-07,26.7
2005-11-08,27.35
2005-11-09,27.4
2005-11-10,27.49
2005-11-11,27.19
2005-11-14,27.18
2005-11-15,26.92
2005-11-16,26.51
2005-11-17,27.07
2005-11-18,27.04
2005-11-21,27.31
2005-11-22,27.21
2005-11-23,26.96
2005-11-25,26.93
2005-11-28,26.58
2005-11-29,26.6
2005-11-30,26.92
2005-12-01,27.25
2005-12-02,27.1
2005-12-05,26.96
2005-12-06,27.91
2005-12-07,28.24
2005-12-08,28.29
2005-12-09,28.27
2005-12-12,28.2
2005-12-13,28.2
2005-12-14,28.29
2005-12-15,28.51
2005-12-16,28.56
2005-12-19,27.65
2005-12-20,27.74
2005-12-21,28.26
2005-12-22,28.29
2005-12-23,28.34
2005-12-27,28.0
2005-12-28,28.26
2005-12-29,28.16
2005-12-30,27.9
2006-01-03,27.95
2006-01-04,28.24
2006-01-05,28.29
2006-01-06,28.86
2006-01-09,29.66
2006-01-10,30.05
2006-01-11,29.94
2006-01-12,29.9
2006-01-13,30.1
2006-01-17,29.84
2006-01-18,29.94
2006-01-19,30.06
2006-01-20,29.97
2006-01-23,29.71
2006-01-24,29.81
2006-01-25,29.84
2006-01-26,30.02
2006-01-27,30.05
2006-01-30,30.16
2006-01-31,30.44
2006-02-01,30.38
2006-02-02,30.16
2006-02-03,30.19
2006-02-06,30.03
2006-02-07,29.78
2006-02-08,30.16
2006-02-09,29.7
2006-02-10,29.78
2006-02-13,29.0
2006-02-14,29.74
2006-02-15,30.02
2006-02-16,30.06
2006-02-17,29.77
2006-02-21,29.53
2006-02-22,30.06
2006-02-23,29.98
2006-02-24,30.42
2006-02-27,30.71
2006-02-28,30.56
2006-03-01,31.15
2006-03-02,31.44
2006-03-03,31.16
2006-03-06,30.24
2006-03-07,30.12
2006-03-08,30.8
2006-03-09,30.5
2006-03-10,31.1
2006-03-13,31.31
2006-03-14,31.76
2006-03-15,31.51
2006-03-16,31.85
2006-03-17,32.12
2006-03-20,32.16
2006-03-21,31.77
2006-03-22,32.23
2006-03-23,32.19
2006-03-24,32.27
2006-03-27,32.21
2006-03-28,32.53
2006-03-29,32.5
2006-03-30,32.52
2006-03-31,32.58
2006-04-03,32.3
2006-04-04,32.49
2006-04-05,32.79
2006-04-06,33.06
2006-04-07,32.29
2006-04-10,32.15
2006-04-11,31.92
2006-04-12,32.04
2006-04-13,32.54
2006-04-17,32.47
2006-04-18,33.55
2006-04-19,33.69
2006-04-20,33.66
2006-04-21,33.6
2006-04-24,33.61
2006-04-25,33.35
2006-04-26,33.22
2006-04-27,33.01
2006-04-28,32.97
2006-05-01,32.51
2006-05-02,32.61
2006-05-03,33.3
2006-05-04,33.66
2006-05-05,34.07
2006-05-08,33.87
2006-05-09,35.14
2006-05-10,36.08
2006-05-11,35.25
2006-05-12,35.23
2006-05-15,34.87
2006-05-16,35.0
2006-05-17,34.62
2006-05-18,34.61
2006-05-19,34.9
2006-05-22,34.95
2006-05-23,34.64
2006-05-24,35.39
2006-05-25,35.67
2006-05-26,35.48
2006-05-30,35.15
2006-05-31,35.84
2006-06-01,36.34
2006-06-02,36.27
2006-06-05,36.09
2006-06-06,35.71
2006-06-07,35.6
2006-06-08,35.56
2006-06-09,35.24
2006-06-12,34.69
2006-06-13,34.6
2006-06-14,34.14
2006-06-15,34.71
2006-06-16,34.23
2006-06-19,34.4
2006-06-20,33.75
2006-06-21,34.16
2006-06-22,34.0
2006-06-23,34.39
2006-06-26,34.45
2006-06-27,33.9
2006-06-28,34.18
2006-06-29,35.34
2006-06-30,35.14
2006-07-03,35.0
2006-07-05,34.69
2006-07-06,34.86
2006-07-07,34.05
2006-07-10,34.6
2006-07-11,34.65
2006-07-12,34.04
2006-07-13,33.71
2006-07-14,33.19
2006-07-17,32.99
2006-07-18,33.09
2006-07-19,33.64
2006-07-20,32.8
2006-07-21,32.26
2006-07-24,32.9
2006-07-25,33.1
2006-07-26,32.87
2006-07-27,32.43
2006-07-28,33.09
2006-07-31,32.96
2006-08-01,32.37
2006-08-02,32.34
2006-08-03,32.45
2006-08-04,32.42
2006-08-07,32.46
2006-08-08,32.15
2006-08-09,31.84
2006-08-10,35.06
2006-08-11,35.18
2006-08-14,37.06
2006-08-15,37.96
2006-08-16,37.89
2006-08-17,38.02
2006-08-18,38.29
2006-08-21,38.03
2006-08-22,38.27
2006-08-23,38.22
2006-08-24,38.37
2006-08-25,38.33
2006-08-28,39.18
2006-08-29,39.68
2006-08-30,39.99
2006-08-31,39.66
2006-09-01,39.76
2006-09-05,39.86
2006-09-06,39.4
2006-09-07,39.32
2006-09-08,39.4
2006-09-11,40.0
2006-09-12,41.32
2006-09-13,41.58
2006-09-14,41.08
2006-09-15,40.69
2006-09-18,39.98
2006-09-19,40.22
2006-09-20,40.91
2006-09-21,40.59
2006-09-22,39.91
2006-09-25,40.27
2006-09-26,41.17
2006-09-27,40.97
2006-09-28,41.46
2006-09-29,40.92
2006-10-02,40.1
2006-10-03,40.96
2006-10-04,41.93
2006-10-05,41.82
2006-10-06,41.5
2006-10-09,41.73
2006-10-10,41.9
2006-10-11,41.87
2006-10-12,41.9
2006-10-13,41.98
2006-10-16,42.0
2006-10-17,41.99
2006-10-18,43.41
2006-10-19,43.56
2006-10-20,43.22
2006-10-23,43.56
2006-10-24,44.45
2006-10-25,44.59
2006-10-26,45.2
2006-10-27,44.65
2006-10-30,45.0
2006-10-31,45.15
2006-11-01,44.25
2006-11-02,43.93
2006-11-03,44.05
2006-11-06,45.19
2006-11-07,45.8
2006-11-08,46.46
2006-11-09,45.08
2006-11-10,45.6
2006-11-13,45.79
2006-11-14,47.12
2006-11-15,46.85
2006-11-16,46.83
2006-11-17,46.73
2006-11-20,46.5
2006-11-21,46.85
2006-11-22,46.49
2006-11-24,46.3
2006-11-27,45.3
2006-11-28,45.94
2006-11-29,46.39
2006-11-30,46.4
2006-12-01,45.59
2006-12-04,46.46
2006-12-05,47.36
2006-12-06,47.88
2006-12-07,47.14
2006-12-08,46.72
2006-12-11,46.52
2006-12-12,46.63
2006-12-13,46.59
2006-12-14,46.98
2006-12-15,47.14
2006-12-18,45.85
2006-12-19,46.04
2006-12-20,46.02
2006-12-21,46.16
2006-12-22,45.83
2006-12-26,45.76
2006-12-27,46.08
2006-12-28,45.44
2006-12-29,45.15
2007-01-03,45.41
2007-01-04,45.26
2007-01-05,44.2
2007-01-08,43.97
2007-01-09,43.72
2007-01-10,43.94
2007-01-11,44.37
2007-01-12,44.47
2007-01-16,44.37
2007-01-17,44.17
2007-01-18,43.52
2007-01-19,43.42
2007-01-22,43.65
2007-01-23,42.65
2007-01-24,43.26
2007-01-25,43.53
2007-01-26,43.61
2007-01-29,43.84
2007-01-30,44.13
2007-01-31,44.29
2007-02-01,44.54
2007-02-02,45.23
2007-02-05,44.66
2007-02-06,44.86
2007-02-07,44.7
2007-02-08,47.8
2007-02-09,47.95
2007-02-12,48.18
2007-02-13,48.23
2007-02-14,48.24
2007-02-15,48.27
2007-02-16,48.02
2007-02-20,48.38
2007-02-21,47.9
2007-02-22,48.5
2007-02-23,48.28
2007-02-26,49.07
2007-02-27,47.87
2007-02-28,48.07
2007-03-01,47.98
2007-03-02,47.58
2007-03-05,46.64
2007-03-06,47.28
2007-03-07,46.99
2007-03-08,47.55
2007-03-09,48.73
2007-03-12,48.39
2007-03-13,47.6
2007-03-14,47.6
2007-03-15,47.68
2007-03-16,47.88
2007-03-19,48.45
2007-03-20,48.38
2007-03-21,49.47
2007-03-22,50.44
2007-03-23,49.97
2007-03-26,50.21
2007-03-27,49.55
2007-03-28,48.93
2007-03-29,48.72
2007-03-30,48.65
2007-04-02,48.71
2007-04-03,49.35
2007-04-04,49.0
2007-04-05,48.5
2007-04-09,48.5
2007-04-10,48.7
2007-04-11,47.95
2007-04-12,48.37
2007-04-13,48.77
2007-04-16,49.55
2007-04-17,49.24
2007-04-18,48.46
2007-04-19,47.94
2007-04-20,48.57
2007-04-23,48.32
2007-04-24,48.09
2007-04-25,48.19
2007-04-26,48.32
2007-04-27,48.2
2007-04-30,47.13
2007-05-01,48.25
2007-05-02,49.7
2007-05-03,49.8
2007-05-04,49.11
2007-05-07,49.75
2007-05-08,49.75
2007-05-09,52.39
2007-05-10,52.16
2007-05-11,52.17
2007-05-14,51.6
2007-05-15,50.83
2007-05-16,51.21
2007-05-17,50.68
2007-05-18,51.07
2007-05-21,51.52
2007-05-22,52.54
2007-05-23,51.46
2007-05-24,51.03
2007-05-25,51.45
2007-05-29,51.51
2007-05-30,51.25
2007-05-31,51.57
2007-06-01,51.76
2007-06-04,51.42
2007-06-05,50.63
2007-06-06,49.53
2007-06-07,48.97
2007-06-08,49.59
2007-06-11,49.42
2007-06-12,49.18
2007-06-13,49.47
2007-06-14,50.58
2007-06-15,51.1
2007-06-18,51.09
2007-06-19,50.73
2007-06-20,50.66
2007-06-21,50.57
2007-06-22,50.23
2007-06-25,49.14
2007-06-26,49.68
2007-06-27,50.21
2007-06-28,50.75
2007-06-29,50.48
2007-07-02,50.95
2007-07-03,50.53
2007-07-05,50.62
2007-07-06,50.82
2007-07-09,51.02
2007-07-10,50.5
2007-07-11,50.15
2007-07-12,51.19
2007-07-13,50.88
2007-07-16,50.2
2007-07-17,50.19
2007-07-18,49.5
2007-07-19,50.07
2007-07-20,49.27
2007-07-23,48.86
2007-07-24,47.51
2007-07-25,47.1
2007-07-26,45.71
2007-07-27,44.58
2007-07-30,45.02
2007-07-31,44.55
2007-08-01,45.11
2007-08-02,45.16
2007-08-03,44.3
2007-08-06,44.6
2007-08-07,45.26
2007-08-08,43.0
2007-08-09,47.38
2007-08-10,45.93
2007-08-13,46.6
2007-08-14,46.75
2007-08-15,46.24
2007-08-16,46.9
2007-08-17,47.68
2007-08-20,47.05
2007-08-21,45.88
2007-08-22,47.34
2007-08-23,47.24
2007-08-24,47.0
2007-08-27,46.51
2007-08-28,45.35
2007-08-29,46.78
2007-08-30,46.55
2007-08-31,47.31
2007-09-04,46.41
2007-09-05,45.61
2007-09-06,45.52
2007-09-07,44.43
2007-09-10,44.41
2007-09-11,45.22
2007-09-12,45.63
2007-09-13,44.85
2007-09-14,45.03
2007-09-17,45.09
2007-09-18,46.23
2007-09-19,46.68
2007-09-20,45.73
2007-09-21,45.87
2007-09-24,46.85
2007-09-25,45.89
2007-09-26,45.9
2007-09-27,45.81
2007-09-28,44.94
2007-10-01,46.44
2007-10-02,46.66
2007-10-03,46.72
2007-10-04,47.15
2007-10-05,48.38
2007-10-08,47.3
2007-10-09,47.79
2007-10-10,47.91
2007-10-11,47.67
2007-10-12,48.87
2007-10-15,48.5
2007-10-16,48.6
2007-10-17,48.85
2007-10-18,48.53
2007-10-19,46.7
2007-10-22,48.15
2007-10-23,48.21
2007-10-24,48.25
2007-10-25,47.59
2007-10-26,47.63
2007-10-29,47.1
2007-10-30,47.03
2007-10-31,47.67
2007-11-01,47.24
2007-11-02,46.74
2007-11-05,45.94
2007-11-06,47.75
2007-11-07,46.77
2007-11-08,49.82
2007-11-09,49.81
2007-11-12,48.61
2007-11-13,49.5
2007-11-14,48.38
2007-11-15,47.63
2007-11-16,47.39
2007-11-19,46.68
2007-11-20,46.59
2007-11-21,44.93
2007-11-23,45.7
2007-11-26,43.9
2007-11-27,44.64
2007-11-28,46.05
2007-11-29,45.7
2007-11-30,46.05
2007-12-03,44.89
2007-12-04,44.86
2007-12-05,45.75
2007-12-06,47.38
2007-12-07,47.34
2007-12-10,47.61
2007-12-11,46.77
2007-12-12,46.92
2007-12-13,46.61
2007-12-14,45.15
2007-12-17,44.5
2007-12-18,46.08
2007-12-19,46.25
2007-12-20,47.15
2007-12-21,47.66
2007-12-24,48.68
2007-12-26,48.96
2007-12-27,46.49
2007-12-28,46.83
2007-12-31,46.41
2008-01-02,45.5
2008-01-03,45.07
2008-01-04,44.27
2008-01-07,44.19
2008-01-08,43.1
2008-01-09,43.31
2008-01-10,44.32
2008-01-11,44.15
2008-01-14,44.56
2008-01-15,44.26
2008-01-16,45.15
2008-01-17,44.77
2008-01-18,44.88
2008-01-22,45.88
2008-01-23,47.31
2008-01-24,47.4
2008-01-25,47.01
2008-01-28,47.77
2008-01-29,47.19
2008-01-30,48.12
2008-01-31,49.15
2008-02-01,47.4
2008-02-04,46.85
2008-02-05,45.7
2008-02-06,45.59
2008-02-07,51.25
2008-02-08,50.0
2008-02-11,49.78
2008-02-12,53.14
2008-02-13,53.65
2008-02-14,52.1
2008-02-15,52.96
2008-02-19,52.81
2008-02-20,53.55
2008-02-21,53.44
2008-02-22,53.65
2008-02-25,54.49
2008-02-26,54.52
2008-02-27,54.2
2008-02-28,54.05
2008-02-29,53.05
2008-03-03,53.85
2008-03-04,54.11
2008-03-05,53.36
2008-03-06,52.86
2008-03-07,52.49
2008-03-10,51.3
2008-03-11,53.45
2008-03-12,53.18
2008-03-13,54.85
2008-03-14,53.36
2008-03-17,52.82
2008-03-18,55.25
2008-03-19,53.97
2008-03-20,54.62
2008-03-24,55.61
2008-03-25,55.85
2008-03-26,58.4
2008-03-27,56.67
2008-03-28,55.48
2008-03-31,56.75
2008-04-01,58.35
2008-04-02,58.99
2008-04-03,58.46
2008-04-04,58.51
2008-04-07,58.57
2008-04-08,58.31
2008-04-09,57.08
2008-04-10,57.77
2008-04-11,56.5
2008-04-14,56.04
2008-04-15,56.82
2008-04-16,59.5
2008-04-17,58.95
2008-04-18,60.0
2008-04-21,59.79
2008-04-22,58.05
2008-04-23,59.09
2008-04-24,60.0
2008-04-25,59.82
2008-04-28,59.0
2008-04-29,58.8
2008-04-30,58.62
2008-05-01,60.02
2008-05-02,59.38
2008-05-05,59.35
2008-05-06,58.4
2008-05-07,57.45
2008-05-08,59.78
2008-05-09,58.7
2008-05-12,60.22
2008-05-13,60.07
2008-05-14,59.75
2008-05-15,58.99
2008-05-16,58.47
2008-05-19,58.87
2008-05-20,58.94
2008-05-21,58.4
2008-05-22,58.08
2008-05-23,58.65
2008-05-27,59.6
2008-05-28,59.04
2008-05-29,59.18
2008-05-30,58.57
2008-06-02,57.79
2008-06-03,56.74
2008-06-04,56.25
2008-06-05,58.81
2008-06-06,57.66
2008-06-09,57.46
2008-06-10,57.27
2008-06-11,56.07
2008-06-12,56.52
2008-06-13,55.59
2008-06-16,55.69
2008-06-17,55.45
2008-06-18,54.92
2008-06-19,55.9
2008-06-20,53.79
2008-06-23,53.97
2008-06-24,54.14
2008-06-25,53.43
2008-06-26,53.97
2008-06-27,53.7
2008-06-30,52.89
2008-07-01,52.72
2008-07-02,51.75
2008-07-03,51.46
2008-07-07,51.13
2008-07-08,53.47
2008-07-09,53.2
2008-07-10,52.5
2008-07-11,53.53
2008-07-14,53.69
2008-07-15,53.77
2008-07-16,54.9
2008-07-17,55.24
2008-07-18,56.19
2008-07-21,55.58
2008-07-22,57.02
2008-07-23,57.44
2008-07-24,57.27
2008-07-25,57.19
2008-07-28,57.17
2008-07-29,57.0
2008-07-30,57.83
2008-07-31,57.94
2008-08-01,57.31
2008-08-04,56.85
2008-08-05,59.51
2008-08-06,59.66
2008-08-07,59.15
2008-08-08,59.7
2008-08-11,59.8
2008-08-12,58.78
2008-08-13,58.41
2008-08-14,58.35
2008-08-15,58.65
2008-08-18,57.28
2008-08-19,57.72
2008-08-20,57.5
2008-08-21,56.98
2008-08-22,57.99
2008-08-25,56.71
2008-08-26,57.54
2008-08-27,57.91
2008-08-28,59.02
2008-08-29,58.59
2008-09-02,59.05
2008-09-03,58.54
2008-09-04,56.88
2008-09-05,57.19
2008-09-08,59.62
2008-09-09,57.9
2008-09-10,58.56
2008-09-11,58.15
2008-09-12,56.83
2008-09-15,53.99
2008-09-16,53.96
2008-09-17,51.58
2008-09-18,52.13
2008-09-19,52.93
2008-09-22,51.03
2008-09-23,51.75
2008-09-24,50.28
2008-09-25,50.94
2008-09-26,50.92
2008-09-29,48.45
2008-09-30,49.73
2008-10-01,48.23
2008-10-02,45.18
2008-10-03,42.53
2008-10-06,44.35
2008-10-07,42.44
2008-10-08,40.81
2008-10-09,38.41
2008-10-10,38.5
2008-10-13,40.27
2008-10-14,39.2
2008-10-15,36.26
2008-10-16,37.49
2008-10-17,37.9
2008-10-20,39.72
2008-10-21,38.25
2008-10-22,38.41
2008-10-23,39.6
2008-10-24,37.21
2008-10-27,35.88
2008-10-28,39.33
2008-10-29,40.03
2008-10-30,40.72
2008-10-31,42.47
2008-11-03,43.05
2008-11-04,41.55
2008-11-05,41.67
2008-11-06,39.45
2008-11-07,40.32
2008-11-10,40.2
2008-11-11,39.76
2008-11-12,37.76
2008-11-13,39.48
2008-11-14,37.27
2008-11-17,36.21
2008-11-18,37.7
2008-11-19,35.25
2008-11-20,33.47
2008-11-21,36.7
2008-11-24,38.06
2008-11-25,37.85
2008-11-26,39.98
2008-11-28,40.32
2008-12-01,37.73
2008-12-02,38.79
2008-12-03,38.84
2008-12-04,37.51
2008-12-05,39.93
2008-12-08,40.44
2008-12-09,39.17
2008-12-10,39.03
2008-12-11,42.66
2008-12-12,44.29
2008-12-15,44.19
2008-12-16,45.0
2008-12-17,44.68
2008-12-18,45.66
2008-12-19,45.99
2008-12-22,45.03
2008-12-23,45.03
2008-12-24,45.14
2008-12-26,45.21
2008-12-29,45.24
2008-12-30,47.0
2008-12-31,47.82
2009-01-02,46.57
2009-01-05,46.35
2009-01-06,47.28
2009-01-07,45.43
2009-01-08,46.07
2009-01-09,44.94
2009-01-12,44.97
2009-01-13,45.08
2009-01-14,44.53
2009-01-15,45.82
2009-01-16,45.48
2009-01-20,44.01
2009-01-21,44.7
2009-01-22,44.48
2009-01-23,42.81
2009-01-26,43.38
2009-01-27,44.63
2009-01-28,47.87
2009-01-29,46.53
2009-01-30,46.5
2009-02-02,48.03
2009-02-03,46.77
2009-02-04,45.82
2009-02-05,49.65
2009-02-06,49.99
2009-02-09,49.92
2009-02-10,48.73
2009-02-11,49.42
2009-02-12,50.03
2009-02-13,49.95
2009-02-17,49.34
2009-02-18,49.68
2009-02-19,49.47
2009-02-20,48.85
2009-02-23,47.59
2009-02-24,48.79
2009-02-25,48.37
2009-02-26,48.05
2009-02-27,49.11
2009-03-02,48.85
2009-03-03,49.0
2009-03-04,48.75
2009-03-05,47.9
2009-03-06,48.31
2009-03-09,46.45
2009-03-10,47.41
2009-03-11,46.5
2009-03-12,47.47
2009-03-13,47.13
2009-03-16,46.54
2009-03-17,48.31
2009-03-18,48.4
2009-03-19,48.2
2009-03-20,47.8
2009-03-23,50.43
2009-03-24,49.06
2009-03-25,48.06
2009-03-26,49.94
2009-03-27,48.25
2009-03-30,48.24
2009-03-31,49.37
2009-04-01,49.73
2009-04-02,50.26
2009-04-03,50.84
2009-04-06,51.15
2009-04-07,50.76
2009-04-08,50.91
2009-04-09,51.88
2009-04-13,50.97
2009-04-14,50.28
2009-04-15,50.33
2009-04-16,52.42
2009-04-17,52.85
2009-04-20,51.0
2009-04-21,51.68
2009-04-22,50.61
2009-04-23,49.88
2009-04-24,50.92
2009-04-27,51.41
2009-04-28,52.17
2009-04-29,53.36
2009-04-30,53.05
2009-05-01,51.84
2009-05-04,52.52
2009-05-05,51.07
2009-05-06,51.6
2009-05-07,41.83
2009-05-08,39.85
2009-05-11,40.93
2009-05-12,40.98
2009-05-13,39.85
2009-05-14,40.25
2009-05-15,40.03
2009-05-18,40.73
2009-05-19,39.66
2009-05-20,37.82
2009-05-21,36.72
2009-05-22,36.99
2009-05-26,38.11
2009-05-27,37.62
2009-05-28,37.15
2009-05-29,37.94
2009-06-01,38.94
2009-06-02,38.98
2009-06-03,39.49
2009-06-04,40.1
2009-06-05,40.38
2009-06-08,40.09
2009-06-09,40.81
2009-06-10,40.56
2009-06-11,40.4
2009-06-12,40.0
2009-06-15,39.07
2009-06-16,40.04
2009-06-17,40.99
2009-06-18,41.1
2009-06-19,41.07
2009-06-22,40.03
2009-06-23,40.53
2009-06-24,40.5
2009-06-25,41.14
2009-06-26,41.18
2009-06-29,38.0
2009-06-30,37.53
2009-07-01,37.58
2009-07-02,36.54
2009-07-06,36.55
2009-07-07,36.24
2009-07-08,36.3
2009-07-09,35.42
2009-07-10,35.47
2009-07-13,35.74
2009-07-14,35.98
2009-07-15,37.15
2009-07-16,37.25
2009-07-17,36.28
2009-07-20,36.21
2009-07-21,36.27
2009-07-22,36.15
2009-07-23,37.18
2009-07-24,37.27
2009-07-27,37.21
2009-07-28,36.98
2009-07-29,37.28
2009-07-30,37.46
2009-07-31,37.34
2009-08-03,37.75
2009-08-04,38.32
2009-08-05,37.96
2009-08-06,37.63
2009-08-07,39.7
2009-08-10,39.73
2009-08-11,39.38
2009-08-12,38.84
2009-08-13,41.59
2009-08-14,42.09
2009-08-17,42.37
2009-08-18,43.32
2009-08-19,44.71
2009-08-20,44.28
2009-08-21,44.38
2009-08-24,44.0
2009-08-25,44.4
2009-08-26,44.54
2009-08-27,44.96
2009-08-28,44.67
2009-08-31,43.7
2009-09-01,42.92
2009-09-02,42.83
2009-09-03,43.14
2009-09-04,43.48
2009-09-08,42.15
2009-09-09,42.47
2009-09-10,41.92
2009-09-11,42.1
2009-09-14,44.05
2009-09-15,44.03
2009-09-16,44.53
2009-09-17,44.56
2009-09-18,44.95
2009-09-21,44.51
2009-09-22,44.76
2009-09-23,44.43
2009-09-24,43.97
2009-09-25,44.04
2009-09-28,44.22
2009-09-29,44.49
2009-09-30,43.56
2009-10-01,42.73
2009-10-02,42.97
2009-10-05,43.26
2009-10-06,44.26
2009-10-07,43.06
2009-10-08,43.86
2009-10-09,44.43
2009-10-12,44.75
2009-10-13,44.44
2009-10-14,45.27
2009-10-15,45.14
2009-10-16,45.02
2009-10-19,45.21
2009-10-20,44.97
2009-10-21,44.62
2009-10-22,45.36
2009-10-23,44.88
2009-10-26,44.91
2009-10-27,44.38
2009-10-28,43.35
2009-10-29,43.34
2009-10-30,43.58
2009-11-02,43.71
2009-11-03,44.3
2009-11-04,43.58
2009-11-05,44.61
2009-11-06,44.31
2009-11-09,45.22
2009-11-10,44.57
2009-11-11,43.69
2009-11-12,43.79
2009-11-13,43.51
2009-11-16,44.54
2009-11-17,44.25
2009-11-18,43.53
2009-11-19,42.76
2009-11-20,42.63
2009-11-23,42.89
2009-11-24,42.75
2009-11-25,42.49
2009-11-27,42.03
2009-11-30,41.34
2009-12-01,41.52
2009-12-02,41.84
2009-12-03,42.69
2009-12-04,45.53
2009-12-07,47.09
2009-12-08,46.37
2009-12-09,46.64
2009-12-10,46.73
2009-12-11,46.44
2009-12-14,47.15
2009-12-15,47.28
2009-12-16,47.04
2009-12-17,45.93
2009-12-18,46.14
2009-12-21,47.1
2009-12-22,46.48
2009-12-23,46.71
2009-12-24,46.9
2009-12-28,47.14
2009-12-29,47.49
2009-12-30,47.73
2009-12-31,47.52
2010-01-04,50.0
2010-01-05,49.27
2010-01-06,49.28
2010-01-07,50.6
2010-01-08,51.48
2010-01-11,50.92
2010-01-12,49.99
2010-01-13,49.67
2010-01-14,49.0
2010-01-15,47.97
2010-01-19,49.08
2010-01-20,49.8
2010-01-21,49.3
2010-01-22,47.68
2010-01-25,47.73
2010-01-26,46.59
2010-01-27,45.4
2010-01-28,45.39
2010-01-29,43.63
2010-02-01,43.75
2010-02-02,43.55
2010-02-03,43.28
2010-02-04,43.36
2010-02-05,43.31
2010-02-08,42.88
2010-02-09,43.11
2010-02-10,42.72
2010-02-11,43.33
2010-02-12,43.66
2010-02-16,43.72
2010-02-17,44.38
2010-02-18,44.2
2010-02-19,44.52
2010-02-22,43.54
2010-02-23,43.51
2010-02-24,43.91
2010-02-25,43.37
2010-02-26,44.17
2010-03-01,45.01
2010-03-02,45.41
2010-03-03,45.66
2010-03-04,45.88
2010-03-05,46.59
2010-03-08,46.24
2010-03-09,46.77
2010-03-10,46.67
2010-03-11,46.95
2010-03-12,47.02
2010-03-15,47.12
2010-03-16,46.64
2010-03-17,47.1
2010-03-18,46.96
2010-03-19,47.18
2010-03-22,47.52
2010-03-23,47.84
2010-03-24,47.31
2010-03-25,47.38
2010-03-26,48.2
2010-03-29,48.17
2010-03-30,48.0
2010-03-31,47.5
2010-04-01,47.56
2010-04-05,47.92
2010-04-06,48.16
2010-04-07,48.26
2010-04-08,47.92
2010-04-09,47.79
2010-04-12,47.73
2010-04-13,48.09
2010-04-14,48.23
2010-04-15,48.08
2010-04-16,47.96
2010-04-19,47.67
2010-04-20,48.21
2010-04-21,48.09
2010-04-22,48.35
2010-04-23,48.54
2010-04-26,47.98
2010-04-27,48.8
2010-04-28,48.62
2010-04-29,48.41
2010-04-30,48.0
2010-05-03,50.0
2010-05-04,49.05
2010-05-05,48.47
2010-05-06,47.79
2010-05-07,46.87
2010-05-10,48.73
2010-05-11,48.44
2010-05-12,48.04
2010-05-13,48.2
2010-05-14,48.76
2010-05-17,49.25
2010-05-18,49.44
2010-05-19,49.28
2010-05-20,47.48
2010-05-21,46.24
2010-05-24,46.1
2010-05-25,45.33
2010-05-26,45.91
2010-05-27,46.54
2010-05-28,46.0
2010-06-01,43.64
2010-06-02,44.32
2010-06-03,44.24
2010-06-04,42.52
2010-06-07,41.31
2010-06-08,41.44
2010-06-09,42.07
2010-06-10,42.59
2010-06-11,42.76
2010-06-14,43.23
2010-06-15,43.27
2010-06-16,43.31
2010-06-17,42.96
2010-06-18,43.8
2010-06-21,43.26
2010-06-22,42.65
2010-06-23,42.89
2010-06-24,41.74
2010-06-25,40.54
2010-06-28,40.77
2010-06-29,39.24
2010-06-30,38.85
2010-07-01,38.6
2010-07-02,38.35
2010-07-06,38.83
2010-07-07,39.53
2010-07-08,39.73
2010-07-09,40.39
2010-07-12,40.73
2010-07-13,41.01
2010-07-14,41.36
2010-07-15,41.34
2010-07-16,40.89
2010-07-19,41.08
2010-07-20,41.22
2010-07-21,41.13
2010-07-22,43.34
2010-07-23,44.16
2010-07-26,44.62
2010-07-27,43.93
2010-07-28,44.08
2010-07-29,43.91
2010-07-30,44.51
2010-08-02,44.45
2010-08-03,44.93
2010-08-04,45.53
2010-08-05,45.68
2010-08-06,45.54
2010-08-09,46.15
2010-08-10,45.88
2010-08-11,45.73
2010-08-12,45.51
2010-08-13,45.44
2010-08-16,46.17
2010-08-17,46.37
2010-08-18,46.77
2010-08-19,46.99
2010-08-20,47.84
2010-08-23,45.92
2010-08-24,45.48
2010-08-25,46.38
2010-08-26,44.89
2010-08-27,45.66
2010-08-30,45.34
2010-08-31,44.9
2010-09-01,46.43
2010-09-02,47.4
2010-09-03,47.98
2010-09-07,47.67
2010-09-08,47.19
2010-09-09,47.63
2010-09-10,47.48
2010-09-13,46.94
2010-09-14,46.8
2010-09-15,46.76
2010-09-16,46.46
2010-09-17,45.19
2010-09-20,45.75
2010-09-21,45.62
2010-09-22,45.13
2010-09-23,44.4
2010-09-24,45.25
2010-09-27,45.23
2010-09-28,47.53
2010-09-29,48.77
2010-09-30,49.18
2010-10-01,50.0
2010-10-04,49.77
2010-10-05,50.03
2010-10-06,49.76
2010-10-07,49.9
2010-10-08,50.02
2010-10-11,50.01
2010-10-12,50.37
2010-10-13,50.29
2010-10-14,50.57
2010-10-15,51.22
2010-10-18,51.17
2010-10-19,49.94
2010-10-20,50.72
2010-10-21,50.38
2010-10-22,50.9
2010-10-25,50.92
2010-10-26,50.66
2010-10-27,50.16
2010-10-28,50.28
2010-10-29,51.42
2010-11-01,51.01
2010-11-02,51.95
2010-11-03,51.36
2010-11-04,51.64
2010-11-05,50.08
2010-11-08,49.7
2010-11-09,48.96
2010-11-10,49.48
2010-11-11,49.37
2010-11-12,49.06
2010-11-15,49.9
2010-11-16,49.7
2010-11-17,50.08
2010-11-18,50.33
2010-11-19,50.02
2010-11-22,50.01
2010-11-23,50.23
2010-11-24,50.57
2010-11-26,50.47
2010-11-29,50.7
2010-11-30,50.2
2010-12-01,50.92
2010-12-02,51.55
2010-12-03,51.56
2010-12-06,52.12
2010-12-07,52.39
2010-12-08,52.43
2010-12-09,51.72
2010-12-10,53.0
2010-12-13,52.93
2010-12-14,52.64
2010-12-15,51.74
2010-12-16,51.76
2010-12-17,52.86
2010-12-20,52.63
2010-12-21,51.85
2010-12-22,53.2
2010-12-23,53.09
2010-12-27,52.93
2010-12-28,53.23
2010-12-29,53.47
2010-12-30,53.14
2010-12-31,52.06
2011-01-03,52.99
2011-01-04,53.08
2011-01-05,53.43
2011-01-06,54.49
2011-01-07,53.26
2011-01-10,54.02
2011-01-11,54.73
2011-01-12,54.88
2011-01-13,54.16
2011-01-14,54.0
2011-01-18,53.76
2011-01-19,52.89
2011-01-20,53.28
2011-01-21,53.47
2011-01-24,53.38
2011-01-25,53.77
2011-01-26,54.64
2011-01-27,54.87
2011-01-28,53.85
2011-01-31,54.53
2011-02-01,55.69
2011-02-02,55.58
2011-02-03,55.25
2011-02-04,56.83
2011-02-07,56.99
2011-02-08,57.51
2011-02-09,57.09
2011-02-10,57.54
2011-02-11,57.44
2011-02-14,57.33
2011-02-15,57.72
2011-02-16,57.52
2011-02-17,57.67
2011-02-18,58.44
2011-02-22,58.56
2011-02-23,58.03
2011-02-24,57.76
2011-02-25,58.51
2011-02-28,58.8
2011-03-01,58.28
2011-03-02,58.43
2011-03-03,58.58
2011-03-04,58.26
2011-03-07,57.5
2011-03-08,57.96
2011-03-09,58.67
2011-03-10,57.48
2011-03-11,57.51
2011-03-14,57.08
2011-03-15,56.21
2011-03-16,55.28
2011-03-17,55.45
2011-03-18,55.73
2011-03-21,56.56
2011-03-22,55.96
2011-03-23,55.25
2011-03-24,54.96
2011-03-25,55.35
2011-03-28,55.22
2011-03-29,55.25
2011-03-30,55.23
2011-03-31,55.46
2011-04-01,56.14
2011-04-04,56.84
2011-04-05,56.83
2011-04-06,56.78
2011-04-07,56.51
2011-04-08,55.89
2011-04-11,55.38
2011-04-12,55.01
2011-04-13,55.12
2011-04-14,54.96
2011-04-15,55.01
2011-04-18,54.33
2011-04-19,54.83
2011-04-20,55.58
2011-04-21,54.71
2011-04-25,55.99
2011-04-26,56.26
2011-04-27,57.03
2011-04-28,57.05
2011-04-29,57.36
2011-05-02,57.09
2011-05-03,57.23
2011-05-04,56.25
2011-05-05,60.9
2011-05-06,60.85
2011-05-09,61.99
2011-05-10,62.66
2011-05-11,62.02
2011-05-12,62.99
2011-05-13,63.5
2011-05-16,62.07
2011-05-17,62.1
2011-05-18,62.82
2011-05-19,62.87
2011-05-20,63.27
2011-05-23,62.59
2011-05-24,62.41
2011-05-25,62.35
2011-05-26,63.77
2011-05-27,63.62
2011-05-31,63.45
2011-06-01,63.0
2011-06-02,61.81
2011-06-03,61.0
2011-06-06,60.99
2011-06-07,60.09
2011-06-08,59.74
2011-06-09,58.83
2011-06-10,58.84
2011-06-13,59.71
2011-06-14,62.57
2011-06-15,61.76
2011-06-16,61.74
2011-06-17,62.15
2011-06-20,62.11
2011-06-21,63.53
2011-06-22,63.08
2011-06-23,63.3
2011-06-24,63.04
2011-06-27,63.5
2011-06-28,63.76
2011-06-29,63.65
2011-06-30,65.71
2011-07-01,65.75
2011-07-05,66.31
2011-07-06,66.38
2011-07-07,65.89
2011-07-08,64.03
2011-07-11,62.98
2011-07-12,62.78
2011-07-13,63.0
2011-07-14,61.99
2011-07-15,61.72
2011-07-18,60.61
2011-07-19,61.65
2011-07-20,61.74
2011-07-21,62.86
2011-07-22,63.05
2011-07-25,63.16
2011-07-26,63.17
2011-07-27,62.08
2011-07-28,62.46
2011-07-29,61.15
2011-08-01,62.1
2011-08-02,60.81
2011-08-03,60.85
2011-08-04,56.71
2011-08-05,56.32
2011-08-08,52.26
2011-08-09,55.01
2011-08-10,52.7
2011-08-11,54.98
2011-08-12,55.53
2011-08-15,56.25
2011-08-16,57.67
2011-08-17,58.36
2011-08-18,55.83
2011-08-19,55.76
2011-08-22,56.02
2011-08-23,58.11
2011-08-24,58.81
2011-08-25,57.32
2011-08-26,57.73
2011-08-29,59.38
2011-08-30,59.1
2011-08-31,58.99
2011-09-01,57.67
2011-09-02,56.99
2011-09-06,56.85
2011-09-07,59.16
2011-09-08,58.51
2011-09-09,57.14
2011-09-12,57.24
2011-09-13,57.25
2011-09-14,57.43
2011-09-15,58.9
2011-09-16,58.5
2011-09-19,59.1
2011-09-20,59.06
2011-09-21,59.27
2011-09-22,57.99
2011-09-23,60.06
2011-09-26,60.04
2011-09-27,59.88
2011-09-28,60.39
2011-09-29,59.78
2011-09-30,59.78
2011-10-03,59.84
2011-10-04,58.91
2011-10-05,60.61
2011-10-06,62.0
2011-10-07,61.12
2011-10-10,62.98
2011-10-11,62.93
2011-10-12,63.42
2011-10-13,64.13
2011-10-14,63.88
2011-10-17,62.4
2011-10-18,63.95
2011-10-19,62.49
2011-10-20,62.79
2011-10-21,64.29
2011-10-24,64.99
2011-10-25,63.77
2011-10-26,64.09
2011-10-27,65.01
2011-10-28,65.06
2011-10-31,65.7
2011-11-01,62.83
2011-11-02,63.95
2011-11-03,65.04
2011-11-04,64.7
2011-11-07,63.97
2011-11-08,64.66
2011-11-09,63.7
2011-11-10,63.73
2011-11-11,65.0
2011-11-14,64.56
2011-11-15,64.88
2011-11-16,64.27
2011-11-17,62.64
2011-11-18,62.39
2011-11-21,61.49
2011-11-22,61.43
2011-11-23,60.2
2011-11-25,59.96
2011-11-28,62.29
2011-11-29,63.23
2011-11-30,65.16
2011-12-01,65.12
2011-12-02,65.77
2011-12-05,65.61
2011-12-06,64.32
2011-12-07,62.95
2011-12-08,61.82
2011-12-09,62.22
2011-12-12,61.19
2011-12-13,61.83
2011-12-14,58.73
2011-12-15,58.45
2011-12-16,59.97
2011-12-19,58.54
2011-12-20,59.89
2011-12-21,59.89
2011-12-22,59.92
2011-12-23,60.39
2011-12-27,60.66
2011-12-28,58.69
2011-12-29,60.07
2011-12-30,59.93
2012-01-03,59.11
2012-01-04,59.75
2012-01-05,58.93
2012-01-06,57.94
2012-01-09,58.3
2012-01-10,59.6
2012-01-11,58.78
2012-01-12,58.59
2012-01-13,59.19
2012-01-17,59.3
2012-01-18,60.21
2012-01-19,60.54
2012-01-20,60.49
2012-01-23,60.88
2012-01-24,61.08
2012-01-25,61.02
2012-01-26,60.56
2012-01-27,60.51
2012-01-30,59.32
2012-01-31,59.8
2012-02-01,61.13
2012-02-02,59.74
2012-02-03,60.74
2012-02-06,63.74
2012-02-07,64.99
2012-02-08,63.79
2012-02-09,63.94
2012-02-10,63.63
2012-02-13,63.44
2012-02-14,63.94
2012-02-15,63.02
2012-02-16,63.25
2012-02-17,63.21
2012-02-21,63.94
2012-02-22,63.95
2012-02-23,64.39
2012-02-24,64.09
2012-02-27,63.79
2012-02-28,63.5
2012-02-29,63.94
2012-03-01,63.81
2012-03-02,63.91
2012-03-05,63.88
2012-03-06,63.05
2012-03-07,63.22
2012-03-08,64.23
2012-03-09,64.49
2012-03-12,64.56
2012-03-13,66.04
2012-03-14,65.89
2012-03-15,66.43
2012-03-16,66.52
2012-03-19,65.98
2012-03-20,65.77
2012-03-21,65.7
2012-03-22,65.14
2012-03-23,65.51
2012-03-26,65.83
2012-03-27,65.95
2012-03-28,66.19
2012-03-29,65.69
2012-03-30,66.07
2012-04-02,66.48
2012-04-03,66.85
2012-04-04,65.22
2012-04-05,65.46
2012-04-09,64.46
2012-04-10,63.24
2012-04-11,63.79
2012-04-12,64.53
2012-04-13,63.6
2012-04-16,62.79
2012-04-17,64.0
2012-04-18,63.64
2012-04-19,64.22
2012-04-20,65.01
2012-04-23,64.9
2012-04-24,64.37
2012-04-25,64.06
2012-04-26,64.76
2012-04-27,65.17
2012-04-30,65.4
2012-05-01,65.96
2012-05-02,65.86
2012-05-03,65.88
2012-05-04,65.35
2012-05-07,64.68
2012-05-08,65.33
2012-05-09,65.24
2012-05-10,65.77
2012-05-11,65.77
2012-05-14,64.78
2012-05-15,65.08
2012-05-16,64.41
2012-05-17,63.34
2012-05-18,61.62
2012-05-21,62.21
2012-05-22,61.86
2012-05-23,61.08
2012-05-24,60.46
2012-05-25,60.73
2012-05-29,60.5
2012-05-30,60.16
2012-05-31,60.26
2012-06-01,58.87
2012-06-04,58.75
2012-06-05,59.4
2012-06-06,60.47
2012-06-07,59.35
2012-06-08,59.17
2012-06-11,60.21
2012-06-12,60.25
2012-06-13,60.23
2012-06-14,59.99
2012-06-15,60.31
2012-06-18,60.28
2012-06-19,60.37
2012-06-20,59.93
2012-06-21,59.21
2012-06-22,58.58
2012-06-25,57.29
2012-06-26,57.12
2012-06-27,57.6
2012-06-28,58.32
2012-06-29,59.9
2012-07-02,60.94
2012-07-03,60.98
2012-07-05,60.56
2012-07-06,60.65
2012-07-09,60.02
2012-07-10,59.71
2012-07-11,60.0
2012-07-12,59.83
2012-07-13,60.7
2012-07-16,60.87
2012-07-17,60.39
2012-07-18,60.48
2012-07-19,60.71
2012-07-20,59.59
2012-07-23,58.15
2012-07-24,56.96
2012-07-25,56.92
2012-07-26,57.54
2012-07-27,58.55
2012-07-30,58.84
2012-07-31,58.63
2012-08-01,58.01
2012-08-02,57.37
2012-08-03,57.29
2012-08-06,57.23
2012-08-07,57.85
2012-08-08,57.42
2012-08-09,58.14
2012-08-10,58.44
2012-08-13,58.55
2012-08-14,51.68
2012-08-15,53.74
2012-08-16,54.16
2012-08-17,54.81
2012-08-20,54.69
2012-08-21,54.78
2012-08-22,54.44
2012-08-23,54.13
2012-08-24,54.1
2012-08-27,54.01
2012-08-28,54.31
2012-08-29,54.33
2012-08-30,53.94
2012-08-31,54.32
2012-09-04,54.9
2012-09-05,54.69
2012-09-06,55.02
2012-09-07,55.09
2012-09-10,54.75
2012-09-11,54.39
2012-09-12,54.24
2012-09-13,53.93
2012-09-14,53.89
2012-09-17,53.75
2012-09-18,54.47
2012-09-19,56.0
2012-09-20,55.97
2012-09-21,55.52
2012-09-24,54.59
2012-09-25,53.6
2012-09-26,53.38
2012-09-27,53.55
2012-09-28,53.05
2012-10-01,52.68
2012-10-02,52.77
2012-10-03,52.6
2012-10-04,52.79
2012-10-05,53.48
2012-10-08,53.7
2012-10-09,53.12
2012-10-10,53.02
2012-10-11,53.2
2012-10-12,53.31
2012-10-15,53.86
2012-10-16,54.72
2012-10-17,54.41
2012-10-18,54.5
2012-10-19,53.97
2012-10-22,53.41
2012-10-23,53.19
2012-10-24,52.8
2012-10-25,52.82
2012-10-26,53.15
2012-10-31,53.71
2012-11-01,55.22
2012-11-02,53.56
2012-11-05,53.8
2012-11-06,55.03
2012-11-07,54.0
2012-11-08,53.38
2012-11-09,52.55
2012-11-12,52.01
2012-11-13,51.25
2012-11-14,50.01
2012-11-15,50.57
2012-11-16,50.17
2012-11-19,50.36
2012-11-20,50.25
2012-11-21,50.85
2012-11-23,51.6
2012-11-26,51.98
2012-11-27,51.31
2012-11-28,51.5
2012-11-29,52.93
2012-11-30,52.88
2012-12-03,52.71
2012-12-04,53.29
2012-12-05,53.49
2012-12-06,53.9
2012-12-07,53.75
2012-12-10,53.87
2012-12-11,54.44
2012-12-12,56.64
2012-12-13,56.21
2012-12-14,56.41
2012-12-17,56.64
2012-12-18,58.35
2012-12-19,58.63
2012-12-20,57.87
2012-12-21,56.91
2012-12-24,57.58
2012-12-26,57.02
2012-12-27,57.09
2012-12-28,56.1
2012-12-31,56.21
2013-01-02,57.02
2013-01-03,57.72
2013-01-04,57.96
2013-01-07,57.87
2013-01-08,57.69
2013-01-09,57.85
2013-01-10,57.82
2013-01-11,57.97
2013-01-14,57.71
2013-01-15,57.99
2013-01-16,57.33
2013-01-17,57.74
2013-01-18,57.95
2013-01-22,58.31
2013-01-23,59.56
2013-01-24,60.54
2013-01-25,60.03
2013-01-28,60.28
2013-01-29,60.48
2013-01-30,60.79
2013-01-31,61.08
2013-02-01,61.65
2013-02-04,61.11
2013-02-05,61.91
2013-02-06,61.82
2013-02-07,65.67
2013-02-08,65.55
2013-02-11,65.83
2013-02-12,66.26
2013-02-13,66.44
2013-02-14,66.46
2013-02-15,66.26
2013-02-19,66.62
2013-02-20,66.29
2013-02-21,66.01
2013-02-22,66.73
2013-02-25,65.62
2013-02-26,65.62
2013-02-27,66.82
2013-02-28,66.57
2013-03-01,66.46
2013-03-04,66.51
2013-03-05,66.96
2013-03-06,66.88
2013-03-07,67.22
2013-03-08,67.84
2013-03-11,67.9
2013-03-12,67.53
2013-03-13,67.71
2013-03-14,67.97
2013-03-15,67.24
2013-03-18,67.34
2013-03-19,67.2
2013-03-20,67.57
2013-03-21,67.02
2013-03-22,67.02
2013-03-25,67.79
2013-03-26,68.45
2013-03-27,68.85
2013-03-28,69.32
2013-04-01,68.73
2013-04-02,68.85
2013-04-03,68.02
2013-04-04,69.49
2013-04-05,69.8
2013-04-08,70.32
2013-04-09,70.09
2013-04-10,71.2
2013-04-11,71.58
2013-04-12,72.15
2013-04-15,71.53
2013-04-16,72.9
2013-04-17,72.99
2013-04-18,71.71
2013-04-19,72.27
2013-04-22,72.45
2013-04-23,72.69
2013-04-24,72.14
2013-04-25,72.1
2013-04-26,71.75
2013-04-29,72.65
2013-04-30,72.92
2013-05-01,72.25
2013-05-02,72.93
2013-05-03,74.02
2013-05-06,75.0
2013-05-07,75.6
2013-05-08,75.95
2013-05-09,76.2
2013-05-10,76.81
2013-05-13,76.66
2013-05-14,77.53
2013-05-15,78.32
2013-05-16,77.46
2013-05-17,78.71
2013-05-20,78.8
2013-05-21,79.09
2013-05-22,78.66
2013-05-23,78.22
2013-05-24,78.01
2013-05-28,78.88
2013-05-29,77.35
2013-05-30,77.48
2013-05-31,77.68
2013-06-03,76.35
2013-06-04,76.47
2013-06-05,74.76
2013-06-06,75.95
2013-06-07,76.6
2013-06-10,76.31
2013-06-11,75.76
2013-06-12,74.93
2013-06-13,75.92
2013-06-14,76.53
2013-06-17,77.7
2013-06-18,78.67
2013-06-19,78.75
2013-06-20,77.76
2013-06-21,78.84
2013-06-24,78.36
2013-06-25,79.75
2013-06-26,80.86
2013-06-27,81.95
2013-06-28,81.94
2013-07-01,83.27
2013-07-02,83.49
2013-07-03,80.99
2013-07-05,82.3
2013-07-08,83.01
2013-07-09,83.56
2013-07-10,84.69
2013-07-11,85.28
2013-07-12,85.73
2013-07-15,86.79
2013-07-16,86.46
2013-07-17,87.24
2013-07-18,87.66
2013-07-19,87.65
2013-07-22,86.56
2013-07-23,83.04
2013-07-24,81.97
2013-07-25,84.07
2013-07-26,83.56
2013-07-29,83.86
2013-07-30,84.47
2013-07-31,84.23
2013-08-01,86.3
2013-08-02,85.28
2013-08-05,85.99
2013-08-06,85.53
2013-08-07,84.92
2013-08-08,85.77
2013-08-09,86.51
2013-08-12,86.62
2013-08-13,87.07
2013-08-14,82.4
2013-08-15,81.06
2013-08-16,81.73
2013-08-19,81.04
2013-08-20,82.18
2013-08-21,82.08
2013-08-22,83.49
2013-08-23,83.77
2013-08-26,84.62
2013-08-27,83.31
2013-08-28,83.42
2013-08-29,83.95
2013-08-30,82.25
2013-09-03,82.89
2013-09-04,84.24
2013-09-05,84.78
2013-09-06,84.77
2013-09-09,90.88
2013-09-10,92.51
2013-09-11,90.53
2013-09-12,91.43
2013-09-13,92.94
2013-09-16,92.6
2013-09-17,94.0
2013-09-18,99.45
2013-09-19,100.09
2013-09-20,102.99
2013-09-23,103.25
2013-09-24,105.77
2013-09-25,105.9
2013-09-26,106.02
2013-09-27,108.16
2013-09-30,106.96
2013-10-01,112.42
2013-10-02,112.62
2013-10-03,113.72
2013-10-04,115.0
2013-10-07,114.78
2013-10-08,112.83
2013-10-09,113.09
2013-10-10,117.24
2013-10-11,118.26
2013-10-14,118.31
2013-10-15,117.9
2013-10-16,117.25
2013-10-17,112.07
2013-10-18,113.35
2013-10-21,115.97
2013-10-22,116.15
2013-10-23,114.87
2013-10-24,114.34
2013-10-25,115.8
2013-10-28,114.17
2013-10-29,115.16
2013-10-30,114.58
2013-10-31,114.81
2013-11-01,115.76
2013-11-04,111.84
2013-11-05,110.9
2013-11-06,109.59
2013-11-07,107.09
2013-11-08,109.52
2013-11-11,111.41
2013-11-12,112.07
2013-11-13,111.72
2013-11-14,115.39
2013-11-15,114.87
2013-11-18,113.56
2013-11-19,111.11
2013-11-20,110.05
2013-11-21,111.57
2013-11-22,111.05
2013-11-25,111.65
2013-11-26,110.51
2013-11-27,114.02
2013-11-29,112.6
2013-12-02,116.25
2013-12-03,113.9
2013-12-04,112.41
2013-12-05,116.21
2013-12-06,122.1
2013-12-09,121.3
2013-12-10,122.09
2013-12-11,120.59
2013-12-12,119.97
2013-12-13,120.79
2013-12-16,122.84
2013-12-17,122.6
2013-12-18,123.65
2013-12-19,123.63
2013-12-20,125.07
2013-12-23,126.1
2013-12-24,126.52
2013-12-26,125.95
2013-12-27,126.31
2013-12-30,126.59
2013-12-31,127.61
2014-01-02,125.48
2014-01-03,127.48
2014-01-06,126.98
2014-01-07,128.61
2014-01-08,129.61
2014-01-09,129.14
2014-01-10,128.08
2014-01-13,127.07
2014-01-14,128.31
2014-01-15,128.6
2014-01-16,129.21
2014-01-17,128.84
2014-01-21,126.32
2014-01-22,126.42
2014-01-23,124.61
2014-01-24,122.0
2014-01-27,120.44
2014-01-28,120.19
2014-01-29,118.52
2014-01-30,118.77
2014-01-31,116.92
2014-02-03,113.25
2014-02-04,114.57
2014-02-05,114.45
2014-02-06,105.01
2014-02-07,109.0
2014-02-10,109.1
2014-02-11,109.41
2014-02-12,110.33
2014-02-13,110.7
2014-02-14,108.77
2014-02-18,109.26
2014-02-19,108.76
2014-02-20,110.03
2014-02-21,111.26
2014-02-24,110.93
2014-02-25,111.24
2014-02-26,109.22
2014-02-27,107.25
2014-02-28,109.1
2014-03-03,107.35
2014-03-04,110.99
2014-03-05,112.89
2014-03-06,112.36
2014-03-07,112.62
2014-03-10,112.9
2014-03-11,114.22
2014-03-12,112.13
2014-03-13,111.12
2014-03-14,112.51
2014-03-17,114.39
2014-03-18,116.48
2014-03-19,116.63
2014-03-20,116.98
2014-03-21,116.97
2014-03-24,113.36
2014-03-25,113.5
2014-03-26,112.96
2014-03-27,113.47
2014-03-28,110.14
2014-03-31,114.05
2014-04-01,117.76
2014-04-02,117.03
2014-04-03,115.95
2014-04-04,112.51
2014-04-07,110.31
2014-04-08,111.0
2014-04-09,111.27
2014-04-10,108.98
2014-04-11,103.99
2014-04-14,103.31
2014-04-15,106.13
2014-04-16,106.93
2014-04-17,108.42
2014-04-21,109.02
2014-04-22,110.04
2014-04-23,110.31
2014-04-24,110.29
2014-04-25,108.46
2014-04-28,109.02
2014-04-29,111.19
2014-04-30,112.22
2014-05-01,111.68
2014-05-02,112.13
2014-05-05,111.91
2014-05-06,102.3
2014-05-07,105.86
2014-05-08,106.8
2014-05-09,106.81
2014-05-12,109.32
2014-05-13,109.0
2014-05-14,108.77
2014-05-15,109.48
2014-05-16,110.71
2014-05-19,110.86
2014-05-20,109.02
2014-05-21,110.94
2014-05-22,111.04
2014-05-23,112.92
2014-05-27,112.59
2014-05-28,112.87
2014-05-29,111.6
2014-05-30,112.51
2014-06-02,111.37
2014-06-03,110.58
2014-06-04,110.26
2014-06-05,110.16
2014-06-06,111.03
2014-06-09,110.43
2014-06-10,109.21
2014-06-11,109.2
2014-06-12,109.21
2014-06-13,109.51
2014-06-16,109.01
2014-06-17,107.95
2014-06-18,108.27
2014-06-19,107.11
2014-06-20,105.75
2014-06-23,104.87
2014-06-24,104.52
2014-06-25,104.74
2014-06-26,103.66
2014-06-27,103.84
2014-06-30,104.23
2014-07-01,105.68
2014-07-02,105.69
2014-07-03,105.95
2014-07-07,105.49
2014-07-08,104.47
2014-07-09,104.42
2014-07-10,103.58
2014-07-11,102.77
2014-07-14,103.97
2014-07-15,103.47
2014-07-16,103.89
2014-07-17,103.96
2014-07-18,104.98
2014-07-21,104.03
2014-07-22,105.41
2014-07-23,106.07
2014-07-24,106.36
2014-07-25,104.31
2014-07-28,104.0
2014-07-29,104.01
2014-07-30,104.04
2014-07-31,102.02
2014-08-01,101.12
2014-08-04,102.38
2014-08-05,102.54
2014-08-06,103.93
2014-08-07,102.39
2014-08-08,102.58
2014-08-11,104.27
2014-08-12,105.8
2014-08-13,109.33
2014-08-14,108.99
2014-08-15,108.78
2014-08-18,109.41
2014-08-19,110.39
2014-08-20,109.91
2014-08-21,109.8
2014-08-22,109.51
2014-08-25,108.84
2014-08-26,110.0
2014-08-27,109.45
2014-08-28,108.83
2014-08-29,109.63
2014-09-02,108.99
2014-09-03,108.2
2014-09-04,108.03
2014-09-05,108.0
2014-09-08,108.83
2014-09-09,106.95
2014-09-10,107.5
2014-09-11,107.3
2014-09-12,106.86
2014-09-15,106.54
2014-09-16,106.57
2014-09-17,106.09
2014-09-18,105.84
2014-09-19,104.54
2014-09-22,102.05
2014-09-23,100.29
2014-09-24,100.92
2014-09-25,100.02
2014-09-26,100.52
2014-09-29,100.0
2014-09-30,99.5
2014-10-01,99.35
2014-10-02,100.74
2014-10-03,101.73
2014-10-06,102.86
2014-10-07,102.66
2014-10-08,104.24
2014-10-09,102.78
2014-10-10,102.65
2014-10-13,101.43
2014-10-14,103.04
2014-10-15,102.22
2014-10-16,100.85
2014-10-17,102.66
2014-10-20,103.46
2014-10-21,105.08
2014-10-22,103.93
2014-10-23,105.48
2014-10-24,106.01
2014-10-27,105.18
2014-10-28,107.97
2014-10-29,107.55
2014-10-30,108.96
2014-10-31,110.29
2014-11-03,109.04
2014-11-04,108.78
2014-11-05,112.9
2014-11-06,113.5
2014-11-07,114.66
2014-11-10,114.67
2014-11-11,113.77
2014-11-12,114.05
2014-11-13,113.57
2014-11-14,113.39
2014-11-17,113.02
2014-11-18,113.33
2014-11-19,112.9
2014-11-20,112.82
2014-11-21,112.69
2014-11-24,114.17
2014-11-25,112.81
2014-11-26,112.64
2014-11-28,112.96
2014-12-01,112.33
2014-12-02,112.66
2014-12-03,113.84
2014-12-04,114.77
2014-12-05,116.37
2014-12-08,116.62
2014-12-09,116.17
2014-12-10,114.12
2014-12-11,113.89
2014-12-12,111.42
2014-12-15,111.69
2014-12-16,111.09
2014-12-17,112.99
2014-12-18,115.08
2014-12-19,113.69
2014-12-22,115.0
2014-12-23,116.92
2014-12-24,116.62
2014-12-26,116.07
2014-12-29,116.02
2014-12-30,115.16
2014-12-31,113.17
2015-01-02,112.28
2015-01-05,111.42
2015-01-06,111.02
2015-01-07,112.96
2015-01-08,115.36
2015-01-09,114.61
2015-01-12,113.78
2015-01-13,113.67
2015-01-14,112.48
2015-01-15,112.19
2015-01-16,114.38
2015-01-20,115.58
2015-01-21,117.33
2015-01-22,118.93
2015-01-23,118.21
2015-01-26,119.81
2015-01-27,119.29
2015-01-28,119.2
2015-01-29,119.25
2015-01-30,118.5
2015-02-02,118.59
2015-02-03,119.74
2015-02-04,119.6
2015-02-05,127.66
2015-02-06,130.41
2015-02-09,129.81
2015-02-10,132.09
2015-02-11,131.57
2015-02-12,132.4
2015-02-13,131.99
2015-02-17,132.21
2015-02-18,133.45
2015-02-19,131.35
2015-02-20,131.13
2015-02-23,130.96
2015-02-24,132.32
2015-02-25,131.93
2015-02-26,132.17
2015-02-27,131.5
2015-03-02,134.62
2015-03-03,131.5
2015-03-04,131.35
2015-03-05,131.51
2015-03-06,129.11
2015-03-09,129.88
2015-03-10,126.99
2015-03-11,127.78
2015-03-12,129.73
2015-03-13,130.07
2015-03-16,131.02
2015-03-17,131.17
2015-03-18,131.32
2015-03-19,131.35
2015-03-20,131.5
2015-03-23,131.26
2015-03-24,130.8
2015-03-25,128.93
2015-03-26,129.68
2015-03-27,129.87
2015-03-30,131.15
2015-03-31,132.18
2015-04-01,129.57
2015-04-02,130.38
2015-04-06,132.2
2015-04-07,132.67
2015-04-08,134.0
2015-04-09,133.61
2015-04-10,134.15
2015-04-13,134.0
2015-04-14,133.67
2015-04-15,132.93
2015-04-16,133.07
2015-04-17,129.58
2015-04-20,130.09
2015-04-21,129.5
2015-04-22,130.02
2015-04-23,129.15
2015-04-24,128.79
2015-04-27,128.31
2015-04-28,129.4
2015-04-29,128.84
2015-04-30,126.9
2015-05-01,129.47
2015-05-04,131.63
2015-05-05,130.77
2015-05-06,131.33
2015-05-07,130.49
2015-05-08,130.62
2015-05-11,130.96
2015-05-12,129.49
2015-05-13,131.36
2015-05-14,134.75
2015-05-15,134.8
2015-05-18,136.23
2015-05-19,137.25
2015-05-20,138.45
2015-05-21,137.22
2015-05-22,137.0
2015-05-26,136.59
2015-05-27,138.05
2015-05-28,138.24
2015-05-29,137.95
2015-06-01,137.35
2015-06-02,137.44
2015-06-03,138.29
2015-06-04,136.51
2015-06-05,136.4
2015-06-08,136.22
2015-06-09,136.12
2015-06-10,138.29
2015-06-11,139.09
2015-06-12,136.64
2015-06-15,134.9
2015-06-16,136.53
2015-06-17,136.41
2015-06-18,138.32
2015-06-19,137.63
2015-06-22,139.78
2015-06-23,140.64
2015-06-24,140.23
2015-06-25,140.43
2015-06-26,141.26
2015-06-29,137.98
2015-06-30,125.8
2015-07-01,126.99
2015-07-02,128.93
2015-07-06,130.52
2015-07-07,129.3
2015-07-08,127.6
2015-07-09,128.55
2015-07-10,129.73
2015-07-13,130.33
2015-07-14,129.59
2015-07-15,128.03
2015-07-16,129.05
2015-07-17,128.41
2015-07-20,127.88
2015-07-21,126.93
2015-07-22,126.55
2015-07-23,126.43
2015-07-24,125.5
2015-07-27,125.48
2015-07-28,126.68
2015-07-29,127.19
2015-07-30,126.57
2015-07-31,126.78
2015-08-03,128.69
2015-08-04,129.84
2015-08-05,128.95
2015-08-06,127.02
2015-08-07,126.41
2015-08-10,126.0
2015-08-11,125.13
2015-08-12,124.97
2015-08-13,124.71
2015-08-14,125.48
2015-08-17,126.19
2015-08-18,126.51
2015-08-19,125.61
2015-08-20,124.94
2015-08-21,124.3
2015-08-24,120.37
2015-08-25,120.07
2015-08-26,122.2
2015-08-27,122.6
2015-08-28,120.22
2015-08-31,118.73
2015-09-01,116.22
2015-09-02,117.61
2015-09-03,118.61
2015-09-04,117.62
2015-09-08,120.35
2015-09-09,120.0
2015-09-10,118.45
2015-09-11,120.58
2015-09-14,119.3
2015-09-15,119.44
2015-09-16,120.12
2015-09-17,119.99
2015-09-18,116.0
2015-09-21,118.82
2015-09-22,117.7
2015-09-23,120.16
2015-09-24,119.91
2015-09-25,119.9
2015-09-28,116.35
2015-09-29,118.44
2015-09-30,117.38
2015-10-01,120.07
2015-10-02,121.89
2015-10-05,120.52
2015-10-06,121.03
2015-10-07,120.36
2015-10-08,120.5
2015-10-09,121.5
2015-10-12,122.53
2015-10-13,122.08
2015-10-14,121.31
2015-10-15,120.44
2015-10-16,119.86
2015-10-19,119.89
2015-10-20,121.06
2015-10-21,120.96
2015-10-22,120.84
2015-10-23,122.67
2015-10-26,125.01
2015-10-27,124.09
2015-10-28,126.14
2015-10-29,124.06
2015-10-30,123.56
2015-11-02,126.35
2015-11-03,125.8
2015-11-04,128.0
2015-11-05,129.21
2015-11-06,129.45
2015-11-09,129.65
2015-11-10,129.19
2015-11-11,130.54
2015-11-12,126.4
2015-11-13,127.42
2015-11-16,126.16
2015-11-17,125.21
2015-11-18,129.17
2015-11-19,131.4
2015-11-20,132.7
2015-11-23,133.2
2015-11-24,134.15
2015-11-25,133.61
2015-11-27,134.12
2015-11-30,134.51
2015-12-01,136.2
2015-12-02,135.26
2015-12-03,132.23
2015-12-04,135.0
2015-12-07,131.9
2015-12-08,129.66
2015-12-09,126.46
2015-12-10,127.34
2015-12-11,132.96
2015-12-14,130.5
2015-12-15,131.65
2015-12-16,132.49
2015-12-17,131.97
2015-12-18,131.95
2015-12-21,132.23
2015-12-22,132.33
2015-12-23,133.53
2015-12-24,133.99
2015-12-28,134.55
2015-12-29,139.94
2015-12-30,129.39
2015-12-31,128.46
2016-01-04,123.0
2016-01-05,125.84
2016-01-06,119.98
2016-01-07,114.95
2016-01-08,116.62
2016-01-11,114.97
2016-01-12,115.55
2016-01-13,112.85
2016-01-14,114.38
2016-01-15,112.53
2016-01-19,110.38
2016-01-20,109.3
2016-01-21,110.0
2016-01-22,111.95
2016-01-25,110.12
2016-01-26,111.0
2016-01-27,110.71
2016-01-28,112.58
2016-01-29,114.47
2016-02-01,114.5
2016-02-02,110.56
2016-02-03,114.05
2016-02-04,115.71
2016-02-05,114.02
2016-02-08,111.16
2016-02-09,110.65
2016-02-10,107.52
2016-02-11,107.13
2016-02-12,107.84
2016-02-16,110.77
2016-02-17,111.24
2016-02-18,111.6
2016-02-19,110.33
2016-02-22,113.04
2016-02-23,111.89
2016-02-24,111.56
2016-02-25,112.88
2016-02-26,112.75
2016-02-29,113.32
2016-03-01,115.51
2016-03-02,116.78
2016-03-03,117.0
2016-03-04,117.19
2016-03-07,116.95
2016-03-08,116.71
2016-03-09,116.49
2016-03-10,116.82
2016-03-11,120.62
2016-03-14,120.63
2016-03-15,120.7
2016-03-16,120.82
2016-03-17,124.03
2016-03-18,121.27
2016-03-21,121.45
2016-03-22,121.47
2016-03-23,119.38
2016-03-24,119.41
2016-03-28,118.72
2016-03-29,117.98
2016-03-30,118.74
2016-03-31,118.66
2016-04-01,119.93
2016-04-04,117.65
2016-04-05,114.07
2016-04-06,115.47
2016-04-07,113.54
2016-04-08,113.41
2016-04-11,114.64
2016-04-12,115.79
2016-04-13,117.99
2016-04-14,117.72
2016-04-15,118.45
2016-04-18,121.26
2016-04-19,121.68
2016-04-20,122.31
2016-04-21,123.01
2016-04-22,123.79
2016-04-25,123.3
2016-04-26,124.4
2016-04-27,124.69
2016-04-28,124.15
2016-04-29,124.9
2016-05-02,125.96
2016-05-03,126.27
2016-05-04,126.56
2016-05-05,127.66
2016-05-06,121.56
2016-05-09,123.44
2016-05-10,125.51
2016-05-11,124.21
2016-05-12,123.89
2016-05-13,122.97
2016-05-16,123.91
2016-05-17,123.41
2016-05-18,125.27
2016-05-19,125.12
2016-05-20,125.57
2016-05-23,125.95
2016-05-24,126.62
2016-05-25,126.46
2016-05-26,126.61
2016-05-27,127.91
2016-05-31,128.02
2016-06-01,128.07
2016-06-02,128.75
2016-06-03,127.48
2016-06-06,127.68
2016-06-07,129.25
2016-06-08,129.03
2016-06-09,129.58
2016-06-10,127.01
2016-06-13,125.47
2016-06-14,124.96
2016-06-15,124.14
2016-06-16,124.84
2016-06-17,125.33
2016-06-20,126.27
2016-06-21,127.33
2016-06-22,126.49
2016-06-23,127.65
2016-06-24,117.01
2016-06-27,113.4
2016-06-28,117.56
2016-06-29,121.0
2016-06-30,124.31
2016-07-01,124.0
2016-07-05,123.48
2016-07-06,124.87
2016-07-07,124.44
2016-07-08,125.06
2016-07-11,125.52
2016-07-12,127.2
2016-07-13,126.42
2016-07-14,126.04
2016-07-15,124.59
2016-07-18,123.98
2016-07-19,124.17
2016-07-20,124.0
2016-07-21,123.33
2016-07-22,123.94
2016-07-25,124.0
2016-07-26,123.76
2016-07-27,124.27
2016-07-28,123.74
2016-07-29,123.62
2016-08-01,123.84
2016-08-02,123.17
2016-08-03,123.82
2016-08-04,124.09
2016-08-05,119.92
2016-08-08,120.59
2016-08-09,121.23
2016-08-10,121.82
2016-08-11,122.75
2016-08-12,121.47
2016-08-15,121.53
2016-08-16,121.48
2016-08-17,121.93
2016-08-18,122.56
2016-08-19,122.72
2016-08-22,122.95
2016-08-23,123.11
2016-08-24,122.21
2016-08-25,122.21
2016-08-26,122.99
2016-08-29,123.92
2016-08-30,123.94
2016-08-31,124.01
2016-09-01,124.85
2016-09-02,126.53
2016-09-06,127.66
2016-09-07,128.55
2016-09-08,125.42
2016-09-09,122.04
2016-09-12,125.25
2016-09-13,123.09
2016-09-14,122.3
2016-09-15,125.12
2016-09-16,123.95
2016-09-19,124.68
2016-09-20,125.68
2016-09-21,128.4
2016-09-22,129.18
2016-09-23,128.09
2016-09-26,128.0
2016-09-27,128.9
2016-09-28,127.99
2016-09-29,129.79
2016-09-30,132.77
2016-10-03,132.11
2016-10-04,131.57
2016-10-05,131.96
2016-10-06,132.09
2016-10-07,131.06
2016-10-10,131.02
2016-10-11,128.73
2016-10-12,129.89
2016-10-13,127.91
2016-10-14,128.37
2016-10-17,127.09
2016-10-18,128.01
2016-10-19,128.76
2016-10-20,127.48
2016-10-21,126.79
2016-10-24,127.29
2016-10-25,126.45
2016-10-26,126.11
2016-10-27,125.63
2016-10-28,125.65
2016-10-31,125.9
2016-11-01,124.33
2016-11-02,122.97
2016-11-03,123.67
2016-11-04,116.78
2016-11-07,117.69
2016-11-08,118.79
2016-11-09,118.0
2016-11-10,122.27
2016-11-11,121.48
2016-11-14,122.49
2016-11-15,123.33
2016-11-16,122.67
2016-11-17,124.6
2016-11-18,124.82
2016-11-21,123.89
2016-11-22,124.82
2016-11-23,124.56
2016-11-25,125.3
2016-11-28,124.37
2016-11-29,124.38
2016-11-30,124.37
2016-12-01,121.42
2016-12-02,119.94
2016-12-05,121.48
2016-12-06,124.76
2016-12-07,124.75
2016-12-08,123.0
2016-12-09,122.79
2016-12-12,121.21
2016-12-13,124.46
2016-12-14,122.26
2016-12-15,122.37
2016-12-16,122.33
2016-12-19,123.63
2016-12-20,123.84
2016-12-21,122.99
2016-12-22,122.85
2016-12-23,124.49
2016-12-27,124.28
2016-12-28,122.38
2016-12-29,122.17
2016-12-30,122.28
2017-01-03,123.24
2017-01-04,124.76
2017-01-05,125.96
2017-01-06,126.78
2017-01-09,126.01
2017-01-10,126.22
2017-01-11,125.75
2017-01-12,125.73
2017-01-13,124.73
2017-01-17,125.33
2017-01-18,126.17
2017-01-19,125.49
2017-01-20,126.07
2017-01-23,125.61
2017-01-24,126.17
2017-01-25,127.57
2017-01-26,127.58
2017-01-27,126.44
2017-01-30,125.57
2017-01-31,125.13
2017-02-01,124.3
2017-02-02,125.24
2017-02-03,125.25
2017-02-06,123.67
2017-02-07,123.44
2017-02-08,122.99
2017-02-09,122.54
2017-02-10,124.07
2017-02-13,125.14
2017-02-14,125.17
2017-02-15,125.43
2017-02-16,126.4
2017-02-17,128.35
2017-02-21,127.75
2017-02-22,127.0
2017-02-23,127.16
2017-02-24,128.09
2017-02-27,128.24
2017-02-28,128.43
2017-03-01,131.04
2017-03-02,129.52
2017-03-03,129.96
2017-03-06,128.35
2017-03-07,127.63
2017-03-08,126.69
2017-03-09,126.86
2017-03-10,127.98
2017-03-13,128.93
2017-03-14,129.02
2017-03-15,129.97
2017-03-16,129.3
2017-03-17,129.96
2017-03-20,130.19
2017-03-21,129.19
2017-03-22,129.35
2017-03-23,129.18
2017-03-24,129.88
2017-03-27,130.02
2017-03-28,131.93
2017-03-29,130.95
2017-03-30,131.17
2017-03-31,130.89
2017-04-03,129.93
2017-04-04,130.32
2017-04-05,129.94
2017-04-06,129.67
2017-04-07,128.46
2017-04-10,127.76
2017-04-11,127.14
2017-04-12,126.28
2017-04-13,126.54
2017-04-17,128.63
2017-04-18,128.11
2017-04-19,128.25
2017-04-20,129.86
2017-04-21,128.05
2017-04-24,130.08
2017-04-25,131.79
2017-04-26,132.53
2017-04-27,133.05
2017-04-28,132.62
2017-05-01,133.23
2017-05-02,133.71
2017-05-03,134.01
2017-05-04,142.34
2017-05-05,144.2
2017-05-08,144.29
2017-05-09,142.11
2017-05-10,141.96
2017-05-11,142.46
2017-05-12,142.32
2017-05-15,142.47
2017-05-16,142.65
2017-05-17,140.63
2017-05-18,139.85
2017-05-19,140.06
2017-05-22,140.68
2017-05-23,141.22
2017-05-24,142.76
2017-05-25,144.8
2017-05-26,145.0
2017-05-30,145.04
2017-05-31,146.63
2017-06-01,146.63
2017-06-02,147.18
2017-06-05,147.05
2017-06-06,145.39
2017-06-07,145.37
2017-06-08,145.51
2017-06-09,145.66
2017-06-12,146.24
2017-06-13,147.18
2017-06-14,147.98
2017-06-15,148.42
2017-06-16,149.65
2017-06-19,149.57
2017-06-20,149.57
2017-06-21,148.6
2017-06-22,145.05
2017-06-23,145.36
2017-06-26,145.08
2017-06-27,144.91
2017-06-28,146.84
2017-06-29,146.71
2017-06-30,145.46
2017-07-03,146.39
2017-07-05,145.49
2017-07-06,145.03
2017-07-07,146.32
2017-07-10,146.21
2017-07-11,144.5
2017-07-12,145.37
2017-07-13,145.71
2017-07-14,146.48
2017-07-17,147.92
2017-07-18,147.12
2017-07-19,146.73
2017-07-20,147.34
2017-07-21,147.62
2017-07-24,149.08
2017-07-25,149.87
2017-07-26,148.51
2017-07-27,147.03
2017-07-28,150.12
2017-07-31,148.88
2017-08-01,149.62
2017-08-02,148.87
2017-08-03,147.24
2017-08-04,149.64
2017-08-07,149.58
2017-08-08,149.66
2017-08-09,149.24
2017-08-10,147.97
2017-08-11,149.14
2017-08-14,151.31
2017-08-15,150.87
2017-08-16,150.01
2017-08-17,148.05
2017-08-18,148.44
2017-08-21,148.93
2017-08-22,149.49
2017-08-23,148.39
2017-08-24,148.36
2017-08-25,148.88
2017-08-28,148.0
2017-08-29,147.87
2017-08-30,147.77
2017-08-31,148.47
2017-09-01,148.1
2017-09-05,147.47
2017-09-06,147.62
2017-09-07,147.86
2017-09-08,151.84
2017-09-11,151.53
2017-09-12,152.61
2017-09-13,152.88
2017-09-14,152.42
2017-09-15,153.14
2017-09-18,152.1
2017-09-19,151.84
2017-09-20,152.41
2017-09-21,151.37
2017-09-22,152.71
2017-09-25,153.52
2017-09-26,154.86
2017-09-27,155.83
2017-09-28,155.53
2017-09-29,154.23
2017-10-02,155.49
2017-10-03,154.89
2017-10-04,154.7
2017-10-05,155.25
2017-10-06,155.02
2017-10-09,154.68
2017-10-10,155.95
2017-10-11,155.96
2017-10-12,156.43
2017-10-13,157.59
2017-10-16,158.95
2017-10-17,158.94
2017-10-18,159.8
2017-10-19,161.17
2017-10-20,162.82
2017-10-23,164.02
2017-10-24,163.28
2017-10-25,163.24
2017-10-26,162.82
2017-10-27,161.62
2017-10-30,161.01
2017-10-31,161.08
2017-11-01,160.91
2017-11-02,157.48
2017-11-03,159.59
2017-11-06,161.19
2017-11-07,161.6
2017-11-08,160.99
2017-11-09,161.5
2017-11-10,161.57
2017-11-13,161.49
2017-11-14,162.03
2017-11-15,162.65
2017-11-16,159.93
2017-11-17,160.07
2017-11-20,159.89
2017-11-21,159.8
2017-11-22,158.79
2017-11-24,159.52
2017-11-27,158.5
2017-11-28,159.4
2017-11-29,159.07
2017-11-30,160.8
2017-12-01,161.95
2017-12-04,158.48
2017-12-05,157.32
2017-12-06,157.1
2017-12-07,155.42
2017-12-08,155.46
2017-12-11,155.28
2017-12-12,155.2
2017-12-13,152.93
2017-12-14,153.48
2017-12-15,156.0
2017-12-18,154.56
2017-12-19,154.15
2017-12-20,153.12
2017-12-21,152.37
2017-12-22,151.74
2017-12-26,151.87
2017-12-27,151.64
2017-12-28,151.39
2017-12-29,150.69
2018-01-02,146.99
2018-01-03,149.74
2018-01-04,151.26
2018-01-05,152.23
2018-01-08,151.41
2018-01-09,151.83
2018-01-10,153.61
2018-01-11,154.76
2018-01-12,155.46
2018-01-16,152.58
2018-01-17,154.55
2018-01-18,153.56
2018-01-19,153.89
2018-01-22,154.6
2018-01-23,157.87
2018-01-24,159.02
2018-01-25,160.17
2018-01-26,163.94
2018-01-29,161.71
2018-01-30,160.34
2018-01-31,160.47
2018-02-01,163.92
2018-02-02,161.66
2018-02-05,157.5
2018-02-06,158.4
2018-02-07,157.38
2018-02-08,152.36
2018-02-09,152.14
2018-02-12,154.15
2018-02-13,155.31
2018-02-14,159.25
2018-02-15,159.62
2018-02-16,159.23
2018-02-20,159.65
2018-02-21,157.57
2018-02-22,156.53
2018-02-23,159.96
2018-02-26,161.21
2018-02-27,161.01
2018-02-28,157.9
2018-03-01,154.99
2018-03-02,154.92
2018-03-05,156.92
2018-03-06,157.43
2018-03-07,158.85
2018-03-08,159.57
2018-03-09,164.14
2018-03-12,162.96
2018-03-13,162.39
2018-03-14,161.53
2018-03-15,162.28
2018-03-16,162.8
2018-03-19,159.18
2018-03-20,159.54
2018-03-21,158.15
2018-03-22,154.66
2018-03-23,151.51
2018-03-26,154.14
2018-03-27,151.38
2018-03-28,151.29
2018-03-29,152.19
2018-04-02,148.99
2018-04-03,148.22
2018-04-04,148.95
2018-04-05,148.5
2018-04-06,146.15
2018-04-09,146.0
2018-04-10,147.02
2018-04-11,147.03
2018-04-12,147.89
2018-04-13,150.08
2018-04-16,152.12
2018-04-17,152.94
2018-04-18,152.66
2018-04-19,152.69
2018-04-20,151.41
2018-04-23,151.06
2018-04-24,149.63
2018-04-25,149.35
2018-04-26,149.95
2018-04-27,150.75
2018-04-30,148.51
2018-05-01,148.55
2018-05-02,146.59
2018-05-03,147.46
2018-05-04,148.91
2018-05-07,151.32
2018-05-08,153.34
2018-05-09,152.21
2018-05-10,155.62
2018-05-11,155.37
2018-05-14,154.42
2018-05-15,153.95
2018-05-16,153.24
2018-05-17,154.14
2018-05-18,154.31
2018-05-21,155.62
2018-05-22,155.88
2018-05-23,156.73
2018-05-24,156.56
2018-05-25,155.26
2018-05-29,150.75
2018-05-30,152.9
2018-05-31,151.15
2018-06-01,151.72
2018-06-04,152.73
2018-06-05,153.14
2018-06-06,154.91
2018-06-07,155.89
2018-06-08,158.13
2018-06-11,157.51
2018-06-12,157.27
2018-06-13,157.0
2018-06-14,156.04
2018-06-15,154.88
2018-06-18,154.98
2018-06-19,153.96
2018-06-20,153.45
2018-06-21,152.4
2018-06-22,154.16
2018-06-25,153.56
2018-06-26,152.43
2018-06-27,150.33
2018-06-28,151.34
2018-06-29,151.6
2018-07-02,152.13
2018-07-03,152.3
2018-07-05,153.86
2018-07-06,155.93
2018-07-09,158.7
2018-07-10,157.92
2018-07-11,156.91
2018-07-12,157.69
2018-07-13,158.04
2018-07-16,157.56
2018-07-17,157.27
2018-07-18,158.78
2018-07-19,158.84
2018-07-20,159.62
2018-07-23,160.59
2018-07-24,161.46
2018-07-25,163.04
2018-07-26,162.22
2018-07-27,160.62
2018-07-30,159.56
2018-07-31,159.42
2018-08-01,159.15
2018-08-02,145.73
2018-08-03,148.82
2018-08-06,149.4
2018-08-07,151.16
2018-08-08,151.52
2018-08-09,151.61
2018-08-10,149.73
2018-08-13,147.95
2018-08-14,147.13
2018-08-15,148.2
2018-08-16,149.15
2018-08-17,148.89
2018-08-20,148.03
2018-08-21,148.43
2018-08-22,147.7
2018-08-23,146.56
2018-08-24,146.98
2018-08-27,147.73
2018-08-28,147.91
2018-08-29,148.4
2018-08-30,146.7
2018-08-31,147.27
2018-09-04,147.69
2018-09-05,147.74
2018-09-06,149.57
2018-09-07,148.41
2018-09-10,148.18
2018-09-11,148.32
2018-09-12,146.2
2018-09-13,146.58
2018-09-14,146.95
2018-09-17,146.36
2018-09-18,146.09
2018-09-19,148.35
2018-09-20,148.5
2018-09-21,148.48
2018-09-24,145.04
2018-09-25,142.84
2018-09-26,140.96
2018-09-27,140.79
2018-09-28,140.94
2018-10-01,141.75
2018-10-02,142.9
2018-10-03,142.85
2018-10-04,142.67
2018-10-05,141.75
2018-10-08,142.8
2018-10-09,142.59
2018-10-10,139.44
2018-10-11,136.07
2018-10-12,137.3
2018-10-15,137.98
2018-10-16,140.07
2018-10-17,139.83
2018-10-18,138.73
2018-10-19,139.98
2018-10-22,139.9
2018-10-23,137.85
2018-10-24,134.84
2018-10-25,138.11
2018-10-26,139.01
2018-10-29,140.36
2018-10-30,141.18
2018-10-31,143.16
2018-11-01,143.1
2018-11-02,152.39
2018-11-05,154.44
2018-11-06,154.7
2018-11-07,158.3
2018-11-08,160.35
2018-11-09,159.93
2018-11-12,158.51
2018-11-13,159.97
2018-11-14,159.79
2018-11-15,160.48
2018-11-16,158.86
2018-11-19,160.26
2018-11-20,156.35
2018-11-21,156.73
2018-11-23,155.98
2018-11-26,157.33
2018-11-27,157.03
2018-11-28,159.49
2018-11-29,158.49
2018-11-30,159.45
2018-12-03,161.14
2018-12-04,157.31
2018-12-06,156.1
2018-12-07,156.5
2018-12-10,154.61
2018-12-11,154.9
2018-12-12,155.76
2018-12-13,156.45
2018-12-14,153.76
2018-12-17,151.28
2018-12-18,151.93
2018-12-19,151.33
2018-12-20,149.34
2018-12-21,147.07
2018-12-24,146.61
2018-12-26,148.86
2018-12-27,150.85
2018-12-28,150.93
2018-12-31,151.86
2019-01-02,149.68
2019-01-03,146.54
2019-01-04,150.5
2019-01-07,151.61
2019-01-08,152.58
2019-01-09,151.66
2019-01-10,153.35
2019-01-11,153.99
2019-01-14,153.57
2019-01-15,154.63
2019-01-16,156.92
2019-01-17,156.96
2019-01-18,158.66
2019-01-22,158.73
2019-01-23,158.18
2019-01-24,157.79
2019-01-25,158.69
2019-01-28,158.25
2019-01-29,158.87
2019-01-30,161.04
2019-01-31,162.79
2019-02-01,166.11
2019-02-04,165.36
2019-02-05,166.51
2019-02-06,166.36
2019-02-07,162.77
2019-02-08,167.82
2019-02-11,170.02
2019-02-12,171.24
2019-02-13,170.97
2019-02-14,168.5
2019-02-15,169.56
2019-02-19,170.72
2019-02-20,171.08
2019-02-21,170.39
2019-02-22,171.09
2019-02-25,171.45
2019-02-26,170.38
2019-02-27,170.54
2019-02-28,172.02
2019-03-01,172.56
2019-03-04,173.05
2019-03-05,182.04
2019-03-06,170.88
2019-03-07,170.2
2019-03-08,169.22
2019-03-11,170.41
2019-03-12,170.72
2019-03-13,171.79
2019-03-14,172.25
2019-03-15,173.65
2019-03-18,174.08
2019-03-19,172.9
2019-03-20,172.43
2019-03-21,174.32
2019-03-22,174.61
2019-03-25,175.79
2019-03-26,177.54
2019-03-27,176.81
2019-03-28,175.02
2019-03-29,175.65
2019-04-01,176.11
2019-04-02,177.2
2019-04-03,177.82
2019-04-04,178.51
2019-04-05,178.08
2019-04-08,178.45
2019-04-09,178.03
2019-04-10,179.04
2019-04-11,179.77
2019-04-12,180.72
2019-04-15,180.74
2019-04-16,181.21
2019-04-17,176.9
2019-04-18,177.37
2019-04-22,177.26
2019-04-23,180.0
2019-04-24,179.56
2019-04-25,180.17
2019-04-26,181.55
2019-04-29,181.52
2019-04-30,184.34
2019-05-01,175.37
2019-05-02,178.5
2019-05-03,179.77
2019-05-06,178.63
2019-05-07,174.41
2019-05-08,175.51
2019-05-09,175.0
2019-05-10,176.65
2019-05-13,173.7
2019-05-14,175.38
2019-05-15,175.54
2019-05-16,178.06
2019-05-17,176.0
2019-05-20,176.37
2019-05-21,178.31
2019-05-22,180.02
2019-05-23,177.83
2019-05-24,177.73
2019-05-28,176.71
2019-05-29,175.69
2019-05-30,177.69
2019-05-31,175.5
2019-06-03,178.06
2019-06-04,179.22
2019-06-05,182.85
2019-06-06,183.47
2019-06-07,186.88
2019-06-10,188.31
2019-06-11,188.31
2019-06-12,188.11
2019-06-13,188.71
2019-06-14,190.33
2019-06-17,188.28
2019-06-18,188.11
2019-06-19,189.73
2019-06-20,191.62
2019-06-21,191.83
2019-06-24,191.77
2019-06-25,192.31
2019-06-26,186.85
2019-06-27,188.95
2019-06-28,191.54
2019-07-01,193.94
2019-07-02,195.15
2019-07-03,195.74
2019-07-05,195.84
2019-07-08,194.67
2019-07-09,195.25
2019-07-10,195.61
2019-07-11,196.3
2019-07-12,196.42
2019-07-15,197.67
2019-07-16,197.49
2019-07-17,195.03
2019-07-18,197.7
2019-07-19,195.88
2019-07-22,195.64
2019-07-23,196.64
2019-07-24,197.18
2019-07-25,196.65
2019-07-26,199.18
2019-07-29,199.36
2019-07-30,197.49
2019-07-31,195.22
2019-08-01,196.04
2019-08-02,195.38
2019-08-05,188.71
2019-08-06,194.15
2019-08-07,193.35
2019-08-08,198.22
2019-08-09,197.22
2019-08-12,192.93
2019-08-13,195.0
2019-08-14,190.34
2019-08-15,190.46
2019-08-16,194.55
2019-08-19,197.46
2019-08-20,193.37
2019-08-21,193.75
2019-08-22,194.3
2019-08-23,189.21
2019-08-26,192.0
2019-08-27,191.26
2019-08-28,192.31
2019-08-29,195.5
2019-08-30,197.97
2019-09-03,195.66
2019-09-04,196.52
2019-09-05,197.69
2019-09-06,197.75
2019-09-09,195.53
2019-09-10,189.69
2019-09-11,191.74
2019-09-12,194.69
2019-09-13,194.7
2019-09-16,195.01
2019-09-17,198.64
2019-09-18,198.69
2019-09-19,198.2
2019-09-20,196.37
2019-09-23,197.4
2019-09-24,197.3
2019-09-25,196.8
2019-09-26,198.02
2019-09-27,192.7
2019-09-30,192.97
2019-10-01,187.93
2019-10-02,184.21
2019-10-03,184.99
2019-10-04,188.65
2019-10-07,187.59
2019-10-08,184.36
2019-10-09,186.2
2019-10-10,187.69
2019-10-11,188.1
2019-10-14,187.64
2019-10-15,188.0
2019-10-16,188.59
2019-10-17,187.89
2019-10-18,187.77
2019-10-21,190.05
2019-10-22,188.78
2019-10-23,184.77
2019-10-24,187.34
2019-10-25,184.98
2019-10-28,183.38
2019-10-29,185.65
2019-10-30,190.24
2019-10-31,186.9
2019-11-01,188.99
2019-11-04,186.83
2019-11-05,185.01
2019-11-06,186.67
2019-11-07,184.99
2019-11-08,185.1
2019-11-11,186.58
2019-11-12,187.22
2019-11-13,187.62
2019-11-14,189.75
2019-11-15,188.95
2019-11-18,187.85
2019-11-19,190.2
2019-11-20,190.15
2019-11-21,189.93
2019-11-22,189.76
2019-11-25,193.13
2019-11-26,194.82
2019-11-27,196.35
2019-11-29,196.44
2019-12-02,195.22
2019-12-03,192.52
2019-12-04,193.28
2019-12-05,193.92
2019-12-06,195.39
2019-12-09,194.79
2019-12-10,194.59
2019-12-11,194.41
2019-12-12,198.42
2019-12-13,200.04
2019-12-16,201.17
2019-12-17,201.23
2019-12-18,201.71
2019-12-19,203.85
2019-12-20,205.64
2019-12-23,201.58
2019-12-24,201.99
2019-12-26,202.02
2019-12-27,201.76
2019-12-30,201.58
2019-12-31,201.94
2020-01-02,204.28
2020-01-03,204.33
2020-01-06,204.58
2020-01-07,204.16
2020-01-08,204.39
2020-01-09,205.0
2020-01-10,205.0
2020-01-13,205.0
2020-01-14,204.0
2020-01-15,204.07
2020-01-16,204.19
2020-01-17,204.99
2020-01-21,205.03
2020-01-22,203.75
2020-01-23,206.66
2020-01-24,209.01
2020-01-27,207.43
2020-01-28,213.0
2020-01-29,212.66
2020-01-30,214.75
2020-01-31,211.29
2020-02-03,215.11
2020-02-04,218.57
2020-02-05,220.06
2020-02-06,208.9
2020-02-07,210.25
2020-02-10,214.71
2020-02-11,212.98
2020-02-12,212.72
2020-02-13,212.8
2020-02-14,213.67
2020-02-18,212.69
2020-02-19,211.76
2020-02-20,209.5
2020-02-21,208.44
2020-02-24,205.54
2020-02-25,202.64
2020-02-26,204.44
2020-02-27,194.53
2020-02-28,189.25
2020-03-02,199.54
2020-03-03,197.16
2020-03-04,206.55
2020-03-05,201.77
2020-03-06,199.71
2020-03-09,184.74
2020-03-10,187.67
2020-03-11,188.25
2020-03-12,172.8
2020-03-13,180.04
2020-03-16,164.01
2020-03-17,173.12
2020-03-18,157.15
2020-03-19,152.59
2020-03-20,152.63
2020-03-23,147.56
2020-03-24,169.85
2020-03-25,163.76
2020-03-26,165.5
2020-03-27,167.21
2020-03-30,172.95
2020-03-31,169.85
2020-04-01,156.19
2020-04-02,158.41
2020-04-03,157.09
2020-04-06,175.36
2020-04-07,178.69
2020-04-08,190.05
2020-04-09,196.02
2020-04-13,189.7
2020-04-14,197.0
2020-04-15,185.65
2020-04-16,189.19
2020-04-17,195.39
2020-04-20,188.89
2020-04-21,182.5
2020-04-22,185.86
2020-04-23,177.0
2020-04-24,177.22
2020-04-27,175.99
2020-04-28,174.93
2020-04-29,175.26
2020-04-30,178.29
2020-05-01,183.34
2020-05-04,183.54
2020-05-05,189.86
2020-05-06,183.64
2020-05-07,193.15
2020-05-08,197.35
2020-05-11,200.0
2020-05-12,200.79
2020-05-13,197.17
2020-05-14,201.66
2020-05-15,200.48
2020-05-18,204.74
2020-05-19,202.99
2020-05-20,202.63
2020-05-21,200.16
2020-05-22,198.51
2020-05-26,201.65
2020-05-27,204.56
2020-05-28,205.65
2020-05-29,202.9
2020-06-01,202.46
2020-06-02,201.13
2020-06-03,204.89
2020-06-04,204.05
2020-06-05,206.81
2020-06-08,204.02
2020-06-09,201.01
2020-06-10,199.11
2020-06-11,185.75
2020-06-12,186.77
2020-06-15,189.36
2020-06-16,191.63
2020-06-17,197.35
2020-06-18,196.12
2020-06-19,188.85
2020-06-22,193.67
2020-06-23,193.98
2020-06-24,190.85
2020-06-25,199.31
2020-06-26,194.55
2020-06-29,192.93
2020-06-30,196.95
2020-07-01,195.25
2020-07-02,196.6
2020-07-06,197.48
2020-07-07,196.58
2020-07-08,199.24
2020-07-09,199.02
2020-07-10,202.33
2020-07-13,201.47
2020-07-14,203.95
2020-07-15,206.12
2020-07-16,207.49
2020-07-17,208.5
2020-07-20,207.93
2020-07-21,210.98
2020-07-22,212.51
2020-07-23,212.0
2020-07-24,211.52
2020-07-27,211.51
2020-07-28,209.94
2020-07-29,210.13
2020-07-30,211.49
2020-07-31,210.01
2020-08-03,204.65
2020-08-04,204.73
2020-08-05,202.52
2020-08-06,199.95
2020-08-07,199.47
2020-08-10,197.08
2020-08-11,196.0
2020-08-12,195.39
2020-08-13,198.75
2020-08-14,201.51
2020-08-17,201.67
2020-08-18,201.31
2020-08-19,203.3
2020-08-20,202.1
2020-08-21,198.08
2020-08-24,194.6
2020-08-25,197.26
2020-08-26,201.57
2020-08-27,205.56
2020-08-28,205.66
2020-08-31,205.53
2020-09-01,208.37
2020-09-02,216.17
2020-09-03,209.44
2020-09-04,208.43
2020-09-08,203.13
2020-09-09,209.19
2020-09-10,207.27
2020-09-11,206.12
2020-09-14,206.2
2020-09-15,206.25
2020-09-16,206.94
2020-09-17,205.71
2020-09-18,205.31
2020-09-21,202.53
2020-09-22,203.67
2020-09-23,203.99
2020-09-24,198.32
2020-09-25,198.67
2020-09-28,206.85
2020-09-29,208.09
2020-09-30,208.82
2020-10-01,210.08
2020-10-02,209.61
2020-10-05,210.14
2020-10-06,209.05
2020-10-07,211.12
2020-10-08,211.07
2020-10-09,211.44
2020-10-12,217.03
2020-10-13,212.55
2020-10-14,212.53
2020-10-15,216.62
2020-10-16,216.76
2020-10-19,212.71
2020-10-20,209.4
2020-10-21,209.37
2020-10-22,209.56
2020-10-23,209.75
2020-10-26,203.28
2020-10-27,200.44
2020-10-28,193.91
2020-10-29,186.25
2020-10-30,182.48
2020-11-02,179.57
2020-11-03,180.51
2020-11-04,184.25
2020-11-05,186.72
2020-11-06,192.17
2020-11-09,196.0
2020-11-10,202.01
2020-11-11,202.95
2020-11-12,202.2
2020-11-13,206.81
2020-11-16,210.61
2020-11-17,210.13
2020-11-18,205.7
2020-11-19,204.49
2020-11-20,199.4
2020-11-23,203.92
2020-11-24,209.0
2020-11-25,209.44
2020-11-27,209.55
2020-11-30,208.19
2020-12-01,214.09
2020-12-02,212.49
2020-12-03,212.82
2020-12-04,214.49
2020-12-07,209.45
2020-12-08,210.86
2020-12-09,207.57
2020-12-10,206.82
2020-12-11,204.4
2020-12-14,205.76
2020-12-15,210.01
2020-12-16,211.98
2020-12-17,212.23
2020-12-18,204.89
2020-12-21,207.71
2020-12-22,209.62
2020-12-23,208.82
2020-12-24,211.81
2020-12-28,207.94
2020-12-29,207.79
2020-12-30,206.14
2020-12-31,210.68
2021-01-04,203.7
2021-01-05,202.0
2021-01-06,203.7
2021-01-07,205.25
2021-01-08,203.64
2021-01-11,199.23
2021-01-12,199.95
2021-01-13,204.27
2021-01-14,205.5
2021-01-15,206.65
2021-01-19,208.5
2021-01-20,210.27
2021-01-21,208.57
2021-01-22,206.5
2021-01-25,209.32
2021-01-26,210.22
2021-01-27,205.97
2021-01-28,206.31
2021-01-29,202.94
2021-02-01,207.45
2021-02-02,211.12
2021-02-03,206.2
2021-02-04,209.3
2021-02-05,223.91
2021-02-08,225.7
2021-02-09,228.49
2021-02-10,225.63
2021-02-11,228.48
2021-02-12,227.42
2021-02-16,228.11
2021-02-17,229.89
2021-02-18,222.99
2021-02-19,224.98
2021-02-22,224.9
2021-02-23,226.08
2021-02-24,225.64
2021-02-25,224.27
2021-02-26,220.64
2021-03-01,226.72
2021-03-02,227.11
2021-03-03,222.65
2021-03-04,221.95
2021-03-05,228.02
2021-03-08,225.23
2021-03-09,226.38
2021-03-10,224.23
2021-03-11,222.21
2021-03-12,222.76
2021-03-15,221.35
2021-03-16,222.1
2021-03-17,221.68
2021-03-18,221.14
2021-03-19,220.0
2021-03-22,220.8
2021-03-23,221.49
2021-03-24,223.74
2021-03-25,224.5
2021-03-26,229.36
2021-03-29,234.6
2021-03-30,232.31
2021-03-31,228.88
2021-04-01,233.59
2021-04-05,235.65
2021-04-06,236.78
2021-04-07,237.83
2021-04-08,237.07
2021-04-09,239.98
2021-04-12,243.96
2021-04-13,241.87
2021-04-14,236.72
2021-04-15,237.98
2021-04-16,240.4
2021-04-19,238.01
2021-04-20,237.23
2021-04-21,235.74
2021-04-22,233.15
2021-04-23,232.89
2021-04-26,231.3
2021-04-27,236.25
2021-04-28,245.88
2021-04-29,248.13
2021-04-30,258.86
2021-05-03,260.99
2021-05-04,262.78
2021-05-05,263.18
2021-05-06,266.51
2021-05-07,270.07
2021-05-10,268.88
2021-05-11,264.25
2021-05-12,261.18
2021-05-13,263.14
2021-05-14,264.85
2021-05-17,266.0
2021-05-18,263.67
2021-05-19,261.86
2021-05-20,264.26
2021-05-21,262.81
2021-05-24,262.92
2021-05-25,261.59
2021-05-26,260.06
2021-05-27,260.99
2021-05-28,261.36
2021-06-01,259.77
2021-06-02,258.61
2021-06-03,258.74
2021-06-04,259.73
2021-06-07,256.99
2021-06-08,254.57
2021-06-09,254.51
2021-06-10,257.5
2021-06-11,257.49
2021-06-14,256.12
2021-06-15,255.6
2021-06-16,237.14
2021-06-17,232.19
2021-06-18,225.2
2021-06-21,230.18
2021-06-22,230.41
2021-06-23,230.15
2021-06-24,232.55
2021-06-25,235.5
2021-06-28,231.37
2021-06-29,232.19
2021-06-30,230.02
2021-07-01,231.0
2021-07-02,231.7
2021-07-06,229.95
2021-07-07,230.77
2021-07-08,224.15
2021-07-09,228.21
2021-07-12,225.17
2021-07-13,224.0
2021-07-14,223.05
2021-07-15,221.91
2021-07-16,222.36
2021-07-19,216.09
2021-07-20,219.7
2021-07-21,224.62
2021-07-22,226.34
2021-07-23,226.41
2021-07-26,206.07
2021-07-27,206.0
2021-07-28,201.6
2021-07-29,203.56
2021-07-30,206.08
2021-08-02,203.96
2021-08-03,212.94
2021-08-04,211.19
2021-08-05,217.51
2021-08-06,215.98
2021-08-09,217.84
2021-08-10,218.08
2021-08-11,222.05
2021-08-12,221.28
2021-08-13,219.24
2021-08-16,218.78
2021-08-17,216.02
2021-08-18,214.12
2021-08-19,214.32
2021-08-20,218.75
2021-08-23,217.83
2021-08-24,216.36
2021-08-25,216.37
2021-08-26,214.75
2021-08-27,219.3
2021-08-30,215.72
2021-08-31,220.72
2021-09-01,223.7
2021-09-02,230.06
2021-09-03,228.52
2021-09-07,227.1
2021-09-08,225.95
2021-09-09,236.0
2021-09-10,236.55
2021-09-13,236.42
2021-09-14,234.27
2021-09-15,236.75
2021-09-16,234.05
2021-09-17,230.28
2021-09-20,226.81
2021-09-21,228.91
2021-09-22,230.94
2021-09-23,233.45
2021-09-24,233.83
2021-09-27,231.58
2021-09-28,228.01
2021-09-29,228.99
2021-09-30,232.46
2021-10-01,240.93
2021-10-04,237.41
2021-10-05,243.08
2021-10-06,241.33
2021-10-07,241.5
2021-10-08,242.89
2021-10-11,242.66
2021-10-12,241.9
2021-10-13,243.95
2021-10-14,248.15
2021-10-15,246.91
2021-10-18,244.9
2021-10-19,248.1
2021-10-20,244.14
2021-10-21,246.87
2021-10-22,247.76
2021-10-25,244.81
2021-10-26,244.01
2021-10-27,240.26
2021-10-28,248.52
2021-10-29,242.28
2021-11-01,237.62
2021-11-02,237.04
2021-11-03,234.85
2021-11-04,231.06
2021-11-05,231.31
2021-11-08,232.7
2021-11-09,233.38
2021-11-10,231.35
2021-11-11,230.3
2021-11-12,230.91
2021-11-15,229.36
2021-11-16,230.72
2021-11-17,229.7
2021-11-18,228.44
2021-11-19,232.8
2021-11-22,233.44
2021-11-23,235.1
2021-11-24,236.13
2021-11-26,228.99
2021-11-29,230.39
2021-11-30,225.84
2021-12-01,227.0
2021-12-02,231.97
2021-12-03,230.84
2021-12-06,232.5
2021-12-07,231.61
2021-12-08,235.0
2021-12-09,232.35
2021-12-10,233.77
2021-12-13,231.94
2021-12-14,232.17
2021-12-15,234.65
2021-12-16,233.16
2021-12-17,232.88
2021-12-20,231.95
2021-12-21,236.25
2021-12-22,237.01
2021-12-23,236.46
2021-12-27,239.06
2021-12-28,238.72
2021-12-29,238.43
2021-12-30,237.12
2021-12-31,237.49
2022-01-03,235.57
2022-01-04,238.67
2022-01-05,237.01
2022-01-06,234.34
2022-01-07,231.56
2022-01-10,232.62
2022-01-11,233.96
2022-01-12,233.77
2022-01-13,231.21
2022-01-14,229.12
2022-01-18,227.16
2022-01-19,226.56
2022-01-20,228.24
2022-01-21,225.64
2022-01-24,230.84
2022-01-25,226.65
2022-01-26,225.55
2022-01-27,222.99
2022-01-28,231.09
2022-01-31,233.96
2022-02-01,236.11
2022-02-02,237.86
2022-02-03,234.33
2022-02-04,237.86
2022-02-07,235.9
2022-02-08,225.14
2022-02-09,228.62
2022-02-10,226.58
2022-02-11,221.19
2022-02-14,218.86
2022-02-15,222.16
2022-02-16,225.79
2022-02-17,223.17
2022-02-18,225.61
2022-02-22,223.2
2022-02-23,216.82
2022-02-24,219.81
2022-02-25,223.63
2022-02-28,222.3
2022-03-01,218.93
2022-03-02,223.88
2022-03-03,224.74
2022-03-04,222.24
2022-03-07,217.65
2022-03-08,217.48
2022-03-09,225.06
2022-03-10,224.52
2022-03-11,220.73
2022-03-14,220.1
2022-03-15,228.56
2022-03-16,230.47
2022-03-17,232.86
2022-03-18,236.0
2022-03-21,231.35
2022-03-22,234.38
2022-03-23,231.93
2022-03-24,234.69
2022-03-25,237.99
2022-03-28,240.85
2022-03-29,243.39
2022-03-30,240.01
2022-03-31,236.22
2022-04-01,237.46
2022-04-04,238.31
2022-04-05,239.46
2022-04-06,239.45
2022-04-07,240.41
2022-04-08,241.05
2022-04-11,238.28
2022-04-12,232.46
2022-04-13,233.88
2022-04-14,234.15
2022-04-18,233.21
2022-04-19,235.2
2022-04-20,239.88
2022-04-21,242.73
2022-04-22,237.39
2022-04-25,241.06
2022-04-26,235.16
2022-04-27,232.94
2022-04-28,228.9
2022-04-29,214.86
2022-05-02,211.48
2022-05-03,213.99
2022-05-04,220.15
2022-05-05,216.13
2022-05-06,212.5
2022-05-09,207.77
2022-05-10,206.35
2022-05-11,201.64
2022-05-12,201.36
2022-05-13,205.83
2022-05-16,204.25
2022-05-17,207.21
2022-05-18,202.92
2022-05-19,200.31
2022-05-20,198.48
2022-05-23,204.03
2022-05-24,203.17
2022-05-25,202.08
2022-05-26,208.11
2022-05-27,214.84
2022-05-31,211.07
2022-06-01,208.47
2022-06-02,213.65
2022-06-03,206.63
2022-06-06,208.27
2022-06-07,209.84
2022-06-08,206.4
2022-06-09,202.18
2022-06-10,199.5
2022-06-13,195.21
2022-06-14,194.87
2022-06-15,194.81
2022-06-16,190.83
2022-06-17,193.93
2022-06-21,196.2
2022-06-22,197.26
2022-06-23,197.88
2022-06-24,204.95
2022-06-27,204.69
2022-06-28,198.97
2022-06-29,199.87
2022-06-30,197.39
2022-07-01,199.44
2022-07-05,200.82
2022-07-06,202.13
2022-07-07,201.31
2022-07-08,201.27
2022-07-11,199.24
2022-07-12,196.84
2022-07-13,193.72
2022-07-14,193.24
2022-07-15,194.9
2022-07-18,191.64
2022-07-19,198.47
2022-07-20,199.84
2022-07-21,201.91
2022-07-22,202.18
2022-07-25,201.58
2022-07-26,200.77
2022-07-27,203.19
2022-07-28,204.63
2022-07-29,206.94
2022-08-01,203.82
2022-08-02,205.52
2022-08-03,208.32
2022-08-04,210.09
2022-08-05,208.81
2022-08-08,210.68
2022-08-09,211.36
2022-08-10,215.37
2022-08-11,216.45
2022-08-12,219.8
2022-08-15,219.81
2022-08-16,219.46
2022-08-17,219.07
2022-08-18,220.77
2022-08-19,216.26
2022-08-22,211.62
2022-08-23,208.94
2022-08-24,209.74
2022-08-25,213.06
2022-08-26,207.81
2022-08-29,206.39
2022-08-30,206.3
2022-08-31,206.83
2022-09-01,207.09
2022-09-02,204.75
2022-09-06,204.92
2022-09-07,210.25
2022-09-08,211.24
2022-09-09,213.8
2022-09-12,215.04
2022-09-13,206.29
2022-09-14,207.0
2022-09-15,206.75
2022-09-16,206.0
2022-09-19,208.76
2022-09-20,208.35
2022-09-21,205.02
2022-09-22,203.4
2022-09-23,200.34
2022-09-26,203.52
2022-09-27,203.55
2022-09-28,206.91
2022-09-29,202.28
2022-09-30,200.94
2022-10-03,206.67
2022-10-04,213.11
2022-10-05,212.68
2022-10-06,210.62
2022-10-07,204.93
2022-10-10,205.92
2022-10-11,202.08
2022-10-12,201.05
2022-10-13,207.06
2022-10-14,202.03
2022-10-17,207.07
2022-10-18,210.33
2022-10-19,208.56
2022-10-20,205.48
2022-10-21,210.72
2022-10-24,212.15
2022-10-25,211.47
2022-10-26,210.95
2022-10-27,212.69
2022-10-28,221.37
2022-10-31,218.21
2022-11-01,221.2
2022-11-02,220.13
2022-11-03,217.96
2022-11-04,221.21
2022-11-07,224.69
2022-11-08,225.69
2022-11-09,223.48
2022-11-10,232.12
2022-11-11,233.89
2022-11-14,232.4
2022-11-15,233.0
2022-11-16,233.44
2022-11-17,231.5
2022-11-18,232.73
2022-11-21,236.93
2022-11-22,239.12
2022-11-23,241.31
2022-11-25,244.02
2022-11-28,239.57
2022-11-29,238.5
2022-11-30,246.16
2022-12-01,246.61
2022-12-02,247.56
2022-12-05,246.66
2022-12-06,246.8
2022-12-07,244.19
2022-12-08,245.75
2022-12-09,244.53
2022-12-12,245.06
2022-12-13,247.04
2022-12-14,245.63
2022-12-15,244.42
2022-12-16,240.56
2022-12-19,239.31
2022-12-20,239.85
2022-12-21,243.6
2022-12-22,242.3
2022-12-23,244.39
2022-12-27,244.58
2022-12-28,241.74
2022-12-29,245.24
2022-12-30,244.58
2023-01-03,245.18
2023-01-04,246.49
2023-01-05,246.44
2023-01-06,253.43
2023-01-09,255.06
2023-01-10,253.38
2023-01-11,257.18
2023-01-12,254.73
2023-01-13,254.65
2023-01-17,252.2
2023-01-18,251.29
2023-01-19,251.72
2023-01-20,253.05
2023-01-23,253.6
2023-01-24,252.74
2023-01-25,253.57
2023-01-26,253.5
2023-01-27,250.61
2023-01-30,249.81
2023-01-31,254.19
2023-02-01,253.23
2023-02-02,254.76
2023-02-03,252.39
2023-02-06,253.73
2023-02-07,256.18
2023-02-08,257.12
2023-02-09,238.97
2023-02-10,244.7
2023-02-13,247.72
2023-02-14,241.48
2023-02-15,242.41
2023-02-16,242.36
2023-02-17,240.89
2023-02-21,237.13
2023-02-22,236.55
2023-02-23,237.2
2023-02-24,234.7
2023-02-27,236.62
2023-02-28,234.36
2023-03-01,232.39
2023-03-02,237.62
2023-03-03,240.85
2023-03-06,239.01
2023-03-07,237.79
2023-03-08,239.08
2023-03-09,234.51
2023-03-10,230.91
2023-03-13,227.49
2023-03-14,227.6
2023-03-15,219.72
2023-03-16,228.45
2023-03-17,223.34
2023-03-20,227.6
2023-03-21,229.78
2023-03-22,225.91
2023-03-23,226.19
2023-03-24,226.22
2023-03-27,227.45
2023-03-28,229.39
2023-03-29,230.4
2023-03-30,229.0
2023-03-31,232.38
2023-04-03,233.35
2023-04-04,234.23
2023-04-05,236.06
2023-04-06,236.73
2023-04-10,234.77
2023-04-11,236.84
2023-04-12,237.2
2023-04-13,236.9
2023-04-14,237.46
2023-04-17,237.97
2023-04-18,238.41
2023-04-19,237.85
2023-04-20,241.49
2023-04-21,241.26
2023-04-24,240.26
2023-04-25,239.59
2023-04-26,237.77
2023-04-27,225.81
2023-04-28,231.6
2023-05-01,233.24
2023-05-02,227.49
2023-05-03,226.15
2023-05-04,224.29
2023-05-05,227.82
2023-05-08,229.2
2023-05-09,228.87
2023-05-10,228.07
2023-05-11,228.34
2023-05-12,229.3
2023-05-15,229.75
2023-05-16,227.39
2023-05-17,226.84
2023-05-18,227.5
2023-05-19,229.67
2023-05-22,229.95
2023-05-23,221.41
2023-05-24,220.62
2023-05-25,219.59
2023-05-26,221.02
2023-05-30,221.29
2023-05-31,218.85
2023-06-01,220.22
2023-06-02,224.53
2023-06-05,223.67
2023-06-06,224.23
2023-06-07,224.51
2023-06-08,226.13
2023-06-09,225.7
2023-06-12,225.15
2023-06-13,226.19
2023-06-14,228.4
2023-06-15,232.67
2023-06-16,235.0
2023-06-20,232.64
2023-06-21,232.72
2023-06-22,235.4
2023-06-23,232.52
2023-06-26,231.79
2023-06-27,233.09
2023-06-28,232.71
2023-06-29,232.55
2023-06-30,235.5
2023-07-03,233.48
2023-07-05,232.0
2023-07-06,231.25
2023-07-07,230.84
2023-07-10,232.95
2023-07-11,235.08
2023-07-12,231.75
2023-07-13,231.66
2023-07-14,229.87
2023-07-17,229.64
2023-07-18,228.35
2023-07-19,226.72
2023-07-20,232.11
2023-07-21,233.59
2023-07-24,232.25
2023-07-25,233.0
2023-07-26,232.93
2023-07-27,212.25
2023-07-28,209.1
2023-07-31,211.33
2023-08-01,212.6
2023-08-02,213.16
2023-08-03,213.79
2023-08-04,212.76
2023-08-07,211.6
2023-08-08,203.44
2023-08-09,202.29
2023-08-10,201.16
2023-08-11,203.87
2023-08-14,201.91
2023-08-15,196.5
2023-08-16,196.44
2023-08-17,196.4
2023-08-18,198.94
2023-08-21,200.92
2023-08-22,200.49
2023-08-23,202.77
2023-08-24,205.15
2023-08-25,205.6
2023-08-28,206.5
2023-08-29,207.63
2023-08-30,208.55
2023-08-31,206.76
2023-09-01,207.87
2023-09-05,204.12
2023-09-06,204.54
2023-09-07,203.86
2023-09-08,202.82
2023-09-11,202.57
2023-09-12,203.58
2023-09-13,203.2
2023-09-14,205.23
2023-09-15,205.07
2023-09-18,208.35
2023-09-19,213.36
2023-09-20,214.78
2023-09-21,212.32
2023-09-22,212.95
2023-09-25,213.9
2023-09-26,213.24
2023-09-27,211.61
2023-09-28,211.88
2023-09-29,208.96
2023-10-02,208.14
2023-10-03,206.55
2023-10-04,208.6
2023-10-05,208.58
2023-10-06,209.18
2023-10-09,209.04
2023-10-10,208.46
2023-10-11,210.6
2023-10-12,210.35
2023-10-13,213.24
2023-10-16,215.07
2023-10-17,215.35
2023-10-18,211.42
2023-10-19,207.36
2023-10-20,205.85
2023-10-23,203.53
2023-10-24,207.89
2023-10-25,207.74
2023-10-26,229.08
2023-10-27,228.92
2023-10-30,232.79
2023-10-31,235.89
2023-11-01,235.42
2023-11-02,235.01
2023-11-03,236.26
2023-11-06,235.91
2023-11-07,236.48
2023-11-08,234.07
2023-11-09,238.16
2023-11-10,240.21
2023-11-13,243.53
2023-11-14,242.34
2023-11-15,241.44
2023-11-16,242.63
2023-11-17,242.03
2023-11-20,241.9
2023-11-21,242.97
2023-11-22,244.47
2023-11-24,244.28
2023-11-27,245.04
2023-11-28,241.67
2023-11-29,240.77
2023-11-30,246.3
2023-12-01,245.41
2023-12-04,244.0
2023-12-05,242.97
2023-12-06,241.5
2023-12-07,242.72
2023-12-08,242.66
2023-12-11,244.79
2023-12-12,246.49
2023-12-13,247.6
2023-12-14,237.93
2023-12-15,236.73
2023-12-18,238.72
2023-12-19,238.47
2023-12-20,235.52
2023-12-21,238.35
2023-12-22,240.09
2023-12-26,239.09
2023-12-27,239.3
2023-12-28,239.32
2023-12-29,241.2
2024-01-02,239.95
2024-01-03,240.63
2024-01-04,239.49
2024-01-05,238.87
2024-01-08,242.17
2024-01-09,239.87
2024-01-10,245.44
2024-01-11,247.07
2024-01-12,248.4
2024-01-16,245.79
2024-01-17,247.07
2024-01-18,247.77
2024-01-19,250.76
2024-01-22,249.1
2024-01-23,250.99
2024-01-24,250.99
2024-01-25,250.72
2024-01-26,249.48
2024-01-29,246.44
2024-01-30,247.78
2024-01-31,246.3
2024-02-01,247.28
2024-02-02,250.45
2024-02-05,250.46
2024-02-06,268.45
2024-02-07,271.79
2024-02-08,270.11
2024-02-09,271.86
2024-02-12,272.2
2024-02-13,270.86
2024-02-14,275.16
2024-02-15,277.44
2024-02-16,277.31
2024-02-20,275.64
2024-02-21,275.0
2024-02-22,277.38
2024-02-23,277.57
2024-02-26,275.02
2024-02-27,275.06
2024-02-28,275.18
2024-02-29,272.61
2024-03-01,271.18
2024-03-04,272.09
2024-03-05,271.73
2024-03-06,274.87
2024-03-07,274.36
2024-03-08,273.71
2024-03-11,271.97
2024-03-12,274.98
2024-03-13,274.9
2024-03-14,274.0
2024-03-15,271.95
2024-03-18,273.82
2024-03-19,272.94
2024-03-20,274.71
2024-03-21,274.51
2024-03-22,273.21
2024-03-25,273.72
2024-03-26,274.14
2024-03-27,275.92
2024-03-28,275.0
2024-04-01,273.44
2024-04-02,267.81
2024-04-03,269.3
2024-04-04,266.32
2024-04-05,270.94
2024-04-08,267.915
