WRK,Date
43.67324447631836,2015-06-24
42.653411865234375,2015-06-25
42.653411865234375,2015-06-26
41.895450592041016,2015-06-29
41.964351654052734,2015-06-30
42.997962951660156,2015-07-01
44.78266143798828,2015-07-02
43.928192138671875,2015-07-06
43.04619216918945,2015-07-07
41.144371032714844,2015-07-08
41.00654983520508,2015-07-09
42.308895111083984,2015-07-10
42.805015563964844,2015-07-13
42.85325241088867,2015-07-14
42.46049118041992,2015-07-15
42.94284439086914,2015-07-16
42.550071716308594,2015-07-17
42.41225814819336,2015-07-20
41.2408332824707,2015-07-21
41.4406623840332,2015-07-22
41.2408332824707,2015-07-23
40.593101501464844,2015-07-24
40.09696960449219,2015-07-27
40.88941192626953,2015-07-28
40.923858642578125,2015-07-29
43.29425048828125,2015-07-30
43.452735900878906,2015-07-31
43.52854919433594,2015-08-03
43.11510467529297,2015-08-04
43.23912811279297,2015-08-05
42.54318618774414,2015-08-06
43.108211517333984,2015-08-07
43.659324645996094,2015-08-10
43.95047378540039,2015-08-11
43.88809585571289,2015-08-12
43.7633056640625,2015-08-13
43.83262634277344,2015-08-14
43.90888977050781,2015-08-17
43.78410720825195,2015-08-18
43.02849197387695,2015-08-19
42.064910888671875,2015-08-20
40.907230377197266,2015-08-21
39.13949203491211,2015-08-24
38.47400665283203,2015-08-25
39.132564544677734,2015-08-26
41.052791595458984,2015-08-27
41.77375030517578,2015-08-28
41.142913818359375,2015-08-31
40.505157470703125,2015-09-01
40.32490539550781,2015-09-02
40.70619201660156,2015-09-03
39.756465911865234,2015-09-04
40.62300109863281,2015-09-08
40.380374908447266,2015-09-09
40.72003936767578,2015-09-10
40.726985931396484,2015-09-11
41.302364349365234,2015-09-14
41.371681213378906,2015-09-15
40.75471496582031,2015-09-16
40.019893646240234,2015-09-17
38.612640380859375,2015-09-18
38.72355651855469,2015-09-21
37.39257049560547,2015-09-22
36.595359802246094,2015-09-23
36.26262283325195,2015-09-24
36.01304626464844,2015-09-25
34.640464782714844,2015-09-28
35.056400299072266,2015-09-29
35.65950393676758,2015-09-30
36.04771041870117,2015-10-01
36.74787139892578,2015-10-02
37.50348663330078,2015-10-05
37.649051666259766,2015-10-06
37.47576141357422,2015-10-07
37.565879821777344,2015-10-08
39.908973693847656,2015-10-09
39.049381256103516,2015-10-12
38.501731872558594,2015-10-13
38.65425109863281,2015-10-14
38.827552795410156,2015-10-15
38.67502975463867,2015-10-16
37.62133026123047,2015-10-19
37.26778793334961,2015-10-20
36.44284439086914,2015-10-21
36.39432144165039,2015-10-22
36.99742889404297,2015-10-23
36.92118835449219,2015-10-26
36.78946304321289,2015-10-27
37.718379974365234,2015-10-28
37.47576141357422,2015-10-29
37.26778793334961,2015-10-30
37.50348663330078,2015-11-02
36.893463134765625,2015-11-03
36.91424560546875,2015-11-04
35.61791229248047,2015-11-05
37.1984748840332,2015-11-06
35.9783821105957,2015-11-09
35.58325958251953,2015-11-10
35.74269104003906,2015-11-11
34.15519714355469,2015-11-12
33.656089782714844,2015-11-13
33.226287841796875,2015-11-16
33.36252975463867,2015-11-17
34.63414001464844,2015-11-18
35.06034851074219,2015-11-19
35.011436462402344,2015-11-20
35.21406936645508,2015-11-23
35.2839469909668,2015-11-24
35.130218505859375,2015-11-25
35.22104263305664,2015-11-27
35.374759674072266,2015-11-30
35.64725112915039,2015-12-01
35.19309997558594,2015-12-02
35.304893493652344,2015-12-03
35.22804260253906,2015-12-04
34.20794677734375,2015-12-07
33.537200927734375,2015-12-08
33.572139739990234,2015-12-09
32.775634765625,2015-12-10
31.97213363647461,2015-12-11
30.847248077392578,2015-12-14
30.44200325012207,2015-12-15
31.385236740112305,2015-12-16
31.35029411315918,2015-12-17
30.805315017700195,2015-12-18
31.07781410217285,2015-12-21
30.7703857421875,2015-12-22
31.797462463378906,2015-12-23
31.797462463378906,2015-12-24
31.881311416625977,2015-12-28
32.04899215698242,2015-12-29
31.97213363647461,2015-12-30
31.874317169189453,2015-12-31
31.804441452026367,2016-01-04
31.783489227294922,2016-01-05
30.90312385559082,2016-01-06
30.5957088470459,2016-01-07
29.296146392822266,2016-01-08
27.779983520507812,2016-01-11
26.79482650756836,2016-01-12
26.5223331451416,2016-01-13
26.89963722229004,2016-01-14
25.88652801513672,2016-01-15
25.474306106567383,2016-01-19
25.187843322753906,2016-01-20
25.439363479614258,2016-01-21
26.368629455566406,2016-01-22
22.43498992919922,2016-01-25
22.414031982421875,2016-01-26
22.777347564697266,2016-01-27
22.11359214782715,2016-01-28
24.649843215942383,2016-01-29
24.461196899414062,2016-02-01
23.30835723876953,2016-02-02
23.273422241210938,2016-02-03
24.05595588684082,2016-02-04
23.3363037109375,2016-02-05
22.49088478088379,2016-02-08
22.84023094177246,2016-02-09
22.158172607421875,2016-02-10
21.161577224731445,2016-02-11
21.931995391845703,2016-02-12
22.271255493164062,2016-02-16
23.119422912597656,2016-02-17
23.133560180664062,2016-02-18
22.306598663330078,2016-02-19
22.864967346191406,2016-02-22
23.027536392211914,2016-02-23
22.836698532104492,2016-02-24
22.914443969726562,2016-02-25
23.720197677612305,2016-02-26
23.868623733520508,2016-02-29
25.02071189880371,2016-03-01
26.080909729003906,2016-03-02
26.632211685180664,2016-03-03
25.98195457458496,2016-03-04
25.614412307739258,2016-03-07
24.99243927001953,2016-03-08
25.162071228027344,2016-03-09
24.76626205444336,2016-03-10
26.12331771850586,2016-03-11
26.872528076171875,2016-03-14
26.165719985961914,2016-03-15
26.851316452026367,2016-03-16
27.840837478637695,2016-03-17
27.86910629272461,2016-03-18
28.349742889404297,2016-03-21
28.406278610229492,2016-03-22
27.70654296875,2016-03-23
27.232990264892578,2016-03-24
27.183513641357422,2016-03-28
27.53692054748535,2016-03-29
27.035078048706055,2016-03-30
27.586389541625977,2016-03-31
27.70654296875,2016-04-01
26.74530601501465,2016-04-04
25.77698516845703,2016-04-05
26.398967742919922,2016-04-06
26.151594161987305,2016-04-07
26.285877227783203,2016-04-08
26.314149856567383,2016-04-11
26.815994262695312,2016-04-12
27.642934799194336,2016-04-13
27.07750129699707,2016-04-14
27.29660415649414,2016-04-15
27.572254180908203,2016-04-18
28.123563766479492,2016-04-19
27.953933715820312,2016-04-20
27.85497283935547,2016-04-21
28.795021057128906,2016-04-22
28.088218688964844,2016-04-25
28.837434768676758,2016-04-26
29.424083709716797,2016-04-27
29.508872985839844,2016-04-28
29.579572677612305,2016-04-29
29.204965591430664,2016-05-02
28.222517013549805,2016-05-03
27.797983169555664,2016-05-04
28.67557716369629,2016-05-05
29.182161331176758,2016-05-06
29.66021728515625,2016-05-09
30.273826599121094,2016-05-10
30.523557662963867,2016-05-11
30.330909729003906,2016-05-12
30.366586685180664,2016-05-13
31.383556365966797,2016-05-16
30.068986892700195,2016-05-17
29.617597579956055,2016-05-18
29.300819396972656,2016-05-19
30.013553619384766,2016-05-20
30.132343292236328,2016-05-23
30.639162063598633,2016-05-24
31.201425552368164,2016-05-25
31.138071060180664,2016-05-26
31.50234603881836,2016-05-27
31.36772918701172,2016-05-31
31.351882934570312,2016-06-01
31.5736141204834,2016-06-02
31.470664978027344,2016-06-03
31.86663055419922,2016-06-06
31.80328369140625,2016-06-07
32.048770904541016,2016-06-08
31.914138793945312,2016-06-09
30.884645462036133,2016-06-10
30.068986892700195,2016-06-13
29.96603012084961,2016-06-14
30.385751724243164,2016-06-15
30.837142944335938,2016-06-16
31.46274185180664,2016-06-17
32.270503997802734,2016-06-20
32.389286041259766,2016-06-21
32.04085159301758,2016-06-22
32.87236022949219,2016-06-23
30.559974670410156,2016-06-24
28.405967712402344,2016-06-27
29.514638900756836,2016-06-28
30.07689666748047,2016-06-29
30.781707763671875,2016-06-30
30.924251556396484,2016-07-01
29.332496643066406,2016-07-05
29.63343048095703,2016-07-06
29.42752456665039,2016-07-07
30.52829360961914,2016-07-08
30.781707763671875,2016-07-11
31.470664978027344,2016-07-12
31.36772918701172,2016-07-13
31.842866897583008,2016-07-14
33.66426467895508,2016-07-15
34.25029754638672,2016-07-18
33.98896789550781,2016-07-19
34.51162338256836,2016-07-20
34.28196334838867,2016-07-21
34.15525436401367,2016-07-22
33.92560958862305,2016-07-25
34.55121994018555,2016-07-26
34.24238204956055,2016-07-27
33.87016296386719,2016-07-28
33.98103332519531,2016-07-29
33.19704055786133,2016-08-01
32.476402282714844,2016-08-02
33.220802307128906,2016-08-03
34.622493743896484,2016-08-04
34.90758514404297,2016-08-05
34.85213851928711,2016-08-08
34.7095947265625,2016-08-09
35.033084869384766,2016-08-10
36.159324645996094,2016-08-11
35.520320892333984,2016-08-12
35.14491271972656,2016-08-15
35.831844329833984,2016-08-16
36.33504867553711,2016-08-17
36.39894485473633,2016-08-18
36.27116012573242,2016-08-19
35.42448425292969,2016-08-22
35.68806076049805,2016-08-23
35.520320892333984,2016-08-24
37.59707260131836,2016-08-25
38.379844665527344,2016-08-26
38.81116485595703,2016-08-29
38.771240234375,2016-08-30
38.260032653808594,2016-08-31
38.74726486206055,2016-09-01
38.77922439575195,2016-09-02
39.00287628173828,2016-09-06
39.20254898071289,2016-09-07
38.491676330566406,2016-09-08
37.13380813598633,2016-09-09
37.772804260253906,2016-09-12
37.18971633911133,2016-09-13
36.71845245361328,2016-09-14
37.165740966796875,2016-09-15
38.11626434326172,2016-09-16
38.07632064819336,2016-09-19
37.73286819458008,2016-09-20
38.57154846191406,2016-09-21
38.6274528503418,2016-09-22
38.65940475463867,2016-09-23
38.092288970947266,2016-09-26
38.02041244506836,2016-09-27
38.132240295410156,2016-09-28
37.78876876831055,2016-09-29
38.723297119140625,2016-09-30
38.507659912109375,2016-10-03
38.236061096191406,2016-10-04
37.173736572265625,2016-10-05
37.90060043334961,2016-10-06
37.141788482666016,2016-10-07
37.525184631347656,2016-10-10
36.47084045410156,2016-10-11
36.74241638183594,2016-10-12
35.98360061645508,2016-10-13
37.30952835083008,2016-10-14
38.01242446899414,2016-10-17
38.18015670776367,2016-10-18
38.85910415649414,2016-10-19
37.46926498413086,2016-10-20
37.0938720703125,2016-10-21
37.708892822265625,2016-10-24
37.50920867919922,2016-10-25
37.501220703125,2016-10-26
37.00600814819336,2016-10-27
36.87022018432617,2016-10-28
36.8941650390625,2016-10-31
36.1912727355957,2016-11-01
36.606632232666016,2016-11-02
36.43888854980469,2016-11-03
37.02197265625,2016-11-04
36.159324645996094,2016-11-07
36.49479675292969,2016-11-08
38.092288970947266,2016-11-09
38.643436431884766,2016-11-10
38.29997253417969,2016-11-11
39.47412872314453,2016-11-14
39.65784454345703,2016-11-15
39.9693489074707,2016-11-16
40.08208465576172,2016-11-17
40.47661590576172,2016-11-18
40.62961196899414,2016-11-21
40.84701919555664,2016-11-22
40.95167541503906,2016-11-23
41.152976989746094,2016-11-25
40.999996185302734,2016-11-28
40.975830078125,2016-11-29
41.22544479370117,2016-11-30
40.999996185302734,2016-12-01
41.07246398925781,2016-12-02
41.48310470581055,2016-12-05
41.684391021728516,2016-12-06
42.50568389892578,2016-12-07
42.45737075805664,2016-12-08
42.231910705566406,2016-12-09
41.120765686035156,2016-12-12
41.16102981567383,2016-12-13
41.442840576171875,2016-12-14
42.15945816040039,2016-12-15
42.44932174682617,2016-12-16
42.119197845458984,2016-12-19
42.25607681274414,2016-12-20
42.12725830078125,2016-12-21
41.491153717041016,2016-12-22
41.78102111816406,2016-12-23
42.08698654174805,2016-12-27
41.491153717041016,2016-12-28
41.55556106567383,2016-12-29
40.879215240478516,2016-12-30
41.241554260253906,2017-01-03
41.861541748046875,2017-01-04
42.05477523803711,2017-01-05
42.26413345336914,2017-01-06
42.0306282043457,2017-01-09
41.93400955200195,2017-01-10
42.215824127197266,2017-01-11
42.03868103027344,2017-01-12
42.151405334472656,2017-01-13
41.434783935546875,2017-01-17
41.6119384765625,2017-01-18
41.289852142333984,2017-01-19
42.03868103027344,2017-01-20
42.8036003112793,2017-01-23
43.52021408081055,2017-01-24
44.78435516357422,2017-01-25
43.81813049316406,2017-01-26
43.40748977661133,2017-01-27
43.28670883178711,2017-01-30
42.96464920043945,2017-01-31
42.84385299682617,2017-02-01
43.206199645996094,2017-02-02
43.74567413330078,2017-02-03
43.6409912109375,2017-02-06
43.399444580078125,2017-02-07
43.82125473022461,2017-02-08
42.434104919433594,2017-02-09
42.57200622558594,2017-02-10
42.75048065185547,2017-02-13
43.41565704345703,2017-02-14
43.691471099853516,2017-02-15
44.07274627685547,2017-02-16
42.7180290222168,2017-02-17
43.66714096069336,2017-02-21
43.14796447753906,2017-02-22
43.26964569091797,2017-02-23
43.342647552490234,2017-02-24
43.58601760864258,2017-02-27
43.577903747558594,2017-02-28
44.25931167602539,2017-03-01
43.84560012817383,2017-03-02
43.83749008178711,2017-03-03
42.31242752075195,2017-03-06
41.29031753540039,2017-03-07
41.61478805541992,2017-03-08
41.31464385986328,2017-03-09
41.56610870361328,2017-03-10
41.631004333496094,2017-03-13
41.26597213745117,2017-03-14
42.01228332519531,2017-03-15
42.547664642333984,2017-03-16
42.49089050292969,2017-03-17
43.066856384277344,2017-03-20
41.76081085205078,2017-03-21
42.555789947509766,2017-03-22
42.92082977294922,2017-03-23
42.507110595703125,2017-03-24
41.858150482177734,2017-03-27
42.880271911621094,2017-03-28
42.20696258544922,2017-03-29
42.63690185546875,2017-03-30
42.20696258544922,2017-03-31
41.55801010131836,2017-04-03
41.817588806152344,2017-04-04
41.858150482177734,2017-04-05
42.07717514038086,2017-04-06
41.43632125854492,2017-04-07
41.52555847167969,2017-04-10
41.36331558227539,2017-04-11
40.42232131958008,2017-04-12
40.024818420410156,2017-04-13
40.68190383911133,2017-04-17
41.0712776184082,2017-04-18
42.91271209716797,2017-04-19
43.05874252319336,2017-04-20
43.01006317138672,2017-04-21
43.82125473022461,2017-04-24
44.09707260131836,2017-04-25
43.521114349365234,2017-04-26
44.04029083251953,2017-04-27
43.448116302490234,2017-04-28
43.89427947998047,2017-05-01
43.95916748046875,2017-05-02
44.12261199951172,2017-05-03
44.2206916809082,2017-05-04
44.96437072753906,2017-05-05
44.62929916381836,2017-05-08
43.64863204956055,2017-05-09
44.2206916809082,2017-05-10
44.35960388183594,2017-05-11
43.8692741394043,2017-05-12
44.13078689575195,2017-05-15
43.95916748046875,2017-05-16
42.61072540283203,2017-05-17
42.16124725341797,2017-05-18
42.4881477355957,2017-05-19
42.749664306640625,2017-05-22
43.06837844848633,2017-05-23
44.38413619995117,2017-05-24
45.18502426147461,2017-05-25
45.070613861083984,2017-05-26
44.98888397216797,2017-05-30
44.47402572631836,2017-05-31
45.16867446899414,2017-06-01
45.029747009277344,2017-06-02
44.66199493408203,2017-06-05
44.228858947753906,2017-06-06
45.552791595458984,2017-06-07
45.3239631652832,2017-06-08
46.82767105102539,2017-06-09
46.80316925048828,2017-06-12
46.97477340698242,2017-06-13
46.4190559387207,2017-06-14
46.87670135498047,2017-06-15
46.98295593261719,2017-06-16
47.35887908935547,2017-06-19
46.77863311767578,2017-06-20
46.56615447998047,2017-06-21
46.45991134643555,2017-06-22
46.835845947265625,2017-06-23
46.60701370239258,2017-06-26
46.35367202758789,2017-06-27
46.32916259765625,2017-06-28
46.01860427856445,2017-06-29
46.30464172363281,2017-06-30
46.680572509765625,2017-07-03
46.680572509765625,2017-07-05
46.10032272338867,2017-07-06
46.835845947265625,2017-07-07
47.636741638183594,2017-07-10
47.293495178222656,2017-07-11
47.91460037231445,2017-07-12
48.780860900878906,2017-07-13
48.74818420410156,2017-07-14
48.81355285644531,2017-07-17
48.31503677368164,2017-07-18
48.62559509277344,2017-07-19
48.14341354370117,2017-07-20
47.971805572509766,2017-07-21
47.906429290771484,2017-07-24
48.07804489135742,2017-07-25
47.52233123779297,2017-07-26
47.98815155029297,2017-07-27
46.84402084350586,2017-07-28
46.92573928833008,2017-07-31
47.21177291870117,2017-08-01
47.113704681396484,2017-08-02
46.24742889404297,2017-08-03
46.8521842956543,2017-08-04
46.713260650634766,2017-08-07
46.22291946411133,2017-08-08
46.20645523071289,2017-08-09
45.45747375488281,2017-08-10
45.770233154296875,2017-08-11
46.53568649291992,2017-08-14
46.34637451171875,2017-08-15
47.16120147705078,2017-08-16
46.148841857910156,2017-08-17
46.329917907714844,2017-08-18
44.71671676635742,2017-08-21
45.12825393676758,2017-08-22
44.93894577026367,2017-08-23
45.00478744506836,2017-08-24
45.45747375488281,2017-08-25
45.40808868408203,2017-08-28
45.48215866088867,2017-08-29
46.20645523071289,2017-08-30
46.8402099609375,2017-08-31
47.679725646972656,2017-09-01
46.782596588134766,2017-09-05
46.741451263427734,2017-09-06
46.47806167602539,2017-09-07
46.47806167602539,2017-09-08
47.53157043457031,2017-09-11
47.712650299072266,2017-09-12
47.18589782714844,2017-09-13
47.25996398925781,2017-09-14
47.37519836425781,2017-09-15
47.52334213256836,2017-09-18
47.194129943847656,2017-09-19
47.94310760498047,2017-09-20
47.416351318359375,2017-09-21
45.819618225097656,2017-09-22
45.44101333618164,2017-09-25
45.76200866699219,2017-09-26
46.36284255981445,2017-09-27
46.73321533203125,2017-09-28
46.692054748535156,2017-09-29
47.79496383666992,2017-10-02
47.7867317199707,2017-10-03
47.89373016357422,2017-10-04
47.64680862426758,2017-10-05
47.877262115478516,2017-10-06
48.18179702758789,2017-10-09
48.535701751708984,2017-10-10
48.206485748291016,2017-10-11
48.321712493896484,2017-10-12
48.44517517089844,2017-10-13
48.667396545410156,2017-10-16
49.05423355102539,2017-10-17
49.05423355102539,2017-10-18
49.05423355102539,2017-10-19
49.819671630859375,2017-10-20
50.00897979736328,2017-10-23
50.264137268066406,2017-10-24
50.18182373046875,2017-10-25
49.77029800415039,2017-10-26
50.06660079956055,2017-10-27
49.64684295654297,2017-10-30
50.478118896484375,2017-10-31
50.478118896484375,2017-11-01
49.23530960083008,2017-11-02
49.3422966003418,2017-11-03
48.78262710571289,2017-11-06
48.519248962402344,2017-11-07
48.840232849121094,2017-11-08
48.939720153808594,2017-11-09
48.63297653198242,2017-11-10
48.782203674316406,2017-11-13
48.63297653198242,2017-11-14
48.715877532958984,2017-11-15
49.03921890258789,2017-11-16
49.32939529418945,2017-11-17
48.458866119384766,2017-11-20
48.63297653198242,2017-11-21
48.740753173828125,2017-11-22
48.79878616333008,2017-11-24
48.65784454345703,2017-11-27
49.14699172973633,2017-11-28
49.95947265625,2017-11-29
51.741966247558594,2017-11-30
51.733680725097656,2017-12-01
52.62077713012695,2017-12-04
52.48813247680664,2017-12-05
52.57932662963867,2017-12-06
52.69539260864258,2017-12-07
53.40839767456055,2017-12-08
53.40839767456055,2017-12-11
53.01043701171875,2017-12-12
53.30891036987305,2017-12-13
51.8580322265625,2017-12-14
52.32231140136719,2017-12-15
52.94411087036133,2017-12-18
52.562747955322266,2017-12-19
52.836334228515625,2017-12-20
52.92753219604492,2017-12-21
52.836334228515625,2017-12-22
52.438392639160156,2017-12-26
52.29743957519531,2017-12-27
52.39693069458008,2017-12-28
52.405216217041016,2017-12-29
53.64882278442383,2018-01-02
54.22087860107422,2018-01-03
55.58055114746094,2018-01-04
55.80438995361328,2018-01-05
56.17747497558594,2018-01-08
55.879005432128906,2018-01-09
55.887298583984375,2018-01-10
56.59200668334961,2018-01-11
57.37131118774414,2018-01-12
56.948490142822266,2018-01-16
57.42934036254883,2018-01-17
56.40131378173828,2018-01-18
57.33815383911133,2018-01-19
57.02311325073242,2018-01-22
56.71636962890625,2018-01-23
56.99824905395508,2018-01-24
57.28010940551758,2018-01-25
58.25843048095703,2018-01-26
56.71636962890625,2018-01-29
56.50910186767578,2018-01-30
55.24061584472656,2018-01-31
54.9504508972168,2018-02-01
55.74635314941406,2018-02-02
53.02702331542969,2018-02-05
53.51616668701172,2018-02-06
53.40839767456055,2018-02-07
50.51496124267578,2018-02-08
51.67564392089844,2018-02-09
52.454959869384766,2018-02-12
52.587608337402344,2018-02-13
53.30891036987305,2018-02-14
54.17693328857422,2018-02-15
55.35380172729492,2018-02-16
54.3438720703125,2018-02-20
54.36056137084961,2018-02-21
54.485748291015625,2018-02-22
55.178524017333984,2018-02-23
56.1967887878418,2018-02-26
55.637569427490234,2018-02-27
54.88639831542969,2018-02-28
54.22701644897461,2018-03-01
54.58591842651367,2018-03-02
55.086708068847656,2018-03-05
55.420562744140625,2018-03-06
55.25362014770508,2018-03-07
55.12841796875,2018-03-08
55.979774475097656,2018-03-09
55.963077545166016,2018-03-12
55.92970657348633,2018-03-13
55.25362014770508,2018-03-14
55.51237106323242,2018-03-15
55.39553451538086,2018-03-16
54.101806640625,2018-03-19
53.9015007019043,2018-03-20
54.118507385253906,2018-03-21
52.365745544433594,2018-03-22
50.94684600830078,2018-03-23
53.27550506591797,2018-03-26
52.95834732055664,2018-03-27
52.716304779052734,2018-03-28
53.559288024902344,2018-03-29
51.70638656616211,2018-04-02
52.724647521972656,2018-04-03
53.30055618286133,2018-04-04
53.79299545288086,2018-04-05
52.29063415527344,2018-04-06
52.58275604248047,2018-04-09
53.88481903076172,2018-04-10
53.62607192993164,2018-04-11
54.118507385253906,2018-04-12
54.252052307128906,2018-04-13
54.552520751953125,2018-04-16
55.170166015625,2018-04-17
55.387168884277344,2018-04-18
55.59584045410156,2018-04-19
55.312068939208984,2018-04-20
55.39553451538086,2018-04-23
54.00166320800781,2018-04-24
54.33551788330078,2018-04-25
53.70953369140625,2018-04-26
50.73818588256836,2018-04-27
49.377716064453125,2018-04-30
49.92858123779297,2018-05-01
48.87692642211914,2018-05-02
49.12076187133789,2018-05-03
49.95317459106445,2018-05-04
50.449256896972656,2018-05-07
50.541748046875,2018-05-08
50.85285186767578,2018-05-09
50.91170883178711,2018-05-10
51.315311431884766,2018-05-11
51.466651916503906,2018-05-14
51.172367095947266,2018-05-15
52.038414001464844,2018-05-16
52.36632537841797,2018-05-17
52.20657730102539,2018-05-18
51.618003845214844,2018-05-21
51.592777252197266,2018-05-22
51.09669494628906,2018-05-23
51.00419235229492,2018-05-24
50.41563034057617,2018-05-25
49.6336669921875,2018-05-29
50.24746322631836,2018-05-30
49.507537841796875,2018-05-31
50.55015182495117,2018-06-01
51.021026611328125,2018-06-04
51.09669494628906,2018-06-05
51.214412689208984,2018-06-06
50.92012023925781,2018-06-07
51.256446838378906,2018-06-08
51.6600456237793,2018-06-11
51.979557037353516,2018-06-12
50.86967086791992,2018-06-13
50.86967086791992,2018-06-14
50.289512634277344,2018-06-15
49.944766998291016,2018-06-18
49.17961883544922,2018-06-19
49.154388427734375,2018-06-20
48.29676055908203,2018-06-21
48.742401123046875,2018-06-22
48.96101760864258,2018-06-25
48.99464416503906,2018-06-26
48.355621337890625,2018-06-27
47.96043395996094,2018-06-28
47.943607330322266,2018-06-29
47.867942810058594,2018-07-02
47.582061767578125,2018-07-03
47.682960510253906,2018-07-05
47.859535217285156,2018-07-06
48.50696563720703,2018-07-09
48.860111236572266,2018-07-10
48.17904281616211,2018-07-11
48.675132751464844,2018-07-12
48.29676055908203,2018-07-13
47.96043395996094,2018-07-16
48.17063522338867,2018-07-17
48.46492004394531,2018-07-18
48.59104537963867,2018-07-19
48.34721755981445,2018-07-20
48.07814025878906,2018-07-23
48.313575744628906,2018-07-24
48.12018966674805,2018-07-25
47.41389083862305,2018-07-26
47.1868782043457,2018-07-27
48.17063522338867,2018-07-30
48.75080108642578,2018-07-31
48.02769088745117,2018-08-01
46.589900970458984,2018-08-02
46.934627532958984,2018-08-03
47.329811096191406,2018-08-06
47.69137191772461,2018-08-07
47.22892761230469,2018-08-08
47.0764045715332,2018-08-09
46.60190963745117,2018-08-10
46.3561897277832,2018-08-13
47.36448287963867,2018-08-14
46.56800842285156,2018-08-15
46.70357894897461,2018-08-16
46.873050689697266,2018-08-17
47.11029815673828,2018-08-20
47.02556228637695,2018-08-21
46.466346740722656,2018-08-22
46.44939041137695,2018-08-23
46.94084167480469,2018-08-24
47.52547836303711,2018-08-27
47.20349884033203,2018-08-28
47.398380279541016,2018-08-29
47.05097961425781,2018-08-30
46.66969680786133,2018-08-31
45.873226165771484,2018-09-04
46.75442886352539,2018-09-05
46.50023651123047,2018-09-06
46.5849609375,2018-09-07
47.093345642089844,2018-09-10
46.83915328979492,2018-09-11
46.67816925048828,2018-09-12
47.034027099609375,2018-09-13
47.296695709228516,2018-09-14
47.4068603515625,2018-09-17
47.58477783203125,2018-09-18
47.96607971191406,2018-09-19
48.16095733642578,2018-09-20
47.728824615478516,2018-09-21
46.983192443847656,2018-09-24
45.89863586425781,2018-09-25
45.49192428588867,2018-09-26
45.35636520385742,2018-09-27
45.28010559082031,2018-09-28
45.415687561035156,2018-10-01
45.220787048339844,2018-10-02
43.890525817871094,2018-10-03
43.71258544921875,2018-10-04
42.839866638183594,2018-10-05
41.62821578979492,2018-10-08
38.34066390991211,2018-10-09
36.96802520751953,2018-10-10
35.54454803466797,2018-10-11
36.103763580322266,2018-10-12
35.88346862792969,2018-10-15
36.52742385864258,2018-10-16
36.56132125854492,2018-10-17
36.17155838012695,2018-10-18
35.99361801147461,2018-10-19
34.12107849121094,2018-10-22
35.24799346923828,2018-10-23
33.917724609375,2018-10-24
35.205623626708984,2018-10-25
35.205623626708984,2018-10-26
34.68876647949219,2018-10-29
36.298648834228516,2018-10-30
36.4088020324707,2018-10-31
37.925472259521484,2018-11-01
37.849220275878906,2018-11-02
38.44234085083008,2018-11-05
39.59467315673828,2018-11-06
39.65398406982422,2018-11-07
39.65827178955078,2018-11-08
39.19623565673828,2018-11-09
38.323482513427734,2018-11-12
38.7855339050293,2018-11-13
38.98232650756836,2018-11-14
38.871089935302734,2018-11-15
39.487144470214844,2018-11-16
39.4186897277832,2018-11-19
39.12778091430664,2018-11-20
38.9737663269043,2018-11-21
38.776973724365234,2018-11-23
39.72671127319336,2018-11-26
39.837947845458984,2018-11-27
39.74382781982422,2018-11-28
39.65827178955078,2018-11-29
40.30854797363281,2018-11-30
40.4454460144043,2018-12-03
39.795166015625,2018-12-04
39.53847122192383,2018-12-06
38.751304626464844,2018-12-07
37.82722473144531,2018-12-10
37.81866455078125,2018-12-11
37.998348236083984,2018-12-12
37.527767181396484,2018-12-13
37.96412658691406,2018-12-14
34.38760757446289,2018-12-17
34.4389533996582,2018-12-18
33.67744064331055,2018-12-19
32.75336456298828,2018-12-20
31.606826782226562,2018-12-21
30.152263641357422,2018-12-24
31.92340660095215,2018-12-26
32.45390319824219,2018-12-27
31.889184951782227,2018-12-28
32.308433532714844,2018-12-31
33.27529525756836,2019-01-02
32.710575103759766,2019-01-03
34.122371673583984,2019-01-04
34.182247161865234,2019-01-07
34.08814239501953,2019-01-08
33.369415283203125,2019-01-09
34.473182678222656,2019-01-10
35.037879943847656,2019-01-11
34.39616012573242,2019-01-14
34.550174713134766,2019-01-15
34.49884033203125,2019-01-16
34.712745666503906,2019-01-17
35.440025329589844,2019-01-18
35.30314636230469,2019-01-22
35.1063346862793,2019-01-23
35.790836334228516,2019-01-24
36.18442153930664,2019-01-25
35.66249465942383,2019-01-28
35.4656982421875,2019-01-29
35.4742546081543,2019-01-30
34.832542419433594,2019-01-31
33.112728118896484,2019-02-01
32.51378631591797,2019-02-04
32.73625183105469,2019-02-05
33.06138229370117,2019-02-06
32.42823028564453,2019-02-07
32.351219177246094,2019-02-08
32.23143768310547,2019-02-11
33.121280670166016,2019-02-12
33.489192962646484,2019-02-13
33.22516632080078,2019-02-14
33.80518341064453,2019-02-15
33.98698043823242,2019-02-19
34.90460205078125,2019-02-20
33.98698043823242,2019-02-21
33.99563217163086,2019-02-22
34.34190368652344,2019-02-25
33.96099090576172,2019-02-26
33.415611267089844,2019-02-27
32.35947036743164,2019-02-28
32.50664138793945,2019-03-01
33.16456985473633,2019-03-04
33.35502243041992,2019-03-05
32.80097961425781,2019-03-06
32.38544845581055,2019-03-07
32.63649368286133,2019-03-08
33.58009719848633,2019-03-11
34.2380256652832,2019-03-12
34.26399612426758,2019-03-13
33.90040969848633,2019-03-14
32.50664138793945,2019-03-15
33.13859939575195,2019-03-18
33.29441452026367,2019-03-19
32.593223571777344,2019-03-20
32.9827766418457,2019-03-21
31.8140926361084,2019-03-22
31.69289207458496,2019-03-25
32.60187911987305,2019-03-26
32.51530075073242,2019-03-27
32.87888717651367,2019-03-28
33.19919967651367,2019-03-29
34.428470611572266,2019-04-01
33.7186164855957,2019-04-02
34.47176742553711,2019-04-03
33.917720794677734,2019-04-04
34.532352447509766,2019-04-05
34.246681213378906,2019-04-08
33.69263458251953,2019-04-09
33.753231048583984,2019-04-10
33.76189422607422,2019-04-11
34.229373931884766,2019-04-12
33.52815628051758,2019-04-15
31.926637649536133,2019-04-16
30.73198699951172,2019-04-17
30.723325729370117,2019-04-18
30.991687774658203,2019-04-22
31.59767723083496,2019-04-23
31.883350372314453,2019-04-24
31.69289207458496,2019-04-25
32.12574005126953,2019-04-26
32.07379913330078,2019-04-29
33.22516632080078,2019-04-30
32.887550354003906,2019-05-01
33.34635925292969,2019-05-02
34.01295471191406,2019-05-03
33.23382568359375,2019-05-06
33.155906677246094,2019-05-07
33.000091552734375,2019-05-08
32.54887390136719,2019-05-09
32.61897277832031,2019-05-10
31.646438598632812,2019-05-13
32.58391189575195,2019-05-14
32.80295181274414,2019-05-15
32.785430908203125,2019-05-16
32.119564056396484,2019-05-17
30.796581268310547,2019-05-20
31.488733291625977,2019-05-21
30.857912063598633,2019-05-22
30.38479232788086,2019-05-23
30.52496910095215,2019-05-24
29.806533813476562,2019-05-28
29.4648380279541,2019-05-29
29.053043365478516,2019-05-30
28.562408447265625,2019-05-31
29.12314224243164,2019-06-03
31.19083595275879,2019-06-04
31.436168670654297,2019-06-05
32.110801696777344,2019-06-06
31.90929412841797,2019-06-07
31.91804313659668,2019-06-10
31.988142013549805,2019-06-11
31.804140090942383,2019-06-12
32.5576286315918,2019-06-13
31.585107803344727,2019-06-14
30.980575561523438,2019-06-17
31.52377700805664,2019-06-18
31.409875869750977,2019-06-19
31.97937774658203,2019-06-20
32.172122955322266,2019-06-21
30.822866439819336,2019-06-24
30.35850715637207,2019-06-25
30.437358856201172,2019-06-26
31.322267532348633,2019-06-27
31.953102111816406,2019-06-28
32.81172180175781,2019-07-01
32.61897277832031,2019-07-02
33.398746490478516,2019-07-03
33.35493087768555,2019-07-05
33.1008415222168,2019-07-08
32.785430908203125,2019-07-09
32.76791000366211,2019-07-10
31.707761764526367,2019-07-11
32.373653411865234,2019-07-12
31.409875869750977,2019-07-15
31.374832153320312,2019-07-16
30.963037490844727,2019-07-17
30.875438690185547,2019-07-18
31.74281883239746,2019-07-19
31.269695281982422,2019-07-22
32.2159309387207,2019-07-23
32.23347091674805,2019-07-24
32.513832092285156,2019-07-25
32.10203170776367,2019-07-26
32.19840621948242,2019-07-29
32.54887390136719,2019-07-30
31.585107803344727,2019-07-31
32.6452522277832,2019-08-01
32.28602600097656,2019-08-02
30.81410026550293,2019-08-05
30.507457733154297,2019-08-06
30.48116683959961,2019-08-07
30.9117374420166,2019-08-08
30.467853546142578,2019-08-09
29.491315841674805,2019-08-12
30.76081085205078,2019-08-13
29.509071350097656,2019-08-14
28.940902709960938,2019-08-15
29.606725692749023,2019-08-16
30.16600799560547,2019-08-19
29.517946243286133,2019-08-20
29.80202865600586,2019-08-21
29.85529899597168,2019-08-22
28.710084915161133,2019-08-23
29.189476013183594,2019-08-26
28.683460235595703,2019-08-27
29.722129821777344,2019-08-28
30.281421661376953,2019-08-29
30.343563079833984,2019-08-30
29.30488395690918,2019-09-03
30.17488670349121,2019-09-04
31.009382247924805,2019-09-05
31.178054809570312,2019-09-06
31.914899826049805,2019-09-09
33.61051940917969,2019-09-10
34.693572998046875,2019-09-11
34.12541198730469,2019-09-12
34.70246124267578,2019-09-13
33.66376876831055,2019-09-16
33.060096740722656,2019-09-17
32.669490814208984,2019-09-18
31.861618041992188,2019-09-19
31.879375457763672,2019-09-20
32.10132598876953,2019-09-23
31.861618041992188,2019-09-24
32.31438446044922,2019-09-25
32.25223922729492,2019-09-26
32.385406494140625,2019-09-27
32.35877227783203,2019-09-30
30.947235107421875,2019-10-01
30.12161636352539,2019-10-02
29.7132568359375,2019-10-03
30.24591064453125,2019-10-04
30.192644119262695,2019-10-07
29.80202865600586,2019-10-08
30.18376922607422,2019-10-09
31.435501098632812,2019-10-10
32.465301513671875,2019-10-11
31.985910415649414,2019-10-14
32.18122482299805,2019-10-15
32.2344856262207,2019-10-16
32.136837005615234,2019-10-17
32.58071517944336,2019-10-18
32.95356750488281,2019-10-21
33.42408752441406,2019-10-22
33.95673370361328,2019-10-23
33.37968826293945,2019-10-24
33.74367904663086,2019-10-25
34.12541198730469,2019-10-28
33.708168029785156,2019-10-29
33.432960510253906,2019-10-30
33.17551803588867,2019-10-31
34.44499588012695,2019-11-01
34.773468017578125,2019-11-04
35.172969818115234,2019-11-05
34.83561325073242,2019-11-06
34.658058166503906,2019-11-07
35.28837203979492,2019-11-08
34.968788146972656,2019-11-11
36.07847595214844,2019-11-12
35.83877944946289,2019-11-13
35.95419692993164,2019-11-14
35.47480392456055,2019-11-15
35.94636154174805,2019-11-18
35.87450408935547,2019-11-19
34.79664993286133,2019-11-20
34.41940689086914,2019-11-21
34.859535217285156,2019-11-22
35.694862365722656,2019-11-25
36.36852264404297,2019-11-26
36.521217346191406,2019-11-27
36.22480392456055,2019-11-29
36.287681579589844,2019-12-02
35.47929382324219,2019-12-03
35.37150955200195,2019-12-04
35.910430908203125,2019-12-05
37.033199310302734,2019-12-06
36.727806091308594,2019-12-09
35.991268157958984,2019-12-10
36.29666519165039,2019-12-11
37.04217529296875,2019-12-12
36.727806091308594,2019-12-13
36.736785888671875,2019-12-16
37.73380661010742,2019-12-17
37.85057067871094,2019-12-18
37.94038772583008,2019-12-19
38.15596008300781,2019-12-20
38.784698486328125,2019-12-23
38.40745162963867,2019-12-24
38.59608459472656,2019-12-26
38.2996711730957,2019-12-27
38.26374435424805,2019-12-30
38.54218673706055,2019-12-31
39.027217864990234,2020-01-02
38.33560562133789,2020-01-03
37.75175857543945,2020-01-06
37.3296012878418,2020-01-07
37.49129104614258,2020-01-08
38.23680114746094,2020-01-09
37.8685302734375,2020-01-10
38.200862884521484,2020-01-13
38.22780990600586,2020-01-14
38.308658599853516,2020-01-15
39.01823806762695,2020-01-16
39.23381042480469,2020-01-17
37.365535736083984,2020-01-21
37.4194221496582,2020-01-22
37.76972579956055,2020-01-23
36.77271270751953,2020-01-24
35.991268157958984,2020-01-27
36.37751388549805,2020-01-28
36.47630310058594,2020-01-29
35.94636154174805,2020-01-30
35.030181884765625,2020-01-31
35.45234298706055,2020-02-03
35.658931732177734,2020-02-04
37.49129104614258,2020-02-05
37.42841339111328,2020-02-06
37.02422332763672,2020-02-07
36.78169631958008,2020-02-10
37.70684814453125,2020-02-11
37.670928955078125,2020-02-12
37.012428283691406,2020-02-13
36.812599182128906,2020-02-14
37.16682052612305,2020-02-18
36.75810241699219,2020-02-19
36.83076858520508,2020-02-20
37.10324478149414,2020-02-21
34.12409210205078,2020-02-24
31.744394302368164,2020-02-25
31.662649154663086,2020-02-26
29.71893310546875,2020-02-27
30.200319290161133,2020-02-28
31.05410385131836,2020-03-02
29.591773986816406,2020-03-03
30.50913429260254,2020-03-04
28.392839431762695,2020-03-05
27.321067810058594,2020-03-06
24.169336318969727,2020-03-09
26.303794860839844,2020-03-10
23.824186325073242,2020-03-11
20.054828643798828,2020-03-12
23.497207641601562,2020-03-13
20.44538688659668,2020-03-16
23.70611572265625,2020-03-17
21.299177169799805,2020-03-18
22.852331161499023,2020-03-19
23.179311752319336,2020-03-20
22.534433364868164,2020-03-23
23.833271026611328,2020-03-24
23.933181762695312,2020-03-25
25.786073684692383,2020-03-26
25.331933975219727,2020-03-27
26.340129852294922,2020-03-30
25.668001174926758,2020-03-31
24.26016616821289,2020-04-01
24.33283042907715,2020-04-02
23.324634552001953,2020-04-03
26.312875747680664,2020-04-06
26.285627365112305,2020-04-07
27.875123977661133,2020-04-08
29.210290908813477,2020-04-09
29.464609146118164,2020-04-13
28.98322296142578,2020-04-14
27.529972076416016,2020-04-15
26.176637649536133,2020-04-16
27.875123977661133,2020-04-17
26.939590454101562,2020-04-20
26.40370750427246,2020-04-21
25.858739852905273,2020-04-22
26.231130599975586,2020-04-23
26.231130599975586,2020-04-24
27.693466186523438,2020-04-27
29.882423400878906,2020-04-28
31.01777458190918,2020-04-29
29.237539291381836,2020-04-30
28.011367797851562,2020-05-01
27.529972076416016,2020-05-04
22.761507034301758,2020-05-05
22.434520721435547,2020-05-06
22.78874969482422,2020-05-07
24.52356719970703,2020-05-08
23.588037490844727,2020-05-11
22.888662338256836,2020-05-12
21.944049835205078,2020-05-13
22.915908813476562,2020-05-14
21.989463806152344,2020-05-15
23.70209503173828,2020-05-18
22.86867904663086,2020-05-19
23.28996467590332,2020-05-20
23.033525466918945,2020-05-21
23.216697692871094,2020-05-22
24.727846145629883,2020-05-26
26.706069946289062,2020-05-27
26.44047737121582,2020-05-28
25.698640823364258,2020-05-29
26.174884796142578,2020-06-01
25.973398208618164,2020-06-02
27.356325149536133,2020-06-03
28.107316970825195,2020-06-04
29.352867126464844,2020-06-05
30.22291374206543,2020-06-08
29.22464942932129,2020-06-09
27.82340431213379,2020-06-10
25.313983917236328,2020-06-11
25.836013793945312,2020-06-12
25.881813049316406,2020-06-15
26.49542808532715,2020-06-16
26.34889030456543,2020-06-17
25.9642391204834,2020-06-18
25.93675994873047,2020-06-19
25.075868606567383,2020-06-22
25.158292770385742,2020-06-23
23.99517059326172,2020-06-24
24.37066650390625,2020-06-25
24.471405029296875,2020-06-26
25.41472625732422,2020-06-29
25.881813049316406,2020-06-30
25.332300186157227,2020-07-01
25.82686424255371,2020-07-02
26.358049392700195,2020-07-06
25.698640823364258,2020-07-07
25.158292770385742,2020-07-08
24.01348304748535,2020-07-09
25.41472625732422,2020-07-10
25.506311416625977,2020-07-13
26.696914672851562,2020-07-14
27.612760543823242,2020-07-15
28.134790420532227,2020-07-16
27.447904586791992,2020-07-17
26.89839744567871,2020-07-20
27.218942642211914,2020-07-21
27.347164154052734,2020-07-22
27.612760543823242,2020-07-23
27.667705535888672,2020-07-24
27.667705535888672,2020-07-27
26.98998260498047,2020-07-28
27.713502883911133,2020-07-29
25.881813049316406,2020-07-30
24.599628448486328,2020-07-31
25.47884178161621,2020-08-03
26.80681800842285,2020-08-04
27.328845977783203,2020-08-05
27.008298873901367,2020-08-06
26.623647689819336,2020-08-07
28.070682525634766,2020-08-10
28.299640655517578,2020-08-11
27.750133514404297,2020-08-12
27.37214469909668,2020-08-13
27.92530632019043,2020-08-14
27.436681747436523,2020-08-17
26.82820701599121,2020-08-18
26.96649169921875,2020-08-19
26.542409896850586,2020-08-20
26.23816680908203,2020-08-21
28.8380184173584,2020-08-24
28.201881408691406,2020-08-25
28.155786514282227,2020-08-26
28.43236541748047,2020-08-27
28.63518714904785,2020-08-28
27.96217918395996,2020-08-31
29.56633949279785,2020-09-01
30.12871551513672,2020-09-02
29.40961456298828,2020-09-03
29.99964714050293,2020-09-04
29.446489334106445,2020-09-08
29.87058448791504,2020-09-09
29.381954193115234,2020-09-10
29.962766647338867,2020-09-11
31.659120559692383,2020-09-14
33.14344024658203,2020-09-15
33.512210845947266,2020-09-16
34.70150375366211,2020-09-17
33.383140563964844,2020-09-18
32.4427604675293,2020-09-21
31.695999145507812,2020-09-22
30.267011642456055,2020-09-23
30.479053497314453,2020-09-24
33.014366149902344,2020-09-25
32.24916076660156,2020-09-28
31.57615089416504,2020-09-29
32.02790069580078,2020-09-30
31.400985717773438,2020-10-01
32.286033630371094,2020-10-02
33.899417877197266,2020-10-05
33.29094696044922,2020-10-06
34.28663635253906,2020-10-07
34.82135009765625,2020-10-08
34.849002838134766,2020-10-09
35.936893463134766,2020-10-12
34.95964050292969,2020-10-13
35.125587463378906,2020-10-14
36.54536437988281,2020-10-15
37.7807502746582,2020-10-16
37.87294387817383,2020-10-19
36.987892150878906,2020-10-20
37.17228317260742,2020-10-21
37.24602508544922,2020-10-22
37.0985221862793,2020-10-23
35.687965393066406,2020-10-26
35.309974670410156,2020-10-27
33.862552642822266,2020-10-28
34.50790023803711,2020-10-29
34.61852264404297,2020-10-30
36.056739807128906,2020-11-02
36.65599060058594,2020-11-03
35.50357437133789,2020-11-04
36.1673698425293,2020-11-05
35.97376251220703,2020-11-06
37.19071578979492,2020-11-09
38.47220230102539,2020-11-10
38.00202178955078,2020-11-11
36.07504653930664,2020-11-12
37.47394943237305,2020-11-13
39.41944885253906,2020-11-16
40.40145492553711,2020-11-17
40.5589485168457,2020-11-18
39.456504821777344,2020-11-19
39.104454040527344,2020-11-20
39.947505950927734,2020-11-23
42.087554931640625,2020-11-24
40.81835174560547,2020-11-25
40.81835174560547,2020-11-27
39.104454040527344,2020-11-30
39.91971969604492,2020-12-01
40.271759033203125,2020-12-02
39.70664596557617,2020-12-03
41.20745086669922,2020-12-04
41.244503021240234,2020-12-07
41.79109191894531,2020-12-08
41.58728790283203,2020-12-09
40.67938232421875,2020-12-10
40.327335357666016,2020-12-11
39.85486602783203,2020-12-14
41.1703987121582,2020-12-15
40.9943733215332,2020-12-16
41.6706657409668,2020-12-17
41.33715057373047,2020-12-18
40.78128433227539,2020-12-21
40.60527420043945,2020-12-22
41.179656982421875,2020-12-23
41.20745086669922,2020-12-24
40.67938232421875,2020-12-28
39.90119171142578,2020-12-29
40.234703063964844,2020-12-30
40.327335357666016,2020-12-31
39.326805114746094,2021-01-04
40.30881118774414,2021-01-05
42.847225189208984,2021-01-06
42.458126068115234,2021-01-07
41.90227127075195,2021-01-08
43.03251266479492,2021-01-11
43.77365493774414,2021-01-12
43.48645782470703,2021-01-13
43.430870056152344,2021-01-14
42.31916427612305,2021-01-15
41.374202728271484,2021-01-19
42.152400970458984,2021-01-20
43.18073272705078,2021-01-21
43.236324310302734,2021-01-22
40.87393569946289,2021-01-25
40.614532470703125,2021-01-26
38.733890533447266,2021-01-27
37.7055549621582,2021-01-28
38.3818473815918,2021-01-29
38.363319396972656,2021-02-01
38.8079948425293,2021-02-02
39.410186767578125,2021-02-03
38.37257766723633,2021-02-04
39.91045379638672,2021-02-05
39.576942443847656,2021-02-08
40.531166076660156,2021-02-09
40.65214538574219,2021-02-10
40.1030387878418,2021-02-11
41.1733283996582,2021-02-12
40.72659683227539,2021-02-16
40.9499626159668,2021-02-17
39.963443756103516,2021-02-18
40.90343475341797,2021-02-19
40.80105972290039,2021-02-22
41.97371292114258,2021-02-23
41.75965118408203,2021-02-24
41.145408630371094,2021-02-25
40.56838607788086,2021-02-26
42.96954345703125,2021-03-01
43.5279541015625,2021-03-02
44.588924407958984,2021-03-03
45.03565216064453,2021-03-04
47.16691589355469,2021-03-05
49.493614196777344,2021-03-08
49.279563903808594,2021-03-09
49.05619430541992,2021-03-10
47.827701568603516,2021-03-11
47.99522399902344,2021-03-12
47.52988052368164,2021-03-15
47.073848724365234,2021-03-16
48.44194793701172,2021-03-17
48.62808609008789,2021-03-18
48.199974060058594,2021-03-19
46.776023864746094,2021-03-22
44.97981262207031,2021-03-23
45.994258880615234,2021-03-24
48.26511764526367,2021-03-25
49.86589050292969,2021-03-26
49.25163650512695,2021-03-29
49.530853271484375,2021-03-30
48.44194793701172,2021-03-31
48.572235107421875,2021-04-01
49.20510482788086,2021-04-05
49.912418365478516,2021-04-06
49.13064956665039,2021-04-07
49.09342575073242,2021-04-08
49.139957427978516,2021-04-09
50.52667236328125,2021-04-12
48.804901123046875,2021-04-13
49.51223373413086,2021-04-14
49.903114318847656,2021-04-15
50.843101501464844,2021-04-16
50.41498565673828,2021-04-19
49.68906021118164,2021-04-20
49.97756576538086,2021-04-21
48.86075210571289,2021-04-22
49.60530090332031,2021-04-23
49.87519454956055,2021-04-26
50.74073028564453,2021-04-27
51.094383239746094,2021-04-28
52.1646728515625,2021-04-29
51.885467529296875,2021-04-30
53.39316940307617,2021-05-03
53.821285247802734,2021-05-04
54.28662872314453,2021-05-05
55.961849212646484,2021-05-06
55.5988883972168,2021-05-07
55.54304504394531,2021-05-10
56.510955810546875,2021-05-11
54.37968826293945,2021-05-12
56.25967025756836,2021-05-13
56.3713493347168,2021-05-14
57.525394439697266,2021-05-17
55.79692077636719,2021-05-18
54.610355377197266,2021-05-19
54.04042434692383,2021-05-20
54.133853912353516,2021-05-21
54.432830810546875,2021-05-24
53.72275924682617,2021-05-25
53.713417053222656,2021-05-26
54.2459716796875,2021-05-27
54.4888916015625,2021-05-28
55.54466247558594,2021-06-01
54.909332275390625,2021-06-02
54.95604705810547,2021-06-03
55.09619140625,2021-06-04
54.09648513793945,2021-06-07
54.39546203613281,2021-06-08
53.18085479736328,2021-06-09
52.46144104003906,2021-06-10
53.573265075683594,2021-06-11
51.639251708984375,2021-06-14
52.74173355102539,2021-06-15
51.62989807128906,2021-06-16
49.31281280517578,2021-06-17
48.612083435058594,2021-06-18
50.30318832397461,2021-06-21
50.078948974609375,2021-06-22
49.667850494384766,2021-06-23
49.85471725463867,2021-06-24
49.77997589111328,2021-06-25
49.49034118652344,2021-06-28
49.11661911010742,2021-06-29
49.72391891479492,2021-06-30
49.83603286743164,2021-07-01
49.23807907104492,2021-07-02
47.911346435546875,2021-07-06
48.798954010009766,2021-07-07
48.3317985534668,2021-07-08
49.39690399169922,2021-07-09
49.331504821777344,2021-07-12
48.191654205322266,2021-07-13
47.89266586303711,2021-07-14
46.98639678955078,2021-07-15
45.79047393798828,2021-07-16
44.83748245239258,2021-07-19
45.3139762878418,2021-07-20
45.54756164550781,2021-07-21
44.80945587158203,2021-07-22
45.00565719604492,2021-07-23
45.98668670654297,2021-07-26
46.444488525390625,2021-07-27
46.49120330810547,2021-07-28
46.23894500732422,2021-07-29
45.97733688354492,2021-07-30
45.4354362487793,2021-08-02
46.46317672729492,2021-08-03
45.538211822509766,2021-08-04
45.26726531982422,2021-08-05
45.60361862182617,2021-08-06
46.154850006103516,2021-08-09
47.69647216796875,2021-08-10
48.71486282348633,2021-08-11
48.536521911621094,2021-08-12
48.076595306396484,2021-08-13
48.08598327636719,2021-08-16
47.16612243652344,2021-08-17
46.631103515625,2021-08-18
45.79572677612305,2021-08-19
46.39644241333008,2021-08-20
46.57478713989258,2021-08-23
47.60728073120117,2021-08-24
48.09536361694336,2021-08-25
47.38200759887695,2021-08-26
48.76179504394531,2021-08-27
48.15167999267578,2021-08-30
48.84626388549805,2021-08-31
48.57406997680664,2021-09-01
49.296817779541016,2021-09-02
49.37189865112305,2021-09-03
48.31125259399414,2021-09-07
48.273704528808594,2021-09-08
48.60221862792969,2021-09-09
48.68669891357422,2021-09-10
48.4614372253418,2021-09-13
47.45710372924805,2021-09-14
47.785621643066406,2021-09-15
47.54157638549805,2021-09-16
46.65926742553711,2021-09-17
45.67369842529297,2021-09-20
45.23255157470703,2021-09-21
45.8520393371582,2021-09-22
47.128578186035156,2021-09-23
47.35384750366211,2021-09-24
48.54591369628906,2021-09-27
48.78995132446289,2021-09-28
48.69609069824219,2021-09-29
46.77190399169922,2021-09-30
47.804386138916016,2021-10-01
48.1235237121582,2021-10-04
48.4614372253418,2021-10-05
47.485260009765625,2021-10-06
47.79499816894531,2021-10-07
47.19428253173828,2021-10-08
48.05781936645508,2021-10-11
48.09536361694336,2021-10-12
46.8000602722168,2021-10-13
46.29319763183594,2021-10-14
43.71196365356445,2021-10-15
44.82893371582031,2021-10-18
45.2419319152832,2021-10-19
45.96467971801758,2021-10-20
45.59861755371094,2021-10-21
45.608001708984375,2021-10-22
45.5892219543457,2021-10-25
45.96467971801758,2021-10-26
44.772621154785156,2021-10-27
45.93651580810547,2021-10-28
45.148067474365234,2021-10-29
44.857093811035156,2021-11-01
44.24699020385742,2021-11-02
45.44843292236328,2021-11-03
45.02605056762695,2021-11-04
45.76756286621094,2021-11-05
46.10546875,2021-11-08
45.68092346191406,2021-11-09
46.25642013549805,2021-11-10
46.879085540771484,2021-11-11
46.22811508178711,2021-11-12
46.35076141357422,2021-11-15
46.40736770629883,2021-11-16
46.237552642822266,2021-11-17
45.28468704223633,2021-11-18
44.124271392822266,2021-11-19
45.41676712036133,2021-11-22
45.2752571105957,2021-11-23
44.1903076171875,2021-11-24
43.718589782714844,2021-11-26
43.51103973388672,2021-11-29
40.935462951660156,2021-11-30
41.0581169128418,2021-12-01
42.42609405517578,2021-12-02
42.22796630859375,2021-12-03
42.90723419189453,2021-12-06
42.63364791870117,2021-12-07
42.05815887451172,2021-12-08
41.548702239990234,2021-12-09
41.15245819091797,2021-12-10
40.58640670776367,2021-12-13
40.85999298095703,2021-12-14
41.09585952758789,2021-12-15
42.47325897216797,2021-12-16
41.4543571472168,2021-12-17
40.07694625854492,2021-12-20
40.86943054199219,2021-12-21
40.43545150756836,2021-12-22
40.567527770996094,2021-12-23
41.28453826904297,2021-12-27
41.690216064453125,2021-12-28
41.775123596191406,2021-12-29
41.7185173034668,2021-12-30
41.8505973815918,2021-12-31
41.690216064453125,2022-01-03
43.18083572387695,2022-01-04
43.5676383972168,2022-01-05
43.520469665527344,2022-01-06
44.28464889526367,2022-01-07
43.001590728759766,2022-01-10
43.341209411621094,2022-01-11
43.397823333740234,2022-01-12
44.577117919921875,2022-01-13
44.25634765625,2022-01-14
43.143096923828125,2022-01-18
43.65255355834961,2022-01-19
42.680816650390625,2022-01-20
41.39775466918945,2022-01-21
42.44496154785156,2022-01-24
41.60530471801758,2022-01-25
40.935462951660156,2022-01-26
41.37887954711914,2022-01-27
41.90720748901367,2022-01-28
43.54877853393555,2022-01-31
43.69972610473633,2022-02-01
43.265743255615234,2022-02-02
43.520469665527344,2022-02-03
42.803462982177734,2022-02-04
42.72799301147461,2022-02-07
44.45447540283203,2022-02-08
44.718631744384766,2022-02-09
44.26337432861328,2022-02-10
44.064208984375,2022-02-11
43.42876434326172,2022-02-14
44.993675231933594,2022-02-15
44.728111267089844,2022-02-16
44.11163330078125,2022-02-17
44.24441909790039,2022-02-18
44.07369613647461,2022-02-22
42.69846725463867,2022-02-23
42.21476745605469,2022-02-24
43.85555648803711,2022-02-25
42.93557357788086,2022-02-28
41.15251922607422,2022-03-01
41.71209716796875,2022-03-02
42.04404830932617,2022-03-03
41.456016540527344,2022-03-04
39.36946487426758,2022-03-07
38.67710494995117,2022-03-08
40.29893112182617,2022-03-09
40.41273880004883,2022-03-10
41.067161560058594,2022-03-11
43.35288619995117,2022-03-14
43.665870666503906,2022-03-15
44.89883041381836,2022-03-16
45.35408020019531,2022-03-17
45.1264533996582,2022-03-18
44.491004943847656,2022-03-21
44.89883041381836,2022-03-22
43.74174118041992,2022-03-23
44.6901741027832,2022-03-24
45.48685836791992,2022-03-25
45.060062408447266,2022-03-28
45.51531219482422,2022-03-29
44.89883041381836,2022-03-30
44.60481262207031,2022-03-31
44.75656509399414,2022-04-01
44.671207427978516,2022-04-04
44.34873962402344,2022-04-05
44.20647430419922,2022-04-06
43.91246032714844,2022-04-07
44.7470817565918,2022-04-08
45.145423889160156,2022-04-11
45.410987854003906,2022-04-12
46.9284782409668,2022-04-13
47.35527420043945,2022-04-14
47.69670867919922,2022-04-18
48.67359161376953,2022-04-19
49.50822067260742,2022-04-20
49.50822067260742,2022-04-21
47.820003509521484,2022-04-22
47.175071716308594,2022-04-25
46.32147979736328,2022-04-26
46.78620910644531,2022-04-27
47.40269470214844,2022-04-28
46.97590255737305,2022-04-29
47.41218566894531,2022-05-02
48.53132629394531,2022-05-03
50.03933334350586,2022-05-04
51.39559555053711,2022-05-05
50.646339416503906,2022-05-06
48.66411590576172,2022-05-09
48.683082580566406,2022-05-10
47.901554107666016,2022-05-11
45.232948303222656,2022-05-12
44.041603088378906,2022-05-13
44.13691329956055,2022-05-16
45.87150955200195,2022-05-17
43.126651763916016,2022-05-18
42.78354263305664,2022-05-19
42.087799072265625,2022-05-20
43.51741409301758,2022-05-23
43.117122650146484,2022-05-24
43.936763763427734,2022-05-25
45.17576599121094,2022-05-26
46.738807678222656,2022-05-27
46.21461486816406,2022-05-31
45.881038665771484,2022-06-01
47.12003707885742,2022-06-02
46.9580192565918,2022-06-03
46.3099250793457,2022-06-06
47.22486877441406,2022-06-07
46.32898712158203,2022-06-08
45.089988708496094,2022-06-09
43.002750396728516,2022-06-10
40.23884201049805,2022-06-13
40.76302719116211,2022-06-14
41.36346435546875,2022-06-15
39.352474212646484,2022-06-16
39.171390533447266,2022-06-17
38.2755012512207,2022-06-21
37.446319580078125,2022-06-22
37.04603576660156,2022-06-23
38.732975006103516,2022-06-24
39.06655502319336,2022-06-27
38.4279899597168,2022-06-28
38.32315444946289,2022-06-29
37.970516204833984,2022-06-30
38.24690628051758,2022-07-01
37.884735107421875,2022-07-05
38.37080001831055,2022-07-06
39.104679107666016,2022-07-07
38.45658493041992,2022-07-08
38.189720153808594,2022-07-11
38.599544525146484,2022-07-12
37.59881591796875,2022-07-13
37.11274337768555,2022-07-14
37.541629791259766,2022-07-15
37.21758270263672,2022-07-18
38.50423812866211,2022-07-19
39.07608413696289,2022-07-20
39.53355407714844,2022-07-21
39.39059829711914,2022-07-22
39.70511245727539,2022-07-25
38.79969024658203,2022-07-26
39.79088592529297,2022-07-27
40.172119140625,2022-07-28
40.37226486206055,2022-07-29
40.200714111328125,2022-08-01
39.819480895996094,2022-08-02
40.09587097167969,2022-08-03
38.51376724243164,2022-08-04
38.30409240722656,2022-08-05
38.76156234741211,2022-08-08
38.94265365600586,2022-08-09
39.71464157104492,2022-08-10
40.242000579833984,2022-08-11
41.09535598754883,2022-08-12
40.567996978759766,2022-08-15
41.19123458862305,2022-08-16
40.3378791809082,2022-08-17
40.85565185546875,2022-08-18
39.87763977050781,2022-08-19
38.98593521118164,2022-08-22
39.73381805419922,2022-08-23
39.494110107421875,2022-08-24
41.363826751708984,2022-08-25
39.52288055419922,2022-08-26
39.56122970581055,2022-08-29
39.752994537353516,2022-08-30
38.91881561279297,2022-08-31
38.15175247192383,2022-09-01
38.00792694091797,2022-09-02
37.844932556152344,2022-09-06
38.78458023071289,2022-09-07
38.822933197021484,2022-09-08
39.1297607421875,2022-09-09
39.705055236816406,2022-09-12
37.710693359375,2022-09-13
36.799808502197266,2022-09-14
36.991573333740234,2022-09-15
32.74396896362305,2022-09-16
34.53697204589844,2022-09-19
32.983673095703125,2022-09-20
32.2261962890625,2022-09-21
31.47831153869629,2022-09-22
30.77836799621582,2022-09-23
30.270187377929688,2022-09-26
30.21265983581543,2022-09-27
31.06601905822754,2022-09-28
30.088010787963867,2022-09-29
29.618186950683594,2022-09-30
30.60577964782715,2022-10-03
31.689252853393555,2022-10-04
31.392019271850586,2022-10-05
30.720840454101562,2022-10-06
30.059247970581055,2022-10-07
30.078426361083984,2022-10-10
30.116775512695312,2022-10-11
29.89624786376953,2022-10-12
30.768779754638672,2022-10-13
30.346893310546875,2022-10-14
31.04684066772461,2022-10-17
31.852256774902344,2022-10-18
31.133132934570312,2022-10-19
30.672897338867188,2022-10-20
31.507078170776367,2022-10-21
31.737194061279297,2022-10-24
32.10154724121094,2022-10-25
31.976903915405273,2022-10-26
32.31249237060547,2022-10-27
32.85902404785156,2022-10-28
32.65767288208008,2022-10-31
32.6480827331543,2022-11-01
32.18784713745117,2022-11-02
32.06319808959961,2022-11-03
33.19461441040039,2022-11-04
33.6260871887207,2022-11-07
33.90414810180664,2022-11-08
33.37748718261719,2022-11-09
35.70637893676758,2022-11-10
36.39248275756836,2022-11-11
35.803009033203125,2022-11-14
35.387481689453125,2022-11-15
35.0202751159668,2022-11-16
34.884986877441406,2022-11-17
35.281185150146484,2022-11-18
35.7836799621582,2022-11-21
36.276519775390625,2022-11-22
36.35382843017578,2022-11-23
36.24752426147461,2022-11-25
35.000946044921875,2022-11-28
35.4841194152832,2022-11-29
36.64372634887695,2022-11-30
36.74036407470703,2022-12-01
36.57608413696289,2022-12-02
35.416473388671875,2022-12-05
35.22320556640625,2022-12-06
34.73036575317383,2022-12-07
34.78834915161133,2022-12-08
34.672386169433594,2022-12-09
35.416473388671875,2022-12-12
35.64839553833008,2022-12-13
35.54209899902344,2022-12-14
34.585418701171875,2022-12-15
33.889652252197266,2022-12-16
33.62873840332031,2022-12-19
33.60940933227539,2022-12-20
34.06359100341797,2022-12-21
33.6577262878418,2022-12-22
34.26652145385742,2022-12-23
34.40181350708008,2022-12-27
33.7157096862793,2022-12-28
34.10224533081055,2022-12-29
33.976627349853516,2022-12-30
34.285850524902344,2023-01-03
35.15555953979492,2023-01-04
34.198883056640625,2023-01-05
35.493778228759766,2023-01-06
35.416473388671875,2023-01-09
35.47445297241211,2023-01-10
35.658058166503906,2023-01-11
36.12190628051758,2023-01-12
36.30550765991211,2023-01-13
35.85132598876953,2023-01-17
35.145896911621094,2023-01-18
35.22320556640625,2023-01-19
35.889984130859375,2023-01-20
35.745033264160156,2023-01-23
35.281185150146484,2023-01-24
35.445465087890625,2023-01-25
36.769351959228516,2023-01-26
36.74036407470703,2023-01-27
36.141231536865234,2023-01-30
37.91930389404297,2023-01-31
33.1165771484375,2023-02-01
34.27619171142578,2023-02-02
33.7157096862793,2023-02-03
33.01028060913086,2023-02-06
32.30485153198242,2023-02-07
31.792688369750977,2023-02-08
31.807302474975586,2023-02-09
32.216590881347656,2023-02-10
32.19710159301758,2023-02-13
32.158119201660156,2023-02-14
32.53816604614258,2023-02-15
32.245826721191406,2023-02-16
31.7195987701416,2023-02-17
30.160419464111328,2023-02-21
30.74510955810547,2023-02-22
30.94975471496582,2023-02-23
30.842559814453125,2023-02-24
30.832815170288086,2023-02-27
30.59893798828125,2023-02-28
31.125164031982422,2023-03-01
31.495468139648438,2023-03-02
32.13862991333008,2023-03-03
31.125164031982422,2023-03-06
30.45276641845703,2023-03-07
30.647663116455078,2023-03-08
29.92654037475586,2023-03-09
29.04949951171875,2023-03-10
27.7047061920166,2023-03-13
27.617002487182617,2023-03-14
26.827669143676758,2023-03-15
27.081035614013672,2023-03-16
26.37940216064453,2023-03-17
27.646238327026367,2023-03-20
27.831390380859375,2023-03-21
27.802156448364258,2023-03-22
27.685218811035156,2023-03-23
27.880115509033203,2023-03-24
28.09450340270996,2023-03-27
28.347869873046875,2023-03-28
28.99103355407715,2023-03-29
29.0787353515625,2023-03-30
29.692663192749023,2023-03-31
29.74138832092285,2023-04-03
29.234655380249023,2023-04-04
29.27363395690918,2023-04-05
29.293123245239258,2023-04-06
29.351594924926758,2023-04-10
29.721899032592773,2023-04-11
29.410062789916992,2023-04-12
29.59521484375,2023-04-13
29.410062789916992,2023-04-14
29.877817153930664,2023-04-17
29.887563705444336,2023-04-18
30.04347801208496,2023-04-19
30.277355194091797,2023-04-20
30.004501342773438,2023-04-21
30.072715759277344,2023-04-24
28.76690101623535,2023-04-25
28.347869873046875,2023-04-26
28.60123634338379,2023-04-27
29.166440963745117,2023-04-28
29.361337661743164,2023-05-01
28.572002410888672,2023-05-02
28.162715911865234,2023-05-03
27.617002487182617,2023-05-04
27.724199295043945,2023-05-05
27.46108627319336,2023-05-08
26.973840713500977,2023-05-09
27.451210021972656,2023-05-10
27.18545913696289,2023-05-11
27.175615310668945,2023-05-12
27.421682357788086,2023-05-15
26.45709991455078,2023-05-16
27.008291244506836,2023-05-17
27.15593147277832,2023-05-18
27.342941284179688,2023-05-19
27.579166412353516,2023-05-22
27.736648559570312,2023-05-23
27.500423431396484,2023-05-24
27.333097457885742,2023-05-25
28.022085189819336,2023-05-26
28.159883499145508,2023-05-30
27.569324493408203,2023-05-31
27.087032318115234,2023-06-01
28.40595054626465,2023-06-02
28.150041580200195,2023-06-05
28.79965591430664,2023-06-06
29.902034759521484,2023-06-07
29.331159591674805,2023-06-08
29.144149780273438,2023-06-09
28.789813995361328,2023-06-12
29.222890853881836,2023-06-13
28.77012825012207,2023-06-14
28.71107292175293,2023-06-15
29.01619529724121,2023-06-16
28.14019775390625,2023-06-20
27.726806640625,2023-06-21
27.18545913696289,2023-06-22
26.801593780517578,2023-06-23
27.963029861450195,2023-06-26
28.24846839904785,2023-06-27
27.785860061645508,2023-06-28
28.228782653808594,2023-06-29
28.61264419555664,2023-06-30
28.84886932373047,2023-07-03
27.95318603515625,2023-07-05
28.00240135192871,2023-07-06
28.543746948242188,2023-07-07
28.317365646362305,2023-07-10
29.085094451904297,2023-07-11
29.252418518066406,2023-07-12
29.390216827392578,2023-07-13
29.26226234436035,2023-07-14
28.947296142578125,2023-07-17
29.291790008544922,2023-07-18
29.744552612304688,2023-07-19
29.872509002685547,2023-07-20
29.88235092163086,2023-07-21
30.276058197021484,2023-07-24
31.555606842041016,2023-07-25
31.772140502929688,2023-07-26
31.97884178161621,2023-07-27
32.48081588745117,2023-07-28
32.76625442504883,2023-07-31
32.25443649291992,2023-08-01
32.02805709838867,2023-08-02
34.00642776489258,2023-08-03
33.3568115234375,2023-08-04
33.878475189208984,2023-08-07
34.242652893066406,2023-08-08
33.949981689453125,2023-08-09
33.75156021118164,2023-08-10
33.57297897338867,2023-08-11
33.186058044433594,2023-08-14
32.52134323120117,2023-08-15
32.144344329833984,2023-08-16
32.2038688659668,2023-08-17
31.856632232666016,2023-08-18
31.27128791809082,2023-08-21
31.40026092529297,2023-08-22
31.816946029663086,2023-08-23
31.41018295288086,2023-08-24
31.519315719604492,2023-08-25
32.0550537109375,2023-08-28
32.50149917602539,2023-08-29
32.23363494873047,2023-08-30
32.45189666748047,2023-08-31
32.590789794921875,2023-09-01
31.797103881835938,2023-09-05
31.62844467163086,2023-09-06
32.96779251098633,2023-09-07
34.297218322753906,2023-09-08
33.79124450683594,2023-09-11
34.72382736206055,2023-09-12
35.48775100708008,2023-09-13
36.52946472167969,2023-09-14
36.24175262451172,2023-09-15
36.251678466796875,2023-09-18
36.598915100097656,2023-09-19
35.2496452331543,2023-09-20
34.87264633178711,2023-09-21
34.961936950683594,2023-09-22
35.656410217285156,2023-09-25
35.36870193481445,2023-09-26
35.46791076660156,2023-09-27
35.90443801879883,2023-09-28
35.517513275146484,2023-09-29
35.32901382446289,2023-10-02
35.299251556396484,2023-10-03
36.12269973754883,2023-10-04
35.58695983886719,2023-10-05
35.77546310424805,2023-10-06
36.12269973754883,2023-10-09
36.688201904296875,2023-10-10
36.985836029052734,2023-10-11
36.49970245361328,2023-10-12
36.64851760864258,2023-10-13
36.73780822753906,2023-10-16
36.85686492919922,2023-10-17
36.84693908691406,2023-10-18
35.0611457824707,2023-10-19
34.0491943359375,2023-10-20
33.50353240966797,2023-10-23
34.44603729248047,2023-10-24
34.356746673583984,2023-10-25
34.961936950683594,2023-10-26
34.92224884033203,2023-10-27
35.15043640136719,2023-10-30
35.646488189697266,2023-10-31
35.90443801879883,2023-11-01
36.658443450927734,2023-11-02
37.55133819580078,2023-11-03
37.531497955322266,2023-11-06
37.2041015625,2023-11-07
37.1346549987793,2023-11-08
38.09700012207031,2023-11-09
38.22999954223633,2023-11-10
37.52000045776367,2023-11-13
38.470001220703125,2023-11-14
38.70000076293945,2023-11-15
37.59000015258789,2023-11-16
37.90999984741211,2023-11-17
36.689998626708984,2023-11-20
36.31999969482422,2023-11-21
36.90999984741211,2023-11-22
37.689998626708984,2023-11-24
37.90999984741211,2023-11-27
38.40999984741211,2023-11-28
40.099998474121094,2023-11-29
41.16999816894531,2023-11-30
41.72999954223633,2023-12-01
41.54999923706055,2023-12-04
40.45000076293945,2023-12-05
40.75,2023-12-06
40.970001220703125,2023-12-07
41.15999984741211,2023-12-08
41.34000015258789,2023-12-11
40.720001220703125,2023-12-12
