Date,XLNX
2003-01-02,22.03
2003-01-03,22.94
2003-01-06,24.24
2003-01-07,25.45
2003-01-08,24.71
2003-01-09,25.47
2003-01-10,25.75
2003-01-13,25.07
2003-01-14,25.94
2003-01-15,25.21
2003-01-16,24.14
2003-01-17,22.59
2003-01-21,22.56
2003-01-22,21.5
2003-01-23,21.62
2003-01-24,20.86
2003-01-27,20.43
2003-01-28,20.91
2003-01-29,21.68
2003-01-30,20.17
2003-01-31,19.79
2003-02-03,19.3
2003-02-04,18.94
2003-02-05,19.31
2003-02-06,19.07
2003-02-07,18.7
2003-02-10,18.92
2003-02-11,19.62
2003-02-12,19.82
2003-02-13,19.88
2003-02-14,20.92
2003-02-18,22.09
2003-02-19,22.1
2003-02-20,22.56
2003-02-21,23.04
2003-02-24,22.34
2003-02-25,21.93
2003-02-26,20.96
2003-02-27,21.78
2003-02-28,22.9
2003-03-03,21.81
2003-03-04,22.39
2003-03-05,22.69
2003-03-06,22.71
2003-03-07,22.73
2003-03-10,22.04
2003-03-11,22.18
2003-03-12,23.35
2003-03-13,25.5
2003-03-14,25.38
2003-03-17,27.09
2003-03-18,26.93
2003-03-19,26.47
2003-03-20,26.65
2003-03-21,26.73
2003-03-24,25.57
2003-03-25,25.71
2003-03-26,25.47
2003-03-27,25.42
2003-03-28,24.3
2003-03-31,23.41
2003-04-01,23.49
2003-04-02,24.96
2003-04-03,24.97
2003-04-04,24.19
2003-04-07,24.44
2003-04-08,23.63
2003-04-09,23.55
2003-04-10,23.54
2003-04-11,23.61
2003-04-14,24.25
2003-04-15,24.46
2003-04-16,25.53
2003-04-17,26.07
2003-04-21,26.23
2003-04-22,26.91
2003-04-23,27.34
2003-04-24,27.1
2003-04-25,26.19
2003-04-28,26.95
2003-04-29,27.44
2003-04-30,27.05
2003-05-01,26.98
2003-05-02,27.3
2003-05-05,27.83
2003-05-06,28.55
2003-05-07,28.2
2003-05-08,27.7
2003-05-09,28.81
2003-05-12,29.2
2003-05-13,28.69
2003-05-14,28.15
2003-05-15,28.9
2003-05-16,28.41
2003-05-19,27.03
2003-05-20,27.01
2003-05-21,26.95
2003-05-22,27.71
2003-05-23,27.85
2003-05-27,29.56
2003-05-28,29.37
2003-05-29,30.51
2003-05-30,29.9
2003-06-02,28.94
2003-06-03,29.54
2003-06-04,30.01
2003-06-05,29.7
2003-06-06,28.58
2003-06-09,28.33
2003-06-10,28.54
2003-06-11,28.42
2003-06-12,26.9
2003-06-13,25.86
2003-06-16,26.25
2003-06-17,26.21
2003-06-18,26.55
2003-06-19,26.16
2003-06-20,26.01
2003-06-23,25.4
2003-06-24,24.97
2003-06-25,24.9
2003-06-26,25.96
2003-06-27,25.39
2003-06-30,25.3
2003-07-01,26.21
2003-07-02,26.7
2003-07-03,26.3
2003-07-07,28.45
2003-07-08,28.67
2003-07-09,28.4
2003-07-10,27.33
2003-07-11,27.62
2003-07-14,27.33
2003-07-15,26.81
2003-07-16,26.53
2003-07-17,25.69
2003-07-18,25.5
2003-07-21,24.94
2003-07-22,25.12
2003-07-23,25.71
2003-07-24,25.23
2003-07-25,25.55
2003-07-28,26.04
2003-07-29,25.45
2003-07-30,25.38
2003-07-31,26.26
2003-08-01,26.93
2003-08-04,26.85
2003-08-05,26.02
2003-08-06,25.92
2003-08-07,25.76
2003-08-08,24.78
2003-08-11,25.01
2003-08-12,25.15
2003-08-13,25.55
2003-08-14,26.35
2003-08-15,26.7
2003-08-18,27.83
2003-08-19,29.08
2003-08-20,28.9
2003-08-21,29.45
2003-08-22,29.23
2003-08-25,29.24
2003-08-26,29.16
2003-08-27,30.56
2003-08-28,30.23
2003-08-29,30.88
2003-09-02,31.09
2003-09-03,30.33
2003-09-04,31.26
2003-09-05,31.08
2003-09-08,32.29
2003-09-09,32.1
2003-09-10,30.29
2003-09-11,30.62
2003-09-12,30.3
2003-09-15,29.75
2003-09-16,31.4
2003-09-17,31.07
2003-09-18,31.44
2003-09-19,31.54
2003-09-22,30.55
2003-09-23,31.63
2003-09-24,29.99
2003-09-25,29.65
2003-09-26,29.22
2003-09-29,29.62
2003-09-30,28.43
2003-10-01,27.99
2003-10-02,27.98
2003-10-03,29.69
2003-10-06,29.44
2003-10-07,30.54
2003-10-08,30.19
2003-10-09,29.77
2003-10-10,30.68
2003-10-13,30.22
2003-10-14,30.21
2003-10-15,29.89
2003-10-16,30.15
2003-10-17,29.25
2003-10-20,29.56
2003-10-21,30.07
2003-10-22,29.44
2003-10-23,28.84
2003-10-24,28.79
2003-10-27,28.95
2003-10-28,30.81
2003-10-29,31.33
2003-10-30,31.36
2003-10-31,31.77
2003-11-03,33.3
2003-11-04,33.13
2003-11-05,33.43
2003-11-06,33.81
2003-11-07,34.04
2003-11-10,33.2
2003-11-11,33.85
2003-11-12,35.04
2003-11-13,34.57
2003-11-14,34.63
2003-11-17,35.11
2003-11-18,34.87
2003-11-19,35.85
2003-11-20,35.3
2003-11-21,36.06
2003-11-24,37.3
2003-11-25,36.79
2003-11-26,37.29
2003-11-28,37.59
2003-12-01,37.45
2003-12-02,37.06
2003-12-03,36.74
2003-12-04,37.62
2003-12-05,35.53
2003-12-08,36.33
2003-12-09,34.95
2003-12-10,35.91
2003-12-11,36.7
2003-12-12,37.0
2003-12-15,35.43
2003-12-16,35.42
2003-12-17,35.26
2003-12-18,37.55
2003-12-19,37.59
2003-12-22,37.8
2003-12-23,38.38
2003-12-24,38.23
2003-12-26,38.36
2003-12-29,39.05
2003-12-30,38.95
2003-12-31,38.63
2004-01-02,38.51
2004-01-05,39.75
2004-01-06,39.5
2004-01-07,39.11
2004-01-08,40.78
2004-01-09,40.45
2004-01-12,42.47
2004-01-13,40.01
2004-01-14,40.92
2004-01-15,41.44
2004-01-16,42.29
2004-01-20,41.87
2004-01-21,40.39
2004-01-22,41.59
2004-01-23,41.3
2004-01-26,42.63
2004-01-27,40.85
2004-01-28,40.78
2004-01-29,41.46
2004-01-30,41.9
2004-02-02,41.64
2004-02-03,41.32
2004-02-04,40.25
2004-02-05,40.38
2004-02-06,42.22
2004-02-09,42.51
2004-02-10,41.99
2004-02-11,42.9
2004-02-12,42.46
2004-02-13,41.51
2004-02-17,41.81
2004-02-18,41.74
2004-02-19,40.83
2004-02-20,41.5
2004-02-23,40.15
2004-02-24,40.51
2004-02-25,41.07
2004-02-26,42.13
2004-02-27,41.99
2004-03-01,42.65
2004-03-02,42.58
2004-03-03,40.88
2004-03-04,41.4
2004-03-05,40.79
2004-03-08,39.3
2004-03-09,39.66
2004-03-10,38.1
2004-03-11,37.81
2004-03-12,38.55
2004-03-15,37.6
2004-03-16,38.16
2004-03-17,38.82
2004-03-18,37.62
2004-03-19,36.14
2004-03-22,35.97
2004-03-23,35.25
2004-03-24,36.3
2004-03-25,37.48
2004-03-26,37.17
2004-03-29,37.94
2004-03-30,37.89
2004-03-31,37.76
2004-04-01,38.6
2004-04-02,39.97
2004-04-05,40.11
2004-04-06,39.43
2004-04-07,39.51
2004-04-08,40.1
2004-04-12,40.22
2004-04-13,39.54
2004-04-14,39.58
2004-04-15,38.15
2004-04-16,37.99
2004-04-19,38.43
2004-04-20,37.1
2004-04-21,37.22
2004-04-22,37.79
2004-04-23,36.59
2004-04-26,35.32
2004-04-27,35.9
2004-04-28,35.41
2004-04-29,34.55
2004-04-30,33.61
2004-05-03,33.92
2004-05-04,34.38
2004-05-05,34.74
2004-05-06,34.74
2004-05-07,35.13
2004-05-10,35.9
2004-05-11,36.65
2004-05-12,35.0
2004-05-13,35.03
2004-05-14,34.1
2004-05-17,33.19
2004-05-18,33.91
2004-05-19,34.68
2004-05-20,34.31
2004-05-21,34.05
2004-05-24,34.45
2004-05-25,35.77
2004-05-26,35.79
2004-05-27,36.19
2004-05-28,36.48
2004-06-01,36.35
2004-06-02,35.23
2004-06-03,34.36
2004-06-04,34.81
2004-06-07,36.55
2004-06-08,36.86
2004-06-09,35.69
2004-06-10,36.06
2004-06-14,35.43
2004-06-15,35.56
2004-06-16,34.84
2004-06-17,32.48
2004-06-18,32.49
2004-06-21,32.03
2004-06-22,33.04
2004-06-23,33.33
2004-06-24,32.61
2004-06-25,32.68
2004-06-28,32.89
2004-06-29,32.78
2004-06-30,33.31
2004-07-01,31.8
2004-07-02,31.53
2004-07-06,30.43
2004-07-07,29.92
2004-07-08,30.23
2004-07-09,31.36
2004-07-12,31.2
2004-07-13,31.53
2004-07-14,30.9
2004-07-15,30.52
2004-07-16,29.76
2004-07-19,30.63
2004-07-20,31.38
2004-07-21,30.5
2004-07-22,30.67
2004-07-23,29.7
2004-07-26,28.52
2004-07-27,28.9
2004-07-28,28.55
2004-07-29,29.0
2004-07-30,29.43
2004-08-02,29.89
2004-08-03,28.71
2004-08-04,29.28
2004-08-05,28.81
2004-08-06,27.96
2004-08-09,28.2
2004-08-10,28.69
2004-08-11,27.1
2004-08-12,26.32
2004-08-13,27.08
2004-08-16,27.5
2004-08-17,27.75
2004-08-18,28.7
2004-08-19,28.28
2004-08-20,28.08
2004-08-23,28.24
2004-08-24,27.72
2004-08-25,28.18
2004-08-26,28.0
2004-08-27,28.13
2004-08-30,27.5
2004-08-31,27.43
2004-09-01,27.38
2004-09-02,27.25
2004-09-03,25.59
2004-09-07,25.49
2004-09-08,25.44
2004-09-09,26.95
2004-09-10,28.02
2004-09-13,29.19
2004-09-14,29.04
2004-09-15,27.5
2004-09-16,27.65
2004-09-17,28.54
2004-09-20,29.65
2004-09-21,29.59
2004-09-22,28.48
2004-09-23,29.08
2004-09-24,27.66
2004-09-27,27.24
2004-09-28,26.6
2004-09-29,26.55
2004-09-30,27.0
2004-10-01,28.56
2004-10-04,28.67
2004-10-05,28.62
2004-10-06,29.14
2004-10-07,28.93
2004-10-08,27.63
2004-10-11,27.76
2004-10-12,27.22
2004-10-13,27.58
2004-10-14,26.77
2004-10-15,26.68
2004-10-18,27.23
2004-10-19,27.36
2004-10-20,28.14
2004-10-21,30.37
2004-10-22,28.76
2004-10-25,29.2
2004-10-26,29.48
2004-10-27,30.51
2004-10-28,30.74
2004-10-29,30.6
2004-11-01,30.57
2004-11-02,30.37
2004-11-03,30.14
2004-11-04,29.86
2004-11-05,30.18
2004-11-08,30.33
2004-11-09,29.98
2004-11-10,29.34
2004-11-11,30.11
2004-11-12,30.63
2004-11-15,31.06
2004-11-16,31.52
2004-11-17,32.29
2004-11-18,32.95
2004-11-19,32.37
2004-11-22,32.41
2004-11-23,31.87
2004-11-24,32.19
2004-11-26,32.08
2004-11-29,31.74
2004-11-30,31.22
2004-12-01,31.98
2004-12-02,31.62
2004-12-03,32.0
2004-12-06,31.89
2004-12-07,31.25
2004-12-08,30.73
2004-12-09,29.72
2004-12-10,29.55
2004-12-13,29.49
2004-12-14,29.88
2004-12-15,29.73
2004-12-16,29.47
2004-12-17,29.33
2004-12-20,29.14
2004-12-21,29.43
2004-12-22,29.44
2004-12-23,29.55
2004-12-27,29.31
2004-12-28,29.51
2004-12-29,29.65
2004-12-30,29.6
2004-12-31,29.67
2005-01-03,29.27
2005-01-04,28.44
2005-01-05,27.54
2005-01-06,27.1
2005-01-07,27.33
2005-01-10,27.38
2005-01-11,26.92
2005-01-12,26.94
2005-01-13,26.35
2005-01-14,26.52
2005-01-18,27.17
2005-01-19,26.29
2005-01-20,26.71
2005-01-21,27.35
2005-01-24,26.86
2005-01-25,27.16
2005-01-26,28.16
2005-01-27,28.45
2005-01-28,28.79
2005-01-31,29.19
2005-02-01,29.33
2005-02-02,29.28
2005-02-03,28.8
2005-02-04,29.48
2005-02-07,29.53
2005-02-08,29.54
2005-02-09,28.78
2005-02-10,28.95
2005-02-11,29.75
2005-02-14,29.7
2005-02-15,29.93
2005-02-16,29.55
2005-02-17,29.27
2005-02-18,29.08
2005-02-22,28.96
2005-02-23,28.77
2005-02-24,29.4
2005-02-25,30.07
2005-02-28,30.2
2005-03-01,31.24
2005-03-02,30.55
2005-03-03,30.55
2005-03-04,30.88
2005-03-07,31.92
2005-03-08,31.46
2005-03-09,31.27
2005-03-10,31.78
2005-03-11,30.62
2005-03-14,30.72
2005-03-15,30.04
2005-03-16,29.67
2005-03-17,29.75
2005-03-18,29.2
2005-03-21,28.98
2005-03-22,28.53
2005-03-23,29.13
2005-03-24,28.99
2005-03-28,29.03
2005-03-29,28.65
2005-03-30,29.25
2005-03-31,29.23
2005-04-01,28.78
2005-04-04,29.18
2005-04-05,29.48
2005-04-06,29.24
2005-04-07,29.79
2005-04-08,29.96
2005-04-11,29.54
2005-04-12,29.64
2005-04-13,29.2
2005-04-14,29.05
2005-04-15,28.35
2005-04-18,28.65
2005-04-19,29.08
2005-04-20,28.35
2005-04-21,29.44
2005-04-22,27.07
2005-04-25,27.01
2005-04-26,26.72
2005-04-27,27.03
2005-04-28,26.79
2005-04-29,26.94
2005-05-02,26.55
2005-05-03,26.33
2005-05-04,26.81
2005-05-05,26.93
2005-05-06,26.92
2005-05-09,26.85
2005-05-10,26.63
2005-05-11,26.13
2005-05-12,26.12
2005-05-13,26.83
2005-05-16,27.05
2005-05-17,26.89
2005-05-18,27.45
2005-05-19,27.71
2005-05-20,28.36
2005-05-23,28.25
2005-05-24,28.43
2005-05-25,28.0
2005-05-26,28.5
2005-05-27,28.13
2005-05-31,27.77
2005-06-01,28.14
2005-06-02,28.8
2005-06-03,28.22
2005-06-06,28.31
2005-06-07,27.83
2005-06-08,28.08
2005-06-09,27.64
2005-06-10,26.79
2005-06-13,26.88
2005-06-14,26.48
2005-06-15,26.39
2005-06-16,26.65
2005-06-17,26.5
2005-06-20,26.37
2005-06-21,26.59
2005-06-22,26.63
2005-06-23,26.22
2005-06-24,26.06
2005-06-27,25.66
2005-06-28,25.63
2005-06-29,25.53
2005-06-30,25.5
2005-07-01,25.48
2005-07-05,25.68
2005-07-06,26.46
2005-07-07,26.74
2005-07-08,27.46
2005-07-11,27.86
2005-07-12,27.79
2005-07-13,27.99
2005-07-14,27.9
2005-07-15,27.73
2005-07-18,27.49
2005-07-19,27.88
2005-07-20,28.1
2005-07-21,27.0
2005-07-22,28.35
2005-07-25,28.67
2005-07-26,29.09
2005-07-27,28.92
2005-07-28,28.97
2005-07-29,28.35
2005-08-01,28.13
2005-08-02,28.96
2005-08-03,28.67
2005-08-04,27.91
2005-08-05,27.82
2005-08-08,27.49
2005-08-09,27.49
2005-08-10,27.37
2005-08-11,27.44
2005-08-12,27.0
2005-08-15,26.94
2005-08-16,26.67
2005-08-17,26.7
2005-08-18,26.84
2005-08-19,26.96
2005-08-22,27.11
2005-08-23,27.42
2005-08-24,27.19
2005-08-25,27.26
2005-08-26,26.87
2005-08-29,27.57
2005-08-30,27.6
2005-08-31,28.08
2005-09-01,27.84
2005-09-02,27.65
2005-09-06,28.37
2005-09-07,28.44
2005-09-08,28.12
2005-09-09,28.05
2005-09-12,28.17
2005-09-13,27.89
2005-09-14,27.52
2005-09-15,27.45
2005-09-16,27.57
2005-09-19,26.92
2005-09-20,26.8
2005-09-21,26.18
2005-09-22,26.57
2005-09-23,26.78
2005-09-26,27.1
2005-09-27,27.02
2005-09-28,26.93
2005-09-29,27.71
2005-09-30,27.85
2005-10-03,28.13
2005-10-04,28.14
2005-10-05,27.9
2005-10-06,27.22
2005-10-07,27.12
2005-10-10,22.77
2005-10-11,22.07
2005-10-12,21.94
2005-10-13,22.47
2005-10-14,22.3
2005-10-17,22.79
2005-10-18,22.11
2005-10-19,22.14
2005-10-20,22.81
2005-10-21,23.67
2005-10-24,23.58
2005-10-25,23.53
2005-10-26,23.29
2005-10-27,22.88
2005-10-28,23.29
2005-10-31,23.95
2005-11-01,23.53
2005-11-02,23.74
2005-11-03,23.76
2005-11-04,23.67
2005-11-07,23.55
2005-11-08,23.81
2005-11-09,24.35
2005-11-10,24.86
2005-11-11,24.59
2005-11-14,24.65
2005-11-15,24.99
2005-11-16,24.69
2005-11-17,25.4
2005-11-18,25.94
2005-11-21,26.46
2005-11-22,26.44
2005-11-23,26.36
2005-11-25,26.46
2005-11-28,25.94
2005-11-29,25.93
2005-11-30,26.44
2005-12-01,27.15
2005-12-02,27.36
2005-12-05,26.46
2005-12-06,26.98
2005-12-07,26.48
2005-12-08,26.02
2005-12-09,26.65
2005-12-12,26.82
2005-12-13,27.42
2005-12-14,27.54
2005-12-15,27.25
2005-12-16,27.19
2005-12-19,26.23
2005-12-20,26.02
2005-12-21,26.03
2005-12-22,26.05
2005-12-23,25.88
2005-12-27,25.49
2005-12-28,25.45
2005-12-29,25.2
2005-12-30,25.21
2006-01-03,25.77
2006-01-04,26.93
2006-01-05,28.55
2006-01-06,29.12
2006-01-09,29.09
2006-01-10,29.25
2006-01-11,29.06
2006-01-12,28.81
2006-01-13,28.79
2006-01-17,28.4
2006-01-18,28.8
2006-01-19,29.79
2006-01-20,27.39
2006-01-23,27.84
2006-01-24,27.33
2006-01-25,27.5
2006-01-26,28.48
2006-01-27,28.83
2006-01-30,28.82
2006-01-31,28.16
2006-02-01,28.39
2006-02-02,27.64
2006-02-03,27.34
2006-02-06,27.37
2006-02-07,27.2
2006-02-08,28.2
2006-02-09,28.35
2006-02-10,27.7
2006-02-13,27.73
2006-02-14,27.4
2006-02-15,27.55
2006-02-16,27.6
2006-02-17,27.14
2006-02-21,26.72
2006-02-22,26.95
2006-02-23,26.84
2006-02-24,26.85
2006-02-27,27.2
2006-02-28,27.28
2006-03-01,28.02
2006-03-02,27.75
2006-03-03,27.71
2006-03-06,26.55
2006-03-07,26.1
2006-03-08,25.71
2006-03-09,25.57
2006-03-10,25.33
2006-03-13,25.51
2006-03-14,25.84
2006-03-15,25.66
2006-03-16,25.84
2006-03-17,26.2
2006-03-20,25.88
2006-03-21,25.69
2006-03-22,25.88
2006-03-23,25.47
2006-03-24,25.7
2006-03-27,25.44
2006-03-28,24.92
2006-03-29,26.32
2006-03-30,25.84
2006-03-31,25.46
2006-04-03,25.16
2006-04-04,25.46
2006-04-05,26.57
2006-04-06,26.63
2006-04-07,26.54
2006-04-10,26.32
2006-04-11,26.0
2006-04-12,26.25
2006-04-13,26.43
2006-04-17,26.06
2006-04-18,27.12
2006-04-19,27.82
2006-04-20,27.12
2006-04-21,26.68
2006-04-24,26.02
2006-04-25,26.15
2006-04-26,26.57
2006-04-27,28.24
2006-04-28,27.67
2006-05-01,27.74
2006-05-02,28.03
2006-05-03,28.58
2006-05-04,29.05
2006-05-05,29.14
2006-05-08,28.88
2006-05-09,29.31
2006-05-10,28.5
2006-05-11,28.3
2006-05-12,27.51
2006-05-15,27.52
2006-05-16,27.24
2006-05-17,27.04
2006-05-18,26.84
2006-05-19,27.1
2006-05-22,26.41
2006-05-23,25.8
2006-05-24,26.34
2006-05-25,26.12
2006-05-26,26.3
2006-05-30,25.43
2006-05-31,26.0
2006-06-01,26.5
2006-06-02,26.81
2006-06-05,26.0
2006-06-06,26.05
2006-06-07,25.04
2006-06-08,25.61
2006-06-09,24.96
2006-06-12,24.73
2006-06-13,24.49
2006-06-14,23.39
2006-06-15,24.35
2006-06-16,24.0
2006-06-19,23.66
2006-06-20,23.59
2006-06-21,23.99
2006-06-22,23.35
2006-06-23,22.9
2006-06-26,23.37
2006-06-27,22.46
2006-06-28,22.31
2006-06-29,22.99
2006-06-30,22.65
2006-07-03,22.8
2006-07-05,22.31
2006-07-06,22.14
2006-07-07,21.49
2006-07-10,21.09
2006-07-11,21.67
2006-07-12,21.22
2006-07-13,21.26
2006-07-14,21.13
2006-07-17,21.35
2006-07-18,21.55
2006-07-19,21.85
2006-07-20,21.1
2006-07-21,19.99
2006-07-24,20.0
2006-07-25,19.6
2006-07-26,20.46
2006-07-27,20.48
2006-07-28,20.32
2006-07-31,20.31
2006-08-01,20.01
2006-08-02,20.05
2006-08-03,20.29
2006-08-04,20.07
2006-08-07,19.85
2006-08-08,19.79
2006-08-09,20.13
2006-08-10,20.2
2006-08-11,19.92
2006-08-14,20.06
2006-08-15,20.65
2006-08-16,22.71
2006-08-17,22.66
2006-08-18,22.94
2006-08-21,22.43
2006-08-22,22.63
2006-08-23,22.05
2006-08-24,22.32
2006-08-25,22.42
2006-08-28,22.58
2006-08-29,23.27
2006-08-30,23.31
2006-08-31,22.87
2006-09-01,22.51
2006-09-05,22.21
2006-09-06,21.15
2006-09-07,21.06
2006-09-08,21.07
2006-09-11,21.15
2006-09-12,21.76
2006-09-13,21.54
2006-09-14,22.41
2006-09-15,22.4
2006-09-18,22.44
2006-09-19,22.08
2006-09-20,22.22
2006-09-21,22.48
2006-09-22,22.37
2006-09-25,22.97
2006-09-26,22.8
2006-09-27,22.29
2006-09-28,22.35
2006-09-29,21.95
2006-10-02,22.22
2006-10-03,22.14
2006-10-04,22.98
2006-10-05,22.67
2006-10-06,23.0
2006-10-09,23.59
2006-10-10,23.67
2006-10-11,24.47
2006-10-12,24.76
2006-10-13,24.87
2006-10-16,24.93
2006-10-17,24.15
2006-10-18,23.81
2006-10-19,23.92
2006-10-20,25.36
2006-10-23,25.4
2006-10-24,25.14
2006-10-25,25.49
2006-10-26,25.74
2006-10-27,25.44
2006-10-30,25.7
2006-10-31,25.51
2006-11-01,24.94
2006-11-02,24.69
2006-11-03,24.99
2006-11-06,25.85
2006-11-07,26.49
2006-11-08,26.84
2006-11-09,26.8
2006-11-10,26.92
2006-11-13,27.23
2006-11-14,28.25
2006-11-15,28.23
2006-11-16,28.21
2006-11-17,27.48
2006-11-20,27.85
2006-11-21,27.7
2006-11-22,27.9
2006-11-24,27.63
2006-11-27,26.75
2006-11-28,26.83
2006-11-29,26.78
2006-11-30,26.82
2006-12-01,26.58
2006-12-04,26.95
2006-12-05,26.63
2006-12-06,26.98
2006-12-07,26.44
2006-12-08,24.83
2006-12-11,24.63
2006-12-12,24.56
2006-12-13,24.22
2006-12-14,24.77
2006-12-15,24.85
2006-12-18,24.54
2006-12-19,23.97
2006-12-20,23.92
2006-12-21,23.67
2006-12-22,23.48
2006-12-26,23.56
2006-12-27,23.9
2006-12-28,24.01
2006-12-29,23.81
2007-01-03,23.61
2007-01-04,24.17
2007-01-05,23.95
2007-01-08,24.1
2007-01-09,23.99
2007-01-10,24.37
2007-01-11,24.71
2007-01-12,24.81
2007-01-16,24.2
2007-01-17,23.45
2007-01-18,22.97
2007-01-19,23.88
2007-01-22,23.33
2007-01-23,23.39
2007-01-24,24.4
2007-01-25,24.41
2007-01-26,24.49
2007-01-29,24.12
2007-01-30,24.26
2007-01-31,24.3
2007-02-01,24.47
2007-02-02,24.72
2007-02-05,24.58
2007-02-06,24.62
2007-02-07,25.39
2007-02-08,25.22
2007-02-09,24.91
2007-02-12,24.89
2007-02-13,24.85
2007-02-14,25.58
2007-02-15,25.68
2007-02-16,25.9
2007-02-20,25.87
2007-02-21,25.76
2007-02-22,26.39
2007-02-23,26.46
2007-02-26,26.34
2007-02-27,25.98
2007-02-28,25.62
2007-03-01,25.51
2007-03-02,25.3
2007-03-05,24.78
2007-03-06,25.17
2007-03-07,25.06
2007-03-08,25.17
2007-03-09,25.65
2007-03-12,26.15
2007-03-13,25.68
2007-03-14,25.74
2007-03-15,25.78
2007-03-16,25.55
2007-03-19,25.48
2007-03-20,25.83
2007-03-21,26.6
2007-03-22,26.4
2007-03-23,26.53
2007-03-26,26.3
2007-03-27,25.98
2007-03-28,25.63
2007-03-29,25.53
2007-03-30,25.73
2007-04-02,25.65
2007-04-03,25.92
2007-04-04,26.0
2007-04-05,26.03
2007-04-09,25.96
2007-04-10,26.14
2007-04-11,25.67
2007-04-12,25.89
2007-04-13,26.19
2007-04-16,26.3
2007-04-17,26.29
2007-04-18,27.1
2007-04-19,27.31
2007-04-20,27.16
2007-04-23,27.01
2007-04-24,28.34
2007-04-25,29.2
2007-04-26,30.18
2007-04-27,29.6
2007-04-30,29.48
2007-05-01,29.53
2007-05-02,29.9
2007-05-03,29.63
2007-05-04,29.92
2007-05-07,29.67
2007-05-08,29.82
2007-05-09,30.09
2007-05-10,29.65
2007-05-11,29.95
2007-05-14,30.01
2007-05-15,29.94
2007-05-16,29.8
2007-05-17,29.42
2007-05-18,29.26
2007-05-21,29.05
2007-05-22,29.24
2007-05-23,28.7
2007-05-24,28.0
2007-05-25,27.84
2007-05-29,28.07
2007-05-30,28.12
2007-05-31,28.48
2007-06-01,28.08
2007-06-04,28.17
2007-06-05,27.93
2007-06-06,27.9
2007-06-07,27.47
2007-06-08,27.53
2007-06-11,27.33
2007-06-12,27.06
2007-06-13,27.4
2007-06-14,27.5
2007-06-15,27.52
2007-06-18,27.52
2007-06-19,27.0
2007-06-20,27.08
2007-06-21,27.79
2007-06-22,27.0
2007-06-25,26.68
2007-06-26,26.55
2007-06-27,27.15
2007-06-28,26.95
2007-06-29,26.77
2007-07-02,26.97
2007-07-03,26.7
2007-07-05,27.23
2007-07-06,27.51
2007-07-09,27.87
2007-07-10,27.41
2007-07-11,27.56
2007-07-12,28.32
2007-07-13,28.1
2007-07-16,28.0
2007-07-17,28.56
2007-07-18,28.31
2007-07-19,28.7
2007-07-20,27.26
2007-07-23,26.72
2007-07-24,26.58
2007-07-25,25.85
2007-07-26,25.46
2007-07-27,25.06
2007-07-30,25.48
2007-07-31,25.0
2007-08-01,25.19
2007-08-02,25.32
2007-08-03,24.35
2007-08-06,24.67
2007-08-07,24.82
2007-08-08,25.43
2007-08-09,25.43
2007-08-10,25.89
2007-08-13,25.37
2007-08-14,24.63
2007-08-15,24.34
2007-08-16,24.35
2007-08-17,24.46
2007-08-20,24.54
2007-08-21,24.84
2007-08-22,25.78
2007-08-23,25.38
2007-08-24,25.89
2007-08-27,25.55
2007-08-28,24.81
2007-08-29,25.48
2007-08-30,25.17
2007-08-31,25.57
2007-09-04,26.39
2007-09-05,26.24
2007-09-06,26.31
2007-09-07,25.82
2007-09-10,25.88
2007-09-11,26.18
2007-09-12,25.83
2007-09-13,25.75
2007-09-14,25.76
2007-09-17,25.69
2007-09-18,26.53
2007-09-19,27.02
2007-09-20,26.86
2007-09-21,26.87
2007-09-24,26.46
2007-09-25,26.67
2007-09-26,26.03
2007-09-27,26.05
2007-09-28,26.14
2007-10-01,26.87
2007-10-02,26.93
2007-10-03,26.31
2007-10-04,26.32
2007-10-05,26.8
2007-10-08,26.97
2007-10-09,26.81
2007-10-10,25.67
2007-10-11,25.01
2007-10-12,25.46
2007-10-15,25.35
2007-10-16,25.32
2007-10-17,25.4
2007-10-18,25.96
2007-10-19,25.31
2007-10-22,25.93
2007-10-23,26.08
2007-10-24,25.33
2007-10-25,24.58
2007-10-26,24.24
2007-10-29,24.5
2007-10-30,24.3
2007-10-31,24.4
2007-11-01,24.23
2007-11-02,24.12
2007-11-05,23.92
2007-11-06,24.11
2007-11-07,23.52
2007-11-08,23.12
2007-11-09,23.03
2007-11-12,23.02
2007-11-13,23.48
2007-11-14,23.15
2007-11-15,23.04
2007-11-16,22.97
2007-11-19,22.69
2007-11-20,21.95
2007-11-21,21.59
2007-11-23,21.69
2007-11-26,21.16
2007-11-27,21.63
2007-11-28,22.11
2007-11-29,22.04
2007-11-30,21.9
2007-12-03,21.98
2007-12-04,21.64
2007-12-05,22.01
2007-12-06,22.65
2007-12-07,22.39
2007-12-10,22.38
2007-12-11,22.17
2007-12-12,22.25
2007-12-13,22.36
2007-12-14,22.11
2007-12-17,21.63
2007-12-18,21.52
2007-12-19,21.56
2007-12-20,22.07
2007-12-21,22.34
2007-12-24,22.44
2007-12-26,22.5
2007-12-27,21.98
2007-12-28,21.92
2007-12-31,21.87
2008-01-02,21.12
2008-01-03,21.01
2008-01-04,20.36
2008-01-07,20.46
2008-01-08,19.7
2008-01-09,20.0
2008-01-10,20.14
2008-01-11,19.52
2008-01-14,19.83
2008-01-15,19.06
2008-01-16,19.61
2008-01-17,19.14
2008-01-18,21.53
2008-01-22,21.07
2008-01-23,21.5
2008-01-24,22.12
2008-01-25,21.35
2008-01-28,21.89
2008-01-29,21.63
2008-01-30,22.03
2008-01-31,21.87
2008-02-01,23.33
2008-02-04,22.23
2008-02-05,21.62
2008-02-06,20.96
2008-02-07,21.21
2008-02-08,21.43
2008-02-11,21.98
2008-02-12,21.87
2008-02-13,22.46
2008-02-14,21.83
2008-02-15,21.57
2008-02-19,21.57
2008-02-20,21.89
2008-02-21,21.76
2008-02-22,21.59
2008-02-25,22.24
2008-02-26,22.67
2008-02-27,23.12
2008-02-28,22.57
2008-02-29,22.36
2008-03-03,22.12
2008-03-04,22.44
2008-03-05,22.79
2008-03-06,22.24
2008-03-07,22.63
2008-03-10,22.21
2008-03-11,23.66
2008-03-12,23.73
2008-03-13,23.88
2008-03-14,23.42
2008-03-17,23.74
2008-03-18,24.16
2008-03-19,23.69
2008-03-20,23.98
2008-03-24,24.72
2008-03-25,24.94
2008-03-26,24.44
2008-03-27,23.55
2008-03-28,23.09
2008-03-31,23.75
2008-04-01,24.59
2008-04-02,24.64
2008-04-03,24.6
2008-04-04,24.53
2008-04-07,24.45
2008-04-08,24.17
2008-04-09,24.51
2008-04-10,24.89
2008-04-11,23.93
2008-04-14,23.43
2008-04-15,22.96
2008-04-16,23.85
2008-04-17,23.63
2008-04-18,24.63
2008-04-21,25.33
2008-04-22,24.8
2008-04-23,25.77
2008-04-24,24.87
2008-04-25,24.84
2008-04-28,24.97
2008-04-29,25.06
2008-04-30,24.77
2008-05-01,25.64
2008-05-02,25.75
2008-05-05,25.24
2008-05-06,25.87
2008-05-07,25.72
2008-05-08,25.8
2008-05-09,25.75
2008-05-12,26.34
2008-05-13,26.35
2008-05-14,26.46
2008-05-15,26.96
2008-05-16,26.94
2008-05-19,27.24
2008-05-20,26.86
2008-05-21,26.27
2008-05-22,26.38
2008-05-23,26.22
2008-05-27,26.86
2008-05-28,26.84
2008-05-29,26.96
2008-05-30,27.2
2008-06-02,26.76
2008-06-03,26.92
2008-06-04,27.86
2008-06-05,28.16
2008-06-06,27.29
2008-06-09,27.19
2008-06-10,26.89
2008-06-11,26.05
2008-06-12,26.06
2008-06-13,27.47
2008-06-16,27.75
2008-06-17,27.32
2008-06-18,27.21
2008-06-19,27.85
2008-06-20,27.36
2008-06-23,26.96
2008-06-24,26.68
2008-06-25,27.28
2008-06-26,26.07
2008-06-27,25.27
2008-06-30,25.25
2008-07-01,24.29
2008-07-02,23.78
2008-07-03,23.72
2008-07-07,23.93
2008-07-08,23.89
2008-07-09,23.06
2008-07-10,23.5
2008-07-11,23.59
2008-07-14,23.32
2008-07-15,23.85
2008-07-16,25.21
2008-07-17,23.94
2008-07-18,24.36
2008-07-21,23.95
2008-07-22,23.92
2008-07-23,24.54
2008-07-24,24.11
2008-07-25,24.5
2008-07-28,24.34
2008-07-29,24.98
2008-07-30,24.9
2008-07-31,24.83
2008-08-01,24.84
2008-08-04,24.84
2008-08-05,25.33
2008-08-06,25.8
2008-08-07,26.04
2008-08-08,26.42
2008-08-11,27.15
2008-08-12,27.55
2008-08-13,27.25
2008-08-14,27.51
2008-08-15,27.06
2008-08-18,26.88
2008-08-19,26.38
2008-08-20,26.36
2008-08-21,26.29
2008-08-22,26.51
2008-08-25,26.23
2008-08-26,26.16
2008-08-27,26.47
2008-08-28,26.66
2008-08-29,25.98
2008-09-02,25.56
2008-09-03,24.62
2008-09-04,23.38
2008-09-05,23.94
2008-09-08,23.94
2008-09-09,23.03
2008-09-10,23.07
2008-09-11,23.03
2008-09-12,22.94
2008-09-15,22.48
2008-09-16,23.11
2008-09-17,22.59
2008-09-18,23.96
2008-09-19,24.05
2008-09-22,23.02
2008-09-23,22.99
2008-09-24,23.14
2008-09-25,23.57
2008-09-26,23.98
2008-09-29,22.8
2008-09-30,23.45
2008-10-01,23.26
2008-10-02,22.06
2008-10-03,22.02
2008-10-06,21.62
2008-10-07,20.53
2008-10-08,19.48
2008-10-09,19.23
2008-10-10,19.29
2008-10-13,21.39
2008-10-14,20.93
2008-10-15,19.49
2008-10-16,21.1
2008-10-17,20.49
2008-10-20,21.1
2008-10-21,20.4
2008-10-22,19.1
2008-10-23,18.51
2008-10-24,18.06
2008-10-27,17.34
2008-10-28,19.02
2008-10-29,18.15
2008-10-30,18.78
2008-10-31,18.42
2008-11-03,17.62
2008-11-04,17.94
2008-11-05,17.49
2008-11-06,16.44
2008-11-07,16.76
2008-11-10,16.5
2008-11-11,16.02
2008-11-12,15.65
2008-11-13,16.55
2008-11-14,15.95
2008-11-17,15.79
2008-11-18,15.91
2008-11-19,14.67
2008-11-20,14.61
2008-11-21,15.3
2008-11-24,16.45
2008-11-25,15.77
2008-11-26,16.63
2008-11-28,16.36
2008-12-01,15.03
2008-12-02,15.31
2008-12-03,16.77
2008-12-04,15.44
2008-12-05,15.74
2008-12-08,16.17
2008-12-09,16.68
2008-12-10,16.99
2008-12-11,16.74
2008-12-12,17.34
2008-12-15,17.27
2008-12-16,18.13
2008-12-17,17.84
2008-12-18,17.13
2008-12-19,17.31
2008-12-22,17.04
2008-12-23,16.42
2008-12-24,16.59
2008-12-26,16.29
2008-12-29,16.57
2008-12-30,17.62
2008-12-31,17.82
2009-01-02,18.36
2009-01-05,18.24
2009-01-06,18.61
2009-01-07,17.89
2009-01-08,17.0
2009-01-09,16.31
2009-01-12,15.95
2009-01-13,16.23
2009-01-14,15.5
2009-01-15,16.35
2009-01-16,16.93
2009-01-20,15.61
2009-01-21,15.89
2009-01-22,15.47
2009-01-23,16.0
2009-01-26,16.28
2009-01-27,17.06
2009-01-28,17.51
2009-01-29,17.28
2009-01-30,16.85
2009-02-02,16.75
2009-02-03,17.13
2009-02-04,17.19
2009-02-05,18.3
2009-02-06,18.69
2009-02-09,18.37
2009-02-10,17.78
2009-02-11,17.73
2009-02-12,18.14
2009-02-13,18.42
2009-02-17,17.25
2009-02-18,17.26
2009-02-19,16.52
2009-02-20,16.79
2009-02-23,16.17
2009-02-24,17.13
2009-02-25,17.84
2009-02-26,17.78
2009-02-27,17.68
2009-03-02,16.71
2009-03-03,17.37
2009-03-04,18.52
2009-03-05,18.17
2009-03-06,17.82
2009-03-09,17.31
2009-03-10,18.22
2009-03-11,18.53
2009-03-12,19.11
2009-03-13,19.22
2009-03-16,18.39
2009-03-17,19.37
2009-03-18,20.11
2009-03-19,19.92
2009-03-20,19.3
2009-03-23,20.26
2009-03-24,19.72
2009-03-25,19.94
2009-03-26,20.38
2009-03-27,19.49
2009-03-30,19.25
2009-03-31,19.16
2009-04-01,19.39
2009-04-02,19.99
2009-04-03,19.99
2009-04-06,19.78
2009-04-07,19.18
2009-04-08,19.71
2009-04-09,20.4
2009-04-13,20.31
2009-04-14,20.71
2009-04-15,20.59
2009-04-16,21.74
2009-04-17,21.58
2009-04-20,20.57
2009-04-21,20.71
2009-04-22,20.93
2009-04-23,19.75
2009-04-24,20.22
2009-04-27,20.13
2009-04-28,19.94
2009-04-29,19.93
2009-04-30,20.44
2009-05-01,20.45
2009-05-04,21.08
2009-05-05,20.62
2009-05-06,20.66
2009-05-07,19.35
2009-05-08,18.72
2009-05-11,18.97
2009-05-12,18.7
2009-05-13,18.38
2009-05-14,19.0
2009-05-15,18.92
2009-05-18,19.27
2009-05-19,19.66
2009-05-20,19.6
2009-05-21,19.16
2009-05-22,19.26
2009-05-26,20.08
2009-05-27,20.19
2009-05-28,20.51
2009-05-29,20.74
2009-06-01,21.61
2009-06-02,21.01
2009-06-03,20.99
2009-06-04,21.16
2009-06-05,20.92
2009-06-08,21.13
2009-06-09,21.85
2009-06-10,21.79
2009-06-11,21.43
2009-06-12,20.91
2009-06-15,20.4
2009-06-16,20.05
2009-06-17,20.35
2009-06-18,19.88
2009-06-19,20.07
2009-06-22,19.72
2009-06-23,19.62
2009-06-24,20.13
2009-06-25,20.3
2009-06-26,20.19
2009-06-29,20.34
2009-06-30,20.46
2009-07-01,20.57
2009-07-02,20.6
2009-07-06,20.06
2009-07-07,19.35
2009-07-08,19.15
2009-07-09,19.46
2009-07-10,19.38
2009-07-13,19.69
2009-07-14,19.83
2009-07-15,20.66
2009-07-16,20.26
2009-07-17,20.26
2009-07-20,19.97
2009-07-21,20.16
2009-07-22,20.55
2009-07-23,21.13
2009-07-24,21.47
2009-07-27,21.45
2009-07-28,21.74
2009-07-29,21.5
2009-07-30,21.64
2009-07-31,21.69
2009-08-03,22.13
2009-08-04,22.19
2009-08-05,21.92
2009-08-06,21.62
2009-08-07,21.44
2009-08-10,21.51
2009-08-11,21.31
2009-08-12,21.81
2009-08-13,22.1
2009-08-14,21.49
2009-08-17,21.03
2009-08-18,21.34
2009-08-19,21.51
2009-08-20,21.87
2009-08-21,22.39
2009-08-24,22.3
2009-08-25,22.15
2009-08-26,22.17
2009-08-27,22.08
2009-08-28,22.65
2009-08-31,22.24
2009-09-01,21.65
2009-09-02,21.34
2009-09-03,21.45
2009-09-04,22.21
2009-09-08,23.16
2009-09-09,23.41
2009-09-10,23.59
2009-09-11,23.25
2009-09-14,23.34
2009-09-15,23.37
2009-09-16,22.78
2009-09-17,22.23
2009-09-18,22.81
2009-09-21,22.9
2009-09-22,22.72
2009-09-23,23.83
2009-09-24,23.41
2009-09-25,23.17
2009-09-28,23.56
2009-09-29,23.2
2009-09-30,23.42
2009-10-01,22.39
2009-10-02,22.16
2009-10-05,22.8
2009-10-06,23.15
2009-10-07,22.76
2009-10-08,22.57
2009-10-09,23.2
2009-10-12,23.69
2009-10-13,23.93
2009-10-14,24.0
2009-10-15,23.7
2009-10-16,23.3
2009-10-19,23.67
2009-10-20,23.5
2009-10-21,23.08
2009-10-22,23.41
2009-10-23,22.91
2009-10-26,22.99
2009-10-27,22.57
2009-10-28,22.1
2009-10-29,22.41
2009-10-30,21.75
2009-11-02,21.75
2009-11-03,21.55
2009-11-04,21.72
2009-11-05,22.05
2009-11-06,21.89
2009-11-09,22.5
2009-11-10,22.61
2009-11-11,22.95
2009-11-12,22.82
2009-11-13,22.94
2009-11-16,23.39
2009-11-17,23.48
2009-11-18,23.21
2009-11-19,22.61
2009-11-20,22.28
2009-11-23,22.52
2009-11-24,22.7
2009-11-25,22.99
2009-11-27,22.63
2009-11-30,22.64
2009-12-01,23.42
2009-12-02,23.45
2009-12-03,23.21
2009-12-04,23.37
2009-12-07,23.24
2009-12-08,23.77
2009-12-09,24.0
2009-12-10,23.98
2009-12-11,23.7
2009-12-14,23.95
2009-12-15,23.9
2009-12-16,24.77
2009-12-17,24.39
2009-12-18,24.65
2009-12-21,25.0
2009-12-22,25.06
2009-12-23,25.06
2009-12-24,25.36
2009-12-28,25.23
2009-12-29,25.02
2009-12-30,25.35
2009-12-31,25.06
2010-01-04,25.38
2010-01-05,25.06
2010-01-06,24.89
2010-01-07,24.64
2010-01-08,25.0
2010-01-11,24.74
2010-01-12,24.05
2010-01-13,24.26
2010-01-14,24.11
2010-01-15,23.52
2010-01-19,23.88
2010-01-20,23.94
2010-01-21,25.25
2010-01-22,23.84
2010-01-25,24.38
2010-01-26,24.22
2010-01-27,24.48
2010-01-28,24.01
2010-01-29,23.58
2010-02-01,23.98
2010-02-02,24.27
2010-02-03,24.51
2010-02-04,23.28
2010-02-05,23.62
2010-02-08,23.46
2010-02-09,23.81
2010-02-10,23.95
2010-02-11,24.46
2010-02-12,24.56
2010-02-16,25.04
2010-02-17,25.1
2010-02-18,25.52
2010-02-19,25.71
2010-02-22,25.5
2010-02-23,25.15
2010-02-24,25.91
2010-02-25,25.98
2010-02-26,25.83
2010-03-01,26.4
2010-03-02,26.38
2010-03-03,26.2
2010-03-04,26.22
2010-03-05,26.71
2010-03-08,26.63
2010-03-09,26.62
2010-03-10,26.9
2010-03-11,26.5
2010-03-12,26.61
2010-03-15,26.35
2010-03-16,26.93
2010-03-17,27.31
2010-03-18,27.06
2010-03-19,26.6
2010-03-22,27.07
2010-03-23,27.32
2010-03-24,25.81
2010-03-25,25.45
2010-03-26,25.4
2010-03-29,25.71
2010-03-30,25.72
2010-03-31,25.5
2010-04-01,25.68
2010-04-05,26.34
2010-04-06,26.53
2010-04-07,26.58
2010-04-08,26.22
2010-04-09,26.38
2010-04-12,26.63
2010-04-13,26.84
2010-04-14,27.65
2010-04-15,27.73
2010-04-16,27.49
2010-04-19,27.26
2010-04-20,27.62
2010-04-21,27.21
2010-04-22,27.52
2010-04-23,27.3
2010-04-26,27.23
2010-04-27,26.3
2010-04-28,26.63
2010-04-29,26.79
2010-04-30,25.79
2010-05-03,26.35
2010-05-04,25.48
2010-05-05,25.32
2010-05-06,24.72
2010-05-07,24.44
2010-05-10,25.23
2010-05-11,25.06
2010-05-12,25.69
2010-05-13,24.65
2010-05-14,24.05
2010-05-17,24.78
2010-05-18,24.06
2010-05-19,24.25
2010-05-20,23.91
2010-05-21,24.34
2010-05-24,23.68
2010-05-25,23.74
2010-05-26,23.78
2010-05-27,24.88
2010-05-28,24.45
2010-06-01,23.9
2010-06-02,24.66
2010-06-03,25.24
2010-06-04,24.96
2010-06-07,24.29
2010-06-08,24.15
2010-06-09,23.79
2010-06-10,24.59
2010-06-11,25.07
2010-06-14,24.85
2010-06-15,26.36
2010-06-16,26.66
2010-06-17,26.66
2010-06-18,26.8
2010-06-21,26.31
2010-06-22,26.02
2010-06-23,26.26
2010-06-24,25.91
2010-06-25,25.9
2010-06-28,26.05
2010-06-29,25.28
2010-06-30,25.26
2010-07-01,25.54
2010-07-02,25.33
2010-07-06,25.39
2010-07-07,26.91
2010-07-08,27.02
2010-07-09,27.62
2010-07-12,27.84
2010-07-13,28.64
2010-07-14,28.18
2010-07-15,28.54
2010-07-16,27.59
2010-07-19,28.71
2010-07-20,28.45
2010-07-21,27.8
2010-07-22,28.78
2010-07-23,29.2
2010-07-26,29.28
2010-07-27,28.93
2010-07-28,28.5
2010-07-29,27.81
2010-07-30,27.92
2010-08-02,28.06
2010-08-03,27.87
2010-08-04,28.04
2010-08-05,27.87
2010-08-06,27.91
2010-08-09,27.73
2010-08-10,27.56
2010-08-11,26.85
2010-08-12,25.5
2010-08-13,25.04
2010-08-16,25.11
2010-08-17,25.41
2010-08-18,25.64
2010-08-19,25.3
2010-08-20,25.45
2010-08-23,25.05
2010-08-24,24.89
2010-08-25,24.95
2010-08-26,24.48
2010-08-27,24.93
2010-08-30,24.31
2010-08-31,24.14
2010-09-01,24.67
2010-09-02,25.18
2010-09-03,25.39
2010-09-07,24.97
2010-09-08,25.13
2010-09-09,24.76
2010-09-10,24.67
2010-09-13,25.28
2010-09-14,26.13
2010-09-15,26.06
2010-09-16,26.27
2010-09-17,26.45
2010-09-20,26.18
2010-09-21,26.02
2010-09-22,25.33
2010-09-23,25.34
2010-09-24,26.54
2010-09-27,26.18
2010-09-28,26.81
2010-09-29,27.05
2010-09-30,26.64
2010-10-01,26.35
2010-10-04,25.75
2010-10-05,26.35
2010-10-06,25.71
2010-10-07,25.93
2010-10-08,26.08
2010-10-11,26.61
2010-10-12,26.83
2010-10-13,26.57
2010-10-14,26.48
2010-10-15,26.48
2010-10-18,26.34
2010-10-19,26.33
2010-10-20,26.01
2010-10-21,25.17
2010-10-22,25.2
2010-10-25,25.45
2010-10-26,25.31
2010-10-27,26.12
2010-10-28,26.22
2010-10-29,26.8
2010-11-01,26.83
2010-11-02,27.15
2010-11-03,27.24
2010-11-04,27.85
2010-11-05,27.73
2010-11-08,27.82
2010-11-09,27.37
2010-11-10,27.42
2010-11-11,26.5
2010-11-12,26.64
2010-11-15,26.45
2010-11-16,26.3
2010-11-17,26.7
2010-11-18,27.02
2010-11-19,27.17
2010-11-22,27.27
2010-11-23,27.28
2010-11-24,27.68
2010-11-26,27.52
2010-11-29,27.43
2010-11-30,27.13
2010-12-01,27.99
2010-12-02,28.53
2010-12-03,28.87
2010-12-06,28.61
2010-12-07,28.59
2010-12-08,28.85
2010-12-09,28.5
2010-12-10,28.65
2010-12-13,28.51
2010-12-14,28.53
2010-12-15,28.23
2010-12-16,28.66
2010-12-17,28.21
2010-12-20,28.11
2010-12-21,28.39
2010-12-22,28.63
2010-12-23,28.83
2010-12-27,28.99
2010-12-28,29.03
2010-12-29,29.0
2010-12-30,29.06
2010-12-31,28.98
2011-01-03,29.42
2011-01-04,29.54
2011-01-05,29.64
2011-01-06,30.14
2011-01-07,29.97
2011-01-10,30.2
2011-01-11,30.51
2011-01-12,30.99
2011-01-13,30.89
2011-01-14,31.69
2011-01-18,31.77
2011-01-19,31.02
2011-01-20,31.26
2011-01-21,31.28
2011-01-24,31.78
2011-01-25,31.98
2011-01-26,32.17
2011-01-27,32.85
2011-01-28,32.19
2011-01-31,32.2
2011-02-01,33.23
2011-02-02,33.08
2011-02-03,32.81
2011-02-04,33.62
2011-02-07,33.29
2011-02-08,33.35
2011-02-09,33.29
2011-02-10,33.42
2011-02-11,33.78
2011-02-14,33.79
2011-02-15,33.73
2011-02-16,33.86
2011-02-17,33.87
2011-02-18,33.92
2011-02-22,33.09
2011-02-23,32.88
2011-02-24,32.95
2011-02-25,33.79
2011-02-28,33.25
2011-03-01,32.7
2011-03-02,34.54
2011-03-03,35.11
2011-03-04,34.96
2011-03-07,34.16
2011-03-08,33.92
2011-03-09,32.04
2011-03-10,31.9
2011-03-11,32.33
2011-03-14,31.82
2011-03-15,31.37
2011-03-16,31.87
2011-03-17,31.63
2011-03-18,31.77
2011-03-21,32.3
2011-03-22,31.98
2011-03-23,32.51
2011-03-24,32.98
2011-03-25,32.97
2011-03-28,32.84
2011-03-29,33.0
2011-03-30,32.82
2011-03-31,32.8
2011-04-01,32.15
2011-04-04,31.83
2011-04-05,31.83
2011-04-06,32.11
2011-04-07,31.87
2011-04-08,31.65
2011-04-11,31.32
2011-04-12,30.64
2011-04-13,31.18
2011-04-14,31.11
2011-04-15,31.46
2011-04-18,30.7
2011-04-19,30.55
2011-04-20,31.72
2011-04-21,31.77
2011-04-25,31.85
2011-04-26,32.5
2011-04-27,32.86
2011-04-28,34.95
2011-04-29,34.86
2011-05-02,35.02
2011-05-03,34.88
2011-05-04,35.15
2011-05-05,35.61
2011-05-06,35.73
2011-05-09,35.56
2011-05-10,35.83
2011-05-11,35.6
2011-05-12,36.25
2011-05-13,35.95
2011-05-16,35.37
2011-05-17,35.28
2011-05-18,36.28
2011-05-19,36.06
2011-05-20,35.77
2011-05-23,34.83
2011-05-24,34.44
2011-05-25,34.52
2011-05-26,34.74
2011-05-27,34.92
2011-05-31,35.68
2011-06-01,34.67
2011-06-02,34.84
2011-06-03,33.73
2011-06-06,33.76
2011-06-07,34.2
2011-06-08,33.36
2011-06-09,33.81
2011-06-10,33.56
2011-06-13,33.34
2011-06-14,33.81
2011-06-15,33.6
2011-06-16,33.24
2011-06-17,32.95
2011-06-20,33.6
2011-06-21,34.19
2011-06-22,34.22
2011-06-23,34.97
2011-06-24,34.64
2011-06-27,35.17
2011-06-28,35.48
2011-06-29,35.37
2011-06-30,36.47
2011-07-01,37.06
2011-07-05,36.63
2011-07-06,36.52
2011-07-07,37.11
2011-07-08,36.24
2011-07-11,35.66
2011-07-12,34.31
2011-07-13,33.92
2011-07-14,33.53
2011-07-15,33.48
2011-07-18,33.28
2011-07-19,33.69
2011-07-20,33.18
2011-07-21,33.71
2011-07-22,33.66
2011-07-25,33.42
2011-07-26,33.49
2011-07-27,32.27
2011-07-28,32.1
2011-07-29,32.1
2011-08-01,31.84
2011-08-02,30.96
2011-08-03,31.41
2011-08-04,30.05
2011-08-05,29.93
2011-08-08,28.86
2011-08-09,29.67
2011-08-10,29.27
2011-08-11,30.19
2011-08-12,30.11
2011-08-15,30.74
2011-08-16,30.23
2011-08-17,30.22
2011-08-18,28.8
2011-08-19,28.36
2011-08-22,28.86
2011-08-23,30.06
2011-08-24,29.79
2011-08-25,29.46
2011-08-26,30.24
2011-08-29,31.2
2011-08-30,31.45
2011-08-31,31.14
2011-09-01,30.83
2011-09-02,29.8
2011-09-06,30.37
2011-09-07,30.45
2011-09-08,30.55
2011-09-09,30.01
2011-09-12,30.77
2011-09-13,31.08
2011-09-14,31.55
2011-09-15,31.67
2011-09-16,31.74
2011-09-19,31.45
2011-09-20,30.02
2011-09-21,29.24
2011-09-22,28.28
2011-09-23,28.92
2011-09-26,28.84
2011-09-27,29.22
2011-09-28,28.53
2011-09-29,28.36
2011-09-30,27.44
2011-10-03,27.06
2011-10-04,28.05
2011-10-05,28.28
2011-10-06,28.69
2011-10-07,28.78
2011-10-10,29.56
2011-10-11,29.42
2011-10-12,29.48
2011-10-13,30.04
2011-10-14,30.59
2011-10-17,30.27
2011-10-18,30.81
2011-10-19,29.6
2011-10-20,29.6
2011-10-21,30.22
2011-10-24,31.49
2011-10-25,31.56
2011-10-26,31.82
2011-10-27,33.25
2011-10-28,33.19
2011-10-31,33.46
2011-11-01,32.52
2011-11-02,31.81
2011-11-03,32.42
2011-11-04,32.85
2011-11-07,32.97
2011-11-08,33.31
2011-11-09,31.95
2011-11-10,31.98
2011-11-11,32.85
2011-11-14,32.51
2011-11-15,32.97
2011-11-16,32.69
2011-11-17,31.76
2011-11-18,31.47
2011-11-21,31.23
2011-11-22,31.09
2011-11-23,30.31
2011-11-25,30.07
2011-11-28,30.74
2011-11-29,30.95
2011-11-30,32.71
2011-12-01,33.06
2011-12-02,33.11
2011-12-05,33.36
2011-12-06,33.19
2011-12-07,33.35
2011-12-08,32.63
2011-12-09,32.64
2011-12-12,32.26
2011-12-13,31.58
2011-12-14,31.19
2011-12-15,31.02
2011-12-16,31.21
2011-12-19,30.61
2011-12-20,31.97
2011-12-21,31.92
2011-12-22,32.29
2011-12-23,32.35
2011-12-27,32.29
2011-12-28,31.97
2011-12-29,32.24
2011-12-30,32.06
2012-01-03,32.44
2012-01-04,32.1
2012-01-05,32.38
2012-01-06,32.17
2012-01-09,32.87
2012-01-10,32.93
2012-01-11,32.85
2012-01-12,33.46
2012-01-13,32.99
2012-01-17,33.35
2012-01-18,35.3
2012-01-19,35.64
2012-01-20,35.77
2012-01-23,35.68
2012-01-24,36.06
2012-01-25,35.52
2012-01-26,35.84
2012-01-27,35.99
2012-01-30,35.86
2012-01-31,35.85
2012-02-01,36.28
2012-02-02,36.2
2012-02-03,36.92
2012-02-06,36.31
2012-02-07,36.4
2012-02-08,36.6
2012-02-09,36.85
2012-02-10,36.33
2012-02-13,36.26
2012-02-14,36.53
2012-02-15,36.45
2012-02-16,37.15
2012-02-17,37.28
2012-02-21,36.89
2012-02-22,36.84
2012-02-23,36.89
2012-02-24,37.23
2012-02-27,37.0
2012-02-28,37.45
2012-02-29,36.93
2012-03-01,36.68
2012-03-02,36.48
2012-03-05,35.72
2012-03-06,36.07
2012-03-07,36.13
2012-03-08,36.41
2012-03-09,36.44
2012-03-12,36.18
2012-03-13,36.94
2012-03-14,36.65
2012-03-15,36.88
2012-03-16,37.27
2012-03-19,37.12
2012-03-20,36.03
2012-03-21,36.48
2012-03-22,36.23
2012-03-23,36.07
2012-03-26,36.61
2012-03-27,36.42
2012-03-28,36.17
2012-03-29,36.29
2012-03-30,36.48
2012-04-02,36.72
2012-04-03,36.14
2012-04-04,35.39
2012-04-05,35.52
2012-04-09,35.14
2012-04-10,34.85
2012-04-11,35.44
2012-04-12,36.01
2012-04-13,35.2
2012-04-16,35.27
2012-04-17,35.54
2012-04-18,35.37
2012-04-19,35.04
2012-04-20,34.4
2012-04-23,33.92
2012-04-24,33.53
2012-04-25,34.33
2012-04-26,36.65
2012-04-27,36.5
2012-04-30,36.38
2012-05-01,35.51
2012-05-02,35.33
2012-05-03,34.74
2012-05-04,34.06
2012-05-07,33.92
2012-05-08,33.81
2012-05-09,33.8
2012-05-10,33.33
2012-05-11,33.24
2012-05-14,32.96
2012-05-15,32.78
2012-05-16,32.3
2012-05-17,31.85
2012-05-18,31.31
2012-05-21,32.01
2012-05-22,31.82
2012-05-23,32.07
2012-05-24,31.61
2012-05-25,31.98
2012-05-29,32.55
2012-05-30,32.24
2012-05-31,31.97
2012-06-01,31.0
2012-06-04,31.04
2012-06-05,31.9
2012-06-06,32.48
2012-06-07,32.14
2012-06-08,32.84
2012-06-11,32.17
2012-06-12,32.65
2012-06-13,32.35
2012-06-14,32.08
2012-06-15,32.55
2012-06-18,32.81
2012-06-19,33.04
2012-06-20,33.08
2012-06-21,31.9
2012-06-22,32.66
2012-06-25,31.56
2012-06-26,31.77
2012-06-27,32.29
2012-06-28,32.37
2012-06-29,33.57
2012-07-02,33.2
2012-07-03,33.5
2012-07-05,33.45
2012-07-06,32.44
2012-07-09,32.27
2012-07-10,31.93
2012-07-11,31.87
2012-07-12,31.2
2012-07-13,31.45
2012-07-16,31.37
2012-07-17,30.89
2012-07-18,32.01
2012-07-19,31.3
2012-07-20,31.14
2012-07-23,30.73
2012-07-24,30.63
2012-07-25,31.33
2012-07-26,32.24
2012-07-27,32.9
2012-07-30,32.62
2012-07-31,32.4
2012-08-01,32.81
2012-08-02,32.62
2012-08-03,33.36
2012-08-06,33.15
2012-08-07,33.79
2012-08-08,33.72
2012-08-09,33.72
2012-08-10,33.71
2012-08-13,33.65
2012-08-14,33.36
2012-08-15,33.59
2012-08-16,34.11
2012-08-17,33.96
2012-08-20,33.98
2012-08-21,34.28
2012-08-22,33.84
2012-08-23,33.54
2012-08-24,33.9
2012-08-27,33.6
2012-08-28,33.85
2012-08-29,33.71
2012-08-30,33.47
2012-08-31,33.91
2012-09-04,33.79
2012-09-05,33.39
2012-09-06,34.71
2012-09-07,34.87
2012-09-10,34.63
2012-09-11,34.88
2012-09-12,34.95
2012-09-13,34.87
2012-09-14,35.23
2012-09-17,35.12
2012-09-18,35.31
2012-09-19,35.07
2012-09-20,34.95
2012-09-21,34.95
2012-09-24,34.36
2012-09-25,33.81
2012-09-26,33.47
2012-09-27,33.74
2012-09-28,33.41
2012-10-01,33.58
2012-10-02,33.84
2012-10-03,33.76
2012-10-04,34.03
2012-10-05,34.06
2012-10-08,33.72
2012-10-09,33.25
2012-10-10,32.65
2012-10-11,32.79
2012-10-12,32.68
2012-10-15,33.15
2012-10-16,33.74
2012-10-17,33.96
2012-10-18,33.67
2012-10-19,33.06
2012-10-22,33.13
2012-10-23,33.06
2012-10-24,32.17
2012-10-25,32.55
2012-10-26,32.83
2012-10-31,32.77
2012-11-01,33.47
2012-11-02,33.19
2012-11-05,33.44
2012-11-06,34.06
2012-11-07,33.93
2012-11-08,33.64
2012-11-09,33.59
2012-11-12,33.53
2012-11-13,33.18
2012-11-14,33.68
2012-11-15,32.89
2012-11-16,32.56
2012-11-19,33.5
2012-11-20,33.63
2012-11-21,33.7
2012-11-23,34.19
2012-11-26,34.28
2012-11-27,34.09
2012-11-28,34.53
2012-11-29,34.26
2012-11-30,34.65
2012-12-03,34.36
2012-12-04,34.34
2012-12-05,34.4
2012-12-06,34.47
2012-12-07,34.86
2012-12-10,35.08
2012-12-11,35.67
2012-12-12,35.69
2012-12-13,35.32
2012-12-14,35.37
2012-12-17,35.48
2012-12-18,35.97
2012-12-19,36.05
2012-12-20,36.3
2012-12-21,36.1
2012-12-24,35.96
2012-12-26,35.83
2012-12-27,35.78
2012-12-28,35.31
2012-12-31,35.86
2013-01-02,37.09
2013-01-03,37.02
2013-01-04,36.5
2013-01-07,36.35
2013-01-08,35.61
2013-01-09,35.89
2013-01-10,36.0
2013-01-11,35.8
2013-01-14,35.84
2013-01-15,35.72
2013-01-16,36.2
2013-01-17,36.44
2013-01-18,37.17
2013-01-22,36.74
2013-01-23,36.7
2013-01-24,36.8
2013-01-25,36.85
2013-01-28,36.72
2013-01-29,36.65
2013-01-30,36.66
2013-01-31,36.49
2013-02-01,37.16
2013-02-04,36.45
2013-02-05,36.92
2013-02-06,37.0
2013-02-07,36.86
2013-02-08,37.51
2013-02-11,37.46
2013-02-12,37.58
2013-02-13,37.8
2013-02-14,38.44
2013-02-15,38.12
2013-02-19,39.14
2013-02-20,38.29
2013-02-21,37.65
2013-02-22,37.96
2013-02-25,37.3
2013-02-26,36.67
2013-02-27,37.39
2013-02-28,37.27
2013-03-01,36.65
2013-03-04,36.39
2013-03-05,37.19
2013-03-06,37.46
2013-03-07,38.24
2013-03-08,38.37
2013-03-11,38.33
2013-03-12,38.51
2013-03-13,38.52
2013-03-14,38.85
2013-03-15,38.45
2013-03-18,37.76
2013-03-19,37.82
2013-03-20,38.24
2013-03-21,37.85
2013-03-22,37.97
2013-03-25,37.9
2013-03-26,38.2
2013-03-27,37.95
2013-03-28,38.17
2013-04-01,37.65
2013-04-02,37.28
2013-04-03,36.21
2013-04-04,36.81
2013-04-05,36.36
2013-04-08,36.74
2013-04-09,36.76
2013-04-10,37.76
2013-04-11,37.41
2013-04-12,37.08
2013-04-15,36.58
2013-04-16,37.08
2013-04-17,35.88
2013-04-18,35.6
2013-04-19,35.51
2013-04-22,35.91
2013-04-23,36.55
2013-04-24,36.5
2013-04-25,37.79
2013-04-26,37.44
2013-04-29,37.69
2013-04-30,37.91
2013-05-01,37.61
2013-05-02,38.02
2013-05-03,38.16
2013-05-06,38.01
2013-05-07,38.13
2013-05-08,38.57
2013-05-09,38.48
2013-05-10,38.56
2013-05-13,37.89
2013-05-14,38.35
2013-05-15,38.74
2013-05-16,38.74
2013-05-17,39.22
2013-05-20,38.95
2013-05-21,39.47
2013-05-22,39.51
2013-05-23,39.21
2013-05-24,39.4
2013-05-28,39.96
2013-05-29,40.45
2013-05-30,41.33
2013-05-31,40.65
2013-06-03,40.57
2013-06-04,40.69
2013-06-05,40.4
2013-06-06,39.77
2013-06-07,40.6
2013-06-10,40.37
2013-06-11,39.16
2013-06-12,37.79
2013-06-13,38.81
2013-06-14,38.88
2013-06-17,39.49
2013-06-18,40.19
2013-06-19,39.76
2013-06-20,38.56
2013-06-21,38.98
2013-06-24,38.61
2013-06-25,39.18
2013-06-26,39.48
2013-06-27,39.61
2013-06-28,39.61
2013-07-01,39.91
2013-07-02,39.65
2013-07-03,39.9
2013-07-05,40.49
2013-07-08,39.81
2013-07-09,40.15
2013-07-10,41.16
2013-07-11,41.85
2013-07-12,42.98
2013-07-15,43.17
2013-07-16,43.28
2013-07-17,43.53
2013-07-18,45.83
2013-07-19,45.86
2013-07-22,45.91
2013-07-23,45.83
2013-07-24,45.51
2013-07-25,46.43
2013-07-26,46.18
2013-07-29,45.67
2013-07-30,46.24
2013-07-31,46.69
2013-08-01,47.15
2013-08-02,46.51
2013-08-05,46.13
2013-08-06,45.56
2013-08-07,45.59
2013-08-08,45.58
2013-08-09,45.3
2013-08-12,45.39
2013-08-13,45.47
2013-08-14,45.08
2013-08-15,44.03
2013-08-16,44.56
2013-08-19,44.29
2013-08-20,44.46
2013-08-21,44.33
2013-08-22,44.3
2013-08-23,44.19
2013-08-26,44.28
2013-08-27,43.11
2013-08-28,43.52
2013-08-29,44.02
2013-08-30,43.42
2013-09-03,44.62
2013-09-04,45.85
2013-09-05,46.13
2013-09-06,46.18
2013-09-09,46.33
2013-09-10,46.97
2013-09-11,46.96
2013-09-12,47.11
2013-09-13,47.27
2013-09-16,47.5
2013-09-17,47.99
2013-09-18,47.69
2013-09-19,47.76
2013-09-20,47.12
2013-09-23,46.6
2013-09-24,46.72
2013-09-25,46.68
2013-09-26,46.79
2013-09-27,46.54
2013-09-30,46.85
2013-10-01,47.26
2013-10-02,46.71
2013-10-03,46.46
2013-10-04,46.65
2013-10-07,46.41
2013-10-08,45.62
2013-10-09,45.69
2013-10-10,46.78
2013-10-11,47.28
2013-10-14,47.45
2013-10-15,46.37
2013-10-16,46.93
2013-10-17,45.39
2013-10-18,45.5
2013-10-21,46.07
2013-10-22,46.47
2013-10-23,44.88
2013-10-24,44.83
2013-10-25,44.64
2013-10-28,44.45
2013-10-29,45.4
2013-10-30,45.06
2013-10-31,45.43
2013-11-01,45.28
2013-11-04,45.38
2013-11-05,45.02
2013-11-06,45.09
2013-11-07,44.49
2013-11-08,44.63
2013-11-11,44.08
2013-11-12,44.57
2013-11-13,44.94
2013-11-14,42.99
2013-11-15,43.66
2013-11-18,43.77
2013-11-19,43.09
2013-11-20,43.21
2013-11-21,44.11
2013-11-22,43.98
2013-11-25,44.37
2013-11-26,44.5
2013-11-27,44.53
2013-11-29,44.43
2013-12-02,44.28
2013-12-03,44.29
2013-12-04,44.39
2013-12-05,44.2
2013-12-06,44.35
2013-12-09,44.24
2013-12-10,43.67
2013-12-11,43.06
2013-12-12,43.41
2013-12-13,43.32
2013-12-16,43.64
2013-12-17,44.26
2013-12-18,45.19
2013-12-19,44.31
2013-12-20,44.71
2013-12-23,45.14
2013-12-24,45.23
2013-12-26,45.2
2013-12-27,45.29
2013-12-30,45.64
2013-12-31,45.92
2014-01-02,45.97
2014-01-03,45.62
2014-01-06,45.42
2014-01-07,45.52
2014-01-08,45.91
2014-01-09,45.78
2014-01-10,45.76
2014-01-13,45.18
2014-01-14,46.05
2014-01-15,47.37
2014-01-16,47.26
2014-01-17,47.22
2014-01-21,47.54
2014-01-22,48.62
2014-01-23,48.03
2014-01-24,46.86
2014-01-27,46.48
2014-01-28,46.41
2014-01-29,46.33
2014-01-30,46.78
2014-01-31,46.42
2014-02-03,45.02
2014-02-04,45.2
2014-02-05,45.21
2014-02-06,45.39
2014-02-07,46.1
2014-02-10,46.48
2014-02-11,47.96
2014-02-12,48.9
2014-02-13,49.98
2014-02-14,49.89
2014-02-18,50.31
2014-02-19,50.87
2014-02-20,50.74
2014-02-21,50.81
2014-02-24,51.34
2014-02-25,51.5
2014-02-26,52.18
2014-02-27,52.03
2014-02-28,52.2
2014-03-03,51.9
2014-03-04,52.9
2014-03-05,53.05
2014-03-06,53.47
2014-03-07,53.03
2014-03-10,53.12
2014-03-11,52.89
2014-03-12,52.55
2014-03-13,52.09
2014-03-14,51.9
2014-03-17,52.91
2014-03-18,53.69
2014-03-19,53.58
2014-03-20,55.06
2014-03-21,54.5
2014-03-24,54.5
2014-03-25,54.8
2014-03-26,54.27
2014-03-27,53.66
2014-03-28,53.84
2014-03-31,54.27
2014-04-01,54.98
2014-04-02,54.55
2014-04-03,54.56
2014-04-04,53.13
2014-04-07,52.93
2014-04-08,53.2
2014-04-09,53.51
2014-04-10,52.06
2014-04-11,51.35
2014-04-14,51.69
2014-04-15,51.85
2014-04-16,51.43
2014-04-17,52.18
2014-04-21,52.45
2014-04-22,52.41
2014-04-23,52.42
2014-04-24,47.66
2014-04-25,47.8
2014-04-28,46.81
2014-04-29,47.05
2014-04-30,47.19
2014-05-01,46.6
2014-05-02,46.37
2014-05-05,46.3
2014-05-06,45.84
2014-05-07,46.18
2014-05-08,46.46
2014-05-09,46.64
2014-05-12,47.24
2014-05-13,46.18
2014-05-14,45.82
2014-05-15,45.46
2014-05-16,45.34
2014-05-19,45.85
2014-05-20,45.78
2014-05-21,45.6
2014-05-22,45.79
2014-05-23,46.03
2014-05-27,46.75
2014-05-28,46.65
2014-05-29,46.86
2014-05-30,46.96
2014-06-02,46.37
2014-06-03,46.0
2014-06-04,45.94
2014-06-05,45.81
2014-06-06,46.0
2014-06-09,46.09
2014-06-10,45.87
2014-06-11,45.98
2014-06-12,46.19
2014-06-13,46.76
2014-06-16,47.09
2014-06-17,47.47
2014-06-18,47.42
2014-06-19,47.43
2014-06-20,47.47
2014-06-23,47.33
2014-06-24,46.93
2014-06-25,46.92
2014-06-26,46.83
2014-06-27,46.91
2014-06-30,47.31
2014-07-01,48.16
2014-07-02,48.8
2014-07-03,49.12
2014-07-07,48.79
2014-07-08,48.57
2014-07-09,48.82
2014-07-10,48.32
2014-07-11,48.25
2014-07-14,48.29
2014-07-15,48.3
2014-07-16,48.42
2014-07-17,47.54
2014-07-18,47.77
2014-07-21,48.33
2014-07-22,48.15
2014-07-23,41.26
2014-07-24,41.35
2014-07-25,41.46
2014-07-28,41.33
2014-07-29,41.06
2014-07-30,41.61
2014-07-31,41.13
2014-08-01,41.35
2014-08-04,41.32
2014-08-05,41.35
2014-08-06,41.26
2014-08-07,41.05
2014-08-08,41.04
2014-08-11,41.17
2014-08-12,41.11
2014-08-13,41.3
2014-08-14,41.69
2014-08-15,42.13
2014-08-18,41.95
2014-08-19,42.5
2014-08-20,42.62
2014-08-21,42.67
2014-08-22,42.39
2014-08-25,41.8
2014-08-26,41.78
2014-08-27,41.71
2014-08-28,41.76
2014-08-29,42.25
2014-09-02,42.0
2014-09-03,43.05
2014-09-04,43.39
2014-09-05,43.06
2014-09-08,42.88
2014-09-09,42.64
2014-09-10,42.69
2014-09-11,42.72
2014-09-12,42.45
2014-09-15,41.97
2014-09-16,43.22
2014-09-17,43.92
2014-09-18,44.47
2014-09-19,44.09
2014-09-22,43.59
2014-09-23,43.22
2014-09-24,43.82
2014-09-25,42.78
2014-09-26,43.17
2014-09-29,42.99
2014-09-30,42.35
2014-10-01,41.81
2014-10-02,41.42
2014-10-03,41.13
2014-10-06,41.17
2014-10-07,40.56
2014-10-08,41.49
2014-10-09,40.19
2014-10-10,36.83
2014-10-13,36.27
2014-10-14,36.9
2014-10-15,37.58
2014-10-16,38.49
2014-10-17,41.05
2014-10-20,41.66
2014-10-21,43.21
2014-10-22,41.72
2014-10-23,42.54
2014-10-24,43.2
2014-10-27,43.12
2014-10-28,43.29
2014-10-29,43.6
2014-10-30,43.22
2014-10-31,44.48
2014-11-03,44.22
2014-11-04,43.77
2014-11-05,44.19
2014-11-06,44.0
2014-11-07,43.6
2014-11-10,43.67
2014-11-11,43.4
2014-11-12,43.36
2014-11-13,42.83
2014-11-14,43.61
2014-11-17,43.41
2014-11-18,44.32
2014-11-19,44.24
2014-11-20,44.25
2014-11-21,44.78
2014-11-24,44.67
2014-11-25,44.39
2014-11-26,45.49
2014-11-28,45.44
2014-12-01,45.29
2014-12-02,45.81
2014-12-03,46.85
2014-12-04,46.9
2014-12-05,47.16
2014-12-08,46.9
2014-12-09,47.2
2014-12-10,46.4
2014-12-11,46.04
2014-12-12,45.16
2014-12-15,44.16
2014-12-16,43.71
2014-12-17,43.42
2014-12-18,43.71
2014-12-19,43.01
2014-12-22,43.87
2014-12-23,43.91
2014-12-24,44.08
2014-12-26,43.92
2014-12-29,43.79
2014-12-30,43.55
2014-12-31,43.29
2015-01-02,43.6
2015-01-05,42.79
2015-01-06,42.18
2015-01-07,42.19
2015-01-08,43.13
2015-01-09,43.1
2015-01-12,42.47
2015-01-13,41.85
2015-01-14,41.37
2015-01-15,41.04
2015-01-16,41.22
2015-01-20,41.06
2015-01-21,41.51
2015-01-22,38.96
2015-01-23,39.28
2015-01-26,38.99
2015-01-27,39.44
2015-01-28,38.77
2015-01-29,38.99
2015-01-30,38.58
2015-02-02,38.83
2015-02-03,39.31
2015-02-04,39.84
2015-02-05,39.56
2015-02-06,39.4
2015-02-09,39.51
2015-02-10,40.16
2015-02-11,39.93
2015-02-12,41.0
2015-02-13,41.51
2015-02-17,41.92
2015-02-18,41.65
2015-02-19,41.61
2015-02-20,41.67
2015-02-23,41.29
2015-02-24,42.48
2015-02-25,42.05
2015-02-26,41.83
2015-02-27,42.37
2015-03-02,42.11
2015-03-03,41.61
2015-03-04,41.05
2015-03-05,41.38
2015-03-06,40.58
2015-03-09,40.65
2015-03-10,39.67
2015-03-11,39.71
2015-03-12,40.3
2015-03-13,39.76
2015-03-16,41.41
2015-03-17,40.98
2015-03-18,41.6
2015-03-19,41.8
2015-03-20,42.27
2015-03-23,41.46
2015-03-24,41.11
2015-03-25,39.83
2015-03-26,39.98
2015-03-27,42.32
2015-03-30,42.68
2015-03-31,42.3
2015-04-01,41.85
2015-04-02,42.06
2015-04-06,41.99
2015-04-07,42.33
2015-04-08,42.55
2015-04-09,43.33
2015-04-10,43.83
2015-04-13,43.72
2015-04-14,43.13
2015-04-15,43.9
2015-04-16,44.33
2015-04-17,43.58
2015-04-20,43.76
2015-04-21,44.23
2015-04-22,44.37
2015-04-23,43.76
2015-04-24,42.88
2015-04-27,43.25
2015-04-28,43.33
2015-04-29,43.34
2015-04-30,43.36
2015-05-01,43.97
2015-05-04,44.26
2015-05-05,43.54
2015-05-06,43.17
2015-05-07,43.42
2015-05-08,44.2
2015-05-11,43.88
2015-05-12,43.62
2015-05-13,43.73
2015-05-14,44.99
2015-05-15,45.7
2015-05-18,46.6
2015-05-19,46.68
2015-05-20,46.97
2015-05-21,46.83
2015-05-22,46.94
2015-05-26,46.55
2015-05-27,47.67
2015-05-28,47.8
2015-05-29,47.42
2015-06-01,48.33
2015-06-02,47.78
2015-06-03,47.37
2015-06-04,47.21
2015-06-05,47.29
2015-06-08,46.33
2015-06-09,46.45
2015-06-10,47.0
2015-06-11,47.22
2015-06-12,46.65
2015-06-15,46.31
2015-06-16,46.8
2015-06-17,46.63
2015-06-18,47.16
2015-06-19,46.3
2015-06-22,46.55
2015-06-23,46.11
2015-06-24,45.75
2015-06-25,45.68
2015-06-26,44.8
2015-06-29,43.97
2015-06-30,44.16
2015-07-01,44.1
2015-07-02,43.84
2015-07-06,43.44
2015-07-07,43.62
2015-07-08,42.65
2015-07-09,41.85
2015-07-10,41.94
2015-07-13,42.52
2015-07-14,42.88
2015-07-15,42.64
2015-07-16,42.28
2015-07-17,42.66
2015-07-20,42.25
2015-07-21,41.65
2015-07-22,41.07
2015-07-23,41.28
2015-07-24,40.24
2015-07-27,40.06
2015-07-28,41.19
2015-07-29,41.54
2015-07-30,41.67
2015-07-31,41.75
2015-08-03,41.9
2015-08-04,41.67
2015-08-05,42.71
2015-08-06,42.88
2015-08-07,43.2
2015-08-10,44.13
2015-08-11,43.18
2015-08-12,43.57
2015-08-13,43.15
2015-08-14,43.45
2015-08-17,43.93
2015-08-18,42.96
2015-08-19,42.5
2015-08-20,41.26
2015-08-21,40.4
2015-08-24,39.45
2015-08-25,38.78
2015-08-26,41.24
2015-08-27,42.26
2015-08-28,42.27
2015-08-31,41.89
2015-09-01,40.31
2015-09-02,40.84
2015-09-03,41.19
2015-09-04,40.07
2015-09-08,42.76
2015-09-09,41.59
2015-09-10,41.77
2015-09-11,41.93
2015-09-14,42.83
2015-09-15,43.15
2015-09-16,43.37
2015-09-17,43.09
2015-09-18,42.63
2015-09-21,42.36
2015-09-22,41.77
2015-09-23,41.51
2015-09-24,42.0
2015-09-25,41.93
2015-09-28,40.66
2015-09-29,40.96
2015-09-30,42.4
2015-10-01,41.86
2015-10-02,42.36
2015-10-05,43.64
2015-10-06,44.04
2015-10-07,44.47
2015-10-08,45.14
2015-10-09,44.9
2015-10-12,44.69
2015-10-13,44.48
2015-10-14,45.38
2015-10-15,46.27
2015-10-16,46.51
2015-10-19,46.56
2015-10-20,46.59
2015-10-21,46.69
2015-10-22,47.63
2015-10-23,47.16
2015-10-26,47.8
2015-10-27,49.22
2015-10-28,49.13
2015-10-29,48.0
2015-10-30,47.62
2015-11-02,47.75
2015-11-03,47.29
2015-11-04,47.38
2015-11-05,47.21
2015-11-06,47.63
2015-11-09,47.36
2015-11-10,47.06
2015-11-11,47.08
2015-11-12,46.66
2015-11-13,46.54
2015-11-16,47.09
2015-11-17,47.85
2015-11-18,48.7
2015-11-19,48.92
2015-11-20,48.94
2015-11-23,48.6
2015-11-24,49.23
2015-11-25,49.01
2015-11-27,49.23
2015-11-30,49.69
2015-12-01,50.24
2015-12-02,49.0
2015-12-03,48.47
2015-12-04,48.97
2015-12-07,48.54
2015-12-08,48.35
2015-12-09,47.87
2015-12-10,47.96
2015-12-11,47.35
2015-12-14,47.31
2015-12-15,47.94
2015-12-16,47.97
2015-12-17,47.1
2015-12-18,46.52
2015-12-21,47.3
2015-12-22,47.43
2015-12-23,47.88
2015-12-24,47.85
2015-12-28,47.8
2015-12-29,48.18
2015-12-30,47.84
2015-12-31,46.97
2016-01-04,45.8
2016-01-05,46.48
2016-01-06,45.63
2016-01-07,43.83
2016-01-08,42.93
2016-01-11,43.12
2016-01-12,43.36
2016-01-13,41.91
2016-01-14,42.41
2016-01-15,42.81
2016-01-19,42.79
2016-01-20,43.08
2016-01-21,46.78
2016-01-22,47.72
2016-01-25,47.5
2016-01-26,48.35
2016-01-27,48.14
2016-01-28,47.99
2016-01-29,50.27
2016-02-01,49.9
2016-02-02,48.5
2016-02-03,48.55
2016-02-04,49.36
2016-02-05,48.07
2016-02-08,47.38
2016-02-09,47.22
2016-02-10,46.87
2016-02-11,47.25
2016-02-12,47.65
2016-02-16,48.08
2016-02-17,48.82
2016-02-18,47.94
2016-02-19,48.43
2016-02-22,48.89
2016-02-23,48.46
2016-02-24,47.58
2016-02-25,48.25
2016-02-26,48.39
2016-02-29,47.22
2016-03-01,48.21
2016-03-02,48.16
2016-03-03,47.86
2016-03-04,47.0
2016-03-07,47.12
2016-03-08,45.95
2016-03-09,46.43
2016-03-10,46.38
2016-03-11,46.72
2016-03-14,47.0
2016-03-15,47.06
2016-03-16,47.65
2016-03-17,47.04
2016-03-18,47.47
2016-03-21,47.49
2016-03-22,47.57
2016-03-23,47.33
2016-03-24,47.02
2016-03-28,47.04
2016-03-29,47.25
2016-03-30,47.87
2016-03-31,47.43
2016-04-01,47.62
2016-04-04,47.14
2016-04-05,46.91
2016-04-06,47.25
2016-04-07,46.14
2016-04-08,46.3
2016-04-11,46.21
2016-04-12,45.87
2016-04-13,46.65
2016-04-14,46.55
2016-04-15,46.01
2016-04-18,46.26
2016-04-19,45.9
2016-04-20,46.46
2016-04-21,46.03
2016-04-22,45.87
2016-04-25,45.79
2016-04-26,46.95
2016-04-27,47.35
2016-04-28,43.23
2016-04-29,43.08
2016-05-02,43.74
2016-05-03,43.48
2016-05-04,42.98
2016-05-05,43.09
2016-05-06,43.2
2016-05-09,43.07
2016-05-10,43.24
2016-05-11,43.06
2016-05-12,42.92
2016-05-13,43.24
2016-05-16,43.51
2016-05-17,43.53
2016-05-18,43.93
2016-05-19,43.84
2016-05-20,44.75
2016-05-23,44.89
2016-05-24,47.45
2016-05-25,47.12
2016-05-26,47.11
2016-05-27,47.36
2016-05-31,47.39
2016-06-01,47.37
2016-06-02,47.12
2016-06-03,47.41
2016-06-06,46.87
2016-06-07,47.17
2016-06-08,47.18
2016-06-09,47.03
2016-06-10,46.73
2016-06-13,46.32
2016-06-14,46.96
2016-06-15,46.69
2016-06-16,46.84
2016-06-17,46.4
2016-06-20,46.5
2016-06-21,46.68
2016-06-22,46.42
2016-06-23,47.44
2016-06-24,45.31
2016-06-27,43.84
2016-06-28,44.75
2016-06-29,45.47
2016-06-30,46.13
2016-07-01,46.19
2016-07-05,45.57
2016-07-06,45.48
2016-07-07,45.71
2016-07-08,46.97
2016-07-11,47.22
2016-07-12,47.48
2016-07-13,47.62
2016-07-14,47.84
2016-07-15,47.9
2016-07-18,48.37
2016-07-19,47.98
2016-07-20,48.08
2016-07-21,47.79
2016-07-22,48.35
2016-07-25,48.45
2016-07-26,49.7
2016-07-27,49.84
2016-07-28,51.09
2016-07-29,51.08
2016-08-01,51.2
2016-08-02,50.76
2016-08-03,50.84
2016-08-04,51.43
2016-08-05,51.77
2016-08-08,51.57
2016-08-09,51.99
2016-08-10,51.65
2016-08-11,51.83
2016-08-12,51.84
2016-08-15,52.04
2016-08-16,51.74
2016-08-17,52.19
2016-08-18,53.01
2016-08-19,53.14
2016-08-22,53.66
2016-08-23,54.03
2016-08-24,53.98
2016-08-25,54.09
2016-08-26,54.18
2016-08-29,54.15
2016-08-30,54.19
2016-08-31,54.21
2016-09-01,54.24
2016-09-02,54.46
2016-09-06,54.36
2016-09-07,53.77
2016-09-08,53.39
2016-09-09,52.08
2016-09-12,53.12
2016-09-13,52.53
2016-09-14,53.01
2016-09-15,53.57
2016-09-16,53.36
2016-09-19,53.49
2016-09-20,52.93
2016-09-21,53.25
2016-09-22,53.44
2016-09-23,53.12
2016-09-26,52.58
2016-09-27,53.22
2016-09-28,53.35
2016-09-29,53.49
2016-09-30,54.34
2016-10-03,53.93
2016-10-04,53.06
2016-10-05,53.41
2016-10-06,53.43
2016-10-07,52.89
2016-10-10,52.21
2016-10-11,50.99
2016-10-12,50.08
2016-10-13,49.9
2016-10-14,49.99
2016-10-17,49.7
2016-10-18,50.13
2016-10-19,49.61
2016-10-20,50.09
2016-10-21,49.78
2016-10-24,50.33
2016-10-25,50.31
2016-10-26,50.29
2016-10-27,50.32
2016-10-28,50.26
2016-10-31,50.87
2016-11-01,50.9
2016-11-02,50.12
2016-11-03,50.69
2016-11-04,49.83
2016-11-07,51.26
2016-11-08,51.7
2016-11-09,51.85
2016-11-10,50.88
2016-11-11,51.64
2016-11-14,52.83
2016-11-15,53.93
2016-11-16,53.55
2016-11-17,53.24
2016-11-18,52.98
2016-11-21,53.13
2016-11-22,53.35
2016-11-23,53.12
2016-11-25,53.39
2016-11-28,53.29
2016-11-29,54.01
2016-11-30,53.98
2016-12-01,53.39
2016-12-02,54.22
2016-12-05,54.37
2016-12-06,54.54
2016-12-07,55.3
2016-12-08,55.64
2016-12-09,55.91
2016-12-12,55.86
2016-12-13,56.48
2016-12-14,56.73
2016-12-15,60.18
2016-12-16,58.46
2016-12-19,58.61
2016-12-20,59.96
2016-12-21,60.24
2016-12-22,60.19
2016-12-23,60.56
2016-12-27,61.24
2016-12-28,60.63
2016-12-29,60.74
2016-12-30,60.37
2017-01-03,59.07
2017-01-04,58.64
2017-01-05,57.93
2017-01-06,59.05
2017-01-09,59.06
2017-01-10,58.53
2017-01-11,58.5
2017-01-12,58.03
2017-01-13,58.51
2017-01-17,57.73
2017-01-18,58.14
2017-01-19,57.98
2017-01-20,58.03
2017-01-23,57.96
2017-01-24,58.92
2017-01-25,59.56
2017-01-26,57.37
2017-01-27,58.49
2017-01-30,59.1
2017-01-31,58.2
2017-02-01,57.39
2017-02-02,58.14
2017-02-03,58.22
2017-02-06,58.23
2017-02-07,58.09
2017-02-08,58.23
2017-02-09,57.94
2017-02-10,58.01
2017-02-13,59.51
2017-02-14,58.75
2017-02-15,58.92
2017-02-16,59.61
2017-02-17,60.06
2017-02-21,60.27
2017-02-22,59.81
2017-02-23,58.94
2017-02-24,58.99
2017-02-27,58.98
2017-02-28,58.82
2017-03-01,59.68
2017-03-02,59.35
2017-03-03,58.74
2017-03-06,58.81
2017-03-07,58.75
2017-03-08,58.9
2017-03-09,58.9
2017-03-10,59.55
2017-03-13,59.99
2017-03-14,59.72
2017-03-15,60.32
2017-03-16,60.05
2017-03-17,60.08
2017-03-20,60.32
2017-03-21,58.89
2017-03-22,59.07
2017-03-23,58.84
2017-03-24,58.63
2017-03-27,58.2
2017-03-28,57.97
2017-03-29,58.02
2017-03-30,57.88
2017-03-31,57.89
2017-04-03,57.18
2017-04-04,57.13
2017-04-05,56.65
2017-04-06,56.34
2017-04-07,56.48
2017-04-10,55.99
2017-04-11,55.96
2017-04-12,55.1
2017-04-13,55.68
2017-04-17,55.91
2017-04-18,56.49
2017-04-19,56.73
2017-04-20,57.71
2017-04-21,57.69
2017-04-24,60.65
2017-04-25,60.69
2017-04-26,59.99
2017-04-27,64.4
2017-04-28,63.11
2017-05-01,63.36
2017-05-02,62.69
2017-05-03,62.61
2017-05-04,62.94
2017-05-05,63.39
2017-05-08,64.57
2017-05-09,64.69
2017-05-10,64.62
2017-05-11,64.58
2017-05-12,64.3
2017-05-15,64.79
2017-05-16,65.46
2017-05-17,64.76
2017-05-18,65.61
2017-05-19,66.67
2017-05-22,67.52
2017-05-23,63.97
2017-05-24,64.44
2017-05-25,65.43
2017-05-26,65.85
2017-05-30,65.72
2017-05-31,66.71
2017-06-01,66.65
2017-06-02,66.88
2017-06-05,67.15
2017-06-06,67.61
2017-06-07,67.87
2017-06-08,68.07
2017-06-09,65.4
2017-06-12,64.23
2017-06-13,64.78
2017-06-14,64.88
2017-06-15,64.86
2017-06-16,64.74
2017-06-19,65.9
2017-06-20,65.26
2017-06-21,66.12
2017-06-22,66.58
2017-06-23,67.53
2017-06-26,67.36
2017-06-27,65.1
2017-06-28,66.01
2017-06-29,64.18
2017-06-30,64.32
2017-07-03,63.26
2017-07-05,64.71
2017-07-06,64.43
2017-07-07,65.35
2017-07-10,67.18
2017-07-11,67.55
2017-07-12,68.28
2017-07-13,67.85
2017-07-14,66.25
2017-07-17,65.86
2017-07-18,65.63
2017-07-19,65.59
2017-07-20,65.81
2017-07-21,64.88
2017-07-24,64.26
2017-07-25,64.46
2017-07-26,65.32
2017-07-27,63.84
2017-07-28,63.67
2017-07-31,63.26
2017-08-01,63.56
2017-08-02,62.25
2017-08-03,62.9
2017-08-04,63.28
2017-08-07,63.83
2017-08-08,63.16
2017-08-09,62.74
2017-08-10,61.77
2017-08-11,62.42
2017-08-14,63.17
2017-08-15,62.64
2017-08-16,62.71
2017-08-17,61.32
2017-08-18,61.02
2017-08-21,61.13
2017-08-22,61.34
2017-08-23,64.01
2017-08-24,64.23
2017-08-25,64.75
2017-08-28,65.18
2017-08-29,65.76
2017-08-30,66.09
2017-08-31,66.06
2017-09-01,65.99
2017-09-05,64.51
2017-09-06,64.11
2017-09-07,64.32
2017-09-08,63.67
2017-09-11,64.72
2017-09-12,65.0
2017-09-13,66.97
2017-09-14,67.84
2017-09-15,68.33
2017-09-18,69.7
2017-09-19,69.82
2017-09-20,69.49
2017-09-21,68.91
2017-09-22,69.33
2017-09-25,69.45
2017-09-26,69.52
2017-09-27,70.43
2017-09-28,70.19
2017-09-29,70.83
2017-10-02,70.47
2017-10-03,71.15
2017-10-04,71.13
2017-10-05,71.53
2017-10-06,72.01
2017-10-09,72.57
2017-10-10,72.48
2017-10-11,72.76
2017-10-12,72.47
2017-10-13,72.81
2017-10-16,72.66
2017-10-17,72.37
2017-10-18,72.07
2017-10-19,72.42
2017-10-20,72.17
2017-10-23,71.68
2017-10-24,71.61
2017-10-25,70.72
2017-10-26,70.63
2017-10-27,72.76
2017-10-30,73.05
2017-10-31,73.69
2017-11-01,73.04
2017-11-02,72.48
2017-11-03,72.8
2017-11-06,74.5
2017-11-07,73.91
2017-11-08,73.62
2017-11-09,70.76
2017-11-10,71.87
2017-11-13,72.33
2017-11-14,72.05
2017-11-15,70.94
2017-11-16,72.67
2017-11-17,71.81
2017-11-20,72.64
2017-11-21,73.21
2017-11-22,72.24
2017-11-24,72.88
2017-11-27,72.49
2017-11-28,72.17
2017-11-29,69.38
2017-11-30,69.51
2017-12-01,68.24
2017-12-04,68.16
2017-12-05,68.42
2017-12-06,68.39
2017-12-07,69.0
2017-12-08,68.54
2017-12-11,68.38
2017-12-12,67.68
2017-12-13,68.03
2017-12-14,68.07
2017-12-15,67.98
2017-12-18,69.54
2017-12-19,69.8
2017-12-20,68.99
2017-12-21,68.37
2017-12-22,67.92
2017-12-26,67.6
2017-12-27,67.91
2017-12-28,68.5
2017-12-29,67.42
2018-01-02,67.88
2018-01-03,69.24
2018-01-04,70.49
2018-01-05,74.15
2018-01-08,74.64
2018-01-09,74.84
2018-01-10,74.1
2018-01-11,74.34
2018-01-12,74.66
2018-01-16,73.77
2018-01-17,75.86
2018-01-18,76.3
2018-01-19,75.71
2018-01-22,75.44
2018-01-23,75.54
2018-01-24,73.48
2018-01-25,69.74
2018-01-26,71.94
2018-01-29,72.18
2018-01-30,72.13
2018-01-31,73.02
2018-02-01,72.49
2018-02-02,70.64
2018-02-05,66.97
2018-02-06,68.99
2018-02-07,66.97
2018-02-08,62.82
2018-02-09,65.38
2018-02-12,65.12
2018-02-13,65.29
2018-02-14,66.86
2018-02-15,67.22
2018-02-16,67.09
2018-02-20,69.19
2018-02-21,68.46
2018-02-22,68.93
2018-02-23,70.05
2018-02-26,71.49
2018-02-27,71.44
2018-02-28,71.25
2018-03-01,70.8
2018-03-02,72.23
2018-03-05,72.8
2018-03-06,73.98
2018-03-07,73.94
2018-03-08,75.69
2018-03-09,76.2
2018-03-12,77.07
2018-03-13,76.14
2018-03-14,76.01
2018-03-15,75.83
2018-03-16,76.03
2018-03-19,75.0
2018-03-20,76.19
2018-03-21,75.67
2018-03-22,73.94
2018-03-23,71.87
2018-03-26,74.2
2018-03-27,72.08
2018-03-28,71.35
2018-03-29,72.24
2018-04-02,69.04
2018-04-03,69.7
2018-04-04,71.14
2018-04-05,70.7
2018-04-06,66.3
2018-04-09,66.73
2018-04-10,68.06
2018-04-11,68.01
2018-04-12,69.53
2018-04-13,68.49
2018-04-16,68.18
2018-04-17,69.89
2018-04-18,68.01
2018-04-19,64.9
2018-04-20,64.15
2018-04-23,63.71
2018-04-24,64.03
2018-04-25,63.64
2018-04-26,64.72
2018-04-27,64.76
2018-04-30,64.24
2018-05-01,64.53
2018-05-02,65.12
2018-05-03,65.82
2018-05-04,66.95
2018-05-07,67.23
2018-05-08,67.65
2018-05-09,68.43
2018-05-10,69.72
2018-05-11,69.2
2018-05-14,71.44
2018-05-15,70.42
2018-05-16,70.99
2018-05-17,71.47
2018-05-18,71.23
2018-05-21,72.27
2018-05-22,71.67
2018-05-23,68.76
2018-05-24,68.74
2018-05-25,69.6
2018-05-29,68.23
2018-05-30,68.02
2018-05-31,68.11
2018-06-01,70.37
2018-06-04,70.33
2018-06-05,70.42
2018-06-06,70.66
2018-06-07,70.69
2018-06-08,69.54
2018-06-11,69.72
2018-06-12,70.0
2018-06-13,69.78
2018-06-14,70.43
2018-06-15,70.22
2018-06-18,69.75
2018-06-19,68.5
2018-06-20,68.64
2018-06-21,67.68
2018-06-22,66.73
2018-06-25,65.48
2018-06-26,65.98
2018-06-27,64.49
2018-06-28,65.13
2018-06-29,65.26
2018-07-02,65.64
2018-07-03,64.67
2018-07-05,66.83
2018-07-06,67.59
2018-07-09,67.97
2018-07-10,69.19
2018-07-11,67.33
2018-07-12,68.22
2018-07-13,67.99
2018-07-16,67.72
2018-07-17,68.25
2018-07-18,68.74
2018-07-19,68.65
2018-07-20,68.17
2018-07-23,68.37
2018-07-24,67.74
2018-07-25,67.97
2018-07-26,74.49
2018-07-27,73.88
2018-07-30,72.9
2018-07-31,72.07
2018-08-01,71.14
2018-08-02,71.72
2018-08-03,71.87
2018-08-06,73.12
2018-08-07,73.44
2018-08-08,73.43
2018-08-09,73.43
2018-08-10,71.16
2018-08-13,71.65
2018-08-14,71.16
2018-08-15,70.61
2018-08-16,70.61
2018-08-17,71.02
2018-08-20,71.12
2018-08-21,72.42
2018-08-22,72.97
2018-08-23,73.16
2018-08-24,73.79
2018-08-27,75.24
2018-08-28,76.99
2018-08-29,78.26
2018-08-30,77.22
2018-08-31,77.83
2018-09-04,78.79
2018-09-05,78.8
2018-09-06,78.04
2018-09-07,77.2
2018-09-10,76.94
2018-09-11,76.46
2018-09-12,76.11
2018-09-13,77.34
2018-09-14,77.57
2018-09-17,76.72
2018-09-18,77.57
2018-09-19,77.65
2018-09-20,78.97
2018-09-21,78.73
2018-09-24,79.14
2018-09-25,77.36
2018-09-26,78.31
2018-09-27,79.9
2018-09-28,80.17
2018-10-01,79.96
2018-10-02,80.19
2018-10-03,82.12
2018-10-04,82.24
2018-10-05,77.9
2018-10-08,77.47
2018-10-09,77.65
2018-10-10,74.48
2018-10-11,73.99
2018-10-12,76.12
2018-10-15,75.54
2018-10-16,78.89
2018-10-17,77.72
2018-10-18,75.91
2018-10-19,74.1
2018-10-22,74.91
2018-10-23,74.8
2018-10-24,69.04
2018-10-25,79.4
2018-10-26,78.78
2018-10-29,78.35
2018-10-30,82.05
2018-10-31,85.37
2018-11-01,86.99
2018-11-02,85.07
2018-11-05,84.36
2018-11-06,85.92
2018-11-07,85.1
2018-11-08,86.68
2018-11-09,85.64
2018-11-12,82.33
2018-11-13,83.56
2018-11-14,83.79
2018-11-15,88.51
2018-11-16,90.54
2018-11-19,87.92
2018-11-20,84.68
2018-11-21,86.5
2018-11-23,87.26
2018-11-26,89.01
2018-11-27,88.89
2018-11-28,91.19
2018-11-29,91.2
2018-11-30,92.48
2018-12-03,94.63
2018-12-04,91.29
2018-12-06,89.01
2018-12-07,87.23
2018-12-10,87.63
2018-12-11,88.13
2018-12-12,90.54
2018-12-13,89.13
2018-12-14,88.82
2018-12-17,87.18
2018-12-18,89.23
2018-12-19,85.22
2018-12-20,83.48
2018-12-21,81.51
2018-12-24,79.27
2018-12-26,85.22
2018-12-27,84.3
2018-12-28,84.34
2018-12-31,85.17
2019-01-02,86.85
2019-01-03,83.58
2019-01-04,87.45
2019-01-07,89.76
2019-01-08,88.05
2019-01-09,88.84
2019-01-10,90.37
2019-01-11,90.92
2019-01-14,90.56
2019-01-15,91.21
2019-01-16,90.49
2019-01-17,92.24
2019-01-18,93.52
2019-01-22,90.45
2019-01-23,89.55
2019-01-24,106.06
2019-01-25,110.37
2019-01-28,109.36
2019-01-29,109.39
2019-01-30,112.88
2019-01-31,111.94
2019-02-01,112.02
2019-02-04,110.2
2019-02-05,110.98
2019-02-06,114.27
2019-02-07,112.73
2019-02-08,113.69
2019-02-11,114.9
2019-02-12,118.2
2019-02-13,117.39
2019-02-14,117.52
2019-02-15,119.31
2019-02-19,118.96
2019-02-20,120.11
2019-02-21,119.26
2019-02-22,122.75
2019-02-25,124.04
2019-02-26,122.78
2019-02-27,123.27
2019-02-28,125.3
2019-03-01,126.64
2019-03-04,122.81
2019-03-05,122.95
2019-03-06,121.36
2019-03-07,119.91
2019-03-08,118.63
2019-03-11,121.94
2019-03-12,122.39
2019-03-13,122.93
2019-03-14,122.48
2019-03-15,124.17
2019-03-18,125.28
2019-03-19,127.06
2019-03-20,126.31
2019-03-21,130.05
2019-03-22,126.89
2019-03-25,124.13
2019-03-26,126.63
2019-03-27,125.14
2019-03-28,126.57
2019-03-29,126.79
2019-04-01,129.73
2019-04-02,129.09
2019-04-03,128.57
2019-04-04,127.82
2019-04-05,129.08
2019-04-08,129.9
2019-04-09,128.93
2019-04-10,131.59
2019-04-11,132.07
2019-04-12,134.41
2019-04-15,134.06
2019-04-16,134.98
2019-04-17,135.82
2019-04-18,134.95
2019-04-22,134.44
2019-04-23,137.15
2019-04-24,139.72
2019-04-25,115.86
2019-04-26,118.93
2019-04-29,117.08
2019-04-30,120.14
2019-05-01,116.64
2019-05-02,118.9
2019-05-03,119.02
2019-05-06,118.81
2019-05-07,117.81
2019-05-08,117.69
2019-05-09,116.7
2019-05-10,116.92
2019-05-13,110.64
2019-05-14,113.18
2019-05-15,114.45
2019-05-16,106.13
2019-05-17,104.76
2019-05-20,101.03
2019-05-21,105.71
2019-05-22,104.69
2019-05-23,102.3
2019-05-24,101.21
2019-05-28,101.7
2019-05-29,103.65
2019-05-30,105.45
2019-05-31,102.31
2019-06-03,102.3
2019-06-04,106.9
2019-06-05,105.6
2019-06-06,106.01
2019-06-07,107.49
2019-06-10,110.88
2019-06-11,111.67
2019-06-12,107.94
2019-06-13,108.35
2019-06-14,105.42
2019-06-17,104.53
2019-06-18,111.78
2019-06-19,111.84
2019-06-20,114.76
2019-06-21,112.14
2019-06-24,112.69
2019-06-25,109.95
2019-06-26,114.23
2019-06-27,118.18
2019-06-28,117.92
2019-07-01,121.15
2019-07-02,117.6
2019-07-03,116.39
2019-07-05,116.11
2019-07-08,115.93
2019-07-09,117.34
2019-07-10,117.49
2019-07-11,118.37
2019-07-12,120.32
2019-07-15,121.66
2019-07-16,121.23
2019-07-17,120.91
2019-07-18,122.86
2019-07-19,122.7
2019-07-22,124.23
2019-07-23,127.28
2019-07-24,132.14
2019-07-25,127.59
2019-07-26,120.77
2019-07-29,120.55
2019-07-30,119.51
2019-07-31,114.21
2019-08-01,113.46
2019-08-02,110.18
2019-08-05,107.01
2019-08-06,105.66
2019-08-07,104.92
2019-08-08,109.84
2019-08-09,104.23
2019-08-12,103.18
2019-08-13,106.43
2019-08-14,102.98
2019-08-15,103.8
2019-08-16,105.46
2019-08-19,106.91
2019-08-20,105.1
2019-08-21,106.09
2019-08-22,104.43
2019-08-23,100.97
2019-08-26,101.79
2019-08-27,100.22
2019-08-28,100.83
2019-08-29,103.45
2019-08-30,104.06
2019-09-03,100.4
2019-09-04,102.29
2019-09-05,105.3
2019-09-06,105.94
2019-09-09,105.51
2019-09-10,106.72
2019-09-11,105.05
2019-09-12,105.03
2019-09-13,105.24
2019-09-16,104.39
2019-09-17,104.28
2019-09-18,104.92
2019-09-19,103.62
2019-09-20,96.55
2019-09-23,98.05
2019-09-24,96.12
2019-09-25,97.19
2019-09-26,97.24
2019-09-27,95.95
2019-09-30,95.9
2019-10-01,92.04
2019-10-02,92.45
2019-10-03,92.49
2019-10-04,94.24
2019-10-07,92.63
2019-10-08,89.27
2019-10-09,90.48
2019-10-10,92.81
2019-10-11,96.22
2019-10-14,95.93
2019-10-15,96.97
2019-10-16,94.63
2019-10-17,94.91
2019-10-18,94.34
2019-10-21,95.06
2019-10-22,95.98
2019-10-23,93.83
2019-10-24,93.12
2019-10-25,94.9
2019-10-28,94.75
2019-10-29,92.33
2019-10-30,91.26
2019-10-31,90.74
2019-11-01,92.71
2019-11-04,96.64
2019-11-05,95.4
2019-11-06,93.77
2019-11-07,96.05
2019-11-08,95.5
2019-11-11,95.23
2019-11-12,95.17
2019-11-13,93.29
2019-11-14,93.15
2019-11-15,93.66
2019-11-18,92.38
2019-11-19,92.8
2019-11-20,91.01
2019-11-21,90.46
2019-11-22,90.61
2019-11-25,91.82
2019-11-26,91.24
2019-11-27,93.35
2019-11-29,92.78
2019-12-02,90.27
2019-12-03,88.65
2019-12-04,90.17
2019-12-05,90.67
2019-12-06,91.86
2019-12-09,91.08
2019-12-10,91.24
2019-12-11,93.87
2019-12-12,96.54
2019-12-13,96.23
2019-12-16,96.38
2019-12-17,96.0
2019-12-18,96.93
2019-12-19,96.29
2019-12-20,97.74
2019-12-23,98.9
2019-12-24,98.49
2019-12-26,98.68
2019-12-27,98.42
2019-12-30,97.68
2019-12-31,97.77
2020-01-02,101.65
2020-01-03,99.31
2020-01-06,97.24
2020-01-07,99.46
2020-01-08,99.18
2020-01-09,101.51
2020-01-10,99.47
2020-01-13,98.95
2020-01-14,99.61
2020-01-15,98.83
2020-01-16,101.36
2020-01-17,102.89
2020-01-21,101.65
2020-01-22,101.29
2020-01-23,102.41
2020-01-24,100.8
2020-01-27,97.0
2020-01-28,98.61
2020-01-29,88.06
2020-01-30,87.2
2020-01-31,84.48
2020-02-03,85.05
2020-02-04,85.78
2020-02-05,88.23
2020-02-06,87.72
2020-02-07,85.62
2020-02-10,86.42
2020-02-11,90.29
2020-02-12,91.17
2020-02-13,90.41
2020-02-14,90.17
2020-02-18,89.24
2020-02-19,90.71
2020-02-20,89.79
2020-02-21,87.72
2020-02-24,85.18
2020-02-25,83.88
2020-02-26,82.6
2020-02-27,79.49
2020-02-28,83.49
2020-03-02,84.61
2020-03-03,81.8
2020-03-04,83.43
2020-03-05,81.06
2020-03-06,79.86
2020-03-09,73.68
2020-03-10,77.61
2020-03-11,73.67
2020-03-12,68.98
2020-03-13,76.54
2020-03-16,69.83
2020-03-17,77.82
2020-03-18,74.41
2020-03-19,75.46
2020-03-20,71.86
2020-03-23,72.0
2020-03-24,76.91
2020-03-25,75.02
2020-03-26,80.28
2020-03-27,75.22
2020-03-30,79.35
2020-03-31,77.94
2020-04-01,76.69
2020-04-02,79.15
2020-04-03,79.08
2020-04-06,84.65
2020-04-07,83.95
2020-04-08,84.5
2020-04-09,83.11
2020-04-13,83.3
2020-04-14,85.92
2020-04-15,84.16
2020-04-16,89.61
2020-04-17,89.0
2020-04-20,89.08
2020-04-21,86.32
2020-04-22,90.6
2020-04-23,87.13
2020-04-24,89.74
2020-04-27,88.81
2020-04-28,85.89
2020-04-29,91.7
2020-04-30,87.4
2020-05-01,82.99
2020-05-04,83.24
2020-05-05,83.5
2020-05-06,85.24
2020-05-07,84.43
2020-05-08,86.86
2020-05-11,86.45
2020-05-12,83.98
2020-05-13,82.07
2020-05-14,84.49
2020-05-15,83.23
2020-05-18,87.16
2020-05-19,86.81
2020-05-20,89.52
2020-05-21,87.24
2020-05-22,86.59
2020-05-26,88.33
2020-05-27,91.04
2020-05-28,89.15
2020-05-29,91.95
2020-06-01,90.85
2020-06-02,93.1
2020-06-03,95.39
2020-06-04,95.68
2020-06-05,96.2
2020-06-08,96.54
2020-06-09,95.83
2020-06-10,95.3
2020-06-11,89.74
2020-06-12,90.7
2020-06-15,90.63
2020-06-16,93.48
2020-06-17,93.5
2020-06-18,93.47
2020-06-19,95.48
2020-06-22,94.49
2020-06-23,95.25
2020-06-24,92.89
2020-06-25,93.29
2020-06-26,91.02
2020-06-29,91.96
2020-06-30,98.39
2020-07-01,93.27
2020-07-02,95.29
2020-07-06,102.1
2020-07-07,99.17
2020-07-08,99.28
2020-07-09,100.23
2020-07-10,99.14
2020-07-13,97.91
2020-07-14,98.63
2020-07-15,99.31
2020-07-16,99.17
2020-07-17,100.49
2020-07-20,103.03
2020-07-21,102.15
2020-07-22,103.05
2020-07-23,103.09
2020-07-24,102.66
2020-07-27,106.81
2020-07-28,104.81
2020-07-29,107.82
2020-07-30,111.87
2020-07-31,107.35
2020-08-03,106.39
2020-08-04,107.75
2020-08-05,107.57
2020-08-06,108.66
2020-08-07,107.46
2020-08-10,106.45
2020-08-11,104.61
2020-08-12,106.04
2020-08-13,105.5
2020-08-14,105.31
2020-08-17,104.64
2020-08-18,103.22
2020-08-19,102.39
2020-08-20,101.38
2020-08-21,102.0
2020-08-24,102.47
2020-08-25,103.39
2020-08-26,104.98
2020-08-27,103.72
2020-08-28,104.91
2020-08-31,104.16
2020-09-01,105.31
2020-09-02,108.86
2020-09-03,103.1
2020-09-04,101.64
2020-09-08,97.69
2020-09-09,100.39
2020-09-10,98.8
2020-09-11,98.65
2020-09-14,101.72
2020-09-15,102.83
2020-09-16,102.33
2020-09-17,101.4
2020-09-18,100.72
2020-09-21,99.41
2020-09-22,100.02
2020-09-23,97.29
2020-09-24,99.01
2020-09-25,100.35
2020-09-28,103.8
2020-09-29,103.63
2020-09-30,104.24
2020-10-01,105.91
2020-10-02,102.59
2020-10-05,104.74
2020-10-06,103.94
2020-10-07,105.83
2020-10-08,105.99
2020-10-09,120.94
2020-10-12,118.9
2020-10-13,117.92
2020-10-14,117.75
2020-10-15,118.23
2020-10-16,118.02
2020-10-19,116.38
2020-10-20,114.73
2020-10-21,111.3
2020-10-22,113.04
2020-10-23,116.82
2020-10-26,114.55
2020-10-27,124.35
2020-10-28,119.76
2020-10-29,122.9
2020-10-30,118.69
2020-11-02,118.48
2020-11-03,120.82
2020-11-04,128.26
2020-11-05,129.93
2020-11-06,134.12
2020-11-09,130.35
2020-11-10,122.45
2020-11-11,127.06
2020-11-12,127.65
2020-11-13,127.65
2020-11-16,131.31
2020-11-17,130.41
2020-11-18,129.08
2020-11-19,132.96
2020-11-20,132.38
2020-11-23,133.3
2020-11-24,133.22
2020-11-25,135.56
2020-11-27,137.49
2020-11-30,145.55
2020-12-01,145.8
2020-12-02,147.11
2020-12-03,144.39
2020-12-04,147.91
2020-12-07,148.27
2020-12-08,146.19
2020-12-09,141.4
2020-12-10,143.86
2020-12-11,143.83
2020-12-14,149.03
2020-12-15,152.11
2020-12-16,151.75
2020-12-17,151.86
2020-12-18,149.19
2020-12-21,145.28
2020-12-22,144.16
2020-12-23,141.99
2020-12-24,141.99
2020-12-28,141.52
2020-12-29,139.9
2020-12-30,142.1
2020-12-31,141.77
2021-01-04,142.43
2021-01-05,144.23
2021-01-06,141.22
2021-01-07,149.71
2021-01-08,147.99
2021-01-11,151.08
2021-01-12,146.67
2021-01-13,141.17
2021-01-14,140.0
2021-01-15,136.6
2021-01-19,139.36
2021-01-20,138.0
2021-01-21,141.16
2021-01-22,142.94
2021-01-25,145.14
2021-01-26,144.39
2021-01-27,133.86
2021-01-28,133.57
2021-01-29,130.57
2021-02-01,135.31
2021-02-02,137.31
2021-02-03,135.39
2021-02-04,136.28
2021-02-05,136.48
2021-02-08,141.43
2021-02-09,140.85
2021-02-10,143.15
2021-02-11,144.2
2021-02-12,145.75
2021-02-16,142.58
2021-02-17,139.32
2021-02-18,137.56
2021-02-19,138.71
2021-02-22,131.29
2021-02-23,130.35
2021-02-24,133.81
2021-02-25,125.66
2021-02-26,130.3
2021-03-01,133.79
2021-03-02,129.95
2021-03-03,123.51
2021-03-04,117.12
2021-03-05,119.95
2021-03-08,112.09
2021-03-09,120.28
2021-03-10,118.74
2021-03-11,126.09
2021-03-12,125.45
2021-03-15,128.62
2021-03-16,129.18
2021-03-17,129.19
2021-03-18,122.25
2021-03-19,122.88
2021-03-22,125.35
2021-03-23,122.13
2021-03-24,119.96
2021-03-25,120.03
2021-03-26,123.14
2021-03-29,122.23
2021-03-30,120.3
2021-03-31,123.9
2021-04-01,129.85
2021-04-05,130.73
2021-04-06,130.4
2021-04-07,131.68
2021-04-08,132.77
2021-04-09,129.72
2021-04-12,124.23
2021-04-13,126.21
2021-04-14,123.61
2021-04-15,130.1
2021-04-16,128.64
2021-04-19,126.9
2021-04-20,123.62
2021-04-21,126.95
2021-04-22,123.08
2021-04-23,129.66
2021-04-26,133.96
2021-04-27,133.61
2021-04-28,131.52
2021-04-29,132.47
2021-04-30,127.96
2021-05-03,123.55
2021-05-04,123.06
2021-05-05,122.03
2021-05-06,122.14
2021-05-07,124.43
2021-05-10,119.59
2021-05-11,121.23
2021-05-12,116.87
2021-05-13,114.61
2021-05-14,118.0
2021-05-17,118.14
2021-05-18,117.81
2021-05-19,120.76
2021-05-20,123.99
2021-05-21,122.81
2021-05-24,123.77
2021-05-25,124.09
2021-05-26,123.7
2021-05-27,123.02
2021-05-28,127.0
2021-06-01,127.93
2021-06-02,129.14
2021-06-03,125.83
2021-06-04,128.63
2021-06-07,127.73
2021-06-08,127.45
2021-06-09,125.94
2021-06-10,128.79
2021-06-11,128.5
2021-06-14,128.33
2021-06-15,127.04
2021-06-16,126.18
2021-06-17,132.34
2021-06-18,131.92
2021-06-21,127.53
2021-06-22,130.02
2021-06-23,130.86
2021-06-24,133.71
2021-06-25,132.12
2021-06-28,135.36
2021-06-29,139.57
2021-06-30,144.64
2021-07-01,141.81
2021-07-02,144.56
2021-07-06,144.17
2021-07-07,137.44
2021-07-08,133.77
2021-07-09,135.59
2021-07-12,135.08
2021-07-13,133.96
2021-07-14,132.74
2021-07-15,129.71
2021-07-16,128.63
2021-07-19,129.33
2021-07-20,131.1
2021-07-21,135.33
2021-07-22,136.47
2021-07-23,137.86
2021-07-26,135.44
2021-07-27,131.0
2021-07-28,138.54
2021-07-29,147.25
2021-07-30,149.84
2021-08-02,148.98
2021-08-03,146.46
2021-08-04,144.63
2021-08-05,150.98
2021-08-06,150.19
2021-08-09,148.96
2021-08-10,146.55
2021-08-11,147.92
2021-08-12,145.95
2021-08-13,146.63
2021-08-16,142.64
2021-08-17,142.64
2021-08-18,141.31
2021-08-19,142.51
2021-08-20,144.27
2021-08-23,153.52
2021-08-24,153.09
2021-08-25,153.25
2021-08-26,151.07
2021-08-27,156.27
2021-08-30,155.07
2021-08-31,155.59
2021-09-01,154.47
2021-09-02,154.14
2021-09-03,155.96
2021-09-07,154.75
2021-09-08,153.31
2021-09-09,154.17
2021-09-10,155.06
2021-09-13,155.02
2021-09-14,155.58
2021-09-15,157.76
2021-09-16,157.25
2021-09-17,153.78
2021-09-20,149.94
2021-09-21,151.25
2021-09-22,153.82
2021-09-23,156.2
2021-09-24,157.24
2021-09-27,159.67
2021-09-28,151.06
2021-09-29,148.28
2021-09-30,150.99
2021-10-01,151.87
2021-10-04,148.02
2021-10-05,151.77
2021-10-06,153.84
2021-10-07,158.07
2021-10-08,156.27
2021-10-11,155.2
2021-10-12,155.91
2021-10-13,161.65
2021-10-14,165.81
2021-10-15,167.15
2021-10-18,170.39
2021-10-19,170.24
2021-10-20,170.37
2021-10-21,173.74
2021-10-22,172.59
2021-10-25,175.31
2021-10-26,171.88
2021-10-27,180.85
2021-10-28,180.84
2021-10-29,180.0
2021-11-01,185.39
2021-11-02,188.9
2021-11-03,191.57
2021-11-04,198.14
2021-11-05,198.51
2021-11-08,208.01
2021-11-09,205.0
2021-11-10,197.89
2021-11-11,208.78
2021-11-12,213.8
2021-11-15,215.27
2021-11-16,219.02
2021-11-17,216.18
2021-11-18,220.57
2021-11-19,220.87
2021-11-22,220.53
2021-11-23,220.25
2021-11-24,230.05
2021-11-26,223.95
2021-11-29,233.08
2021-11-30,228.45
2021-12-01,219.14
2021-12-02,218.7
2021-12-03,217.06
2021-12-06,213.41
2021-12-07,223.81
2021-12-08,224.75
2021-12-09,215.02
2021-12-10,217.18
2021-12-13,209.52
2021-12-14,209.81
2021-12-15,217.73
2021-12-16,199.78
2021-12-17,200.14
2021-12-20,196.15
2021-12-21,206.43
2021-12-22,215.0
2021-12-23,216.11
2021-12-27,222.78
2021-12-28,220.27
2021-12-29,217.62
2021-12-30,213.89
2021-12-31,212.03
2022-01-03,221.27
2022-01-04,214.89
2022-01-05,201.66
2022-01-06,204.04
2022-01-07,193.07
2022-01-10,193.5
2022-01-11,200.52
2022-01-12,197.87
2022-01-13,191.33
2022-01-14,198.45
2022-01-18,187.8
2022-01-19,189.09
2022-01-20,185.61
2022-01-21,187.79
2022-01-24,185.51
2022-01-25,173.16
2022-01-26,175.38
2022-01-27,173.42
2022-01-28,177.95
2022-01-31,193.55
2022-02-01,198.32
2022-02-02,207.97
2022-02-03,202.85
2022-02-04,209.02
2022-02-07,210.13
2022-02-08,218.14
2022-02-09,225.2
2022-02-10,216.55
2022-02-11,194.92
