Date,XMSR
2022-11-08,6.36
2022-11-07,6.28
2022-11-04,6.16
2022-11-03,6.09
2022-11-02,6.07
2022-11-01,6.06
2022-10-31,6.04
2022-10-28,6.17
2022-10-27,6.11
2022-10-26,6.23
2022-10-25,6.28
2022-10-24,6.23
2022-10-21,6.19
2022-10-20,6.1
2022-10-19,6.14
2022-10-18,6.23
2022-10-17,6.19
2022-10-14,6.05
2022-10-13,6.14
2022-10-12,5.96
2022-10-11,5.97
2022-10-10,5.93
2022-10-07,5.87
2022-10-06,5.93
2022-10-05,5.97
2022-10-04,5.97
2022-10-03,5.86
2022-09-30,5.71
2022-09-29,5.78
2022-09-28,5.95
2022-09-27,5.82
2022-09-26,5.81
2022-09-23,5.81
2022-09-22,5.87
2022-09-21,5.91
2022-09-20,6.0
2022-09-19,6.02
2022-09-16,5.97
2022-09-15,5.94
2022-09-14,6.01
2022-09-13,6.01
2022-09-12,6.26
2022-09-09,6.27
2022-09-08,6.19
2022-09-07,6.18
2022-09-06,6.0
2022-09-02,6.07
2022-09-01,6.13
2022-08-31,6.09
2022-08-30,6.11
2022-08-29,6.12
2022-08-26,6.17
2022-08-25,6.27
2022-08-24,6.24
2022-08-23,6.28
2022-08-22,6.26
2022-08-19,6.4
2022-08-18,6.49
2022-08-17,6.52
2022-08-16,6.6
2022-08-15,6.77
2022-08-12,6.78
2022-08-11,6.73
2022-08-10,6.74
2022-08-09,6.71
2022-08-08,6.65
2022-08-05,6.58
2022-08-04,6.71
2022-08-03,6.72
2022-08-02,6.69
2022-08-01,6.68
2022-07-29,6.68
2022-07-28,6.58
2022-07-27,6.44
2022-07-26,6.38
2022-07-25,6.38
2022-07-22,6.46
2022-07-21,6.52
2022-07-20,6.51
2022-07-19,6.48
2022-07-18,6.35
2022-07-15,6.35
2022-07-14,6.29
2022-07-13,6.23
2022-07-12,6.2
2022-07-11,6.19
2022-07-08,6.31
2022-07-07,6.25
2022-07-06,6.19
2022-07-05,6.22
2022-07-01,6.21
2022-06-30,6.13
2022-06-29,6.11
2022-06-28,6.12
2022-06-27,6.26
2022-06-24,6.19
2022-06-23,6.1
2022-06-22,5.93
2022-06-21,5.91
2022-06-17,5.85
2022-06-16,5.71
2022-06-15,6.01
2022-06-14,5.93
2022-06-13,5.92
2022-06-10,6.1
2022-06-09,6.15
2022-06-08,6.21
2022-06-07,6.29
2022-06-06,6.26
2022-06-03,6.27
2022-06-02,6.34
2022-06-01,6.31
2022-05-31,6.4
2022-05-27,6.38
2022-05-26,6.33
2022-05-25,6.2
2022-05-24,6.19
2022-05-23,6.23
2022-05-20,6.16
2022-05-19,6.09
2022-05-18,6.04
2022-05-17,6.21
2022-05-16,6.13
2022-05-13,6.14
2022-05-12,5.99
2022-05-11,6.02
2022-05-10,6.07
2022-05-09,6.05
2022-05-06,6.07
2022-05-05,6.13
2022-05-04,6.23
2022-05-03,6.08
2022-05-02,6.03
2022-04-29,6.0
2022-04-28,6.31
2022-04-27,5.97
2022-04-26,6.05
2022-04-25,6.17
2022-04-22,6.25
2022-04-21,6.35
2022-04-20,6.41
2022-04-19,6.41
2022-04-18,6.26
2022-04-14,6.46
2022-04-13,6.53
2022-04-12,6.52
2022-04-11,6.53
2022-04-08,6.5
2022-04-07,6.56
2022-04-06,6.58
2022-04-05,6.62
2022-04-04,6.69
2022-04-01,6.59
2022-03-31,6.62
2022-03-30,6.64
2022-03-29,6.62
2022-03-28,6.6
2022-03-25,6.56
2022-03-24,6.5
2022-03-23,6.4
2022-03-22,6.41
2022-03-21,6.29
2022-03-18,6.33
2022-03-17,6.25
2022-03-16,6.21
2022-03-15,6.24
2022-03-14,6.16
2022-03-11,6.19
2022-03-10,6.22
2022-03-09,6.22
2022-03-08,6.38
2022-03-07,6.38
2022-03-04,6.17
2022-03-03,6.18
2022-03-02,6.15
2022-03-01,6.08
2022-02-28,6.16
2022-02-25,6.16
2022-02-24,6.06
2022-02-23,5.97
2022-02-22,6.02
2022-02-18,6.03
2022-02-17,6.03
2022-02-16,6.17
2022-02-15,6.2
2022-02-14,6.17
2022-02-11,6.22
2022-02-10,6.33
2022-02-09,6.61
2022-02-08,6.552
2022-02-07,6.494
2022-02-04,6.533
2022-02-03,6.427
2022-02-02,6.437
2022-02-01,6.514
2022-01-31,6.128
2022-01-28,5.964
2022-01-27,5.907
2022-01-26,5.762
2022-01-25,5.839
2022-01-24,5.83
2022-01-21,5.791
2022-01-20,5.82
2022-01-19,5.878
2022-01-18,5.887
2022-01-14,5.955
2022-01-13,6.128
2022-01-12,6.099
2022-01-11,6.09
2022-01-10,6.032
2022-01-07,5.974
2022-01-06,5.964
2022-01-05,5.926
2022-01-04,5.945
2022-01-03,6.128
2021-12-31,6.119
2021-12-30,6.186
2021-12-29,6.138
2021-12-28,6.176
2021-12-27,6.215
2021-12-23,6.196
2021-12-22,6.147
2021-12-21,6.176
2021-12-20,6.119
2021-12-17,6.147
2021-12-16,6.109
2021-12-15,6.147
2021-12-14,6.07
2021-12-13,6.061
2021-12-10,6.051
2021-12-09,5.936
2021-12-08,5.984
2021-12-07,5.974
2021-12-06,6.09
2021-12-03,5.984
2021-12-02,6.022
2021-12-01,5.791
2021-11-30,5.878
2021-11-29,6.042
2021-11-26,5.945
2021-11-24,5.984
2021-11-23,5.964
2021-11-22,5.858
2021-11-19,5.964
2021-11-18,6.09
2021-11-17,6.388
2021-11-16,6.388
2021-11-15,6.388
2021-11-12,6.369
2021-11-11,6.331
2021-11-10,6.205
2021-11-09,6.196
2021-11-08,6.225
2021-11-05,6.176
2021-11-04,6.157
2021-11-03,6.253
2021-11-02,6.061
2021-11-01,6.051
2021-10-29,5.868
2021-10-28,5.858
2021-10-27,5.743
2021-10-26,5.81
2021-10-25,5.82
2021-10-22,5.849
2021-10-21,5.887
2021-10-20,5.974
2021-10-19,5.801
2021-10-18,5.81
2021-10-15,5.801
2021-10-14,5.81
2021-10-13,5.781
2021-10-12,5.82
2021-10-11,5.743
2021-10-08,5.839
2021-10-07,6.061
2021-10-06,5.945
2021-10-05,5.955
2021-10-04,5.897
2021-10-01,5.897
2021-09-30,5.878
2021-09-29,5.878
2021-09-28,5.878
2021-09-27,5.887
2021-09-24,5.839
2021-09-23,5.82
2021-09-22,5.781
2021-09-21,5.762
2021-09-20,5.781
2021-09-17,5.858
2021-09-16,5.849
2021-09-15,5.82
2021-09-14,5.81
2021-09-13,5.83
2021-09-10,5.781
2021-09-09,5.849
2021-09-08,5.926
2021-09-07,5.936
2021-09-03,6.099
2021-09-02,6.138
2021-09-01,6.08
2021-08-31,6.042
2021-08-30,6.042
2021-08-27,6.022
2021-08-26,5.974
2021-08-25,6.08
2021-08-24,6.08
2021-08-23,6.013
2021-08-20,6.07
2021-08-19,5.945
2021-08-18,5.916
2021-08-17,5.897
2021-08-16,5.849
2021-08-13,5.81
2021-08-12,5.81
2021-08-11,5.916
2021-08-10,5.936
2021-08-09,6.022
2021-08-06,6.263
2021-08-05,6.273
2021-08-04,6.196
2021-08-03,6.215
2021-08-02,6.253
2021-07-30,6.234
2021-07-29,6.253
2021-07-28,6.244
2021-07-27,6.465
2021-07-26,6.147
2021-07-23,6.196
2021-07-22,6.244
2021-07-21,6.311
2021-07-20,6.292
2021-07-19,6.109
2021-07-16,6.157
2021-07-15,6.205
2021-07-14,6.263
2021-07-13,6.215
2021-07-12,6.282
2021-07-09,6.321
2021-07-08,6.225
2021-07-07,6.331
2021-07-06,6.302
2021-07-02,6.388
2021-07-01,6.331
2021-06-30,6.302
2021-06-29,6.311
2021-06-28,6.273
2021-06-25,6.282
2021-06-24,6.176
2021-06-23,6.061
2021-06-22,6.128
2021-06-21,6.09
2021-06-18,6.07
2021-06-17,6.167
2021-06-16,6.321
2021-06-15,6.388
2021-06-14,6.504
2021-06-11,6.494
2021-06-10,6.446
2021-06-09,6.6
2021-06-08,6.832
2021-06-07,6.359
2021-06-04,6.234
2021-06-03,6.147
2021-06-02,6.215
2021-06-01,6.051
2021-05-28,6.022
2021-05-27,5.984
2021-05-26,5.83
2021-05-25,5.772
2021-05-24,5.916
2021-05-21,5.733
2021-05-20,5.762
2021-05-19,5.598
2021-05-18,5.656
2021-05-17,5.656
2021-05-14,5.695
2021-05-13,5.622
2021-05-12,5.56
2021-05-11,5.656
2021-05-10,5.743
2021-05-07,5.82
2021-05-06,5.762
2021-05-05,5.81
2021-05-04,5.791
2021-05-03,5.834
2021-04-30,5.878
2021-04-29,5.907
2021-04-28,5.844
2021-04-27,6.08
2021-04-26,6.128
2021-04-23,6.147
2021-04-22,6.066
2021-04-21,6.157
2021-04-20,6.08
2021-04-19,6.051
2021-04-16,6.08
2021-04-15,6.013
2021-04-14,6.051
2021-04-13,5.974
2021-04-12,6.003
2021-04-09,6.119
2021-04-08,6.08
2021-04-07,6.099
2021-04-06,6.109
2021-04-05,6.07
2021-04-01,6.042
2021-03-31,5.868
2021-03-30,5.897
2021-03-29,5.926
2021-03-26,5.993
2021-03-25,5.926
2021-03-24,5.887
2021-03-23,6.013
2021-03-22,6.08
2021-03-19,5.858
2021-03-18,5.878
2021-03-17,6.061
2021-03-16,6.099
2021-03-15,6.022
2021-03-12,5.936
2021-03-11,5.916
2021-03-10,5.839
2021-03-09,5.752
2021-03-08,5.695
2021-03-05,5.675
2021-03-04,5.579
2021-03-03,5.675
2021-03-02,5.762
2021-03-01,5.801
2021-02-26,5.637
2021-02-25,5.646
2021-02-24,5.772
2021-02-23,5.733
2021-02-22,5.801
2021-02-19,5.791
2021-02-18,5.801
2021-02-17,5.791
2021-02-16,5.772
2021-02-12,5.868
2021-02-11,5.887
2021-02-10,5.849
2021-02-09,5.839
2021-02-08,5.834
2021-02-05,5.883
2021-02-04,5.897
2021-02-03,5.955
2021-02-02,5.974
2021-02-01,6.032
2021-01-29,6.032
2021-01-28,6.167
2021-01-27,6.62
2021-01-26,6.311
2021-01-25,5.839
2021-01-22,5.752
2021-01-21,5.772
2021-01-20,5.743
2021-01-19,5.733
2021-01-15,5.589
2021-01-14,5.618
2021-01-13,5.675
2021-01-12,5.666
2021-01-11,5.724
2021-01-08,5.695
2021-01-07,6.186
2021-01-06,6.282
2021-01-05,6.013
2021-01-04,5.945
2020-12-31,6.138
2020-12-30,6.176
2020-12-29,6.176
2020-12-28,6.114
2020-12-24,6.075
2020-12-23,6.042
2020-12-22,6.042
2020-12-21,6.08
2020-12-18,6.08
2020-12-17,6.147
2020-12-16,6.138
2020-12-15,6.157
2020-12-14,6.099
2020-12-11,6.186
2020-12-10,6.157
2020-12-09,6.176
2020-12-08,6.369
2020-12-07,6.282
2020-12-04,6.109
2020-12-03,6.196
2020-12-02,6.196
2020-12-01,6.282
2020-11-30,6.253
2020-11-27,6.311
2020-11-25,6.234
2020-11-24,6.311
2020-11-23,6.321
2020-11-20,6.186
2020-11-19,6.176
2020-11-18,6.09
2020-11-17,6.176
2020-11-16,6.138
2020-11-13,6.042
2020-11-12,5.887
2020-11-11,5.955
2020-11-10,5.772
2020-11-09,5.83
2020-11-06,5.81
2020-11-05,5.868
2020-11-04,5.675
2020-11-03,5.608
2020-11-02,5.569
2020-10-30,5.521
2020-10-29,5.618
2020-10-28,5.492
2020-10-27,5.695
2020-10-26,5.579
2020-10-23,5.762
2020-10-22,5.772
2020-10-21,5.646
2020-10-20,5.589
2020-10-19,5.521
2020-10-16,5.627
2020-10-15,5.627
2020-10-14,5.627
2020-10-13,5.671
2020-10-12,5.695
2020-10-09,5.627
2020-10-08,5.743
2020-10-07,5.603
2020-10-06,5.357
2020-10-05,5.406
2020-10-02,5.357
2020-10-01,5.444
2020-09-30,5.165
2020-09-29,5.059
2020-09-28,5.097
2020-09-25,4.933
2020-09-24,4.914
2020-09-23,4.837
2020-09-22,4.943
2020-09-21,4.924
2020-09-18,4.972
2020-09-17,5.116
2020-09-16,5.203
2020-09-15,5.165
2020-09-14,5.434
2020-09-11,5.28
2020-09-10,5.377
2020-09-09,5.502
2020-09-08,5.415
2020-09-04,5.512
2020-09-03,5.55
2020-09-02,5.714
2020-09-01,5.618
2020-08-31,5.656
2020-08-28,5.743
2020-08-27,5.685
2020-08-26,5.618
2020-08-25,5.646
2020-08-24,5.637
2020-08-21,5.608
2020-08-20,5.618
2020-08-19,5.656
2020-08-18,5.733
2020-08-17,5.777
2020-08-14,5.762
2020-08-13,5.786
2020-08-12,5.868
2020-08-11,5.825
2020-08-10,5.791
2020-08-07,5.762
2020-08-06,5.704
2020-08-05,5.695
2020-08-04,5.704
2020-08-03,5.656
2020-07-31,5.666
2020-07-30,5.656
2020-07-29,5.91
2020-07-28,5.95
2020-07-27,5.99
2020-07-24,5.905
2020-07-23,5.89
2020-07-22,5.94
2020-07-21,5.87
2020-07-20,5.82
2020-07-17,5.89
2020-07-16,5.95
2020-07-15,6.01
2020-07-14,5.66
2020-07-13,5.59
2020-07-10,5.7
2020-07-09,5.63
2020-07-08,5.78
2020-07-07,5.79
2020-07-06,5.87
2020-07-02,5.84
2020-07-01,5.89
2020-06-30,5.87
2020-06-29,5.7
2020-06-26,5.54
2020-06-25,5.82
2020-06-24,5.78
2020-06-23,5.9
2020-06-22,5.96
2020-06-19,5.96
2020-06-18,6.06
2020-06-17,6.02
2020-06-16,6.04
2020-06-15,5.99
2020-06-12,5.935
2020-06-11,5.85
2020-06-10,6.22
2020-06-09,6.33
2020-06-08,6.51
2020-06-05,6.51
2020-06-04,6.45
2020-06-03,6.25
2020-06-02,5.98
2020-06-01,5.96
2020-05-29,5.82
2020-05-28,5.68
2020-05-27,5.78
2020-05-26,5.48
2020-05-22,5.3
2020-05-21,5.2
2020-05-20,5.23
2020-05-19,5.45
2020-05-18,5.51
2020-05-15,5.34
2020-05-14,5.29
2020-05-13,5.22
2020-05-12,5.43
2020-05-11,5.66
2020-05-08,5.745
2020-05-07,5.52
2020-05-06,5.66
2020-05-05,5.74
2020-05-04,5.75
2020-05-01,5.8
2020-04-30,5.91
2020-04-29,5.92
2020-04-28,5.755
2020-04-27,5.61
2020-04-24,5.505
2020-04-23,5.37
2020-04-22,5.05
2020-04-21,5.0
2020-04-20,5.22
2020-04-17,5.29
2020-04-16,5.3
2020-04-15,5.3
2020-04-14,5.42
2020-04-13,5.12
2020-04-09,5.25
2020-04-08,5.17
2020-04-07,4.91
2020-04-06,4.79
2020-04-03,4.48
2020-04-02,4.75
2020-04-01,4.64
2020-03-31,4.94
2020-03-30,4.81
2020-03-27,4.93
2020-03-26,5.2
2020-03-25,5.05
2020-03-24,4.98
2020-03-23,4.52
2020-03-20,4.44
2020-03-19,4.79
2020-03-18,4.75
2020-03-17,5.43
2020-03-16,5.08
2020-03-13,5.9
2020-03-12,5.56
2020-03-11,6.05
2020-03-10,6.33
2020-03-09,6.04
2020-03-06,6.44
2020-03-05,6.64
2020-03-04,6.65
2020-03-03,6.48
2020-03-02,6.55
2020-02-28,6.34
2020-02-27,6.46
2020-02-26,6.79
2020-02-25,6.98
2020-02-24,7.04
2020-02-21,7.24
2020-02-20,7.34
2020-02-19,7.25
2020-02-18,7.24
2020-02-14,7.21
2020-02-13,7.23
2020-02-12,7.21
2020-02-11,7.16
2020-02-10,7.2
2020-02-07,7.11
2020-02-06,7.19
2020-02-05,7.17
2020-02-04,7.21
2020-02-03,7.17
2020-01-31,7.07
2020-01-30,7.19
2020-01-29,7.08
2020-01-28,7.13
2020-01-27,7.12
2020-01-24,7.11
2020-01-23,7.16
2020-01-22,7.2
2020-01-21,7.15
2020-01-17,7.17
2020-01-16,7.2
2020-01-15,7.17
2020-01-14,7.11
2020-01-13,7.05
2020-01-10,7.0
2020-01-09,7.05
2020-01-08,7.06
2020-01-07,7.07
2020-01-06,7.12
2020-01-03,7.09
2020-01-02,7.13
2019-12-31,7.15
2019-12-30,7.09
2019-12-27,7.135
2019-12-26,7.16
2019-12-24,7.14
2019-12-23,7.09
2019-12-20,7.18
2019-12-19,7.08
2019-12-18,7.04
2019-12-17,6.99
2019-12-16,6.95
2019-12-13,6.92
2019-12-12,6.89
2019-12-11,6.87
2019-12-10,6.89
2019-12-09,6.87
2019-12-06,6.83
2019-12-05,6.86
2019-12-04,6.87
2019-12-03,6.78
2019-12-02,6.89
2019-11-29,6.98
2019-11-27,6.93
2019-11-26,6.9
2019-11-25,6.85
2019-11-22,6.805
2019-11-21,6.96
2019-11-20,6.9
2019-11-19,6.97
2019-11-18,6.95
2019-11-15,6.92
2019-11-14,6.98
2019-11-13,6.88
2019-11-12,6.93
2019-11-11,6.96
2019-11-08,6.85
2019-11-07,6.8
2019-11-06,6.78
2019-11-05,6.83
2019-11-04,6.77
2019-11-01,6.82
2019-10-31,6.72
2019-10-30,6.47
2019-10-29,6.37
2019-10-28,6.46
2019-10-25,6.44
2019-10-24,6.46
2019-10-23,6.45
2019-10-22,6.4
2019-10-21,6.42
2019-10-18,6.43
2019-10-17,6.48
2019-10-16,6.43
2019-10-15,6.435
2019-10-14,6.33
2019-10-11,6.31
2019-10-10,6.25
2019-10-09,6.245
2019-10-08,6.24
2019-10-07,6.33
2019-10-04,6.38
2019-10-03,6.35
2019-10-02,6.23
2019-10-01,6.18
2019-09-30,6.255
2019-09-27,6.205
2019-09-26,6.26
2019-09-25,6.315
2019-09-24,6.23
2019-09-23,6.29
2019-09-20,6.26
2019-09-19,6.34
2019-09-18,6.39
2019-09-17,6.47
2019-09-16,6.37
2019-09-13,6.39
2019-09-12,6.45
2019-09-11,6.49
2019-09-10,6.36
2019-09-09,6.29
2019-09-06,6.25
2019-09-05,6.28
2019-09-04,6.21
2019-09-03,6.16
2019-08-30,6.17
2019-08-29,6.21
2019-08-28,6.13
2019-08-27,6.06
2019-08-26,6.08
2019-08-23,5.99
2019-08-22,6.16
2019-08-21,6.16
2019-08-20,6.09
2019-08-19,6.18
2019-08-16,6.08
2019-08-15,5.97
2019-08-14,6.0
2019-08-13,6.08
2019-08-12,6.04
2019-08-09,6.12
2019-08-08,6.17
2019-08-07,6.11
2019-08-06,6.09
2019-08-05,6.05
2019-08-02,6.34
2019-08-01,6.27
2019-07-31,6.26
2019-07-30,6.18
2019-07-29,6.16
2019-07-26,6.22
2019-07-25,6.14
2019-07-24,6.1
2019-07-23,6.04
2019-07-22,6.08
2019-07-19,6.06
2019-07-18,6.04
2019-07-17,6.04
2019-07-16,6.05
2019-07-15,6.04
2019-07-12,6.07
2019-07-11,6.03
2019-07-10,6.03
2019-07-09,5.96
2019-07-08,5.93
2019-07-05,5.91
2019-07-03,5.88
2019-07-02,5.83
2019-07-01,5.71
2019-06-28,5.58
2019-06-27,5.57
2019-06-26,5.53
2019-06-25,5.54
2019-06-24,5.59
2019-06-21,5.6
2019-06-20,5.74
2019-06-19,5.68
2019-06-18,5.7
2019-06-17,5.63
2019-06-14,5.56
2019-06-13,5.58
2019-06-12,5.5
2019-06-11,5.49
2019-06-10,5.43
2019-06-07,5.31
2019-06-06,5.31
2019-06-05,5.27
2019-06-04,5.39
2019-06-03,5.27
2019-05-31,5.31
2019-05-30,5.37
2019-05-29,5.34
2019-05-28,5.35
2019-05-24,5.41
2019-05-23,5.39
2019-05-22,5.56
2019-05-21,5.64
2019-05-20,5.58
2019-05-17,5.66
2019-05-16,5.65
2019-05-15,5.61
2019-05-14,5.63
2019-05-13,5.57
2019-05-10,5.74
2019-05-09,5.71
2019-05-08,5.74
2019-05-07,5.72
2019-05-06,5.84
2019-05-03,5.88
2019-05-02,5.77
2019-05-01,5.88
2019-04-30,5.81
2019-04-29,5.87
2019-04-26,5.78
2019-04-25,5.73
2019-04-24,5.71
2019-04-23,6.15
2019-04-22,6.12
2019-04-18,6.04
2019-04-17,6.01
2019-04-16,5.96
2019-04-15,5.99
2019-04-12,6.1
2019-04-11,6.05
2019-04-10,5.99
2019-04-09,5.97
2019-04-08,5.98
2019-04-05,5.94
2019-04-04,5.96
2019-04-03,5.92
2019-04-02,5.87
2019-04-01,5.79
2019-03-29,5.67
2019-03-28,5.69
2019-03-27,5.66
2019-03-26,5.7
2019-03-25,5.75
2019-03-22,5.76
2019-03-21,5.98
2019-03-20,6.02
2019-03-19,6.11
2019-03-18,6.06
2019-03-15,6.17
2019-03-14,6.13
2019-03-13,6.09
2019-03-12,6.14
2019-03-11,5.97
2019-03-08,5.94
2019-03-07,5.99
2019-03-06,6.0
2019-03-05,6.03
2019-03-04,6.0
2019-03-01,5.99
2019-02-28,5.93
2019-02-27,5.92
2019-02-26,5.92
2019-02-25,6.02
2019-02-22,6.06
2019-02-21,6.08
2019-02-20,6.04
2019-02-19,6.0
2019-02-15,6.03
2019-02-14,5.92
2019-02-13,5.9
2019-02-12,5.9
2019-02-11,5.86
2019-02-08,5.93
2019-02-07,5.89
2019-02-06,5.97
2019-02-05,6.02
2019-02-04,6.04
2019-02-01,5.98
2019-01-31,5.83
2019-01-30,5.92
2019-01-29,5.74
2019-01-28,5.75
2019-01-25,5.82
2019-01-24,5.75
2019-01-23,5.84
2019-01-22,5.85
2019-01-18,6.05
2019-01-17,6.05
2019-01-16,6.02
2019-01-15,5.98
2019-01-14,5.95
2019-01-11,6.07
2019-01-10,6.07
2019-01-09,6.06
2019-01-08,6.35
2019-01-07,6.22
2019-01-04,6.17
2019-01-03,5.94
2019-01-02,5.9
2018-12-31,5.71
2018-12-28,5.72
2018-12-27,5.73
2018-12-26,5.73
2018-12-24,5.51
2018-12-21,5.59
2018-12-20,5.89
2018-12-19,6.02
2018-12-18,6.15
2018-12-17,6.12
2018-12-14,6.17
2018-12-13,6.24
2018-12-12,6.32
2018-12-11,6.26
2018-12-10,6.2
2018-12-07,6.22
2018-12-06,6.35
2018-12-04,6.19
2018-12-03,6.32
2018-11-30,6.23
2018-11-29,6.32
2018-11-28,6.19
2018-11-27,6.1
2018-11-26,6.14
2018-11-23,6.06
2018-11-21,6.04
2018-11-20,5.87
2018-11-19,6.05
2018-11-16,6.27
2018-11-15,6.32
2018-11-14,6.25
2018-11-13,6.15
2018-11-12,6.12
2018-11-09,6.21
2018-11-08,6.21
2018-11-07,6.3
2018-11-06,6.34
2018-11-05,6.11
2018-11-02,6.11
2018-11-01,6.11
2018-10-31,6.02
2018-10-30,5.86
2018-10-29,5.62
2018-10-26,5.67
2018-10-25,5.79
2018-10-24,5.65
2018-10-23,5.95
2018-10-22,6.03
2018-10-19,6.01
2018-10-18,6.16
2018-10-17,6.25
2018-10-16,6.31
2018-10-15,6.14
2018-10-12,6.19
2018-10-11,5.97
2018-10-10,5.95
2018-10-09,6.18
2018-10-08,6.195
2018-10-05,6.13
2018-10-04,6.21
2018-10-03,6.26
2018-10-02,6.23
2018-10-01,6.3
2018-09-28,6.32
2018-09-27,6.36
2018-09-26,6.38
2018-09-25,6.27
2018-09-24,6.26
2018-09-21,6.98
2018-09-20,7.01
2018-09-19,7.0
2018-09-18,7.04
2018-09-17,7.06
2018-09-14,7.13
2018-09-13,7.19
2018-09-12,7.12
2018-09-11,7.18
2018-09-10,7.14
2018-09-07,6.98
2018-09-06,7.02
2018-09-05,7.0
2018-09-04,7.15
2018-08-31,7.1
2018-08-30,7.06
2018-08-29,7.1
2018-08-28,7.0
2018-08-27,7.02
2018-08-24,6.96
2018-08-23,6.9
2018-08-22,7.0
2018-08-21,6.94
2018-08-20,6.95
2018-08-17,6.97
2018-08-16,6.94
2018-08-15,6.9
2018-08-14,6.96
2018-08-13,6.95
2018-08-10,6.96
2018-08-09,6.995
2018-08-08,6.95
2018-08-07,6.86
2018-08-06,6.89
2018-08-03,6.87
2018-08-02,6.96
2018-08-01,6.86
2018-07-31,7.02
2018-07-30,6.99
2018-07-27,7.08
2018-07-26,7.2
2018-07-25,7.14
2018-07-24,6.98
2018-07-23,7.12
2018-07-20,7.11
2018-07-19,7.14
2018-07-18,7.13
2018-07-17,7.07
2018-07-16,7.04
2018-07-13,7.1
2018-07-12,7.11
2018-07-11,7.05
2018-07-10,7.02
2018-07-09,7.04
2018-07-06,7.0
2018-07-05,6.9
2018-07-03,6.75
2018-07-02,6.82
2018-06-29,6.77
2018-06-28,6.82
2018-06-27,6.65
2018-06-26,6.92
2018-06-25,7.06
2018-06-22,7.14
2018-06-21,7.16
2018-06-20,7.51
2018-06-19,7.47
2018-06-18,7.64
2018-06-15,7.58
2018-06-14,7.38
2018-06-13,7.31
2018-06-12,7.27
2018-06-11,7.22
2018-06-08,7.24
2018-06-07,7.18
2018-06-06,7.15
2018-06-05,7.06
2018-06-04,7.1
2018-06-01,7.07
2018-05-31,7.1
2018-05-30,7.12
2018-05-29,6.98
2018-05-25,6.95
2018-05-24,6.92
2018-05-23,6.93
2018-05-22,6.94
2018-05-21,7.0
2018-05-18,6.97
2018-05-17,6.89
2018-05-16,6.93
2018-05-15,6.87
2018-05-14,6.85
2018-05-11,6.79
2018-05-10,6.82
2018-05-09,6.77
2018-05-08,6.63
2018-05-07,6.71
2018-05-04,6.67
2018-05-03,6.5
2018-05-02,6.32
2018-05-01,6.32
2018-04-30,6.33
2018-04-27,6.3
2018-04-26,6.31
2018-04-25,6.25
2018-04-24,6.27
2018-04-23,6.33
2018-04-20,6.31
2018-04-19,6.34
2018-04-18,6.36
2018-04-17,6.25
2018-04-16,6.17
2018-04-13,6.19
2018-04-12,6.23
2018-04-11,6.25
2018-04-10,6.27
2018-04-09,6.26
2018-04-06,6.26
2018-04-05,6.31
2018-04-04,6.29
2018-04-03,6.16
2018-04-02,6.11
2018-03-29,6.24
2018-03-28,6.175
2018-03-27,6.2
2018-03-26,6.32
2018-03-23,6.17
2018-03-22,6.26
2018-03-21,6.37
2018-03-20,6.32
2018-03-19,6.34
2018-03-16,6.48
2018-03-15,6.4
2018-03-14,6.48
2018-03-13,6.53
2018-03-12,6.6
2018-03-09,6.54
2018-03-08,6.48
2018-03-07,6.47
2018-03-06,6.36
2018-03-05,6.32
2018-03-02,6.3
2018-03-01,6.29
2018-02-28,6.28
2018-02-27,6.29
2018-02-26,6.33
2018-02-23,6.27
2018-02-22,6.15
2018-02-21,6.13
2018-02-20,6.11
2018-02-16,6.11
2018-02-15,6.15
2018-02-14,6.09
2018-02-13,5.96
2018-02-12,5.85
2018-02-09,5.82
2018-02-08,5.85
2018-02-07,6.0
2018-02-06,6.05
2018-02-05,6.02
2018-02-02,6.11
2018-02-01,6.11
2018-01-31,6.11
2018-01-30,5.95
2018-01-29,5.98
2018-01-26,5.98
2018-01-25,5.77
2018-01-24,5.73
2018-01-23,5.68
2018-01-22,5.65
2018-01-19,5.6
2018-01-18,5.47
2018-01-17,5.44
2018-01-16,5.38
2018-01-12,5.48
2018-01-11,5.5
2018-01-10,5.555
2018-01-09,5.31
2018-01-08,5.31
2018-01-05,5.33
2018-01-04,5.31
2018-01-03,5.21
2018-01-02,5.21
2017-12-29,5.36
2017-12-28,5.38
2017-12-27,5.39
2017-12-26,5.42
2017-12-22,5.37
2017-12-21,5.27
2017-12-20,5.26
2017-12-19,5.32
2017-12-18,5.43
2017-12-15,5.37
2017-12-14,5.66
2017-12-13,5.69
2017-12-12,5.69
2017-12-11,5.64
2017-12-08,5.64
2017-12-07,5.63
2017-12-06,5.6
2017-12-05,5.74
2017-12-04,5.61
2017-12-01,5.54
2017-11-30,5.5
2017-11-29,5.48
2017-11-28,5.43
2017-11-27,5.44
2017-11-24,5.44
2017-11-22,5.44
2017-11-21,5.46
2017-11-20,5.43
2017-11-17,5.46
2017-11-16,5.4
2017-11-15,5.38
2017-11-14,5.35
2017-11-13,5.5
2017-11-10,5.34
2017-11-09,5.31
2017-11-08,5.36
2017-11-07,5.34
2017-11-06,5.35
2017-11-03,5.3
2017-11-02,5.34
2017-11-01,5.44
2017-10-31,5.44
2017-10-30,5.51
2017-10-27,5.54
2017-10-26,5.58
2017-10-25,5.56
2017-10-24,5.72
2017-10-23,5.7
2017-10-20,5.755
2017-10-19,5.74
2017-10-18,5.75
2017-10-17,5.71
2017-10-16,5.7
2017-10-13,5.71
2017-10-12,5.71
2017-10-11,5.72
2017-10-10,5.65
2017-10-09,5.72
2017-10-06,5.73
2017-10-05,5.74
2017-10-04,5.73
2017-10-03,5.6
2017-10-02,5.5
2017-09-29,5.52
2017-09-28,5.44
2017-09-27,5.53
2017-09-26,5.44
2017-09-25,5.5
2017-09-22,5.54
2017-09-21,5.49
2017-09-20,5.5
2017-09-19,5.47
2017-09-18,5.48
2017-09-15,5.51
2017-09-14,5.44
2017-09-13,5.42
2017-09-12,5.59
2017-09-11,5.53
2017-09-08,5.48
2017-09-07,5.55
2017-09-06,5.6
2017-09-05,5.59
2017-09-01,5.69
2017-08-31,5.75
2017-08-30,5.7
2017-08-29,5.63
2017-08-28,5.58
2017-08-25,5.58
2017-08-24,5.58
2017-08-23,5.56
2017-08-22,5.67
2017-08-21,5.52
2017-08-18,5.49
2017-08-17,5.48
2017-08-16,5.59
2017-08-15,5.6
2017-08-14,5.63
2017-08-11,5.57
2017-08-10,5.5
2017-08-09,5.55
2017-08-08,5.55
2017-08-07,5.6
2017-08-04,5.56
2017-08-03,5.64
2017-08-02,5.68
2017-08-01,5.79
2017-07-31,5.86
2017-07-28,5.81
2017-07-27,5.83
2017-07-26,5.39
2017-07-25,5.39
2017-07-24,5.38
2017-07-21,5.47
2017-07-20,5.47
2017-07-19,5.44
2017-07-18,5.41
2017-07-17,5.46
2017-07-14,5.48
2017-07-13,5.43
2017-07-12,5.405
2017-07-11,5.39
2017-07-10,5.34
2017-07-07,5.37
2017-07-06,5.35
2017-07-05,5.42
2017-07-03,5.38
2017-06-30,5.47
2017-06-29,5.36
2017-06-28,5.4
2017-06-27,5.26
2017-06-26,5.3
2017-06-23,5.35
2017-06-22,5.24
2017-06-21,5.24
2017-06-20,5.18
2017-06-19,5.24
2017-06-16,5.175
2017-06-15,5.18
2017-06-14,5.16
2017-06-13,5.24
2017-06-12,5.2
2017-06-09,5.2
2017-06-08,5.4
2017-06-07,5.32
2017-06-06,5.29
2017-06-05,5.38
2017-06-02,5.485
2017-06-01,5.46
2017-05-31,5.25
2017-05-30,5.23
2017-05-26,5.29
2017-05-25,5.12
2017-05-24,5.11
2017-05-23,4.97
2017-05-22,4.94
2017-05-19,4.91
2017-05-18,4.86
2017-05-17,4.73
2017-05-16,4.79
2017-05-15,4.78
2017-05-12,4.81
2017-05-11,4.83
2017-05-10,4.85
2017-05-09,4.87
2017-05-08,4.9
2017-05-05,4.89
2017-05-04,4.835
2017-05-03,4.85
2017-05-02,4.84
2017-05-01,4.96
2017-04-28,4.95
2017-04-27,5.02
2017-04-26,5.11
2017-04-25,5.205
2017-04-24,5.13
2017-04-21,5.07
2017-04-20,5.07
2017-04-19,5.07
2017-04-18,5.06
2017-04-17,5.05
2017-04-13,5.1
2017-04-12,5.09
2017-04-11,5.06
2017-04-10,5.1
2017-04-07,5.16
2017-04-06,5.13
2017-04-05,5.11
2017-04-04,5.12
2017-04-03,5.1
2017-03-31,5.15
2017-03-30,5.21
2017-03-29,5.14
2017-03-28,5.11
2017-03-27,5.1
2017-03-24,5.1
2017-03-23,5.13
2017-03-22,5.1
2017-03-21,5.19
2017-03-20,5.31
2017-03-17,5.36
2017-03-16,5.33
2017-03-15,5.3
2017-03-14,5.39
2017-03-13,5.44
2017-03-10,5.19
2017-03-09,5.15
2017-03-08,5.16
2017-03-07,5.12
2017-03-06,5.09
2017-03-03,5.105
2017-03-02,5.13
2017-03-01,5.165
2017-02-28,5.09
2017-02-27,5.18
2017-02-24,5.12
2017-02-23,5.07
2017-02-22,5.15
2017-02-21,5.04
2017-02-17,4.94
2017-02-16,4.91
2017-02-15,4.88
2017-02-14,4.74
2017-02-13,4.76
2017-02-10,4.73
2017-02-09,4.705
2017-02-08,4.7
2017-02-07,4.715
2017-02-06,4.775
2017-02-03,4.8
2017-02-02,4.75
2017-02-01,4.77
2017-01-31,4.72
2017-01-30,4.76
2017-01-27,4.75
2017-01-26,4.75
2017-01-25,4.675
2017-01-24,4.63
2017-01-23,4.59
2017-01-20,4.59
2017-01-19,4.59
2017-01-18,4.6
2017-01-17,4.57
2017-01-13,4.61
2017-01-12,4.58
2017-01-11,4.59
2017-01-10,4.63
2017-01-09,4.6
2017-01-06,4.56
2017-01-05,4.64
2017-01-04,4.53
2017-01-03,4.44
2016-12-30,4.45
2016-12-29,4.475
2016-12-28,4.5
2016-12-27,4.525
2016-12-23,4.51
2016-12-22,4.51
2016-12-21,4.53
2016-12-20,4.53
2016-12-19,4.53
2016-12-16,4.52
2016-12-15,4.49
2016-12-14,4.51
2016-12-13,4.54
2016-12-12,4.45
2016-12-09,4.535
2016-12-08,4.54
2016-12-07,4.5
2016-12-06,4.41
2016-12-05,4.33
2016-12-02,4.3
2016-12-01,4.555
2016-11-30,4.57
2016-11-29,4.61
2016-11-28,4.54
2016-11-25,4.605
2016-11-23,4.59
2016-11-22,4.61
2016-11-21,4.57
2016-11-18,4.56
2016-11-17,4.58
2016-11-16,4.52
2016-11-15,4.58
2016-11-14,4.485
2016-11-11,4.36
2016-11-10,4.31
2016-11-09,4.29
2016-11-08,4.27
2016-11-07,4.215
2016-11-04,4.14
2016-11-03,4.13
2016-11-02,4.13
2016-11-01,4.16
2016-10-31,4.17
2016-10-28,4.11
2016-10-27,4.11
2016-10-26,4.24
2016-10-25,4.19
2016-10-24,4.18
2016-10-21,4.15
2016-10-20,4.13
2016-10-19,4.135
2016-10-18,4.1
2016-10-17,4.11
2016-10-14,4.11
2016-10-13,4.1
2016-10-12,4.1
2016-10-11,4.08
2016-10-10,4.135
2016-10-07,4.16
2016-10-06,4.155
2016-10-05,4.16
2016-10-04,4.18
2016-10-03,4.19
2016-09-30,4.17
2016-09-29,4.145
2016-09-28,4.165
2016-09-27,4.16
2016-09-26,4.165
2016-09-23,4.205
2016-09-22,4.205
2016-09-21,4.175
2016-09-20,4.13
2016-09-19,4.14
2016-09-16,4.11
2016-09-15,4.165
2016-09-14,4.09
2016-09-13,4.09
2016-09-12,4.14
2016-09-09,4.1
2016-09-08,4.195
2016-09-07,4.175
2016-09-06,4.16
2016-09-02,4.18
2016-09-01,4.15
2016-08-31,4.14
2016-08-30,4.16
2016-08-29,4.16
2016-08-26,4.16
2016-08-25,4.15
2016-08-24,4.14
2016-08-23,4.19
2016-08-22,4.17
2016-08-19,4.19
2016-08-18,4.19
2016-08-17,4.24
2016-08-16,4.2
2016-08-15,4.235
2016-08-12,4.205
2016-08-11,4.23
2016-08-10,4.21
2016-08-09,4.19
2016-08-08,4.22
2016-08-05,4.24
2016-08-04,4.23
2016-08-03,4.23
2016-08-02,4.23
2016-08-01,4.34
2016-07-29,4.39
2016-07-28,4.36
2016-07-27,4.4
2016-07-26,4.35
2016-07-25,4.15
2016-07-22,4.21
2016-07-21,4.16
2016-07-20,4.18
2016-07-19,4.17
2016-07-18,4.17
2016-07-15,4.16
2016-07-14,4.14
2016-07-13,4.09
2016-07-12,4.1
2016-07-11,4.14
2016-07-08,4.12
2016-07-07,4.03
2016-07-06,3.99
2016-07-05,3.94
2016-07-01,3.97
2016-06-30,3.95
2016-06-29,3.92
2016-06-28,3.83
2016-06-27,3.76
2016-06-24,3.88
2016-06-23,4.0
2016-06-22,3.955
2016-06-21,3.98
2016-06-20,3.98
2016-06-17,3.92
2016-06-16,3.94
2016-06-15,3.91
2016-06-14,3.91
2016-06-13,3.9
2016-06-10,3.92
2016-06-09,3.985
2016-06-08,3.975
2016-06-07,3.99
2016-06-06,3.99
2016-06-03,4.0
2016-06-02,4.01
2016-06-01,4.02
2016-05-31,4.02
2016-05-27,3.96
2016-05-26,3.98
2016-05-25,4.0
2016-05-24,3.96
2016-05-23,3.91
2016-05-20,3.94
2016-05-19,3.91
2016-05-18,3.89
2016-05-17,3.89
2016-05-16,3.91
2016-05-13,3.89
2016-05-12,3.91
2016-05-11,3.93
2016-05-10,3.98
2016-05-09,3.93
2016-05-06,3.93
2016-05-05,3.88
2016-05-04,3.88
2016-05-03,3.95
2016-05-02,3.97
2016-04-29,3.95
2016-04-28,3.92
2016-04-27,3.98
2016-04-26,3.97
2016-04-25,3.97
2016-04-22,3.96
2016-04-21,3.94
2016-04-20,3.93
2016-04-19,3.92
2016-04-18,3.85
2016-04-15,3.9
2016-04-14,3.89
2016-04-13,3.92
2016-04-12,3.86
2016-04-11,3.81
2016-04-08,3.85
2016-04-07,3.82
2016-04-06,3.92
2016-04-05,3.87
2016-04-04,3.9
2016-04-01,3.96
2016-03-31,3.95
2016-03-30,3.96
2016-03-29,3.94
2016-03-28,3.91
2016-03-24,3.87
2016-03-23,3.86
2016-03-22,3.92
2016-03-21,3.91
2016-03-18,3.95
2016-03-17,3.94
2016-03-16,3.95
2016-03-15,3.9
2016-03-14,3.92
2016-03-11,3.91
2016-03-10,3.88
2016-03-09,3.95
2016-03-08,3.88
2016-03-07,3.9
2016-03-04,3.91
2016-03-03,3.87
2016-03-02,3.81
2016-03-01,3.76
2016-02-29,3.72
2016-02-27,3.69
2016-02-26,3.69
2016-02-25,3.69
2016-02-24,3.6
2016-02-23,3.61
2016-02-22,3.7
2016-02-19,3.62
2016-02-18,3.58
2016-02-17,3.56
2016-02-16,3.49
2016-02-12,3.46
2016-02-11,3.38
2016-02-10,3.4
2016-02-09,3.35
2016-02-08,3.36
2016-02-05,3.42
2016-02-04,3.51
2016-02-03,3.5
2016-02-02,3.57
2016-02-01,3.72
2016-01-29,3.7
2016-01-28,3.64
2016-01-27,3.63
2016-01-26,3.73
2016-01-25,3.65
2016-01-22,3.73
2016-01-21,3.66
2016-01-20,3.6
2016-01-19,3.66
2016-01-15,3.63
2016-01-14,3.72
2016-01-13,3.71
2016-01-12,3.79
2016-01-11,3.82
2016-01-08,3.81
2016-01-07,3.84
2016-01-06,3.89
2016-01-05,3.9
2016-01-04,3.95
2015-12-31,4.07
2015-12-30,4.07
2015-12-29,4.09
2015-12-28,4.07
2015-12-24,4.08
2015-12-23,4.07
2015-12-22,4.02
2015-12-21,4.0
2015-12-18,3.99
2015-12-17,4.02
2015-12-16,4.09
2015-12-15,4.07
2015-12-14,4.0
2015-12-11,4.01
2015-12-10,4.06
2015-12-09,4.01
2015-12-08,4.0
2015-12-07,4.04
2015-12-04,4.09
2015-12-03,4.06
2015-12-02,4.11
2015-12-01,4.16
2015-11-30,4.11
2015-11-27,4.13
2015-11-25,4.12
2015-11-24,4.11
2015-11-23,4.14
2015-11-20,4.19
2015-11-19,4.15
2015-11-18,4.14
2015-11-17,4.08
2015-11-16,4.1
2015-11-13,4.08
2015-11-12,4.11
2015-11-11,4.12
2015-11-10,4.14
2015-11-09,4.11
2015-11-06,4.1
2015-11-05,4.12
2015-11-04,4.16
2015-11-03,4.13
2015-11-02,4.12
2015-10-30,4.08
2015-10-29,4.13
2015-10-28,4.11
2015-10-27,4.08
2015-10-26,4.08
2015-10-23,4.02
2015-10-22,3.97
2015-10-21,3.91
2015-10-20,4.01
2015-10-19,3.94
2015-10-16,3.96
2015-10-15,3.96
2015-10-14,3.93
2015-10-13,3.91
2015-10-12,3.92
2015-10-09,3.85
2015-10-08,3.89
2015-10-07,3.89
2015-10-06,3.91
2015-10-05,3.87
2015-10-02,3.83
2015-10-01,3.79
2015-09-30,3.74
2015-09-29,3.65
2015-09-28,3.71
2015-09-25,3.8
2015-09-24,3.78
2015-09-23,3.83
2015-09-22,3.85
2015-09-21,3.85
2015-09-18,3.82
2015-09-17,3.86
2015-09-16,3.87
2015-09-15,3.85
2015-09-14,3.83
2015-09-11,3.81
2015-09-10,3.86
2015-09-09,3.84
2015-09-08,3.85
2015-09-04,3.78
2015-09-03,3.8
2015-09-02,3.82
2015-09-01,3.76
2015-08-31,3.81
2015-08-28,3.83
2015-08-27,3.79
2015-08-26,3.72
2015-08-25,3.63
2015-08-24,3.6
2015-08-21,3.72
2015-08-20,3.8
2015-08-19,3.9
2015-08-18,3.94
2015-08-17,3.95
2015-08-14,3.94
2015-08-13,3.99
2015-08-12,3.96
2015-08-11,3.9
2015-08-10,3.95
2015-08-07,3.94
2015-08-06,3.91
2015-08-05,3.92
2015-08-04,3.95
2015-08-03,3.96
2015-07-31,3.96
2015-07-30,3.97
2015-07-29,3.95
2015-07-28,3.96
2015-07-27,3.84
2015-07-24,3.88
2015-07-23,3.88
2015-07-22,3.85
2015-07-21,3.85
2015-07-20,3.83
2015-07-17,3.86
2015-07-16,3.88
2015-07-15,3.84
2015-07-14,3.83
2015-07-13,3.82
2015-07-10,3.73
2015-07-09,3.71
2015-07-08,3.64
2015-07-07,3.71
2015-07-06,3.68
2015-07-02,3.73
2015-07-01,3.75
2015-06-30,3.73
2015-06-29,3.71
2015-06-26,3.86
2015-06-25,3.81
2015-06-24,3.81
2015-06-23,3.86
2015-06-22,3.88
2015-06-19,3.87
2015-06-18,3.87
2015-06-17,3.77
2015-06-16,3.76
2015-06-15,3.77
2015-06-12,3.81
2015-06-11,3.82
2015-06-10,3.83
2015-06-09,3.78
2015-06-08,3.81
2015-06-05,3.88
2015-06-04,3.9
2015-06-03,3.91
2015-06-02,3.87
2015-06-01,3.88
2015-05-29,3.86
2015-05-28,3.8
2015-05-27,3.9
2015-05-26,3.87
2015-05-22,3.91
2015-05-21,3.93
2015-05-20,3.91
2015-05-19,3.9
2015-05-18,3.9
2015-05-15,3.91
2015-05-14,3.89
2015-05-13,3.86
2015-05-12,3.83
2015-05-11,3.83
2015-05-08,3.87
2015-05-07,3.85
2015-05-06,3.83
2015-05-05,3.84
2015-05-04,3.89
2015-05-01,3.93
2015-04-30,3.95
2015-04-29,3.98
2015-04-28,3.94
2015-04-27,3.95
2015-04-24,3.96
2015-04-23,3.93
2015-04-22,3.94
2015-04-21,3.94
2015-04-20,3.91
2015-04-17,3.88
2015-04-16,3.94
2015-04-15,3.95
2015-04-14,3.93
2015-04-13,3.92
2015-04-10,3.94
2015-04-09,3.93
2015-04-08,3.9
2015-04-07,3.9
2015-04-06,3.91
2015-04-02,3.92
2015-04-01,3.85
2015-03-31,3.82
2015-03-30,3.87
2015-03-27,3.85
2015-03-26,3.86
2015-03-25,3.83
2015-03-24,3.92
2015-03-23,3.91
2015-03-20,3.98
2015-03-19,3.96
2015-03-18,3.95
2015-03-17,3.95
2015-03-16,3.93
2015-03-13,3.91
2015-03-12,3.92
2015-03-11,3.89
2015-03-10,3.86
2015-03-09,3.93
2015-03-06,3.9
2015-03-05,3.93
2015-03-04,3.94
2015-03-03,4.0
2015-03-02,3.96
2015-02-27,3.89
2015-02-26,3.9
2015-02-25,3.88
2015-02-24,3.91
2015-02-23,3.83
2015-02-20,3.86
2015-02-19,3.87
2015-02-18,3.9
2015-02-17,3.89
2015-02-13,3.83
2015-02-12,3.9
2015-02-11,3.81
2015-02-10,3.75
2015-02-09,3.71
2015-02-06,3.72
2015-02-05,3.69
2015-02-04,3.61
2015-02-03,3.64
2015-02-02,3.61
2015-01-30,3.55
2015-01-29,3.59
2015-01-28,3.56
2015-01-27,3.64
2015-01-26,3.66
2015-01-23,3.57
2015-01-22,3.61
2015-01-21,3.57
2015-01-20,3.49
2015-01-16,3.53
2015-01-15,3.52
2015-01-14,3.51
2015-01-13,3.54
2015-01-12,3.57
2015-01-09,3.53
2015-01-08,3.54
2015-01-07,3.41
2015-01-06,3.35
2015-01-05,3.4
2015-01-02,3.48
2014-12-31,3.5
2014-12-30,3.51
2014-12-29,3.52
2014-12-26,3.49
2014-12-24,3.48
2014-12-23,3.48
2014-12-22,3.49
2014-12-19,3.47
2014-12-18,3.46
2014-12-17,3.41
2014-12-16,3.33
2014-12-15,3.34
2014-12-12,3.41
2014-12-11,3.46
2014-12-10,3.44
2014-12-09,3.49
2014-12-08,3.47
2014-12-05,3.49
2014-12-04,3.58
2014-12-03,3.6
2014-12-02,3.59
2014-12-01,3.61
2014-11-28,3.63
2014-11-26,3.6
2014-11-25,3.6
2014-11-24,3.57
2014-11-21,3.54
2014-11-20,3.54
2014-11-19,3.52
2014-11-18,3.56
2014-11-17,3.52
2014-11-14,3.53
2014-11-13,3.5
2014-11-12,3.49
2014-11-11,3.5
2014-11-10,3.49
2014-11-07,3.46
2014-11-06,3.45
2014-11-05,3.49
2014-11-04,3.48
2014-11-03,3.48
2014-10-31,3.43
2014-10-30,3.38
2014-10-29,3.35
2014-10-28,3.33
2014-10-27,3.35
2014-10-24,3.37
2014-10-23,3.37
2014-10-22,3.33
2014-10-21,3.38
2014-10-20,3.33
2014-10-17,3.27
2014-10-16,3.27
2014-10-15,3.26
2014-10-14,3.25
2014-10-13,3.19
2014-10-10,3.17
2014-10-09,3.28
2014-10-08,3.4
2014-10-07,3.35
2014-10-06,3.4
2014-10-03,3.42
2014-10-02,3.38
2014-10-01,3.42
2014-09-30,3.49
2014-09-29,3.5
2014-09-26,3.51
2014-09-25,3.48
2014-09-24,3.53
2014-09-23,3.48
2014-09-22,3.52
2014-09-19,3.57
2014-09-18,3.63
2014-09-17,3.63
2014-09-16,3.6
2014-09-15,3.58
2014-09-12,3.6
2014-09-11,3.62
2014-09-10,3.62
2014-09-09,3.57
2014-09-08,3.58
2014-09-05,3.6
2014-09-04,3.6
2014-09-03,3.63
2014-09-02,3.64
2014-08-29,3.63
2014-08-28,3.6
2014-08-27,3.59
2014-08-26,3.56
2014-08-25,3.59
2014-08-22,3.58
2014-08-21,3.58
2014-08-20,3.57
2014-08-19,3.56
2014-08-18,3.55
2014-08-15,3.55
2014-08-14,3.55
2014-08-13,3.49
2014-08-12,3.4
2014-08-11,3.42
2014-08-08,3.44
2014-08-07,3.36
2014-08-06,3.36
2014-08-05,3.37
2014-08-04,3.34
2014-08-01,3.31
2014-07-31,3.38
2014-07-30,3.46
2014-07-29,3.4
2014-07-28,3.38
2014-07-25,3.44
2014-07-24,3.45
2014-07-23,3.46
2014-07-22,3.48
2014-07-21,3.46
2014-07-18,3.44
2014-07-17,3.46
2014-07-16,3.42
2014-07-15,3.38
2014-07-14,3.4
2014-07-11,3.38
2014-07-10,3.38
2014-07-09,3.35
2014-07-08,3.37
2014-07-07,3.43
2014-07-03,3.46
2014-07-02,3.44
2014-07-01,3.44
2014-06-30,3.46
2014-06-27,3.43
2014-06-26,3.46
2014-06-25,3.43
2014-06-24,3.4
2014-06-23,3.42
2014-06-20,3.39
2014-06-19,3.46
2014-06-18,3.45
2014-06-17,3.37
2014-06-16,3.33
2014-06-13,3.33
2014-06-12,3.34
2014-06-11,3.35
2014-06-10,3.35
2014-06-09,3.37
2014-06-06,3.36
2014-06-05,3.32
2014-06-04,3.34
2014-06-03,3.3
2014-06-02,3.28
2014-05-30,3.28
2014-05-29,3.32
2014-05-28,3.29
2014-05-27,3.32
2014-05-23,3.27
2014-05-22,3.27
2014-05-21,3.17
2014-05-20,3.17
2014-05-19,3.15
2014-05-16,3.12
2014-05-15,3.15
2014-05-14,3.22
2014-05-13,3.27
2014-05-12,3.2
2014-05-09,3.16
2014-05-08,3.15
2014-05-07,3.15
2014-05-06,3.19
2014-05-05,3.23
2014-05-02,3.23
2014-05-01,3.21
2014-04-30,3.19
2014-04-29,3.07
2014-04-28,3.07
2014-04-25,3.12
2014-04-24,3.19
2014-04-23,3.17
2014-04-22,3.22
2014-04-21,3.19
2014-04-17,3.14
2014-04-16,3.17
2014-04-15,3.09
2014-04-14,3.12
2014-04-11,3.16
2014-04-10,3.1
2014-04-09,3.14
2014-04-08,3.06
2014-04-07,3.12
2014-04-04,3.2
2014-04-03,3.28
2014-04-02,3.34
2014-04-01,3.24
2014-03-31,3.2
2014-03-28,3.15
2014-03-27,3.12
2014-03-26,3.15
2014-03-25,3.17
2014-03-24,3.26
2014-03-21,3.35
2014-03-20,3.36
2014-03-19,3.4
2014-03-18,3.39
2014-03-17,3.42
2014-03-14,3.44
2014-03-13,3.37
2014-03-12,3.39
2014-03-11,3.43
2014-03-10,3.47
2014-03-07,3.51
2014-03-06,3.56
2014-03-05,3.55
2014-03-04,3.59
2014-03-03,3.57
2014-02-28,3.61
2014-02-27,3.61
2014-02-26,3.57
2014-02-25,3.58
2014-02-24,3.59
2014-02-21,3.61
2014-02-20,3.6
2014-02-19,3.57
2014-02-18,3.58
2014-02-14,3.56
2014-02-13,3.51
2014-02-12,3.56
2014-02-11,3.57
2014-02-10,3.49
2014-02-07,3.48
2014-02-06,3.45
2014-02-05,3.43
2014-02-04,3.52
2014-02-03,3.55
2014-01-31,3.58
2014-01-30,3.6
2014-01-29,3.59
2014-01-28,3.63
2014-01-27,3.66
2014-01-24,3.64
2014-01-23,3.72
2014-01-22,3.74
2014-01-21,3.71
2014-01-17,3.71
2014-01-16,3.67
2014-01-15,3.69
2014-01-14,3.67
2014-01-13,3.67
2014-01-10,3.7
2014-01-09,3.79
2014-01-08,3.77
2014-01-07,3.86
2014-01-06,3.83
2014-01-03,3.57
2014-01-02,3.5
2013-12-31,3.49
2013-12-30,3.51
2013-12-27,3.52
2013-12-26,3.59
2013-12-24,3.6
2013-12-23,3.52
2013-12-20,3.52
2013-12-19,3.43
2013-12-18,3.47
2013-12-17,3.42
2013-12-16,3.52
2013-12-13,3.53
2013-12-12,3.47
2013-12-11,3.5
2013-12-10,3.6
2013-12-09,3.67
2013-12-06,3.69
2013-12-05,3.69
2013-12-04,3.72
2013-12-03,3.74
2013-12-02,3.77
2013-11-29,3.77
2013-11-27,3.69
2013-11-26,3.68
2013-11-25,3.66
2013-11-22,3.68
2013-11-21,3.64
2013-11-20,3.63
2013-11-19,3.68
2013-11-18,3.75
2013-11-15,3.86
2013-11-14,3.73
2013-11-13,3.74
2013-11-12,3.72
2013-11-11,3.71
2013-11-08,3.65
2013-11-07,3.6
2013-11-06,3.65
2013-11-05,3.71
2013-11-04,3.79
2013-11-01,3.79
2013-10-31,3.77
2013-10-30,3.73
2013-10-29,3.72
2013-10-28,3.73
2013-10-25,3.75
2013-10-24,3.91
2013-10-23,4.05
2013-10-22,4.12
2013-10-21,4.1
2013-10-18,4.04
2013-10-17,3.99
2013-10-16,3.95
2013-10-15,3.9
2013-10-14,3.94
2013-10-11,3.88
2013-10-10,3.9
2013-10-09,3.83
2013-10-08,3.85
2013-10-07,3.96
2013-10-04,3.95
2013-10-03,3.92
2013-10-02,3.98
2013-10-01,3.98
2013-09-30,3.88
2013-09-27,3.92
2013-09-26,3.93
2013-09-25,3.83
2013-09-24,3.83
2013-09-23,3.86
2013-09-20,3.94
2013-09-19,3.96
2013-09-18,3.87
2013-09-17,3.86
2013-09-16,3.83
2013-09-13,3.81
2013-09-12,3.77
2013-09-11,3.87
2013-09-10,3.85
2013-09-09,3.8
2013-09-06,3.75
2013-09-05,3.8
2013-09-04,3.69
2013-09-03,3.64
2013-08-30,3.58
2013-08-29,3.63
2013-08-28,3.58
2013-08-27,3.56
2013-08-26,3.67
2013-08-23,3.7
2013-08-22,3.67
2013-08-21,3.66
2013-08-20,3.67
2013-08-19,3.61
2013-08-16,3.7
2013-08-15,3.69
2013-08-14,3.76
2013-08-13,3.8
2013-08-12,3.83
2013-08-09,3.82
2013-08-08,3.8
2013-08-07,3.79
2013-08-06,3.83
2013-08-05,3.79
2013-08-02,3.84
2013-08-01,3.78
2013-07-31,3.74
2013-07-30,3.7
2013-07-29,3.75
2013-07-26,3.75
2013-07-25,3.78
2013-07-24,3.68
2013-07-23,3.68
2013-07-22,3.68
2013-07-19,3.64
2013-07-18,3.69
2013-07-17,3.63
2013-07-16,3.67
2013-07-15,3.66
2013-07-12,3.72
2013-07-11,3.64
2013-07-10,3.59
2013-07-09,3.6
2013-07-08,3.48
2013-07-05,3.38
2013-07-03,3.47
2013-07-02,3.44
2013-07-01,3.38
2013-06-28,3.35
2013-06-27,3.4
2013-06-26,3.33
2013-06-25,3.2
2013-06-24,3.22
2013-06-21,3.15
2013-06-20,3.27
2013-06-19,3.37
2013-06-18,3.4
2013-06-17,3.34
2013-06-14,3.27
2013-06-13,3.29
2013-06-12,3.24
2013-06-11,3.34
2013-06-10,3.4
2013-06-07,3.46
2013-06-06,3.39
2013-06-05,3.3
2013-06-04,3.41
2013-06-03,3.46
2013-05-31,3.48
2013-05-30,3.57
2013-05-29,3.56
2013-05-28,3.59
2013-05-24,3.58
2013-05-23,3.54
2013-05-22,3.54
2013-05-21,3.52
2013-05-20,3.5
2013-05-17,3.5
2013-05-16,3.45
2013-05-15,3.53
2013-05-14,3.45
2013-05-13,3.4
2013-05-10,3.39
2013-05-09,3.38
2013-05-08,3.37
2013-05-07,3.39
2013-05-06,3.39
2013-05-03,3.35
2013-05-02,3.3
2013-05-01,3.35
2013-04-30,3.25
2013-04-29,3.07
2013-04-26,3.12
2013-04-25,3.12
2013-04-24,3.13
2013-04-23,3.11
2013-04-22,3.02
2013-04-19,3.0
2013-04-18,2.98
2013-04-17,3.0
2013-04-16,3.04
2013-04-15,3.03
2013-04-12,3.08
2013-04-11,3.15
2013-04-10,3.13
2013-04-09,3.06
2013-04-08,3.04
2013-04-05,3.01
2013-04-04,3.0
2013-04-03,3.07
2013-04-02,3.08
2013-04-01,3.08
2013-03-28,3.08
2013-03-27,3.08
2013-03-26,3.08
2013-03-25,3.07
2013-03-22,3.1
2013-03-21,3.1
2013-03-20,3.08
2013-03-19,3.06
2013-03-18,3.1
2013-03-15,3.11
2013-03-14,3.15
2013-03-13,3.13
2013-03-12,3.19
2013-03-11,3.2
2013-03-08,3.21
2013-03-07,3.21
2013-03-06,3.24
2013-03-05,3.23
2013-03-04,3.2
2013-03-01,3.13
2013-02-28,3.11
2013-02-27,3.08
2013-02-26,3.06
2013-02-25,3.03
2013-02-22,3.05
2013-02-21,3.07
2013-02-20,3.1
2013-02-19,3.17
2013-02-15,3.15
2013-02-14,3.17
2013-02-13,3.2
2013-02-12,3.19
2013-02-11,3.14
2013-02-08,3.12
2013-02-07,3.15
2013-02-06,3.16
2013-02-05,3.2
2013-02-04,3.17
2013-02-01,3.23
2013-01-31,3.14
2013-01-30,3.15
2013-01-29,3.13
2013-01-28,3.15
2013-01-25,3.15
2013-01-24,3.09
2013-01-23,3.12
2013-01-22,3.15
2013-01-18,3.16
2013-01-17,3.15
2013-01-16,3.12
2013-01-15,3.14
2013-01-14,3.15
2013-01-11,3.16
2013-01-10,3.13
2013-01-09,3.12
2013-01-08,3.14
2013-01-07,3.08
2013-01-04,3.1
2013-01-03,3.08
2013-01-02,3.02
2012-12-31,2.89
2012-12-28,2.89
2012-12-27,2.9
2012-12-26,2.92
2012-12-24,2.95
2012-12-21,2.94
2012-12-20,2.99
2012-12-19,2.96
2012-12-18,2.96
2012-12-17,2.92
2012-12-14,2.91
2012-12-13,2.77
2012-12-12,2.78
2012-12-11,2.73
2012-12-10,2.74
2012-12-07,2.75
2012-12-06,2.79
2012-12-05,2.77
2012-12-04,2.76
2012-12-03,2.8
2012-11-30,2.77
2012-11-29,2.74
2012-11-28,2.7
2012-11-27,2.7
2012-11-26,2.76
2012-11-23,2.78
2012-11-21,2.73
2012-11-20,2.77
2012-11-19,2.7
2012-11-16,2.69
2012-11-15,2.65
2012-11-14,2.7
2012-11-13,2.79
2012-11-12,2.78
2012-11-09,2.75
2012-11-08,2.67
2012-11-07,2.74
2012-11-06,2.81
2012-11-05,2.83
2012-11-02,2.9
2012-11-01,2.81
2012-10-31,2.8
2012-10-26,2.82
2012-10-25,2.85
2012-10-24,2.89
2012-10-23,2.87
2012-10-22,2.91
2012-10-19,2.92
2012-10-18,2.94
2012-10-17,2.83
2012-10-16,2.84
2012-10-15,2.8
2012-10-12,2.78
2012-10-11,2.73
2012-10-10,2.75
2012-10-09,2.63
2012-10-08,2.67
2012-10-05,2.69
2012-10-04,2.7
2012-10-03,2.73
2012-10-02,2.62
2012-10-01,2.56
2012-09-28,2.59
2012-09-27,2.58
2012-09-26,2.5
2012-09-25,2.48
2012-09-24,2.5
2012-09-21,2.54
2012-09-20,2.57
2012-09-19,2.49
2012-09-18,2.43
2012-09-17,2.39
2012-09-14,2.47
2012-09-13,2.48
2012-09-12,2.42
2012-09-11,2.5
2012-09-10,2.51
2012-09-07,2.53
2012-09-06,2.54
2012-09-05,2.52
2012-09-04,2.54
2012-08-31,2.53
2012-08-30,2.54
2012-08-29,2.54
2012-08-28,2.53
2012-08-27,2.54
2012-08-24,2.54
2012-08-23,2.5
2012-08-22,2.56
2012-08-21,2.57
2012-08-20,2.56
2012-08-17,2.56
2012-08-16,2.59
2012-08-15,2.55
2012-08-14,2.53
2012-08-13,2.5
2012-08-10,2.48
2012-08-09,2.4
2012-08-08,2.48
2012-08-07,2.3
2012-08-06,2.2
2012-08-03,2.16
2012-08-02,2.11
2012-08-01,2.15
2012-07-31,2.16
2012-07-30,2.19
2012-07-27,2.16
2012-07-26,2.1
2012-07-25,2.08
2012-07-24,2.04
2012-07-23,2.08
2012-07-20,2.1
2012-07-19,2.11
2012-07-18,2.11
2012-07-17,2.08
2012-07-16,2.07
2012-07-13,2.05
2012-07-12,2.06
2012-07-11,2.03
2012-07-10,2.04
2012-07-09,2.08
2012-07-06,2.04
2012-07-05,2.09
2012-07-03,2.04
2012-07-02,1.99
2012-06-29,1.85
2012-06-28,1.86
2012-06-27,1.87
2012-06-26,1.83
2012-06-25,1.81
2012-06-22,1.89
2012-06-21,1.88
2012-06-20,1.92
2012-06-19,1.91
2012-06-18,1.83
2012-06-15,1.87
2012-06-14,1.85
2012-06-13,1.82
2012-06-12,1.86
2012-06-11,1.86
2012-06-08,1.86
2012-06-07,1.86
2012-06-06,1.92
2012-06-05,1.89
2012-06-04,1.9
2012-06-01,1.84
2012-05-31,1.89
2012-05-30,1.89
2012-05-29,1.93
2012-05-25,1.93
2012-05-24,1.99
2012-05-23,1.99
2012-05-22,1.96
2012-05-21,1.98
2012-05-18,1.89
2012-05-17,1.83
2012-05-16,1.96
2012-05-15,1.98
2012-05-14,2.02
2012-05-11,2.12
2012-05-10,2.17
2012-05-09,2.18
2012-05-08,2.14
2012-05-07,2.17
2012-05-04,2.16
2012-05-03,2.21
2012-05-02,2.25
2012-05-01,2.23
2012-04-30,2.25
2012-04-27,2.21
2012-04-26,2.2
2012-04-25,2.21
2012-04-24,2.19
2012-04-23,2.14
2012-04-20,2.23
2012-04-19,2.23
2012-04-18,2.27
2012-04-17,2.24
2012-04-16,2.17
2012-04-13,2.23
2012-04-12,2.26
2012-04-11,2.25
2012-04-10,2.22
2012-04-09,2.33
2012-04-05,2.35
2012-04-04,2.29
2012-04-03,2.33
2012-04-02,2.4
2012-03-30,2.31
2012-03-29,2.21
2012-03-28,2.24
2012-03-27,2.25
2012-03-26,2.25
2012-03-23,2.26
2012-03-22,2.27
2012-03-21,2.26
2012-03-20,2.26
2012-03-19,2.27
2012-03-16,2.26
2012-03-15,2.28
2012-03-14,2.29
2012-03-13,2.29
2012-03-12,2.32
2012-03-09,2.35
2012-03-08,2.29
2012-03-07,2.25
2012-03-06,2.21
2012-03-05,2.25
2012-03-02,2.31
2012-03-01,2.23
2012-02-29,2.26
2012-02-28,2.21
2012-02-27,2.23
2012-02-24,2.2
2012-02-23,2.1
2012-02-22,2.09
2012-02-21,2.12
2012-02-17,2.15
2012-02-16,2.15
2012-02-15,2.14
2012-02-14,2.15
2012-02-13,2.15
2012-02-10,2.15
2012-02-09,2.19
2012-02-08,2.19
2012-02-07,2.12
2012-02-06,2.15
2012-02-03,2.15
2012-02-02,2.12
2012-02-01,2.14
2012-01-31,2.08
2012-01-30,2.03
2012-01-27,2.04
2012-01-26,2.08
2012-01-25,2.08
2012-01-24,2.08
2012-01-23,2.1
2012-01-20,2.1
2012-01-19,2.15
2012-01-18,2.16
2012-01-17,2.16
2012-01-13,2.14
2012-01-12,2.11
2012-01-11,2.04
2012-01-10,2.05
2012-01-09,2.04
2012-01-06,2.0
2012-01-05,2.04
2012-01-04,1.83
2012-01-03,1.86
2011-12-30,1.82
2011-12-29,1.82
2011-12-28,1.8
2011-12-27,1.81
2011-12-23,1.81
2011-12-22,1.79
2011-12-21,1.79
2011-12-20,1.83
2011-12-19,1.81
2011-12-16,1.77
2011-12-15,1.78
2011-12-14,1.76
2011-12-13,1.8
2011-12-12,1.77
2011-12-09,1.75
2011-12-08,1.7
2011-12-07,1.77
2011-12-06,1.79
2011-12-05,1.81
2011-12-02,1.86
2011-12-01,1.88
2011-11-30,1.8
2011-11-29,1.72
2011-11-28,1.76
2011-11-25,1.75
2011-11-23,1.74
2011-11-22,1.86
2011-11-21,1.85
2011-11-18,1.78
2011-11-17,1.74
2011-11-16,1.66
2011-11-15,1.69
2011-11-14,1.68
2011-11-11,1.7
2011-11-10,1.69
2011-11-09,1.64
2011-11-08,1.75
2011-11-07,1.7
2011-11-04,1.68
2011-11-03,1.65
2011-11-02,1.68
2011-11-01,1.73
2011-10-31,1.79
2011-10-28,1.84
2011-10-27,1.83
2011-10-26,1.79
2011-10-25,1.8
2011-10-24,1.84
2011-10-21,1.77
2011-10-20,1.75
2011-10-19,1.72
2011-10-18,1.77
2011-10-17,1.77
2011-10-14,1.8
2011-10-13,1.72
2011-10-12,1.71
2011-10-11,1.66
2011-10-10,1.65
2011-10-07,1.52
2011-10-06,1.51
2011-10-05,1.47
2011-10-04,1.47
2011-10-03,1.45
2011-09-30,1.51
2011-09-29,1.49
2011-09-28,1.66
2011-09-27,1.69
2011-09-26,1.67
2011-09-23,1.7
2011-09-22,1.68
2011-09-21,1.81
2011-09-20,1.78
2011-09-19,1.79
2011-09-16,1.83
2011-09-15,1.84
2011-09-14,1.8
2011-09-13,1.69
2011-09-12,1.67
2011-09-09,1.72
2011-09-08,1.75
2011-09-07,1.79
2011-09-06,1.69
2011-09-02,1.72
2011-09-01,1.76
2011-08-31,1.8
2011-08-30,1.8
2011-08-29,1.81
2011-08-26,1.7
2011-08-25,1.69
2011-08-24,1.75
2011-08-23,1.69
2011-08-22,1.71
2011-08-19,1.77
2011-08-18,1.78
2011-08-17,1.92
2011-08-16,1.91
2011-08-15,1.9
2011-08-12,1.87
2011-08-11,1.86
2011-08-10,1.73
2011-08-09,1.8
2011-08-08,1.65
2011-08-05,1.89
2011-08-04,1.94
2011-08-03,2.07
2011-08-02,2.07
2011-08-01,2.11
2011-07-29,2.11
2011-07-28,2.08
2011-07-27,2.12
2011-07-26,2.14
2011-07-25,2.13
2011-07-22,2.16
2011-07-21,2.2
2011-07-20,2.18
2011-07-19,2.21
2011-07-18,2.23
2011-07-15,2.33
2011-07-14,2.25
2011-07-13,2.25
2011-07-12,2.19
2011-07-11,2.21
2011-07-08,2.22
2011-07-07,2.22
2011-07-06,2.16
2011-07-05,2.18
2011-07-01,2.19
2011-06-30,2.19
2011-06-29,2.1
2011-06-28,2.04
2011-06-27,2.0
2011-06-24,1.98
2011-06-23,2.04
2011-06-22,2.04
2011-06-21,2.0
2011-06-20,1.92
2011-06-17,1.92
2011-06-16,1.94
2011-06-15,1.95
2011-06-14,1.96
2011-06-13,1.91
2011-06-10,2.0
2011-06-09,2.08
2011-06-08,2.03
2011-06-07,2.15
2011-06-06,2.13
2011-06-03,2.17
2011-06-02,2.23
2011-06-01,2.27
2011-05-31,2.35
2011-05-27,2.37
2011-05-26,2.34
2011-05-25,2.33
2011-05-24,2.27
2011-05-23,2.2
2011-05-20,2.22
2011-05-19,2.23
2011-05-18,2.18
2011-05-17,2.14
2011-05-16,2.18
2011-05-13,2.24
2011-05-12,2.28
2011-05-11,2.31
2011-05-10,2.35
2011-05-09,2.19
2011-05-06,2.22
2011-05-05,2.12
2011-05-04,2.13
2011-05-03,2.07
2011-05-02,1.91
2011-04-29,1.99
2011-04-28,1.98
2011-04-27,1.98
2011-04-26,1.97
2011-04-25,1.96
2011-04-21,1.93
2011-04-20,1.87
2011-04-19,1.83
2011-04-18,1.8
2011-04-15,1.83
2011-04-14,1.81
2011-04-13,1.84
2011-04-12,1.81
2011-04-11,1.78
2011-04-08,1.76
2011-04-07,1.76
2011-04-06,1.84
2011-04-05,1.77
2011-04-04,1.7
2011-04-01,1.65
2011-03-31,1.65
2011-03-30,1.72
2011-03-29,1.73
2011-03-28,1.72
2011-03-25,1.72
2011-03-24,1.7
2011-03-23,1.67
2011-03-22,1.71
2011-03-21,1.72
2011-03-18,1.71
2011-03-17,1.73
2011-03-16,1.73
2011-03-15,1.75
2011-03-14,1.77
2011-03-11,1.79
2011-03-10,1.77
2011-03-09,1.8
2011-03-08,1.76
2011-03-07,1.74
2011-03-04,1.81
2011-03-03,1.82
2011-03-02,1.78
2011-03-01,1.75
2011-02-28,1.81
2011-02-25,1.77
2011-02-24,1.71
2011-02-23,1.68
2011-02-22,1.72
2011-02-18,1.81
2011-02-17,1.8
2011-02-16,1.81
2011-02-15,1.69
2011-02-14,1.83
2011-02-11,1.84
2011-02-10,1.77
2011-02-09,1.77
2011-02-08,1.78
2011-02-07,1.79
2011-02-04,1.75
2011-02-03,1.77
2011-02-02,1.72
2011-02-01,1.63
2011-01-31,1.61
2011-01-28,1.61
2011-01-27,1.62
2011-01-26,1.6
2011-01-25,1.58
2011-01-24,1.58
2011-01-21,1.55
2011-01-20,1.51
2011-01-19,1.53
2011-01-18,1.57
2011-01-14,1.56
2011-01-13,1.53
2011-01-12,1.56
2011-01-11,1.57
2011-01-10,1.58
2011-01-07,1.61
2011-01-06,1.64
2011-01-05,1.65
2011-01-04,1.67
2011-01-03,1.69
2010-12-31,1.63
2010-12-30,1.62
2010-12-29,1.65
2010-12-28,1.63
2010-12-27,1.55
2010-12-23,1.61
2010-12-22,1.6
2010-12-21,1.48
2010-12-20,1.41
2010-12-17,1.4
2010-12-16,1.39
2010-12-15,1.39
2010-12-14,1.39
2010-12-13,1.38
2010-12-10,1.4
2010-12-09,1.39
2010-12-08,1.31
2010-12-07,1.36
2010-12-06,1.38
2010-12-03,1.37
2010-12-02,1.39
2010-12-01,1.39
2010-11-30,1.37
2010-11-29,1.4
2010-11-26,1.4
2010-11-24,1.38
2010-11-23,1.37
2010-11-22,1.39
2010-11-19,1.4
2010-11-18,1.4
2010-11-17,1.35
2010-11-16,1.37
2010-11-15,1.39
2010-11-12,1.42
2010-11-11,1.44
2010-11-10,1.46
2010-11-09,1.49
2010-11-08,1.55
2010-11-05,1.53
2010-11-04,1.47
2010-11-03,1.57
2010-11-02,1.57
2010-11-01,1.54
2010-10-29,1.5
2010-10-28,1.43
2010-10-27,1.4
2010-10-26,1.39
2010-10-25,1.35
2010-10-22,1.31
2010-10-21,1.3
2010-10-20,1.35
2010-10-19,1.34
2010-10-18,1.38
2010-10-15,1.38
2010-10-14,1.4
2010-10-13,1.4
2010-10-12,1.35
2010-10-11,1.34
2010-10-08,1.29
2010-10-07,1.29
2010-10-06,1.27
2010-10-05,1.28
2010-10-04,1.27
2010-10-01,1.24
2010-09-30,1.2
2010-09-29,1.18
2010-09-28,1.18
2010-09-27,1.16
2010-09-24,1.18
2010-09-23,1.16
2010-09-22,1.12
2010-09-21,1.16
2010-09-20,1.18
2010-09-17,1.12
2010-09-16,1.1
2010-09-15,1.1
2010-09-14,1.05
2010-09-13,1.06
2010-09-10,1.04
2010-09-09,1.05
2010-09-08,1.05
2010-09-07,1.01
2010-09-03,1.01
2010-09-02,0.99
2010-09-01,0.99
2010-08-31,0.96
2010-08-30,0.96
2010-08-27,0.99
2010-08-26,0.96
2010-08-25,0.99
2010-08-24,0.96
2010-08-23,0.99
2010-08-20,0.97
2010-08-19,0.99
2010-08-18,0.99
2010-08-17,0.99
2010-08-16,1.0
2010-08-13,1.0
2010-08-12,1.01
2010-08-11,0.98
2010-08-10,1.01
2010-08-09,1.04
2010-08-06,1.05
2010-08-05,1.06
2010-08-04,1.06
2010-08-03,1.01
2010-08-02,1.05
2010-07-30,1.03
2010-07-29,0.99
2010-07-28,1.0
2010-07-27,1.02
2010-07-26,1.02
2010-07-23,0.98
2010-07-22,0.95
2010-07-21,0.95
2010-07-20,0.97
2010-07-19,0.92
2010-07-16,0.95
2010-07-15,0.97
2010-07-14,0.97
2010-07-13,0.97
2010-07-12,0.96
2010-07-09,1.0
2010-07-08,1.0
2010-07-07,1.0
2010-07-06,0.94
2010-07-02,0.96
2010-07-01,0.93
2010-06-30,0.95
2010-06-29,0.96
2010-06-28,1.05
2010-06-25,1.09
2010-06-24,1.07
2010-06-23,1.06
2010-06-22,1.07
2010-06-21,1.08
2010-06-18,1.04
2010-06-17,1.04
2010-06-16,1.01
2010-06-15,1.01
2010-06-14,1.0
2010-06-11,1.01
2010-06-10,1.01
2010-06-09,0.96
2010-06-08,0.95
2010-06-07,0.97
2010-06-04,0.98
2010-06-03,1.01
2010-06-02,1.0
2010-06-01,1.01
2010-05-28,1.03
2010-05-27,1.0
2010-05-26,0.88
2010-05-25,0.99
2010-05-24,1.01
2010-05-21,1.03
2010-05-20,0.97
2010-05-19,1.05
2010-05-18,1.09
2010-05-17,1.09
2010-05-14,1.07
2010-05-13,1.06
2010-05-12,1.07
2010-05-11,1.05
2010-05-10,1.08
2010-05-07,1.01
2010-05-06,1.02
2010-05-05,1.12
2010-05-04,1.18
2010-05-03,1.23
2010-04-30,1.18
2010-04-29,1.2
2010-04-28,1.16
2010-04-27,1.15
2010-04-26,1.2
2010-04-23,1.12
2010-04-22,1.09
2010-04-21,1.1
2010-04-20,1.13
2010-04-19,1.08
2010-04-16,1.08
2010-04-15,1.11
2010-04-14,1.07
2010-04-13,0.96
2010-04-12,0.97
2010-04-09,0.99
2010-04-08,0.98
2010-04-07,0.95
2010-04-06,0.87
2010-04-05,0.86
2010-04-01,0.84
2010-03-31,0.87
2010-03-30,0.84
2010-03-29,0.84
2010-03-26,0.86
2010-03-25,0.87
2010-03-24,0.88
2010-03-23,0.87
2010-03-22,0.86
2010-03-19,0.83
2010-03-18,0.86
2010-03-17,0.89
2010-03-16,0.91
2010-03-15,0.92
2010-03-12,0.91
2010-03-11,0.91
2010-03-10,0.93
2010-03-09,0.91
2010-03-08,0.9
2010-03-05,0.94
2010-03-04,0.93
2010-03-03,0.95
2010-03-02,0.89
2010-03-01,0.89
2010-02-26,1.02
2010-02-25,1.07
2010-02-24,1.1
2010-02-23,1.12
2010-02-22,1.09
2010-02-19,1.08
2010-02-18,1.13
2010-02-17,1.05
2010-02-16,0.96
2010-02-12,0.89
2010-02-11,0.88
2010-02-10,0.85
2010-02-09,0.86
2010-02-08,0.84
2010-02-05,0.86
2010-02-04,0.85
2010-02-03,0.86
2010-02-02,0.91
2010-02-01,0.88
2010-01-29,0.84
2010-01-28,0.82
2010-01-27,0.74
2010-01-26,0.71
2010-01-25,0.68
2010-01-22,0.69
2010-01-21,0.7
2010-01-20,0.72
2010-01-19,0.67
2010-01-15,0.67
2010-01-14,0.68
2010-01-13,0.67
2010-01-12,0.68
2010-01-11,0.69
2010-01-08,0.67
2010-01-07,0.67
2010-01-06,0.69
2010-01-05,0.69
2010-01-04,0.65
2009-12-31,0.6
2009-12-30,0.58
2009-12-29,0.59
2009-12-28,0.6
2009-12-24,0.59
2009-12-23,0.58
2009-12-22,0.57
2009-12-21,0.57
2009-12-18,0.59
2009-12-17,0.6
2009-12-16,0.62
2009-12-15,0.62
2009-12-14,0.61
2009-12-11,0.61
2009-12-10,0.61
2009-12-09,0.62
2009-12-08,0.63
2009-12-07,0.63
2009-12-04,0.63
2009-12-03,0.63
2009-12-02,0.64
2009-12-01,0.64
2009-11-30,0.63
2009-11-27,0.63
2009-11-25,0.63
2009-11-24,0.63
2009-11-23,0.63
2009-11-20,0.63
2009-11-19,0.63
2009-11-18,0.64
2009-11-17,0.65
2009-11-16,0.66
2009-11-13,0.67
2009-11-12,0.66
2009-11-11,0.63
2009-11-10,0.62
2009-11-09,0.63
2009-11-06,0.63
2009-11-05,0.64
2009-11-04,0.61
2009-11-03,0.6
2009-11-02,0.59
2009-10-30,0.59
2009-10-29,0.58
2009-10-28,0.56
2009-10-27,0.59
2009-10-26,0.59
2009-10-23,0.59
2009-10-22,0.61
2009-10-21,0.61
2009-10-20,0.63
2009-10-19,0.62
2009-10-16,0.59
2009-10-15,0.58
2009-10-14,0.58
2009-10-13,0.56
2009-10-12,0.56
2009-10-09,0.55
2009-10-08,0.56
2009-10-07,0.55
2009-10-06,0.57
2009-10-05,0.6
2009-10-02,0.6
2009-10-01,0.6
2009-09-30,0.64
2009-09-29,0.62
2009-09-28,0.6
2009-09-25,0.63
2009-09-24,0.64
2009-09-23,0.68
2009-09-22,0.68
2009-09-21,0.66
2009-09-18,0.68
2009-09-17,0.69
2009-09-16,0.69
2009-09-15,0.67
2009-09-14,0.65
2009-09-11,0.66
2009-09-10,0.68
2009-09-09,0.69
2009-09-08,0.66
2009-09-04,0.65
2009-09-03,0.61
2009-09-02,0.61
2009-09-01,0.66
2009-08-31,0.67
2009-08-28,0.69
2009-08-27,0.69
2009-08-26,0.66
2009-08-25,0.7
2009-08-24,0.72
2009-08-21,0.7
2009-08-20,0.68
2009-08-19,0.6
2009-08-18,0.57
2009-08-17,0.54
2009-08-14,0.57
2009-08-13,0.54
2009-08-12,0.51
2009-08-11,0.5
2009-08-10,0.53
2009-08-07,0.48
2009-08-06,0.53
2009-08-05,0.54
2009-08-04,0.54
2009-08-03,0.48
2009-07-31,0.45
2009-07-30,0.42
2009-07-29,0.43
2009-07-28,0.43
2009-07-27,0.42
2009-07-24,0.41
2009-07-23,0.42
2009-07-22,0.39
2009-07-21,0.37
2009-07-20,0.4
2009-07-17,0.39
2009-07-16,0.41
2009-07-15,0.4
2009-07-14,0.38
2009-07-13,0.38
2009-07-10,0.37
2009-07-09,0.39
2009-07-08,0.4
2009-07-07,0.42
2009-07-06,0.44
2009-07-02,0.45
2009-07-01,0.46
2009-06-30,0.43
2009-06-29,0.42
2009-06-26,0.36
2009-06-25,0.46
2009-06-24,0.4
2009-06-23,0.37
2009-06-22,0.35
2009-06-19,0.34
2009-06-18,0.34
2009-06-17,0.4
2009-06-16,0.32
2009-06-15,0.33
2009-06-12,0.35
2009-06-11,0.34
2009-06-10,0.34
2009-06-09,0.35
2009-06-08,0.35
2009-06-05,0.34
2009-06-04,0.35
2009-06-03,0.33
2009-06-02,0.34
2009-06-01,0.35
2009-05-29,0.35
2009-05-28,0.32
2009-05-27,0.35
2009-05-26,0.35
2009-05-22,0.35
2009-05-21,0.35
2009-05-20,0.36
2009-05-19,0.37
2009-05-18,0.34
2009-05-15,0.35
2009-05-14,0.36
2009-05-13,0.37
2009-05-12,0.4
2009-05-11,0.4
2009-05-08,0.41
2009-05-07,0.43
2009-05-06,0.53
2009-05-05,0.47
2009-05-04,0.4
2009-05-01,0.39
2009-04-30,0.39
2009-04-29,0.4
2009-04-28,0.39
2009-04-27,0.41
2009-04-24,0.43
2009-04-23,0.41
2009-04-22,0.43
2009-04-21,0.41
2009-04-20,0.48
2009-04-17,0.5
2009-04-16,0.41
2009-04-15,0.38
2009-04-14,0.35
2009-04-13,0.36
2009-04-09,0.35
2009-04-08,0.33
2009-04-07,0.34
2009-04-06,0.36
2009-04-03,0.35
2009-04-02,0.36
2009-04-01,0.34
2009-03-31,0.35
2009-03-30,0.34
2009-03-27,0.37
2009-03-26,0.39
2009-03-25,0.36
2009-03-24,0.36
2009-03-23,0.33
2009-03-20,0.31
2009-03-19,0.33
2009-03-18,0.37
2009-03-17,0.34
2009-03-16,0.23
2009-03-13,0.2
2009-03-12,0.19
2009-03-11,0.16
2009-03-10,0.15
2009-03-09,0.15
2009-03-06,0.14
2009-03-05,0.13
2009-03-04,0.14
2009-03-03,0.13
2009-03-02,0.14
2009-02-27,0.16
2009-02-26,0.13
2009-02-25,0.14
2009-02-24,0.14
2009-02-23,0.13
2009-02-20,0.13
2009-02-19,0.12
2009-02-18,0.14
2009-02-17,0.16
2009-02-13,0.1
2009-02-12,0.07
2009-02-11,0.06
2009-02-10,0.11
2009-02-09,0.11
2009-02-06,0.13
2009-02-05,0.17
2009-02-04,0.14
2009-02-03,0.14
2009-02-02,0.13
2009-01-30,0.12
2009-01-29,0.11
2009-01-28,0.12
2009-01-27,0.11
2009-01-26,0.11
2009-01-23,0.11
2009-01-22,0.11
2009-01-21,0.11
2009-01-20,0.11
2009-01-16,0.11
2009-01-15,0.12
2009-01-14,0.12
2009-01-13,0.13
2009-01-12,0.13
2009-01-09,0.14
2009-01-08,0.13
2009-01-07,0.14
2009-01-06,0.14
2009-01-05,0.13
2009-01-02,0.12
2008-12-31,0.12
2008-12-30,0.12
2008-12-29,0.13
2008-12-26,0.13
2008-12-24,0.12
2008-12-23,0.12
2008-12-22,0.12
2008-12-19,0.12
2008-12-18,0.14
2008-12-17,0.13
2008-12-16,0.15
2008-12-15,0.14
2008-12-12,0.14
2008-12-11,0.15
2008-12-10,0.16
2008-12-09,0.15
2008-12-08,0.15
2008-12-05,0.15
2008-12-04,0.16
2008-12-03,0.17
2008-12-02,0.18
2008-12-01,0.17
2008-11-28,0.2
2008-11-26,0.17
2008-11-25,0.15
2008-11-24,0.16
2008-11-21,0.14
2008-11-20,0.14
2008-11-19,0.16
2008-11-18,0.2
2008-11-17,0.23
2008-11-14,0.26
2008-11-13,0.27
2008-11-12,0.25
2008-11-11,0.25
2008-11-10,0.27
2008-11-07,0.26
2008-11-06,0.26
2008-11-05,0.26
2008-11-04,0.32
2008-11-03,0.31
2008-10-31,0.34
2008-10-30,0.35
2008-10-29,0.38
2008-10-28,0.36
2008-10-27,0.38
2008-10-24,0.29
2008-10-23,0.25
2008-10-22,0.31
2008-10-21,0.36
2008-10-20,0.39
2008-10-17,0.38
2008-10-16,0.39
2008-10-15,0.42
2008-10-14,0.48
2008-10-13,0.51
2008-10-10,0.43
2008-10-09,0.4
2008-10-08,0.46
2008-10-07,0.48
2008-10-06,0.5
2008-10-03,0.58
2008-10-02,0.6
2008-10-01,0.65
2008-09-30,0.57
2008-09-29,0.62
2008-09-26,0.76
2008-09-25,0.86
2008-09-24,0.86
2008-09-23,0.85
2008-09-22,0.89
2008-09-19,1.0
2008-09-18,0.95
2008-09-17,0.94
2008-09-16,0.88
2008-09-15,0.85
2008-09-12,0.95
2008-09-11,0.92
2008-09-10,0.98
2008-09-09,1.14
2008-09-08,1.26
2008-09-05,1.3
2008-09-04,1.26
2008-09-03,1.31
2008-09-02,1.33
2008-08-29,1.33
2008-08-28,1.36
2008-08-27,1.33
2008-08-26,1.31
2008-08-25,1.33
2008-08-22,1.39
2008-08-21,1.39
2008-08-20,1.42
2008-08-19,1.47
2008-08-18,1.4
2008-08-15,1.49
2008-08-14,1.43
2008-08-13,1.38
2008-08-12,1.37
2008-08-11,1.47
2008-08-08,1.32
2008-08-07,1.4
2008-08-06,1.45
2008-08-05,1.42
2008-08-04,1.39
2008-08-01,1.46
2008-07-31,1.6
2008-07-30,1.65
2008-07-29,1.58
2008-07-28,1.88
2008-07-25,2.25
2008-07-24,2.42
2008-07-23,2.68
2008-07-22,2.38
2008-07-21,2.42
2008-07-18,2.28
2008-07-17,2.1
2008-07-16,2.07
2008-07-15,2.02
2008-07-14,2.06
2008-07-11,2.13
2008-07-10,2.13
2008-07-09,2.0
2008-07-08,2.0
2008-07-07,1.98
2008-07-03,1.92
2008-07-02,1.91
2008-07-01,1.95
2008-06-30,1.92
2008-06-27,2.1
2008-06-26,1.83
2008-06-25,1.93
2008-06-24,1.86
2008-06-23,1.93
2008-06-20,1.99
2008-06-19,2.13
2008-06-18,2.43
2008-06-17,2.5
2008-06-16,2.62
2008-06-13,2.54
2008-06-12,2.4
2008-06-11,2.45
2008-06-10,2.55
2008-06-09,2.57
2008-06-06,2.57
2008-06-05,2.7
2008-06-04,2.66
2008-06-03,2.57
2008-06-02,2.54
2008-05-30,2.52
2008-05-29,2.59
2008-05-28,2.56
2008-05-27,2.6
2008-05-23,2.59
2008-05-22,2.63
2008-05-21,2.58
2008-05-20,2.62
2008-05-19,2.67
2008-05-16,2.72
2008-05-15,2.8
2008-05-14,2.81
2008-05-13,2.83
2008-05-12,2.87
2008-05-09,2.73
2008-05-08,2.83
2008-05-07,2.8
2008-05-06,2.79
2008-05-05,2.67
2008-05-02,2.7
2008-05-01,2.69
2008-04-30,2.57
2008-04-29,2.7
2008-04-28,2.69
2008-04-25,2.69
2008-04-24,2.73
2008-04-23,2.65
2008-04-22,2.58
2008-04-21,2.45
2008-04-18,2.48
2008-04-17,2.42
2008-04-16,2.45
2008-04-15,2.41
2008-04-14,2.44
2008-04-11,2.48
2008-04-10,2.55
2008-04-09,2.61
2008-04-08,2.69
2008-04-07,2.74
2008-04-04,2.79
2008-04-03,2.79
2008-04-02,2.84
2008-04-01,2.89
2008-03-31,2.86
2008-03-28,2.8
2008-03-27,2.83
2008-03-26,3.02
2008-03-25,3.09
2008-03-24,3.15
2008-03-20,2.9
2008-03-19,2.79
2008-03-18,2.73
2008-03-17,2.69
2008-03-14,2.73
2008-03-13,2.84
2008-03-12,2.88
2008-03-11,2.75
2008-03-10,2.66
2008-03-07,2.73
2008-03-06,2.74
2008-03-05,2.84
2008-03-04,2.8
2008-03-03,2.77
2008-02-29,2.84
2008-02-28,2.93
2008-02-27,2.94
2008-02-26,3.05
2008-02-25,3.04
2008-02-22,2.92
2008-02-21,2.92
2008-02-20,3.0
2008-02-19,3.1
2008-02-15,3.23
2008-02-14,3.19
2008-02-13,3.18
2008-02-12,3.1
2008-02-11,3.14
2008-02-08,3.19
2008-02-07,3.13
2008-02-06,3.13
2008-02-05,3.12
2008-02-04,3.27
2008-02-01,3.31
2008-01-31,3.2
2008-01-30,3.06
2008-01-29,3.1
2008-01-28,3.08
2008-01-25,2.89
2008-01-24,2.95
2008-01-23,2.87
2008-01-22,2.65
2008-01-18,2.83
2008-01-17,2.69
2008-01-16,2.75
2008-01-15,2.84
2008-01-14,2.85
2008-01-11,2.93
2008-01-10,2.89
2008-01-09,2.85
2008-01-08,2.98
2008-01-07,2.94
2008-01-04,3.12
2008-01-03,3.15
2008-01-02,3.05
2007-12-31,3.03
2007-12-28,3.06
2007-12-27,3.14
2007-12-26,3.23
2007-12-24,3.22
2007-12-21,3.18
2007-12-20,3.24
2007-12-19,3.25
2007-12-18,3.22
2007-12-17,3.15
2007-12-14,3.31
2007-12-13,3.41
2007-12-12,3.29
2007-12-11,3.5
2007-12-10,3.58
2007-12-07,3.61
2007-12-06,3.61
2007-12-05,3.63
2007-12-04,3.64
2007-12-03,3.75
2007-11-30,3.83
2007-11-29,3.52
2007-11-28,3.53
2007-11-27,3.56
2007-11-26,3.5
2007-11-23,3.46
2007-11-21,3.49
2007-11-20,3.48
2007-11-19,3.51
2007-11-16,3.52
2007-11-15,3.53
2007-11-14,3.51
2007-11-13,3.63
2007-11-12,3.41
2007-11-09,3.47
2007-11-08,3.45
2007-11-07,3.5
2007-11-06,3.51
2007-11-05,3.35
2007-11-02,3.28
2007-11-01,3.12
2007-10-31,3.36
2007-10-30,3.29
2007-10-29,3.61
2007-10-26,3.58
2007-10-25,3.59
2007-10-24,3.63
2007-10-23,3.65
2007-10-22,3.65
2007-10-19,3.55
2007-10-18,3.66
2007-10-17,3.66
2007-10-16,3.6
2007-10-15,3.63
2007-10-12,3.54
2007-10-11,3.57
2007-10-10,3.69
2007-10-09,3.58
2007-10-08,3.45
2007-10-05,3.45
2007-10-04,3.4
2007-10-03,3.46
2007-10-02,3.48
2007-10-01,3.49
2007-09-28,3.49
2007-09-27,3.42
2007-09-26,3.42
2007-09-25,3.28
2007-09-24,3.3
2007-09-21,3.36
2007-09-20,3.37
2007-09-19,3.35
2007-09-18,3.5
2007-09-17,3.46
2007-09-14,3.52
2007-09-13,3.45
2007-09-12,3.42
2007-09-11,3.31
2007-09-10,3.16
2007-09-07,3.16
2007-09-06,3.21
2007-09-05,3.14
2007-09-04,3.01
2007-08-31,2.97
2007-08-30,2.92
2007-08-29,2.84
2007-08-28,2.79
2007-08-27,2.79
2007-08-24,2.84
2007-08-23,2.77
2007-08-22,2.77
2007-08-21,2.77
2007-08-20,2.79
2007-08-17,2.8
2007-08-16,2.71
2007-08-15,2.88
2007-08-14,2.9
2007-08-13,2.88
2007-08-10,2.98
2007-08-09,3.0
2007-08-08,3.07
2007-08-07,3.01
2007-08-06,2.91
2007-08-03,2.9
2007-08-02,2.99
2007-08-01,2.98
2007-07-31,3.01
2007-07-30,2.97
2007-07-27,2.89
2007-07-26,2.91
2007-07-25,3.09
2007-07-24,3.12
2007-07-23,3.21
2007-07-20,3.12
2007-07-19,3.19
2007-07-18,3.24
2007-07-17,3.17
2007-07-16,3.18
2007-07-13,3.12
2007-07-12,3.04
2007-07-11,3.04
2007-07-10,3.02
2007-07-09,3.01
2007-07-06,3.07
2007-07-05,3.1
2007-07-03,2.98
2007-07-02,3.03
2007-06-29,3.02
2007-06-28,3.02
2007-06-27,2.97
2007-06-26,2.93
2007-06-25,3.08
2007-06-22,3.01
2007-06-21,2.84
2007-06-20,2.85
2007-06-19,2.89
2007-06-18,2.9
2007-06-15,2.92
2007-06-14,2.75
2007-06-13,2.77
2007-06-12,2.76
2007-06-11,2.78
2007-06-08,2.74
2007-06-07,2.78
2007-06-06,2.82
2007-06-05,2.84
2007-06-04,2.89
2007-06-01,2.88
2007-05-31,2.93
2007-05-30,2.93
2007-05-29,2.92
2007-05-25,2.9
2007-05-24,2.9
2007-05-23,2.86
2007-05-22,2.8
2007-05-21,2.79
2007-05-18,2.73
2007-05-17,2.72
2007-05-16,2.69
2007-05-15,2.73
2007-05-14,2.77
2007-05-11,2.84
2007-05-10,2.84
2007-05-09,2.86
2007-05-08,2.89
2007-05-07,2.87
2007-05-04,2.85
2007-05-03,2.9
2007-05-02,2.94
2007-05-01,2.87
2007-04-30,2.96
2007-04-27,3.04
2007-04-26,2.96
2007-04-25,2.83
2007-04-24,2.77
2007-04-23,2.8
2007-04-20,2.98
2007-04-19,2.98
2007-04-18,3.02
2007-04-17,3.03
2007-04-16,3.04
2007-04-13,3.08
2007-04-12,3.08
2007-04-11,3.09
2007-04-10,3.12
2007-04-09,3.12
2007-04-05,3.11
2007-04-04,3.09
2007-04-03,3.09
2007-04-02,3.15
2007-03-30,3.2
2007-03-29,3.26
2007-03-28,3.26
2007-03-27,3.26
2007-03-26,3.31
2007-03-23,3.35
2007-03-22,3.34
2007-03-21,3.37
2007-03-20,3.31
2007-03-19,3.29
2007-03-16,3.24
2007-03-15,3.3
2007-03-14,3.23
2007-03-13,3.29
2007-03-12,3.37
2007-03-09,3.42
2007-03-08,3.49
2007-03-07,3.41
2007-03-06,3.47
2007-03-05,3.37
2007-03-02,3.55
2007-03-01,3.62
2007-02-28,3.65
2007-02-27,3.65
2007-02-26,3.74
2007-02-23,3.74
2007-02-22,3.8
2007-02-21,3.92
2007-02-20,3.92
2007-02-16,3.7
2007-02-15,3.6
2007-02-14,3.59
2007-02-13,3.57
2007-02-12,3.57
2007-02-09,3.63
2007-02-08,3.73
2007-02-07,3.68
2007-02-06,3.68
2007-02-05,3.64
2007-02-02,3.68
2007-02-01,3.7
2007-01-31,3.69
2007-01-30,3.71
2007-01-29,3.7
2007-01-26,3.74
2007-01-25,3.73
2007-01-24,3.75
2007-01-23,3.78
2007-01-22,3.85
2007-01-19,3.96
2007-01-18,4.05
2007-01-17,3.86
2007-01-16,4.15
2007-01-12,4.1
2007-01-11,3.9
2007-01-10,3.98
2007-01-09,3.71
2007-01-08,3.76
2007-01-05,3.8
2007-01-04,3.77
2007-01-03,3.74
2006-12-29,3.54
2006-12-28,3.55
2006-12-27,3.62
2006-12-26,3.65
2006-12-22,3.69
2006-12-21,3.73
2006-12-20,3.79
2006-12-19,3.73
2006-12-18,3.79
2006-12-15,3.9
2006-12-14,3.79
2006-12-13,3.79
2006-12-12,3.77
2006-12-11,3.81
2006-12-08,3.79
2006-12-07,3.88
2006-12-06,3.83
2006-12-05,3.85
2006-12-04,4.17
2006-12-01,4.25
2006-11-30,4.26
2006-11-29,4.15
2006-11-28,4.17
2006-11-27,4.12
2006-11-24,4.26
2006-11-22,4.29
2006-11-21,3.97
2006-11-20,4.02
2006-11-17,4.05
2006-11-16,4.11
2006-11-15,4.13
2006-11-14,4.1
2006-11-13,4.11
2006-11-10,4.13
2006-11-09,4.29
2006-11-08,4.12
2006-11-07,4.09
2006-11-06,4.02
2006-11-03,3.76
2006-11-02,3.72
2006-11-01,3.72
2006-10-31,3.83
2006-10-30,3.79
2006-10-27,3.85
2006-10-26,3.84
2006-10-25,3.65
2006-10-24,3.72
2006-10-23,3.8
2006-10-20,3.76
2006-10-19,3.8
2006-10-18,3.9
2006-10-17,3.83
2006-10-16,3.84
2006-10-13,3.88
2006-10-12,3.85
2006-10-11,3.79
2006-10-10,3.86
2006-10-09,3.87
2006-10-06,3.89
2006-10-05,3.95
2006-10-04,3.94
2006-10-03,4.07
2006-10-02,3.97
2006-09-29,3.92
2006-09-28,3.89
2006-09-27,3.97
2006-09-26,3.94
2006-09-25,3.95
2006-09-22,3.9
2006-09-21,3.95
2006-09-20,3.96
2006-09-19,3.86
2006-09-18,4.11
2006-09-15,4.07
2006-09-14,4.03
2006-09-13,4.03
2006-09-12,4.05
2006-09-11,3.9
2006-09-08,3.93
2006-09-07,4.03
2006-09-06,4.08
2006-09-05,4.19
2006-09-01,4.1
2006-08-31,4.08
2006-08-30,4.1
2006-08-29,4.09
2006-08-28,4.11
2006-08-25,4.12
2006-08-24,4.06
2006-08-23,4.04
2006-08-22,4.03
2006-08-21,3.89
2006-08-18,3.91
2006-08-17,3.75
2006-08-16,3.65
2006-08-15,3.75
2006-08-14,3.73
2006-08-11,3.77
2006-08-10,3.77
2006-08-09,3.88
2006-08-08,3.87
2006-08-07,3.81
2006-08-04,3.94
2006-08-03,3.96
2006-08-02,4.02
2006-08-01,4.08
2006-07-31,4.2
2006-07-28,4.14
2006-07-27,3.97
2006-07-26,3.96
2006-07-25,3.92
2006-07-24,3.94
2006-07-21,3.9
2006-07-20,3.99
2006-07-19,4.13
2006-07-18,4.08
2006-07-17,4.17
2006-07-14,4.03
2006-07-13,4.09
2006-07-12,4.22
2006-07-11,4.32
2006-07-10,4.28
2006-07-07,4.41
2006-07-06,4.53
2006-07-05,4.48
2006-07-03,4.61
2006-06-30,4.75
2006-06-29,4.73
2006-06-28,4.66
2006-06-27,4.57
2006-06-26,4.7
2006-06-23,4.47
2006-06-22,4.19
2006-06-21,4.21
2006-06-20,4.01
2006-06-19,3.98
2006-06-16,4.07
2006-06-15,4.14
2006-06-14,4.1
2006-06-13,4.09
2006-06-12,4.11
2006-06-09,4.26
2006-06-08,4.27
2006-06-07,4.26
2006-06-06,4.2
2006-06-05,4.26
2006-06-02,4.41
2006-06-01,4.51
2006-05-31,4.5
2006-05-30,4.39
2006-05-26,4.18
2006-05-25,4.22
2006-05-24,3.68
2006-05-23,3.9
2006-05-22,3.96
2006-05-19,4.0
2006-05-18,4.01
2006-05-17,4.02
2006-05-16,4.22
2006-05-15,4.24
2006-05-12,4.34
2006-05-11,4.42
2006-05-10,4.54
2006-05-09,4.63
2006-05-08,4.72
2006-05-05,4.73
2006-05-04,4.72
2006-05-03,4.72
2006-05-02,4.88
2006-05-01,4.62
2006-04-28,4.68
2006-04-27,4.82
2006-04-26,4.81
2006-04-25,4.87
2006-04-24,4.81
2006-04-21,5.0
2006-04-20,5.07
2006-04-19,5.13
2006-04-18,5.17
2006-04-17,5.12
2006-04-13,5.32
2006-04-12,5.2
2006-04-11,5.2
2006-04-10,5.3
2006-04-07,5.31
2006-04-06,5.41
2006-04-05,5.04
2006-04-04,5.06
2006-04-03,5.06
2006-03-31,5.07
2006-03-30,5.05
2006-03-29,4.99
2006-03-28,4.94
2006-03-27,5.01
2006-03-24,5.03
2006-03-23,5.14
2006-03-22,4.86
2006-03-21,5.12
2006-03-20,5.11
2006-03-17,4.89
2006-03-16,4.51
2006-03-15,4.48
2006-03-14,4.45
2006-03-13,4.6
2006-03-10,4.78
2006-03-09,4.89
2006-03-08,4.77
2006-03-07,4.92
2006-03-06,4.91
2006-03-03,5.01
2006-03-02,5.08
2006-03-01,5.04
2006-02-28,5.11
2006-02-27,5.23
2006-02-24,5.18
2006-02-23,5.22
2006-02-22,5.29
2006-02-21,5.18
2006-02-17,5.26
2006-02-16,5.65
2006-02-15,5.82
2006-02-14,5.64
2006-02-13,5.61
2006-02-10,5.74
2006-02-09,5.8
2006-02-08,5.98
2006-02-07,5.76
2006-02-06,5.49
2006-02-03,5.33
2006-02-02,5.54
2006-02-01,5.71
2006-01-31,5.67
2006-01-30,5.86
2006-01-27,5.87
2006-01-26,5.82
2006-01-25,5.92
2006-01-24,5.9
2006-01-23,6.11
2006-01-20,6.3
2006-01-19,6.35
2006-01-18,6.29
2006-01-17,6.2
2006-01-13,6.28
2006-01-12,6.2
2006-01-11,6.12
2006-01-10,6.5
2006-01-09,6.57
2006-01-06,6.54
2006-01-05,6.39
2006-01-04,6.36
2006-01-03,6.52
2005-12-30,6.7
2005-12-29,6.74
2005-12-28,6.75
2005-12-27,6.99
2005-12-23,6.83
2005-12-22,6.7
2005-12-21,6.67
2005-12-20,6.59
2005-12-19,6.67
2005-12-16,6.95
2005-12-15,7.17
2005-12-14,7.0
2005-12-13,7.01
2005-12-12,7.46
2005-12-09,7.87
2005-12-08,7.42
2005-12-07,7.3
2005-12-06,7.21
2005-12-05,7.14
2005-12-02,7.12
2005-12-01,7.11
2005-11-30,7.15
2005-11-29,7.12
2005-11-28,7.0
2005-11-25,7.13
2005-11-23,7.13
2005-11-22,7.1
2005-11-21,7.13
2005-11-18,7.28
2005-11-17,7.33
2005-11-16,7.4
2005-11-15,7.17
2005-11-14,6.98
2005-11-11,7.0
2005-11-10,6.97
2005-11-09,6.88
2005-11-08,6.83
2005-11-07,6.91
2005-11-04,6.95
2005-11-03,6.94
2005-11-02,6.88
2005-11-01,6.52
2005-10-31,6.23
2005-10-28,6.02
2005-10-27,5.86
2005-10-26,6.3
2005-10-25,6.18
2005-10-24,6.06
2005-10-21,5.95
2005-10-20,5.97
2005-10-19,6.08
2005-10-18,5.97
2005-10-17,6.15
2005-10-14,6.17
2005-10-13,6.11
2005-10-12,6.3
2005-10-11,6.42
2005-10-10,6.59
2005-10-07,6.42
2005-10-06,6.39
2005-10-05,6.72
2005-10-04,6.83
2005-10-03,6.53
2005-09-30,6.54
2005-09-29,6.53
2005-09-28,6.39
2005-09-27,6.51
2005-09-26,6.63
2005-09-23,6.7
2005-09-22,6.59
2005-09-21,6.59
2005-09-20,6.68
2005-09-19,6.7
2005-09-16,7.05
2005-09-15,7.34
2005-09-14,7.11
2005-09-13,7.22
2005-09-12,7.35
2005-09-09,7.39
2005-09-08,7.2
2005-09-07,6.99
2005-09-06,6.92
2005-09-02,6.87
2005-09-01,6.92
2005-08-31,6.88
2005-08-30,6.83
2005-08-29,6.79
2005-08-26,6.7
2005-08-25,6.58
2005-08-24,6.51
2005-08-23,6.52
2005-08-22,6.53
2005-08-19,6.44
2005-08-18,6.48
2005-08-17,6.56
2005-08-16,6.56
2005-08-15,6.69
2005-08-12,6.73
2005-08-11,6.6
2005-08-10,6.61
2005-08-09,6.7
2005-08-08,6.6
2005-08-05,6.76
2005-08-04,6.81
2005-08-03,6.95
2005-08-02,6.75
2005-08-01,6.95
2005-07-29,6.82
2005-07-28,6.88
2005-07-27,6.97
2005-07-26,7.0
2005-07-25,7.0
2005-07-22,6.93
2005-07-21,6.83
2005-07-20,6.75
2005-07-19,6.85
2005-07-18,6.84
2005-07-15,6.8
2005-07-14,6.73
2005-07-13,6.91
2005-07-12,6.98
2005-07-11,7.11
2005-07-08,6.98
2005-07-07,6.64
2005-07-06,6.63
2005-07-05,6.61
2005-07-01,6.55
2005-06-30,6.48
2005-06-29,6.58
2005-06-28,6.43
2005-06-27,5.99
2005-06-24,5.96
2005-06-23,5.88
2005-06-22,5.92
2005-06-21,5.96
2005-06-20,6.01
2005-06-17,6.02
2005-06-16,5.99
2005-06-15,5.91
2005-06-14,5.9
2005-06-13,5.99
2005-06-10,5.65
2005-06-09,5.76
2005-06-08,5.83
2005-06-07,5.84
2005-06-06,5.89
2005-06-03,6.0
2005-06-02,6.0
2005-06-01,5.94
2005-05-31,6.01
2005-05-27,5.97
2005-05-26,5.79
2005-05-25,5.64
2005-05-24,5.67
2005-05-23,5.67
2005-05-20,5.65
2005-05-19,5.39
2005-05-18,5.41
2005-05-17,5.48
2005-05-16,5.48
2005-05-13,5.35
2005-05-12,5.25
2005-05-11,5.17
2005-05-10,5.18
2005-05-09,5.36
2005-05-06,5.38
2005-05-05,5.32
2005-05-04,5.23
2005-05-03,5.06
2005-05-02,4.99
2005-04-29,4.76
2005-04-28,4.73
2005-04-27,4.67
2005-04-26,4.87
2005-04-25,5.14
2005-04-22,5.1
2005-04-21,5.14
2005-04-20,5.1
2005-04-19,5.22
2005-04-18,5.08
2005-04-15,5.15
2005-04-14,5.3
2005-04-13,5.29
2005-04-12,5.41
2005-04-11,5.43
2005-04-08,5.41
2005-04-07,5.47
2005-04-06,5.39
2005-04-05,5.59
2005-04-04,5.45
2005-04-01,5.56
2005-03-31,5.62
2005-03-30,5.67
2005-03-29,5.38
2005-03-28,5.28
2005-03-24,5.33
2005-03-23,5.42
2005-03-22,5.28
2005-03-21,5.39
2005-03-18,5.29
2005-03-17,5.38
2005-03-16,5.23
2005-03-15,5.33
2005-03-14,5.33
2005-03-11,5.36
2005-03-10,5.45
2005-03-09,5.6
2005-03-08,5.8
2005-03-07,5.89
2005-03-04,5.66
2005-03-03,5.75
2005-03-02,5.92
2005-03-01,5.89
2005-02-28,5.57
2005-02-25,5.15
2005-02-24,5.58
2005-02-23,5.62
2005-02-22,5.56
2005-02-18,5.87
2005-02-17,5.99
2005-02-16,6.04
2005-02-15,5.97
2005-02-14,5.95
2005-02-11,5.98
2005-02-10,5.93
2005-02-09,5.99
2005-02-08,5.93
2005-02-07,6.16
2005-02-04,6.42
2005-02-03,6.32
2005-02-02,6.36
2005-02-01,6.29
2005-01-31,6.62
2005-01-28,6.5
2005-01-27,6.36
2005-01-26,6.18
2005-01-25,6.24
2005-01-24,6.09
2005-01-21,5.83
2005-01-20,5.54
2005-01-19,5.81
2005-01-18,6.24
2005-01-14,6.45
2005-01-13,6.46
2005-01-12,6.27
2005-01-11,6.1
2005-01-10,6.62
2005-01-07,7.1
2005-01-06,7.5
2005-01-05,7.64
2005-01-04,7.51
2005-01-03,7.48
2004-12-31,7.62
2004-12-30,7.48
2004-12-29,7.29
2004-12-28,7.81
2004-12-27,8.1
2004-12-23,7.95
2004-12-22,7.89
2004-12-21,7.86
2004-12-20,7.97
2004-12-17,7.68
2004-12-16,7.18
2004-12-15,7.65
2004-12-14,7.95
2004-12-13,8.04
2004-12-10,7.59
2004-12-09,7.17
2004-12-08,6.9
2004-12-07,9.01
2004-12-06,8.09
2004-12-03,7.55
2004-12-02,7.26
2004-12-01,6.98
2004-11-30,6.63
2004-11-29,6.69
2004-11-26,6.51
2004-11-24,6.25
2004-11-23,6.71
2004-11-22,5.97
2004-11-19,5.17
2004-11-18,4.72
2004-11-17,4.95
2004-11-16,4.71
2004-11-15,4.45
2004-11-12,4.17
2004-11-11,3.85
2004-11-10,3.86
2004-11-09,3.89
2004-11-08,3.94
2004-11-05,3.93
2004-11-04,3.92
2004-11-03,3.92
2004-11-02,3.96
2004-11-01,3.91
2004-10-29,3.9
2004-10-28,3.93
2004-10-27,3.89
2004-10-26,4.02
2004-10-25,4.01
2004-10-22,3.91
2004-10-21,3.84
2004-10-20,3.78
2004-10-19,3.79
2004-10-18,3.81
2004-10-15,3.7
2004-10-14,3.65
2004-10-13,3.74
2004-10-12,3.75
2004-10-11,3.52
2004-10-08,3.7
2004-10-07,4.0
2004-10-06,3.87
2004-10-05,3.35
2004-10-04,3.24
2004-10-01,3.14
2004-09-30,3.2
2004-09-29,3.02
2004-09-28,2.65
2004-09-27,2.73
2004-09-24,2.82
2004-09-23,2.82
2004-09-22,2.83
2004-09-21,2.86
2004-09-20,2.78
2004-09-17,2.86
2004-09-16,2.97
2004-09-15,2.89
2004-09-14,2.9
2004-09-13,2.82
2004-09-10,2.72
2004-09-09,2.71
2004-09-08,2.71
2004-09-07,2.54
2004-09-03,2.33
2004-09-02,2.36
2004-09-01,2.27
2004-08-31,2.32
2004-08-30,2.38
2004-08-27,2.43
2004-08-26,2.42
2004-08-25,2.4
2004-08-24,2.38
2004-08-23,2.34
2004-08-20,2.23
2004-08-19,2.2
2004-08-18,2.16
2004-08-17,2.24
2004-08-16,2.22
2004-08-13,2.18
2004-08-12,2.05
2004-08-11,2.16
2004-08-10,2.27
2004-08-09,2.22
2004-08-06,2.33
2004-08-05,2.4
2004-08-04,2.32
2004-08-03,2.42
2004-08-02,2.48
2004-07-30,2.51
2004-07-29,2.5
2004-07-28,2.45
2004-07-27,2.51
2004-07-26,2.39
2004-07-23,2.4
2004-07-22,2.5
2004-07-21,2.46
2004-07-20,2.61
2004-07-19,2.31
2004-07-16,2.47
2004-07-15,2.61
2004-07-14,2.63
2004-07-13,2.6
2004-07-12,2.71
2004-07-09,2.79
2004-07-08,2.78
2004-07-07,2.85
2004-07-06,2.89
2004-07-02,3.0
2004-07-01,3.01
2004-06-30,3.08
2004-06-29,3.08
2004-06-28,3.07
2004-06-25,3.04
2004-06-24,3.01
2004-06-23,3.01
2004-06-22,3.0
2004-06-21,3.0
2004-06-18,3.13
2004-06-17,3.09
2004-06-16,3.14
2004-06-15,3.23
2004-06-14,3.25
2004-06-10,3.16
2004-06-09,3.26
2004-06-08,3.19
2004-06-07,3.21
2004-06-04,3.16
2004-06-03,3.08
2004-06-02,3.17
2004-06-01,3.17
2004-05-28,3.0
2004-05-27,3.04
2004-05-26,3.09
2004-05-25,3.14
2004-05-24,3.09
2004-05-21,3.12
2004-05-20,3.1
2004-05-19,3.18
2004-05-18,3.09
2004-05-17,3.05
2004-05-14,3.16
2004-05-13,3.12
2004-05-12,3.17
2004-05-11,3.15
2004-05-10,2.94
2004-05-07,3.18
2004-05-06,3.21
2004-05-05,3.42
2004-05-04,3.43
2004-05-03,3.43
2004-04-30,3.3
2004-04-29,3.14
2004-04-28,3.31
2004-04-27,3.45
2004-04-26,3.57
2004-04-23,3.66
2004-04-22,3.62
2004-04-21,3.47
2004-04-20,3.8
2004-04-19,3.98
2004-04-16,3.76
2004-04-15,3.78
2004-04-14,3.75
2004-04-13,3.76
2004-04-12,3.95
2004-04-08,3.84
2004-04-07,4.02
2004-04-06,3.89
2004-04-05,3.75
2004-04-02,3.55
2004-04-01,3.46
2004-03-31,3.4
2004-03-30,3.31
2004-03-29,3.29
2004-03-26,3.24
2004-03-25,3.18
2004-03-24,3.09
2004-03-23,3.1
2004-03-22,3.05
2004-03-19,3.16
2004-03-18,3.13
2004-03-17,3.14
2004-03-16,3.07
2004-03-15,2.99
2004-03-12,3.05
2004-03-11,2.87
2004-03-10,2.88
2004-03-09,2.92
2004-03-08,3.01
2004-03-05,3.05
2004-03-04,2.99
2004-03-03,2.96
2004-03-02,2.95
2004-03-01,3.0
2004-02-27,2.94
2004-02-26,3.0
2004-02-25,2.98
2004-02-24,2.7
2004-02-23,2.79
2004-02-20,2.88
2004-02-19,2.9
2004-02-18,2.95
2004-02-17,3.01
2004-02-13,2.96
2004-02-12,3.11
2004-02-11,3.01
2004-02-10,3.02
2004-02-09,2.9
2004-02-06,2.8
2004-02-05,2.7
2004-02-04,2.63
2004-02-03,2.78
2004-02-02,2.79
2004-01-30,2.7
2004-01-29,2.76
2004-01-28,2.81
2004-01-27,2.97
2004-01-26,3.06
2004-01-23,3.14
2004-01-22,3.28
2004-01-21,3.03
2004-01-20,3.04
2004-01-16,3.15
2004-01-15,3.13
2004-01-14,3.23
2004-01-13,3.16
2004-01-12,3.3
2004-01-09,3.44
2004-01-08,3.36
2004-01-07,3.17
2004-01-06,3.36
2004-01-05,3.5
2004-01-02,3.82
2003-12-31,3.16
2003-12-30,3.05
2003-12-29,2.58
2003-12-26,2.35
2003-12-24,2.4
2003-12-23,2.2
2003-12-22,2.19
2003-12-19,2.21
2003-12-18,2.17
2003-12-17,2.15
2003-12-16,2.27
2003-12-15,2.23
2003-12-12,2.19
2003-12-11,2.17
2003-12-10,2.12
2003-12-09,2.16
2003-12-08,2.13
2003-12-05,2.12
2003-12-04,2.15
2003-12-03,2.11
2003-12-02,2.18
2003-12-01,2.2
2003-11-28,2.08
2003-11-26,1.98
2003-11-25,1.94
2003-11-24,1.91
2003-11-21,1.99
2003-11-20,2.02
2003-11-19,2.1
2003-11-18,2.23
2003-11-17,2.15
2003-11-14,2.23
2003-11-13,2.24
2003-11-12,2.18
2003-11-11,2.14
2003-11-10,2.21
2003-11-07,2.38
2003-11-06,2.35
2003-11-05,2.26
2003-11-04,2.28
2003-11-03,2.37
2003-10-31,2.35
2003-10-30,2.31
2003-10-29,2.35
2003-10-28,2.27
2003-10-27,2.44
2003-10-24,2.38
2003-10-23,2.5
2003-10-22,2.62
2003-10-21,2.56
2003-10-20,2.51
2003-10-17,2.41
2003-10-16,2.37
2003-10-15,2.19
2003-10-14,2.33
2003-10-13,2.28
2003-10-10,2.07
2003-10-09,1.94
2003-10-08,1.95
2003-10-07,1.87
2003-10-06,1.86
2003-10-03,1.87
2003-10-02,1.9
2003-10-01,1.85
2003-09-30,1.82
2003-09-29,1.85
2003-09-26,1.79
2003-09-25,1.92
2003-09-24,1.94
2003-09-23,2.02
2003-09-22,1.95
2003-09-19,1.98
2003-09-18,1.84
2003-09-17,1.84
2003-09-16,1.68
2003-09-15,1.69
2003-09-12,1.68
2003-09-11,1.72
2003-09-10,1.71
2003-09-09,1.78
2003-09-08,1.68
2003-09-05,1.66
2003-09-04,1.67
2003-09-03,1.65
2003-09-02,1.62
2003-08-29,1.68
2003-08-28,1.66
2003-08-27,1.6
2003-08-26,1.58
2003-08-25,1.58
2003-08-22,1.58
2003-08-21,1.57
2003-08-20,1.55
2003-08-19,1.58
2003-08-18,1.61
2003-08-15,1.64
2003-08-14,1.65
2003-08-13,1.67
2003-08-12,1.7
2003-08-11,1.66
2003-08-08,1.62
2003-08-07,1.53
2003-08-06,1.71
2003-08-05,1.95
2003-08-04,1.92
2003-08-01,1.81
2003-07-31,1.78
2003-07-30,1.77
2003-07-29,1.81
2003-07-28,1.89
2003-07-25,1.63
2003-07-24,1.65
2003-07-23,1.63
2003-07-22,1.67
2003-07-21,1.68
2003-07-18,1.71
2003-07-17,1.67
2003-07-16,1.74
2003-07-15,1.78
2003-07-14,1.81
2003-07-11,1.82
2003-07-10,1.82
2003-07-09,1.84
2003-07-08,1.77
2003-07-07,1.76
2003-07-03,1.84
2003-07-02,1.77
2003-07-01,1.7
2003-06-30,1.69
2003-06-27,1.66
2003-06-26,1.61
2003-06-25,1.66
2003-06-24,1.7
2003-06-23,1.78
2003-06-20,1.73
2003-06-19,1.81
2003-06-18,1.89
2003-06-17,1.92
2003-06-16,1.78
2003-06-13,1.85
2003-06-12,2.01
2003-06-11,2.05
2003-06-10,2.03
2003-06-09,2.05
2003-06-06,2.15
2003-06-05,2.06
2003-06-04,2.09
2003-06-03,2.35
2003-06-02,1.95
2003-05-30,1.6
2003-05-29,1.35
2003-05-28,1.39
2003-05-27,1.39
2003-05-23,1.32
2003-05-22,1.24
2003-05-21,1.07
2003-05-20,1.13
2003-05-19,1.3
2003-05-16,1.37
2003-05-15,1.41
2003-05-14,1.35
2003-05-13,1.23
2003-05-12,1.06
2003-05-09,0.97
2003-05-08,1.04
2003-05-07,1.11
2003-05-06,1.21
2003-05-05,0.9
2003-05-02,0.83
2003-05-01,0.79
2003-04-30,0.74
2003-04-29,0.73
2003-04-28,0.72
2003-04-25,0.7
2003-04-24,0.73
2003-04-23,0.78
2003-04-22,0.71
2003-04-21,0.71
2003-04-17,0.73
2003-04-16,0.68
2003-04-15,0.66
2003-04-14,0.65
2003-04-11,0.63
2003-04-10,0.64
2003-04-09,0.65
2003-04-08,0.67
2003-04-07,0.68
2003-04-04,0.67
2003-04-03,0.66
2003-04-02,0.7
2003-04-01,0.72
2003-03-31,0.73
2003-03-28,0.67
2003-03-27,0.69
2003-03-26,0.67
2003-03-25,0.63
2003-03-24,0.54
2003-03-21,0.58
2003-03-20,0.59
2003-03-19,0.53
2003-03-18,0.45
2003-03-17,0.44
2003-03-14,0.41
2003-03-13,0.42
2003-03-12,0.41
2003-03-11,0.45
2003-03-10,0.49
2003-03-07,0.47
2003-03-06,0.49
2003-03-05,0.53
2003-03-04,0.71
2003-03-03,0.8
2003-02-28,0.76
2003-02-27,0.77
2003-02-26,0.78
2003-02-25,0.84
2003-02-24,0.88
2003-02-21,0.88
2003-02-20,0.88
2003-02-19,0.85
2003-02-18,0.93
2003-02-14,0.75
2003-02-13,0.74
2003-02-12,0.82
2003-02-11,0.88
2003-02-10,0.91
2003-02-07,0.9
2003-02-06,0.86
2003-02-05,0.95
2003-02-04,1.03
2003-02-03,1.11
2003-01-31,1.16
2003-01-30,1.11
2003-01-29,1.03
2003-01-28,1.06
2003-01-27,1.09
2003-01-24,1.27
2003-01-23,1.29
2003-01-22,1.27
2003-01-21,1.18
2003-01-17,1.17
2003-01-16,1.25
2003-01-15,1.37
2003-01-14,1.28
2003-01-13,0.79
2003-01-10,0.81
2003-01-09,0.78
2003-01-08,0.76
2003-01-07,0.82
2003-01-06,0.63
2003-01-03,0.6
2003-01-02,0.61
