XYL,Date
20.52335548400879,2011-10-13
21.454313278198242,2011-10-14
21.29351234436035,2011-10-17
21.361217498779297,2011-10-18
20.946521759033203,2011-10-19
20.946521759033203,2011-10-20
21.615110397338867,2011-10-21
21.80976676940918,2011-10-24
21.792835235595703,2011-10-25
21.175024032592773,2011-10-26
21.68281364440918,2011-10-27
21.852079391479492,2011-10-28
22.63070297241211,2011-10-31
23.11310386657715,2011-11-01
22.529142379760742,2011-11-02
22.334487915039062,2011-11-03
21.31890106201172,2011-11-04
20.8195743560791,2011-11-07
21.10732078552246,2011-11-08
20.21868324279785,2011-11-09
20.01555824279785,2011-11-10
20.13404655456543,2011-11-11
20.338878631591797,2011-11-14
20.389873504638672,2011-11-15
20.500370025634766,2011-11-16
20.270877838134766,2011-11-17
20.338878631591797,2011-11-18
20.07539939880371,2011-11-21
20.083892822265625,2011-11-22
20.12639617919922,2011-11-23
19.548439025878906,2011-11-25
19.964906692504883,2011-11-28
19.77792739868164,2011-11-29
20.31337547302246,2011-11-30
20.627859115600586,2011-12-01
20.61086082458496,2011-12-02
21.324798583984375,2011-12-05
21.103818893432617,2011-12-06
20.882829666137695,2011-12-07
20.29637908935547,2011-12-08
20.695850372314453,2011-12-09
20.330373764038086,2011-12-12
20.270877838134766,2011-12-13
19.896921157836914,2011-12-14
20.330373764038086,2011-12-15
20.967832565307617,2011-12-16
20.61086082458496,2011-12-19
20.661849975585938,2011-12-20
21.180309295654297,2011-12-21
21.103818893432617,2011-12-22
21.171810150146484,2011-12-23
21.290803909301758,2011-12-27
21.724266052246094,2011-12-28
22.05573844909668,2011-12-29
21.834758758544922,2011-12-30
21.36729621887207,2012-01-03
22.072738647460938,2012-01-04
21.75826072692871,2012-01-05
21.392789840698242,2012-01-06
21.477787017822266,2012-01-09
21.741260528564453,2012-01-10
22.149232864379883,2012-01-11
21.843263626098633,2012-01-12
21.783767700195312,2012-01-13
21.783767700195312,2012-01-17
22.939668655395508,2012-01-18
22.625192642211914,2012-01-19
22.404216766357422,2012-01-20
21.885753631591797,2012-01-23
22.217227935791016,2012-01-24
22.608198165893555,2012-01-25
22.0472412109375,2012-01-26
21.936752319335938,2012-01-27
22.030237197875977,2012-01-30
22.021751403808594,2012-01-31
22.795185089111328,2012-02-01
22.65069580078125,2012-02-02
22.973669052124023,2012-02-03
22.761186599731445,2012-02-06
23.135149002075195,2012-02-07
23.279647827148438,2012-02-08
23.05866050720215,2012-02-09
23.007659912109375,2012-02-10
22.973669052124023,2012-02-13
22.880176544189453,2012-02-14
22.94817543029785,2012-02-15
23.075658798217773,2012-02-16
23.449630737304688,2012-02-17
23.645112991333008,2012-02-21
23.398637771606445,2012-02-22
23.611116409301758,2012-02-23
23.169153213500977,2012-02-24
23.254148483276367,2012-02-27
22.812177658081055,2012-02-28
22.081241607666016,2012-02-29
22.773223876953125,2012-03-01
22.69643211364746,2012-03-02
22.372194290161133,2012-03-05
22.05649757385254,2012-03-06
22.363670349121094,2012-03-07
22.71349334716797,2012-03-08
23.25104331970215,2012-03-09
23.489948272705078,2012-03-12
24.249345779418945,2012-03-13
24.198148727416992,2012-03-14
24.51384925842285,2012-03-15
24.053096771240234,2012-03-16
23.839786529541016,2012-03-19
23.302236557006836,2012-03-20
23.319303512573242,2012-03-21
23.225440979003906,2012-03-22
23.208377838134766,2012-03-23
23.762998580932617,2012-03-26
23.882448196411133,2012-03-27
23.856849670410156,2012-03-28
23.600868225097656,2012-03-29
23.67766571044922,2012-03-30
24.164016723632812,2012-04-02
24.104291915893555,2012-04-03
23.720335006713867,2012-04-04
23.865386962890625,2012-04-05
23.344898223876953,2012-04-09
22.986536026000977,2012-04-10
23.037734985351562,2012-04-11
23.310768127441406,2012-04-12
22.892683029174805,2012-04-13
22.95241355895996,2012-04-16
23.208377838134766,2012-04-17
23.592344284057617,2012-04-18
23.12305450439453,2012-04-19
23.344898223876953,2012-04-20
22.94387435913086,2012-04-23
23.12305450439453,2012-04-24
23.635007858276367,2012-04-25
23.97630500793457,2012-04-26
24.2152156829834,2012-04-27
23.788589477539062,2012-04-30
23.600868225097656,2012-05-01
23.686199188232422,2012-05-02
23.293704986572266,2012-05-03
22.568445205688477,2012-05-04
22.363670349121094,2012-05-07
22.491655349731445,2012-05-08
22.2954044342041,2012-05-09
22.303936004638672,2012-05-10
22.210079193115234,2012-05-11
21.698131561279297,2012-05-14
21.510417938232422,2012-05-15
21.646936416625977,2012-05-16
20.91963005065918,2012-05-17
21.13379669189453,2012-05-18
21.707759857177734,2012-05-21
21.92192268371582,2012-05-22
22.09325408935547,2012-05-23
22.393083572387695,2012-05-24
21.973323822021484,2012-05-25
22.17891502380371,2012-05-29
21.801986694335938,2012-05-30
21.69919776916504,2012-05-31
20.971025466918945,2012-06-01
20.996723175048828,2012-06-04
21.05670166015625,2012-06-05
21.836257934570312,2012-06-06
22.050424575805664,2012-06-07
22.204614639282227,2012-06-08
21.8533935546875,2012-06-11
21.913349151611328,2012-06-12
21.5621280670166,2012-06-13
21.416492462158203,2012-06-14
21.69062042236328,2012-06-15
21.527856826782227,2012-06-18
21.48501968383789,2012-06-19
21.176631927490234,2012-06-20
20.799705505371094,2012-06-21
20.576961517333984,2012-06-22
20.22574234008789,2012-06-25
20.491300582885742,2012-06-26
20.808265686035156,2012-06-27
21.06525993347168,2012-06-28
21.5621280670166,2012-06-29
21.45076560974121,2012-07-02
21.9990234375,2012-07-03
21.87052345275879,2012-07-05
21.58782958984375,2012-07-06
21.416492462158203,2012-07-09
20.868236541748047,2012-07-10
20.499866485595703,2012-07-11
19.85737419128418,2012-07-12
19.968734741210938,2012-07-13
19.840232849121094,2012-07-16
20.260000228881836,2012-07-17
20.499866485595703,2012-07-18
20.66263771057129,2012-07-19
20.37993621826172,2012-07-20
20.457033157348633,2012-07-23
20.208602905273438,2012-07-24
20.482736587524414,2012-07-25
20.328542709350586,2012-07-26
20.73116683959961,2012-07-27
20.73116683959961,2012-07-30
20.542701721191406,2012-07-31
20.474157333374023,2012-08-01
20.191469192504883,2012-08-02
20.585533142089844,2012-08-03
20.67119789123535,2012-08-06
20.765430450439453,2012-08-07
20.68832778930664,2012-08-08
20.962467193603516,2012-08-09
20.953893661499023,2012-08-10
20.996723175048828,2012-08-13
20.611236572265625,2012-08-14
20.808265686035156,2012-08-15
21.365093231201172,2012-08-16
21.53643035888672,2012-08-17
21.664920806884766,2012-08-20
21.58782958984375,2012-08-21
21.43362808227539,2012-08-22
21.18504524230957,2012-08-23
21.073232650756836,2012-08-24
20.76358413696289,2012-08-27
20.686180114746094,2012-08-28
20.651763916015625,2012-08-29
20.720577239990234,2012-08-30
20.892608642578125,2012-08-31
20.643169403076172,2012-09-04
20.703372955322266,2012-09-05
21.477497100830078,2012-09-06
21.58930778503418,2012-09-07
21.14204978942871,2012-09-10
21.83014488220215,2012-09-11
21.503297805786133,2012-09-12
21.812942504882812,2012-09-13
21.993576049804688,2012-09-14
21.795743942260742,2012-09-17
22.113988876342773,2012-09-18
22.346223831176758,2012-09-19
22.019371032714844,2012-09-20
21.88176155090332,2012-09-21
21.933364868164062,2012-09-24
21.8559513092041,2012-09-25
21.486095428466797,2012-09-26
21.761335372924805,2012-09-27
21.6323184967041,2012-09-28
21.70973014831543,2012-10-01
21.71833610534668,2012-10-02
21.52050018310547,2012-10-03
21.6323184967041,2012-10-04
21.623714447021484,2012-10-05
21.59791374206543,2012-10-08
21.322669982910156,2012-10-09
21.124839782714844,2012-10-10
20.918405532836914,2012-10-11
21.167848587036133,2012-10-12
21.271059036254883,2012-10-15
21.821548461914062,2012-10-16
21.57210922241211,2012-10-17
21.279338836669922,2012-10-18
20.916629791259766,2012-10-19
20.977081298828125,2012-10-22
20.899356842041016,2012-10-23
20.243009567260742,2012-10-24
20.476177215576172,2012-10-25
20.37255096435547,2012-10-26
20.951173782348633,2012-10-31
21.935686111450195,2012-11-01
22.134323120117188,2012-11-02
22.4538631439209,2012-11-05
22.497032165527344,2012-11-06
21.857959747314453,2012-11-07
21.521150588989258,2012-11-08
21.339794158935547,2012-11-09
21.382980346679688,2012-11-12
21.184349060058594,2012-11-13
20.76981544494629,2012-11-14
20.752544403076172,2012-11-15
20.89072608947754,2012-11-16
21.452064514160156,2012-11-19
21.693880081176758,2012-11-20
21.883878707885742,2012-11-21
22.03931999206543,2012-11-23
22.332948684692383,2012-11-26
22.134323120117188,2012-11-27
22.402042388916016,2012-11-28
22.56612777709961,2012-11-29
22.53158187866211,2012-11-30
22.255218505859375,2012-12-03
22.19477081298828,2012-12-04
22.4538631439209,2012-12-05
22.53158187866211,2012-12-06
22.78202247619629,2012-12-07
22.868389129638672,2012-12-10
22.997928619384766,2012-12-11
23.136112213134766,2012-12-12
23.049745559692383,2012-12-13
23.11019515991211,2012-12-14
22.9288330078125,2012-12-17
23.490182876586914,2012-12-18
23.80971908569336,2012-12-19
23.179283142089844,2012-12-20
23.11019515991211,2012-12-21
23.2051944732666,2012-12-24
23.127471923828125,2012-12-26
23.187915802001953,2012-12-27
22.825204849243164,2012-12-28
23.403820037841797,2012-12-31
23.7492618560791,2013-01-02
23.67154312133789,2013-01-03
23.637001037597656,2013-01-04
23.32610511779785,2013-01-07
23.041112899780273,2013-01-08
23.403820037841797,2013-01-09
23.73199462890625,2013-01-10
23.472919464111328,2013-01-11
23.498815536499023,2013-01-14
23.429731369018555,2013-01-15
23.2742862701416,2013-01-16
23.68018341064453,2013-01-17
23.757904052734375,2013-01-18
23.904722213745117,2013-01-22
24.094717025756836,2013-01-23
24.163803100585938,2013-01-24
23.9219913482666,2013-01-25
24.111984252929688,2013-01-28
24.155162811279297,2013-01-29
24.12925148010254,2013-01-30
24.120616912841797,2013-01-31
24.18971824645996,2013-02-01
23.79244613647461,2013-02-04
23.982444763183594,2013-02-05
24.051532745361328,2013-02-06
23.239734649658203,2013-02-07
23.395185470581055,2013-02-08
23.714719772338867,2013-02-11
24.13789176940918,2013-02-12
24.40561294555664,2013-02-13
24.586971282958984,2013-02-14
24.522804260253906,2013-02-15
24.939023971557617,2013-02-19
24.245317459106445,2013-02-20
24.002517700195312,2013-02-21
24.097900390625,2013-02-22
23.430192947387695,2013-02-25
23.41284942626953,2013-02-26
23.820417404174805,2013-02-27
23.846424102783203,2013-02-28
23.8377628326416,2013-03-01
23.8377628326416,2013-03-04
24.670217514038086,2013-03-05
25.441974639892578,2013-03-06
24.626863479614258,2013-03-07
24.65287208557129,2013-03-08
24.939023971557617,2013-03-11
24.739585876464844,2013-03-12
24.687559127807617,2013-03-13
24.895675659179688,2013-03-14
25.112455368041992,2013-03-15
24.956377029418945,2013-03-18
24.66153907775879,2013-03-19
24.722246170043945,2013-03-20
24.76560401916504,2013-03-21
24.66153907775879,2013-03-22
24.045875549316406,2013-03-25
24.011180877685547,2013-03-26
23.66433334350586,2013-03-27
23.898468017578125,2013-03-28
23.629648208618164,2013-04-01
23.603626251220703,2013-04-02
23.51691436767578,2013-04-03
24.037195205688477,2013-04-04
23.933147430419922,2013-04-05
24.149930953979492,2013-04-08
24.245317459106445,2013-04-09
24.87833023071289,2013-04-10
25.025745391845703,2013-04-11
24.800291061401367,2013-04-12
23.777061462402344,2013-04-15
23.985172271728516,2013-04-16
23.65566062927246,2013-04-17
23.44754409790039,2013-04-18
23.40418243408203,2013-04-19
23.274112701416016,2013-04-22
23.751039505004883,2013-04-23
24.011180877685547,2013-04-24
24.158605575561523,2013-04-25
24.028532028198242,2013-04-26
24.496789932250977,2013-04-29
24.063220977783203,2013-04-30
23.846424102783203,2013-05-01
23.794403076171875,2013-05-02
23.725032806396484,2013-05-03
23.76838493347168,2013-05-06
24.002517700195312,2013-05-07
24.375391006469727,2013-05-08
24.175941467285156,2013-05-09
24.106576919555664,2013-05-10
23.881118774414062,2013-05-13
24.548812866210938,2013-05-14
24.800291061401367,2013-05-15
24.834976196289062,2013-05-16
25.086442947387695,2013-05-17
25.14391326904297,2013-05-20
24.987197875976562,2013-05-21
24.8217716217041,2013-05-22
24.421289443969727,2013-05-23
24.247154235839844,2013-05-24
24.429981231689453,2013-05-28
24.421289443969727,2013-05-29
24.856597900390625,2013-05-30
24.499635696411133,2013-05-31
24.595407485961914,2013-06-03
24.255859375,2013-06-04
23.681238174438477,2013-06-05
23.76830291748047,2013-06-06
23.985960006713867,2013-06-07
23.94242286682129,2013-06-10
23.6899471282959,2013-06-11
23.51582145690918,2013-06-12
23.7421875,2013-06-13
23.61159324645996,2013-06-14
23.7421875,2013-06-17
24.081735610961914,2013-06-18
23.724767684936523,2013-06-19
22.993440628051758,2013-06-20
22.723539352416992,2013-06-21
22.436229705810547,2013-06-24
22.57553482055664,2013-06-25
22.706134796142578,2013-06-26
23.18497657775879,2013-06-27
23.45487403869629,2013-06-28
24.073030471801758,2013-07-01
23.94242286682129,2013-07-02
24.055614471435547,2013-07-03
24.360336303710938,2013-07-05
24.517053604125977,2013-07-08
24.8478946685791,2013-07-09
25.222265243530273,2013-07-10
25.274503707885742,2013-07-11
25.318029403686523,2013-07-12
25.300622940063477,2013-07-15
24.88271141052246,2013-07-16
24.926244735717773,2013-07-17
25.18743896484375,2013-07-18
25.065553665161133,2013-07-19
25.135196685791016,2013-07-22
24.99590301513672,2013-07-23
24.89142417907715,2013-07-24
25.100372314453125,2013-07-25
24.96107292175293,2013-07-26
24.77823829650879,2013-07-29
22.235990524291992,2013-07-30
21.704904556274414,2013-07-31
21.9312686920166,2013-08-01
22.000917434692383,2013-08-02
22.009620666503906,2013-08-05
22.14021873474121,2013-08-06
21.678781509399414,2013-08-07
21.748430252075195,2013-08-08
21.748430252075195,2013-08-09
21.61783790588379,2013-08-12
21.739721298217773,2013-08-13
21.757137298583984,2013-08-14
21.52207374572754,2013-08-15
21.347938537597656,2013-08-16
21.435001373291016,2013-08-19
21.156404495239258,2013-08-20
21.060632705688477,2013-08-21
21.226045608520508,2013-08-22
21.156404495239258,2013-08-23
21.400182723999023,2013-08-26
21.130277633666992,2013-08-27
21.339237213134766,2013-08-28
21.72231674194336,2013-08-29
21.67507553100586,2013-08-30
21.937490463256836,2013-09-03
22.30486488342285,2013-09-04
22.663497924804688,2013-09-05
22.890914916992188,2013-09-06
23.424476623535156,2013-09-09
23.678146362304688,2013-09-10
23.713130950927734,2013-09-11
23.58193016052246,2013-09-12
23.57318115234375,2013-09-13
23.756872177124023,2013-09-16
23.835588455200195,2013-09-17
24.04551887512207,2013-09-18
24.063005447387695,2013-09-19
23.76561737060547,2013-09-20
23.61692237854004,2013-09-23
23.931804656982422,2013-09-24
24.080507278442383,2013-09-25
24.692800521850586,2013-09-26
24.482872009277344,2013-09-27
24.430389404296875,2013-09-30
24.70154571533203,2013-10-01
24.596576690673828,2013-10-02
24.404142379760742,2013-10-03
24.649066925048828,2013-10-04
24.491609573364258,2013-10-07
23.966798782348633,2013-10-08
23.80060386657715,2013-10-09
24.430389404296875,2013-10-10
24.57908821105957,2013-10-11
24.64031410217285,2013-10-14
24.42163848876953,2013-10-15
24.42163848876953,2013-10-16
24.04551887512207,2013-10-17
24.34291648864746,2013-10-18
24.88398551940918,2013-10-21
24.778583526611328,2013-10-22
24.89277458190918,2013-10-23
25.200197219848633,2013-10-24
25.463706970214844,2013-10-25
25.411008834838867,2013-10-28
28.57311248779297,2013-10-29
29.40755271911621,2013-10-30
30.3034725189209,2013-10-31
29.17917823791504,2013-11-01
29.785245895385742,2013-11-04
29.64470863342285,2013-11-05
29.433902740478516,2013-11-06
29.082561492919922,2013-11-07
29.84673500061035,2013-11-08
29.82915687561035,2013-11-11
29.81159210205078,2013-11-12
30.145376205444336,2013-11-13
30.198078155517578,2013-11-14
30.277128219604492,2013-11-15
29.81159210205078,2013-11-18
29.996051788330078,2013-11-19
30.127805709838867,2013-11-20
30.373754501342773,2013-11-21
30.373754501342773,2013-11-22
30.32982063293457,2013-11-25
30.452804565429688,2013-11-26
30.5406436920166,2013-11-27
30.35618782043457,2013-11-29
29.785245895385742,2013-12-02
29.495389938354492,2013-12-03
29.477813720703125,2013-12-04
29.67106056213379,2013-12-05
29.433902740478516,2013-12-06
29.539308547973633,2013-12-09
29.46026039123535,2013-12-10
28.90688705444336,2013-12-11
29.433902740478516,2013-12-12
29.697404861450195,2013-12-13
29.767684936523438,2013-12-16
29.952133178710938,2013-12-17
30.479158401489258,2013-12-18
30.00483512878418,2013-12-19
29.9345645904541,2013-12-20
30.03118896484375,2013-12-23
30.154157638549805,2013-12-24
30.47037124633789,2013-12-26
30.34739875793457,2013-12-27
30.373754501342773,2013-12-30
30.391313552856445,2013-12-31
30.00483512878418,2014-01-02
30.277128219604492,2014-01-03
30.224435806274414,2014-01-06
30.312267303466797,2014-01-07
30.294696807861328,2014-01-08
30.41766357421875,2014-01-09
30.663604736328125,2014-01-10
30.76022720336914,2014-01-13
31.252117156982422,2014-01-14
31.946020126342773,2014-01-15
32.183170318603516,2014-01-16
32.12168502807617,2014-01-17
31.55076026916504,2014-01-21
32.05140686035156,2014-01-22
31.129135131835938,2014-01-23
29.58321762084961,2014-01-24
29.328502655029297,2014-01-27
29.785245895385742,2014-01-28
29.196752548217773,2014-01-29
29.302148818969727,2014-01-30
29.302148818969727,2014-01-31
28.810264587402344,2014-02-03
31.858177185058594,2014-02-04
31.19941520690918,2014-02-05
32.02506637573242,2014-02-06
32.46424865722656,2014-02-07
32.393985748291016,2014-02-10
32.58723068237305,2014-02-11
32.85072326660156,2014-02-12
33.23719787597656,2014-02-13
33.53511047363281,2014-02-14
33.993404388427734,2014-02-18
33.1561164855957,2014-02-19
34.116790771484375,2014-02-20
34.24898910522461,2014-02-21
34.724918365478516,2014-02-24
34.16086196899414,2014-02-25
34.592708587646484,2014-02-26
34.69847869873047,2014-02-27
34.680843353271484,2014-02-28
34.019832611083984,2014-03-03
34.187294006347656,2014-03-04
33.931705474853516,2014-03-05
33.75543212890625,2014-03-06
34.055091857910156,2014-03-07
33.53511047363281,2014-03-10
33.35883331298828,2014-03-11
32.96222686767578,2014-03-12
32.380550384521484,2014-03-13
32.42461013793945,2014-03-14
32.442237854003906,2014-03-17
32.415794372558594,2014-03-18
32.116146087646484,2014-03-19
32.02799987792969,2014-03-20
31.975114822387695,2014-03-21
31.472753524780273,2014-03-24
32.27476501464844,2014-03-25
31.587337493896484,2014-03-26
31.53445053100586,2014-03-27
31.728343963623047,2014-03-28
32.098514556884766,2014-03-31
32.74190902709961,2014-04-01
33.28831481933594,2014-04-02
32.847652435302734,2014-04-03
32.87409973144531,2014-04-04
32.06326675415039,2014-04-07
31.763587951660156,2014-04-08
32.618507385253906,2014-04-09
31.649028778076172,2014-04-10
31.0408992767334,2014-04-11
30.952770233154297,2014-04-14
30.750057220458984,2014-04-15
31.27886962890625,2014-04-16
31.111398696899414,2014-04-17
31.305313110351562,2014-04-21
31.472753524780273,2014-04-22
31.446317672729492,2014-04-23
31.552078247070312,2014-04-24
31.20834732055664,2014-04-25
31.164291381835938,2014-04-28
32.116146087646484,2014-04-29
33.12969207763672,2014-04-30
32.57443618774414,2014-05-01
32.486305236816406,2014-05-02
32.4069938659668,2014-05-05
32.54800033569336,2014-05-06
32.8035888671875,2014-05-07
32.87409973144531,2014-05-08
32.77714157104492,2014-05-09
33.51746368408203,2014-05-12
33.455772399902344,2014-05-13
33.27950668334961,2014-05-14
32.812400817871094,2014-05-15
32.52156066894531,2014-05-16
33.51917266845703,2014-05-19
32.9708366394043,2014-05-20
33.44841766357422,2014-05-21
33.56339645385742,2014-05-22
33.979061126708984,2014-05-23
34.085201263427734,2014-05-27
33.74912643432617,2014-05-28
32.50210952758789,2014-05-29
32.988529205322266,2014-05-30
33.191932678222656,2014-06-02
32.92661666870117,2014-06-03
32.61708068847656,2014-06-04
33.0504264831543,2014-06-05
33.386512756347656,2014-06-06
33.704898834228516,2014-06-09
33.72258377075195,2014-06-10
33.57223129272461,2014-06-11
33.40419006347656,2014-06-12
34.138248443603516,2014-06-13
34.02328872680664,2014-06-16
34.120567321777344,2014-06-17
34.4212760925293,2014-06-18
34.792724609375,2014-06-19
35.08457946777344,2014-06-20
35.18186950683594,2014-06-23
34.69545364379883,2014-06-24
34.81925964355469,2014-06-25
34.606990814208984,2014-06-26
34.71312713623047,2014-06-27
34.56278610229492,2014-06-30
34.606990814208984,2014-07-01
34.18248748779297,2014-07-02
34.50971603393555,2014-07-03
33.60761260986328,2014-07-07
33.041587829589844,2014-07-08
33.20079040527344,2014-07-09
32.935455322265625,2014-07-10
32.81165313720703,2014-07-11
33.18309783935547,2014-07-14
32.92661666870117,2014-07-15
33.24501037597656,2014-07-16
32.484405517578125,2014-07-17
33.12118911743164,2014-07-18
33.298072814941406,2014-07-21
33.25384521484375,2014-07-22
33.01506042480469,2014-07-23
32.908935546875,2014-07-24
32.581703186035156,2014-07-25
32.2456169128418,2014-07-28
32.90008544921875,2014-07-29
32.219085693359375,2014-07-30
31.210865020751953,2014-07-31
30.93669319152832,2014-08-01
31.219696044921875,2014-08-04
31.511560440063477,2014-08-05
31.52040672302246,2014-08-06
31.8741512298584,2014-08-07
31.891855239868164,2014-08-08
32.334068298339844,2014-08-11
32.28984451293945,2014-08-12
32.49325942993164,2014-08-13
32.44903564453125,2014-08-14
32.47556686401367,2014-08-15
33.076969146728516,2014-08-18
33.17424774169922,2014-08-19
33.616455078125,2014-08-20
33.41305160522461,2014-08-21
33.076969146728516,2014-08-22
33.44841766357422,2014-08-25
33.298072814941406,2014-08-26
33.1035041809082,2014-08-27
32.95314407348633,2014-08-28
32.95314407348633,2014-08-29
33.66067886352539,2014-09-02
33.474952697753906,2014-09-03
33.501487731933594,2014-09-04
33.40419006347656,2014-09-05
33.429054260253906,2014-09-08
33.16282272338867,2014-09-09
33.118438720703125,2014-09-10
33.19832229614258,2014-09-11
32.96760177612305,2014-09-12
32.994205474853516,2014-09-15
33.28705978393555,2014-09-16
33.189449310302734,2014-09-17
33.51778793334961,2014-09-18
33.51778793334961,2014-09-19
33.1273307800293,2014-09-22
33.180572509765625,2014-09-23
33.17169952392578,2014-09-24
32.39964294433594,2014-09-25
32.47951889038086,2014-09-26
32.168907165527344,2014-09-29
31.49448013305664,2014-09-30
30.935392379760742,2014-10-01
31.068511962890625,2014-10-02
31.12177085876465,2014-10-03
31.574350357055664,2014-10-06
30.30533218383789,2014-10-07
30.731287002563477,2014-10-08
29.622034072875977,2014-10-09
28.84109878540039,2014-10-10
28.317520141601562,2014-10-13
29.018573760986328,2014-10-14
29.551023483276367,2014-10-15
30.207725524902344,2014-10-16
30.35857582092285,2014-10-17
29.914878845214844,2014-10-20
30.62480354309082,2014-10-21
30.2254695892334,2014-10-22
31.10401153564453,2014-10-23
31.361352920532227,2014-10-24
31.190351486206055,2014-10-27
32.49069595336914,2014-10-28
31.804903030395508,2014-10-29
31.89396095275879,2014-10-30
32.383819580078125,2014-10-31
32.09880447387695,2014-11-03
32.009735107421875,2014-11-04
32.4105339050293,2014-11-05
33.05180358886719,2014-11-06
32.989463806152344,2014-11-07
33.20320510864258,2014-11-10
33.26555633544922,2014-11-11
33.44367980957031,2014-11-12
33.354637145996094,2014-11-13
33.50603103637695,2014-11-14
33.60400390625,2014-11-17
34.031517028808594,2014-11-18
33.25664138793945,2014-11-19
33.363525390625,2014-11-20
34.067142486572266,2014-11-21
34.20072555541992,2014-11-24
34.19182586669922,2014-11-25
34.32542419433594,2014-11-26
34.147300720214844,2014-11-28
34.23635482788086,2014-12-01
33.862274169921875,2014-12-02
34.63715362548828,2014-12-03
34.35215759277344,2014-12-04
34.36996078491211,2014-12-05
33.684165954589844,2014-12-08
33.95134735107422,2014-12-09
32.81134033203125,2014-12-10
32.93601608276367,2014-12-11
32.2413215637207,2014-12-12
32.276939392089844,2014-12-15
32.30365753173828,2014-12-16
32.87367248535156,2014-12-17
33.93353271484375,2014-12-18
34.36996078491211,2014-12-19
34.50355529785156,2014-12-22
34.48573684692383,2014-12-23
34.521366119384766,2014-12-24
34.690589904785156,2014-12-26
34.61043930053711,2014-12-29
34.22745895385742,2014-12-30
33.90683364868164,2014-12-31
33.91572952270508,2015-01-02
31.804903030395508,2015-01-05
31.617868423461914,2015-01-06
31.86724281311035,2015-01-07
32.107723236083984,2015-01-08
31.502079010009766,2015-01-09
30.816286087036133,2015-01-12
30.887537002563477,2015-01-13
30.69158935546875,2015-01-14
30.47783660888672,2015-01-15
30.70050048828125,2015-01-16
30.638151168823242,2015-01-20
31.261608123779297,2015-01-21
31.466461181640625,2015-01-22
31.32394027709961,2015-01-23
31.341760635375977,2015-01-26
30.940975189208984,2015-01-27
30.51346778869629,2015-01-28
30.424400329589844,2015-01-29
30.3709659576416,2015-01-30
30.940975189208984,2015-02-02
31.5198917388916,2015-02-03
31.074573516845703,2015-02-04
31.0478458404541,2015-02-05
31.341760635375977,2015-02-06
31.270523071289062,2015-02-09
31.5198917388916,2015-02-10
31.395206451416016,2015-02-11
31.715835571289062,2015-02-12
32.244300842285156,2015-02-13
32.08335876464844,2015-02-17
32.03865051269531,2015-02-18
31.886621475219727,2015-02-19
32.217464447021484,2015-02-20
32.020755767822266,2015-02-23
32.15488052368164,2015-02-24
32.22640609741211,2015-02-25
31.9849910736084,2015-02-26
31.922391891479492,2015-02-27
32.342655181884766,2015-03-02
32.280067443847656,2015-03-03
31.9134521484375,2015-03-04
31.815095901489258,2015-03-05
31.448463439941406,2015-03-06
31.52001190185547,2015-03-09
31.028213500976562,2015-03-10
30.920915603637695,2015-03-11
31.448463439941406,2015-03-12
30.94772720336914,2015-03-13
31.323291778564453,2015-03-16
31.00137710571289,2015-03-17
32.07440185546875,2015-03-18
31.77932357788086,2015-03-19
32.18170928955078,2015-03-20
31.385879516601562,2015-03-23
31.359067916870117,2015-03-24
31.063976287841797,2015-03-25
31.00137710571289,2015-03-26
31.269636154174805,2015-03-27
31.60944366455078,2015-03-30
31.31433868408203,2015-03-31
31.6630859375,2015-04-01
32.002872467041016,2015-04-02
32.25325393676758,2015-04-06
32.25325393676758,2015-04-07
31.52001190185547,2015-04-08
31.260698318481445,2015-04-09
31.47530174255371,2015-04-10
31.439531326293945,2015-04-13
31.47530174255371,2015-04-14
31.734622955322266,2015-04-15
32.03865051269531,2015-04-16
31.421653747558594,2015-04-17
31.707796096801758,2015-04-20
31.618370056152344,2015-04-21
31.707796096801758,2015-04-22
32.101226806640625,2015-04-23
31.85980224609375,2015-04-24
32.458900451660156,2015-04-27
32.52150344848633,2015-04-28
32.75400161743164,2015-04-29
33.10271453857422,2015-04-30
33.21002197265625,2015-05-01
32.99541473388672,2015-05-04
32.762935638427734,2015-05-05
32.66456604003906,2015-05-06
32.807640075683594,2015-05-07
32.99541473388672,2015-05-08
32.914939880371094,2015-05-11
32.628787994384766,2015-05-12
32.89704895019531,2015-05-13
33.165313720703125,2015-05-14
32.93282699584961,2015-05-15
33.09377670288086,2015-05-18
32.88810729980469,2015-05-19
32.914939880371094,2015-05-20
33.21002197265625,2015-05-21
33.075897216796875,2015-05-22
32.6190071105957,2015-05-26
32.762630462646484,2015-05-27
32.942142486572266,2015-05-28
32.825462341308594,2015-05-29
32.852394104003906,2015-06-01
32.933170318603516,2015-06-02
33.17551803588867,2015-06-03
32.69081497192383,2015-06-04
32.65492630004883,2015-06-05
32.43948745727539,2015-06-08
32.40359115600586,2015-06-09
32.78058624267578,2015-06-10
33.13064956665039,2015-06-11
32.798526763916016,2015-06-12
32.421539306640625,2015-06-15
32.71774673461914,2015-06-16
32.65492630004883,2015-06-17
33.12166976928711,2015-06-18
32.70876693725586,2015-06-19
33.2114372253418,2015-06-22
33.480716705322266,2015-06-23
33.43584060668945,2015-06-24
33.17551803588867,2015-06-25
33.15757369995117,2015-06-26
32.54719924926758,2015-06-29
33.27425765991211,2015-06-30
33.04088592529297,2015-07-01
32.969078063964844,2015-07-02
32.538238525390625,2015-07-06
32.65492630004883,2015-07-07
31.9278564453125,2015-07-08
31.900928497314453,2015-07-09
31.766286849975586,2015-07-10
32.3676872253418,2015-07-13
32.75364685058594,2015-07-14
32.268943786621094,2015-07-15
32.33177947998047,2015-07-16
32.14328384399414,2015-07-17
32.10737609863281,2015-07-20
31.586750030517578,2015-07-21
31.398265838623047,2015-07-22
31.1200008392334,2015-07-23
31.084096908569336,2015-07-24
30.877655029296875,2015-07-27
31.21875,2015-07-28
31.6226749420166,2015-07-29
31.61368179321289,2015-07-30
30.994342803955078,2015-07-31
30.38396644592285,2015-08-03
30.28523826599121,2015-08-04
30.41987419128418,2015-08-05
30.231367111206055,2015-08-06
30.069808959960938,2015-08-07
30.59939956665039,2015-08-10
30.141620635986328,2015-08-11
30.213422775268555,2015-08-12
30.060829162597656,2015-08-13
30.249326705932617,2015-08-14
30.312164306640625,2015-08-17
29.98902702331543,2015-08-18
29.75564956665039,2015-08-19
29.315828323364258,2015-08-20
28.786230087280273,2015-08-21
27.745010375976562,2015-08-24
27.341089248657227,2015-08-25
28.16688346862793,2015-08-26
29.055511474609375,2015-08-27
29.35171890258789,2015-08-28
29.253461837768555,2015-08-31
28.063491821289062,2015-09-01
28.288864135742188,2015-09-02
29.163314819335938,2015-09-03
28.559314727783203,2015-09-04
29.244447708129883,2015-09-08
28.94695281982422,2015-09-09
28.96498680114746,2015-09-10
29.289522171020508,2015-09-11
29.046123504638672,2015-09-14
29.77631950378418,2015-09-15
30.08283233642578,2015-09-16
29.82140350341797,2015-09-17
29.073158264160156,2015-09-18
29.415729522705078,2015-09-21
29.208385467529297,2015-09-22
28.649463653564453,2015-09-23
29.316566467285156,2015-09-24
29.271495819091797,2015-09-25
28.910890579223633,2015-09-28
28.838773727416992,2015-09-29
29.61405372619629,2015-09-30
29.46981430053711,2015-10-01
30.209049224853516,2015-10-02
30.25412368774414,2015-10-05
30.100854873657227,2015-10-06
30.686826705932617,2015-10-07
31.543254852294922,2015-10-08
31.453105926513672,2015-10-09
31.227731704711914,2015-10-12
30.948261260986328,2015-10-13
30.533580780029297,2015-10-14
31.317880630493164,2015-10-15
31.317880630493164,2015-10-16
31.227731704711914,2015-10-19
31.444091796875,2015-10-20
31.299854278564453,2015-10-21
32.111183166503906,2015-10-22
32.625038146972656,2015-10-23
32.372623443603516,2015-10-26
32.31853485107422,2015-10-27
32.79632568359375,2015-10-28
32.7602653503418,2015-10-29
32.82339096069336,2015-10-30
33.168174743652344,2015-11-02
33.104835510253906,2015-11-03
33.168174743652344,2015-11-04
33.29487609863281,2015-11-05
33.41252136230469,2015-11-06
32.987186431884766,2015-11-09
33.42158126831055,2015-11-10
33.45777893066406,2015-11-11
32.39893341064453,2015-11-12
32.480377197265625,2015-11-13
33.12291717529297,2015-11-16
33.48493194580078,2015-11-17
33.90122985839844,2015-11-18
34.091278076171875,2015-11-19
33.93743896484375,2015-11-20
33.98267364501953,2015-11-23
33.9193229675293,2015-11-24
34.082237243652344,2015-11-25
34.009822845458984,2015-11-27
33.7745246887207,2015-11-30
34.06412887573242,2015-12-01
33.4396858215332,2015-12-02
33.2496337890625,2015-12-03
34.07316970825195,2015-12-04
33.403472900390625,2015-12-07
32.83332061767578,2015-12-08
32.815223693847656,2015-12-09
33.21343231201172,2015-12-10
32.77903747558594,2015-12-11
33.15911865234375,2015-12-14
33.21343231201172,2015-12-15
33.90122985839844,2015-12-16
32.99623489379883,2015-12-17
32.43513870239258,2015-12-18
32.70663070678711,2015-12-21
33.03242874145508,2015-12-22
33.60257339477539,2015-12-23
33.548274993896484,2015-12-24
33.43063735961914,2015-12-28
33.57543182373047,2015-12-29
33.36726760864258,2015-12-30
33.03242874145508,2015-12-31
32.65232467651367,2016-01-04
32.64328384399414,2016-01-05
32.236019134521484,2016-01-06
31.403430938720703,2016-01-07
31.104772567749023,2016-01-08
30.84234046936035,2016-01-11
31.014272689819336,2016-01-12
30.208837509155273,2016-01-13
30.380783081054688,2016-01-14
29.84683609008789,2016-01-15
29.82874298095703,2016-01-19
29.683942794799805,2016-01-20
30.073087692260742,2016-01-21
30.797080993652344,2016-01-22
30.534643173217773,2016-01-25
31.267683029174805,2016-01-26
31.575382232666016,2016-01-27
31.629684448242188,2016-01-28
32.53468704223633,2016-01-29
32.236019134521484,2016-02-01
31.54823112487793,2016-02-02
32.28128433227539,2016-02-03
33.55733108520508,2016-02-04
33.17722702026367,2016-02-05
32.77903747558594,2016-02-08
33.22247314453125,2016-02-09
32.969085693359375,2016-02-10
32.769981384277344,2016-02-11
33.52112579345703,2016-02-12
33.62564468383789,2016-02-16
34.22545623779297,2016-02-17
34.1072998046875,2016-02-18
33.65290832519531,2016-02-19
34.207271575927734,2016-02-22
33.91646194458008,2016-02-23
34.05277633666992,2016-02-24
34.13457107543945,2016-02-25
34.27996826171875,2016-02-26
33.998252868652344,2016-02-29
34.47990798950195,2016-03-01
34.56171417236328,2016-03-02
34.68892288208008,2016-03-03
34.73439025878906,2016-03-04
35.034278869628906,2016-03-07
34.45264434814453,2016-03-08
34.67076873779297,2016-03-09
34.461734771728516,2016-03-10
34.94340896606445,2016-03-11
34.59806442260742,2016-03-14
34.66167449951172,2016-03-15
35.106998443603516,2016-03-16
35.452327728271484,2016-03-17
35.87038803100586,2016-03-18
35.8249397277832,2016-03-21
35.806758880615234,2016-03-22
35.77949142456055,2016-03-23
36.18845748901367,2016-03-24
36.26116943359375,2016-03-28
36.933677673339844,2016-03-29
37.297203063964844,2016-03-30
37.169960021972656,2016-03-31
37.488059997558594,2016-04-01
37.060909271240234,2016-04-04
37.269935607910156,2016-04-05
37.43352127075195,2016-04-06
37.1608772277832,2016-04-07
37.460784912109375,2016-04-08
37.469871520996094,2016-04-11
37.8515739440918,2016-04-12
38.02423858642578,2016-04-13
38.16056442260742,2016-04-14
38.424110412597656,2016-04-15
38.7240104675293,2016-04-18
38.81489562988281,2016-04-19
38.32413864135742,2016-04-20
38.02423858642578,2016-04-21
38.58769989013672,2016-04-22
38.36048889160156,2016-04-25
38.951210021972656,2016-04-26
38.987571716308594,2016-04-27
38.32413864135742,2016-04-28
37.96970748901367,2016-04-29
38.396846771240234,2016-05-02
38.06059265136719,2016-05-03
37.488059997558594,2016-05-04
37.74251174926758,2016-05-05
38.06968688964844,2016-05-06
37.806129455566406,2016-05-09
38.65130615234375,2016-05-10
38.969383239746094,2016-05-11
39.29655075073242,2016-05-12
39.21476745605469,2016-05-13
39.46923065185547,2016-05-16
39.51466751098633,2016-05-17
39.31473159790039,2016-05-18
39.14206314086914,2016-05-19
39.541927337646484,2016-05-20
39.67418670654297,2016-05-23
40.54975128173828,2016-05-24
40.78688430786133,2016-05-25
40.80512237548828,2016-05-26
40.650081634521484,2016-05-27
40.73215866088867,2016-05-31
40.878089904785156,2016-06-01
41.23379898071289,2016-06-02
41.48003387451172,2016-06-03
41.67157745361328,2016-06-06
41.93606185913086,2016-06-07
42.373844146728516,2016-06-08
42.22791290283203,2016-06-09
41.881343841552734,2016-06-10
41.65333938598633,2016-06-13
41.635093688964844,2016-06-14
41.58036422729492,2016-06-15
41.37971878051758,2016-06-16
41.52565002441406,2016-06-17
42.04550552368164,2016-06-20
41.945194244384766,2016-06-21
41.87221908569336,2016-06-22
42.27353286743164,2016-06-23
40.257896423339844,2016-06-24
38.962791442871094,2016-06-27
39.27287673950195,2016-06-28
39.81098937988281,2016-06-29
40.7230339050293,2016-06-30
40.92369079589844,2016-07-01
40.896324157714844,2016-07-05
41.571250915527344,2016-07-06
41.616851806640625,2016-07-07
42.3282470703125,2016-07-08
42.857234954833984,2016-07-11
42.975807189941406,2016-07-12
42.88460159301758,2016-07-13
42.71131134033203,2016-07-14
42.91196060180664,2016-07-15
42.857234954833984,2016-07-18
43.03052520751953,2016-07-19
43.04877471923828,2016-07-20
42.629234313964844,2016-07-21
42.82987976074219,2016-07-22
42.729557037353516,2016-07-25
43.5777473449707,2016-07-26
43.5777473449707,2016-07-27
43.67808151245117,2016-07-28
43.60511016845703,2016-07-29
43.60511016845703,2016-08-01
42.3282470703125,2016-08-02
42.1640739440918,2016-08-03
42.79339599609375,2016-08-04
43.18555450439453,2016-08-05
43.31325912475586,2016-08-08
43.71455764770508,2016-08-09
43.67808151245117,2016-08-10
44.270931243896484,2016-08-11
44.18883514404297,2016-08-12
45.894371032714844,2016-08-15
45.78491973876953,2016-08-16
45.9126091003418,2016-08-17
46.00380325317383,2016-08-18
46.3321533203125,2016-08-19
46.560157775878906,2016-08-22
46.42335510253906,2016-08-23
46.20446014404297,2016-08-24
46.131500244140625,2016-08-25
46.21357727050781,2016-08-26
46.63899230957031,2016-08-29
46.62983703613281,2016-08-30
46.52920913696289,2016-08-31
46.11753463745117,2016-09-01
46.584102630615234,2016-09-02
46.62983703613281,2016-09-06
46.602394104003906,2016-09-07
46.70302200317383,2016-09-08
44.50739669799805,2016-09-09
45.568626403808594,2016-09-12
45.26670837402344,2016-09-13
45.27585983276367,2016-09-14
45.98029327392578,2016-09-15
45.70584487915039,2016-09-16
46.22731018066406,2016-09-19
46.41942596435547,2016-09-20
47.398311614990234,2016-09-21
48.13933563232422,2016-09-22
47.16045379638672,2016-09-23
47.105560302734375,2016-09-26
47.66360092163086,2016-09-27
47.76426315307617,2016-09-28
47.407466888427734,2016-09-29
47.98381423950195,2016-09-30
48.00212860107422,2016-10-03
47.80998992919922,2016-10-04
47.52639389038086,2016-10-05
47.41660690307617,2016-10-06
46.43771743774414,2016-10-07
46.0900764465332,2016-10-10
45.467987060546875,2016-10-11
45.843055725097656,2016-10-12
45.431400299072266,2016-10-13
45.257572174072266,2016-10-14
45.010562896728516,2016-10-17
44.964813232421875,2016-10-18
45.257572174072266,2016-10-19
44.75439453125,2016-10-20
44.681217193603516,2016-10-21
44.49824905395508,2016-10-24
43.9401969909668,2016-10-25
44.26953125,2016-10-26
43.9401969909668,2016-10-27
44.470802307128906,2016-10-28
44.21464157104492,2016-10-31
43.17171096801758,2016-11-01
42.9612922668457,2016-11-02
43.21744918823242,2016-11-03
43.36383819580078,2016-11-04
44.570796966552734,2016-11-07
45.25000762939453,2016-11-08
46.498287200927734,2016-11-09
48.40742492675781,2016-11-10
48.41659927368164,2016-11-11
48.8663444519043,2016-11-14
50.252296447753906,2016-11-15
49.88515090942383,2016-11-16
49.57309341430664,2016-11-17
48.912235260009766,2016-11-18
49.068267822265625,2016-11-21
48.572628021240234,2016-11-22
48.51755905151367,2016-11-23
48.572628021240234,2016-11-25
47.39777755737305,2016-11-28
47.1224250793457,2016-11-29
47.342716217041016,2016-11-30
47.553810119628906,2016-12-01
47.54463195800781,2016-12-02
47.47119903564453,2016-12-05
47.884246826171875,2016-12-06
47.78327560424805,2016-12-07
47.62723922729492,2016-12-08
47.25092697143555,2016-12-09
46.80117416381836,2016-12-12
46.80117416381836,2016-12-13
46.415679931640625,2016-12-14
46.020999908447266,2016-12-15
45.98428726196289,2016-12-16
46.59007263183594,2016-12-19
46.73693084716797,2016-12-20
46.654319763183594,2016-12-21
46.92967224121094,2016-12-22
46.81953430175781,2016-12-23
46.681861877441406,2016-12-27
45.837425231933594,2016-12-28
45.6814079284668,2016-12-29
45.451934814453125,2016-12-30
45.571266174316406,2017-01-03
46.25046157836914,2017-01-04
45.82826232910156,2017-01-05
45.50700759887695,2017-01-06
45.31426239013672,2017-01-09
45.103153228759766,2017-01-10
45.341796875,2017-01-11
44.33216857910156,2017-01-12
44.75437927246094,2017-01-13
44.24037551879883,2017-01-17
44.45146942138672,2017-01-18
45.020538330078125,2017-01-19
45.02972412109375,2017-01-20
44.51573944091797,2017-01-23
45.03890609741211,2017-01-24
46.030181884765625,2017-01-25
45.9751091003418,2017-01-26
45.93840408325195,2017-01-27
45.433589935302734,2017-01-30
45.25918197631836,2017-01-31
45.112335205078125,2017-02-01
44.79108810424805,2017-02-02
45.204105377197266,2017-02-03
43.30415725708008,2017-02-06
43.340877532958984,2017-02-07
43.13895797729492,2017-02-08
43.70801544189453,2017-02-09
43.9466552734375,2017-02-10
44.31379699707031,2017-02-13
43.89923095703125,2017-02-14
43.91765213012695,2017-02-15
43.99134826660156,2017-02-16
44.03742218017578,2017-02-17
44.525699615478516,2017-02-21
44.452003479003906,2017-02-22
43.77946853637695,2017-02-23
44.12955093383789,2017-02-24
45.096893310546875,2017-02-27
44.33224105834961,2017-02-28
45.649662017822266,2017-03-01
45.0416145324707,2017-03-02
44.89421463012695,2017-03-03
44.7099609375,2017-03-06
44.94028091430664,2017-03-07
43.807090759277344,2017-03-08
43.91765213012695,2017-03-09
44.461212158203125,2017-03-10
44.700740814208984,2017-03-13
44.26774215698242,2017-03-14
44.73759078979492,2017-03-15
44.91263198852539,2017-03-16
45.29036331176758,2017-03-17
44.98634338378906,2017-03-20
44.276947021484375,2017-03-21
45.400917053222656,2017-03-22
45.0416145324707,2017-03-23
45.345645904541016,2017-03-24
45.23509216308594,2017-03-27
45.760223388671875,2017-03-28
45.50226593017578,2017-03-29
45.97212600708008,2017-03-30
46.266937255859375,2017-03-31
45.557533264160156,2017-04-03
46.40511703491211,2017-04-04
46.46039581298828,2017-04-05
46.91183090209961,2017-04-06
46.82891845703125,2017-04-07
46.74599838256836,2017-04-10
46.68149185180664,2017-04-11
45.4930534362793,2017-04-12
45.03240966796875,2017-04-13
45.56674575805664,2017-04-17
45.262725830078125,2017-04-18
45.446990966796875,2017-04-19
46.266937255859375,2017-04-20
46.6630744934082,2017-04-21
47.41853713989258,2017-04-24
47.73176574707031,2017-04-25
47.400108337402344,2017-04-26
47.55673599243164,2017-04-27
47.36325454711914,2017-04-28
47.280338287353516,2017-05-01
46.441978454589844,2017-05-02
46.02738952636719,2017-05-03
47.464599609375,2017-05-04
48.183204650878906,2017-05-05
48.09107208251953,2017-05-08
47.768619537353516,2017-05-09
47.02238464355469,2017-05-10
46.8749885559082,2017-05-11
46.96710968017578,2017-05-12
48.17399215698242,2017-05-15
47.69492721557617,2017-05-16
47.492225646972656,2017-05-17
47.42775344848633,2017-05-18
47.91602325439453,2017-05-19
48.15555953979492,2017-05-22
48.81193923950195,2017-05-23
48.63628005981445,2017-05-24
48.19255447387695,2017-05-25
47.52692794799805,2017-05-26
47.87822341918945,2017-05-30
48.2017936706543,2017-05-31
48.47913360595703,2017-06-01
48.996826171875,2017-06-02
49.18172073364258,2017-06-05
48.710243225097656,2017-06-06
49.42207336425781,2017-06-07
49.533023834228516,2017-06-08
49.89356231689453,2017-06-09
49.93978500366211,2017-06-12
49.7271614074707,2017-06-13
49.60697555541992,2017-06-14
49.88431930541992,2017-06-15
49.967525482177734,2017-06-16
50.078453063964844,2017-06-19
49.81035614013672,2017-06-20
49.49604034423828,2017-06-21
49.78262710571289,2017-06-22
50.22636795043945,2017-06-23
50.5499382019043,2017-06-26
50.38353729248047,2017-06-27
50.818031311035156,2017-06-28
50.753318786621094,2017-06-29
51.243282318115234,2017-06-30
51.261783599853516,2017-07-03
50.7902946472168,2017-07-05
50.27259826660156,2017-07-06
50.79954528808594,2017-07-07
50.48522186279297,2017-07-10
50.235626220703125,2017-07-11
51.1416015625,2017-07-12
51.622318267822266,2017-07-13
51.8626823425293,2017-07-14
52.43585968017578,2017-07-17
52.158512115478516,2017-07-18
52.75942611694336,2017-07-19
52.62998962402344,2017-07-20
53.26787567138672,2017-07-21
53.36033248901367,2017-07-24
52.88884353637695,2017-07-25
52.593013763427734,2017-07-26
52.574520111083984,2017-07-27
52.62998962402344,2017-07-28
52.44510269165039,2017-07-31
54.82098388671875,2017-08-01
55.3941535949707,2017-08-02
55.06135177612305,2017-08-03
55.48659896850586,2017-08-04
55.505088806152344,2017-08-07
55.3201904296875,2017-08-08
55.20001983642578,2017-08-09
54.525146484375,2017-08-10
54.654579162597656,2017-08-11
55.35717010498047,2017-08-14
55.33868408203125,2017-08-15
55.40338897705078,2017-08-16
54.497413635253906,2017-08-17
54.57136535644531,2017-08-18
54.830223083496094,2017-08-21
55.43113327026367,2017-08-22
55.4588623046875,2017-08-23
55.5605583190918,2017-08-24
55.91185760498047,2017-08-25
56.54050064086914,2017-08-28
56.6610221862793,2017-08-29
57.06899642944336,2017-08-30
57.5511360168457,2017-08-31
57.45842361450195,2017-09-01
57.393516540527344,2017-09-05
57.50477600097656,2017-09-06
57.93129348754883,2017-09-07
58.20944595336914,2017-09-08
58.385616302490234,2017-09-11
58.34852981567383,2017-09-12
58.422706604003906,2017-09-13
58.422706604003906,2017-09-14
58.691585540771484,2017-09-15
59.025390625,2017-09-18
59.183006286621094,2017-09-19
59.37771987915039,2017-09-20
59.275733947753906,2017-09-21
60.03601837158203,2017-09-22
59.76714324951172,2017-09-25
58.72867965698242,2017-09-26
58.41343688964844,2017-09-27
57.90347671508789,2017-09-28
58.07036209106445,2017-09-29
58.71013641357422,2017-10-02
59.275733947753906,2017-10-03
59.822776794433594,2017-10-04
59.77641296386719,2017-10-05
59.85985565185547,2017-10-06
59.943302154541016,2017-10-09
59.92475509643555,2017-10-10
59.628047943115234,2017-10-11
60.156578063964844,2017-10-12
59.998939514160156,2017-10-13
61.15793228149414,2017-10-16
58.626678466796875,2017-10-17
59.04393005371094,2017-10-18
59.23862838745117,2017-10-19
59.55388259887695,2017-10-20
59.04393005371094,2017-10-23
60.11020278930664,2017-10-24
59.83204650878906,2017-10-25
60.09165954589844,2017-10-26
60.13801956176758,2017-10-27
59.93403625488281,2017-10-30
61.686424255371094,2017-10-31
61.500511169433594,2017-11-01
62.3465461730957,2017-11-02
61.890995025634766,2017-11-03
61.86308670043945,2017-11-06
61.92816162109375,2017-11-07
61.87238693237305,2017-11-08
61.621368408203125,2017-11-09
61.593467712402344,2017-11-10
61.3889274597168,2017-11-13
61.677146911621094,2017-11-14
61.26807403564453,2017-11-15
61.80730056762695,2017-11-16
61.751502990722656,2017-11-17
62.28146743774414,2017-11-20
62.67194747924805,2017-11-21
62.616153717041016,2017-11-22
62.9322509765625,2017-11-24
62.8857536315918,2017-11-27
63.70390701293945,2017-11-28
63.406410217285156,2017-11-29
64.46629333496094,2017-11-30
64.15947723388672,2017-12-01
63.93632888793945,2017-12-04
63.07170486450195,2017-12-05
63.201866149902344,2017-12-06
63.57374572753906,2017-12-07
63.39710998535156,2017-12-08
62.551063537597656,2017-12-11
62.79279327392578,2017-12-12
62.74630355834961,2017-12-13
62.01183319091797,2017-12-14
62.8206901550293,2017-12-15
63.12748718261719,2017-12-18
63.09030532836914,2017-12-19
63.05313491821289,2017-12-20
62.98805236816406,2017-12-21
62.82997512817383,2017-12-22
62.755592346191406,2017-12-26
63.434295654296875,2017-12-27
63.452903747558594,2017-12-28
63.406410217285156,2017-12-29
63.28554153442383,2018-01-02
64.05722045898438,2018-01-03
64.48487091064453,2018-01-04
64.36402130126953,2018-01-05
64.59645080566406,2018-01-08
64.61502838134766,2018-01-09
64.15018463134766,2018-01-10
65.05199432373047,2018-01-11
65.50755310058594,2018-01-12
65.58195495605469,2018-01-16
66.02820587158203,2018-01-17
66.11186218261719,2018-01-18
66.85565948486328,2018-01-19
67.54363250732422,2018-01-22
67.50645446777344,2018-01-23
67.4692611694336,2018-01-24
68.09215545654297,2018-01-25
69.17991638183594,2018-01-26
68.25021362304688,2018-01-29
67.93412017822266,2018-01-30
67.1810302734375,2018-01-31
69.5796890258789,2018-02-01
70.3420639038086,2018-02-02
67.55292510986328,2018-02-05
66.31643676757812,2018-02-06
66.74407958984375,2018-02-07
65.30302429199219,2018-02-08
65.8422622680664,2018-02-09
66.87422943115234,2018-02-12
67.65518951416016,2018-02-13
68.35449981689453,2018-02-14
69.67852020263672,2018-02-15
70.14470672607422,2018-02-16
69.67852020263672,2018-02-20
70.09809875488281,2018-02-21
69.97686767578125,2018-02-22
70.79740142822266,2018-02-23
71.1051025390625,2018-02-26
70.62957763671875,2018-02-27
69.53863525390625,2018-02-28
68.31719207763672,2018-03-01
68.54097747802734,2018-03-02
68.86730194091797,2018-03-05
70.19134521484375,2018-03-06
71.21697235107422,2018-03-07
71.97221374511719,2018-03-08
74.1074447631836,2018-03-09
72.81139373779297,2018-03-12
72.70880889892578,2018-03-13
71.89762878417969,2018-03-14
72.39179992675781,2018-03-15
73.14706420898438,2018-03-16
72.88597869873047,2018-03-19
73.67853546142578,2018-03-20
73.97687530517578,2018-03-21
72.14938354492188,2018-03-22
70.57364654541016,2018-03-23
72.61556243896484,2018-03-26
71.16102600097656,2018-03-27
70.68550872802734,2018-03-28
71.72046661376953,2018-03-29
70.02349090576172,2018-04-02
71.51533508300781,2018-04-03
71.5712661743164,2018-04-04
72.35450744628906,2018-04-05
70.30323791503906,2018-04-06
70.59226989746094,2018-04-09
71.58995056152344,2018-04-10
71.03983306884766,2018-04-11
71.9069595336914,2018-04-12
71.63655853271484,2018-04-13
72.53168487548828,2018-04-16
73.54800415039062,2018-04-17
73.86500549316406,2018-04-18
73.42676544189453,2018-04-19
73.91162872314453,2018-04-20
73.20299530029297,2018-04-23
70.38713073730469,2018-04-24
70.42443084716797,2018-04-25
69.67852020263672,2018-04-26
68.72746276855469,2018-04-27
67.97222137451172,2018-04-30
65.61323547363281,2018-05-01
64.22393798828125,2018-05-02
64.92325592041016,2018-05-03
65.34283447265625,2018-05-04
65.2868881225586,2018-05-07
66.06078338623047,2018-05-08
67.05845642089844,2018-05-09
67.70182037353516,2018-05-10
68.55963897705078,2018-05-11
68.50369262695312,2018-05-14
67.19832611083984,2018-05-15
66.62024688720703,2018-05-16
66.63888549804688,2018-05-17
66.79737854003906,2018-05-18
68.09342956542969,2018-05-21
67.2262954711914,2018-05-22
66.90835571289062,2018-05-23
67.3385009765625,2018-05-24
66.76808166503906,2018-05-25
65.97323608398438,2018-05-29
66.85224914550781,2018-05-30
65.83294677734375,2018-05-31
67.17952728271484,2018-06-01
66.82416534423828,2018-06-04
67.01121520996094,2018-06-05
67.90892791748047,2018-06-06
68.36714172363281,2018-06-07
68.51675415039062,2018-06-08
67.16082763671875,2018-06-11
66.75872802734375,2018-06-12
67.01121520996094,2018-06-13
67.0766830444336,2018-06-14
66.72132110595703,2018-06-15
66.94573974609375,2018-06-18
64.34608459472656,2018-06-19
64.85108184814453,2018-06-20
62.195316314697266,2018-06-21
62.139190673828125,2018-06-22
61.970882415771484,2018-06-25
62.26077651977539,2018-06-26
62.09245681762695,2018-06-27
62.02699279785156,2018-06-28
63.00886535644531,2018-06-29
63.19587326049805,2018-07-02
62.70963668823242,2018-07-03
62.76573181152344,2018-07-05
62.47583770751953,2018-07-06
63.62605667114258,2018-07-09
63.76632308959961,2018-07-10
62.37297439575195,2018-07-11
63.654109954833984,2018-07-12
64.07490539550781,2018-07-13
63.02757263183594,2018-07-16
63.40163040161133,2018-07-17
63.76632308959961,2018-07-18
64.13101959228516,2018-07-19
65.0567855834961,2018-07-20
63.39226150512695,2018-07-23
63.86920166015625,2018-07-24
64.59856414794922,2018-07-25
65.75814819335938,2018-07-26
65.63658905029297,2018-07-27
65.48694610595703,2018-07-30
71.59335327148438,2018-07-31
70.05973052978516,2018-08-01
70.16258239746094,2018-08-02
71.06965637207031,2018-08-03
71.13512420654297,2018-08-06
71.74295043945312,2018-08-07
71.8738784790039,2018-08-08
71.71490478515625,2018-08-09
70.88265228271484,2018-08-10
70.05973052978516,2018-08-13
69.90076446533203,2018-08-14
69.48928833007812,2018-08-15
69.91011047363281,2018-08-16
70.5366439819336,2018-08-17
70.8919906616211,2018-08-20
71.21929168701172,2018-08-21
70.43377685546875,2018-08-22
70.04100799560547,2018-08-23
70.62080383300781,2018-08-24
71.66812896728516,2018-08-27
71.46241760253906,2018-08-28
72.0719223022461,2018-08-29
71.18110656738281,2018-08-30
71.18110656738281,2018-08-31
70.94668579101562,2018-09-04
72.86897277832031,2018-09-05
73.52536010742188,2018-09-06
73.76917266845703,2018-09-07
74.92256164550781,2018-09-10
74.82877349853516,2018-09-11
75.0350570678711,2018-09-12
75.74773406982422,2018-09-13
75.88838958740234,2018-09-14
76.46039581298828,2018-09-17
76.76981353759766,2018-09-18
76.27283477783203,2018-09-19
76.31970977783203,2018-09-20
76.16030883789062,2018-09-21
75.07257843017578,2018-09-24
75.14759826660156,2018-09-25
75.14759826660156,2018-09-26
75.28826141357422,2018-09-27
74.89441680908203,2018-09-28
75.616455078125,2018-10-01
75.40077209472656,2018-10-02
75.58831787109375,2018-10-03
75.28826141357422,2018-10-04
74.36930847167969,2018-10-05
72.89710235595703,2018-10-08
69.78392791748047,2018-10-09
67.64596557617188,2018-10-10
64.73908233642578,2018-10-11
65.4236068725586,2018-10-12
65.37672424316406,2018-10-15
67.28026580810547,2018-10-16
66.89580535888672,2018-10-17
65.53614044189453,2018-10-18
64.95474243164062,2018-10-19
65.02977752685547,2018-10-22
64.10142517089844,2018-10-23
61.822818756103516,2018-10-24
62.68550109863281,2018-10-25
62.37608337402344,2018-10-26
61.60714340209961,2018-10-29
61.07265853881836,2018-10-30
61.69354248046875,2018-10-31
64.6756820678711,2018-11-01
63.98893356323242,2018-11-02
64.44991302490234,2018-11-05
65.71047973632812,2018-11-06
67.2627182006836,2018-11-07
67.31916809082031,2018-11-08
66.67945861816406,2018-11-09
64.90145874023438,2018-11-12
64.70389556884766,2018-11-13
64.10182189941406,2018-11-14
66.27491760253906,2018-11-15
66.67005157470703,2018-11-16
65.33421325683594,2018-11-19
63.23633575439453,2018-11-20
64.22412109375,2018-11-21
63.98893356323242,2018-11-23
65.44707489013672,2018-11-26
65.39063262939453,2018-11-27
66.91462707519531,2018-11-28
67.0745620727539,2018-11-29
68.65499114990234,2018-11-30
68.01529693603516,2018-12-03
64.00775146484375,2018-12-04
62.86948013305664,2018-12-06
61.79701614379883,2018-12-07
61.99458694458008,2018-12-10
61.54302978515625,2018-12-11
61.74057388305664,2018-12-12
61.70294952392578,2018-12-13
61.56184005737305,2018-12-14
60.48940658569336,2018-12-17
60.57405471801758,2018-12-18
61.27021408081055,2018-12-19
60.07548522949219,2018-12-20
59.680362701416016,2018-12-21
57.74244689941406,2018-12-24
60.461185455322266,2018-12-26
61.4771728515625,2018-12-27
61.430137634277344,2018-12-28
62.7659797668457,2018-12-31
62.568443298339844,2019-01-02
60.423553466796875,2019-01-03
62.97295379638672,2019-01-04
62.04161834716797,2019-01-07
62.62489318847656,2019-01-08
63.64085006713867,2019-01-09
64.8261947631836,2019-01-10
65.21189880371094,2019-01-11
65.0613784790039,2019-01-14
64.76973724365234,2019-01-15
64.88264465332031,2019-01-16
65.99271392822266,2019-01-17
66.98989868164062,2019-01-18
65.16484832763672,2019-01-22
64.33702087402344,2019-01-23
64.56278228759766,2019-01-24
65.71987915039062,2019-01-25
65.24012756347656,2019-01-28
66.31257629394531,2019-01-29
67.72366333007812,2019-01-30
67.03694152832031,2019-01-31
65.99271392822266,2019-02-01
66.15262603759766,2019-02-04
66.54773712158203,2019-02-05
67.31916809082031,2019-02-06
66.19966888427734,2019-02-07
66.4066390991211,2019-02-08
67.17803955078125,2019-02-11
68.57974243164062,2019-02-12
68.5986099243164,2019-02-13
68.40985870361328,2019-02-14
69.77841186523438,2019-02-15
69.14604187011719,2019-02-19
69.91056060791016,2019-02-20
70.14653015136719,2019-02-21
70.59957122802734,2019-02-22
71.03372955322266,2019-02-25
71.1375503540039,2019-02-26
72.01534271240234,2019-02-27
71.30746459960938,2019-02-28
72.08141326904297,2019-03-01
71.9681396484375,2019-03-04
71.91151428222656,2019-03-05
71.5905990600586,2019-03-06
71.09034729003906,2019-03-07
70.86385345458984,2019-03-08
72.57221984863281,2019-03-11
72.3834457397461,2019-03-12
72.96864318847656,2019-03-13
72.20410919189453,2019-03-14
72.43062591552734,2019-03-15
73.93134307861328,2019-03-18
74.0257339477539,2019-03-19
73.7897720336914,2019-03-20
74.7996826171875,2019-03-21
72.7326431274414,2019-03-22
72.54389190673828,2019-03-25
73.71424865722656,2019-03-26
73.60098266601562,2019-03-27
74.62976837158203,2019-03-28
74.6014633178711,2019-03-29
76.03609466552734,2019-04-01
75.54533386230469,2019-04-02
75.21498107910156,2019-04-03
75.5075454711914,2019-04-04
75.82844543457031,2019-04-05
76.76287841796875,2019-04-08
75.10169982910156,2019-04-09
74.91293334960938,2019-04-10
76.35702514648438,2019-04-11
77.74447631835938,2019-04-12
77.27254486083984,2019-04-15
77.81053924560547,2019-04-16
78.12200164794922,2019-04-17
78.27301788330078,2019-04-18
78.80157470703125,2019-04-22
78.4051513671875,2019-04-23
78.4051513671875,2019-04-24
77.56515502929688,2019-04-25
78.44292449951172,2019-04-26
79.113037109375,2019-04-29
78.71662139892578,2019-04-30
78.61280822753906,2019-05-01
75.0733871459961,2019-05-02
77.66895294189453,2019-05-03
75.58308410644531,2019-05-06
74.72417449951172,2019-05-07
74.68641662597656,2019-05-08
74.63922882080078,2019-05-09
73.7897720336914,2019-05-10
72.48725891113281,2019-05-13
71.26971435546875,2019-05-14
72.15689849853516,2019-05-15
71.97759246826172,2019-05-16
70.9959716796875,2019-05-17
70.31641387939453,2019-05-20
71.51509094238281,2019-05-21
71.1941909790039,2019-05-22
69.91056060791016,2019-05-23
69.77841186523438,2019-05-24
70.07099914550781,2019-05-28
70.04261016845703,2019-05-29
70.19410705566406,2019-05-30
70.27934265136719,2019-05-31
71.69970703125,2019-06-03
73.29049682617188,2019-06-04
74.69192504882812,2019-06-05
74.94757843017578,2019-06-06
75.3358154296875,2019-06-07
76.11227416992188,2019-06-10
75.75243377685547,2019-06-11
75.95130920410156,2019-06-12
76.78457641601562,2019-06-13
76.77511596679688,2019-06-14
76.26377868652344,2019-06-17
76.87926483154297,2019-06-18
77.20121765136719,2019-06-19
78.87725067138672,2019-06-20
77.41900634765625,2019-06-21
77.7409439086914,2019-06-24
77.22962188720703,2019-06-25
77.00235748291016,2019-06-26
77.51368713378906,2019-06-27
79.19918060302734,2019-06-28
79.92830657958984,2019-07-01
78.7541275024414,2019-07-02
78.90565490722656,2019-07-03
78.44165802001953,2019-07-05
77.36219024658203,2019-07-08
76.680419921875,2019-07-09
76.12173461914062,2019-07-10
76.84139251708984,2019-07-11
78.1197280883789,2019-07-12
77.56103515625,2019-07-15
78.23334503173828,2019-07-16
76.98342895507812,2019-07-17
76.18804931640625,2019-07-18
76.57625579833984,2019-07-19
76.06494140625,2019-07-22
77.43794250488281,2019-07-23
77.96821594238281,2019-07-24
77.33378601074219,2019-07-25
77.15389251708984,2019-07-26
76.59518432617188,2019-07-29
76.81298828125,2019-07-30
76.02705383300781,2019-07-31
74.6256332397461,2019-08-01
73.41358184814453,2019-08-02
70.63916015625,2019-08-05
71.79438781738281,2019-08-06
71.98375701904297,2019-08-07
73.1105728149414,2019-08-08
72.74127960205078,2019-08-09
71.73759460449219,2019-08-12
72.94961547851562,2019-08-13
70.90428161621094,2019-08-14
71.15996551513672,2019-08-15
72.50455474853516,2019-08-16
72.81703186035156,2019-08-19
72.00270080566406,2019-08-20
71.93643188476562,2019-08-21
71.55767059326172,2019-08-22
69.82479858398438,2019-08-23
70.1278305053711,2019-08-26
70.33615112304688,2019-08-27
71.2386245727539,2019-08-28
72.5685806274414,2019-08-29
72.777587890625,2019-08-30
70.90613555908203,2019-09-03
71.5426254272461,2019-09-04
73.86054992675781,2019-09-05
74.46854400634766,2019-09-06
73.6230697631836,2019-09-09
74.43052673339844,2019-09-10
75.32351684570312,2019-09-11
74.16455841064453,2019-09-12
74.73453521728516,2019-09-13
74.1550521850586,2019-09-16
74.41153717041016,2019-09-17
74.46854400634766,2019-09-18
74.050537109375,2019-09-19
73.60404968261719,2019-09-20
73.66105651855469,2019-09-23
73.01509857177734,2019-09-24
74.6300277709961,2019-09-25
75.36151885986328,2019-09-26
76.12149047851562,2019-09-27
75.63700103759766,2019-09-30
72.98657989501953,2019-10-01
70.87763977050781,2019-10-02
71.36212921142578,2019-10-03
72.16960144042969,2019-10-04
71.78961181640625,2019-10-07
69.75666809082031,2019-10-08
70.83963775634766,2019-10-09
71.65660095214844,2019-10-10
73.7465591430664,2019-10-11
73.1575927734375,2019-10-14
74.1170425415039,2019-10-15
74.26904296875,2019-10-16
74.8675308227539,2019-10-17
75.78900909423828,2019-10-18
76.95745849609375,2019-10-21
77.20447540283203,2019-10-22
77.5179672241211,2019-10-23
77.87895202636719,2019-10-24
79.13291931152344,2019-10-25
79.8263931274414,2019-10-28
80.52937316894531,2019-10-29
80.08162689208984,2019-10-30
73.06043243408203,2019-10-31
75.37541961669922,2019-11-01
74.92766571044922,2019-11-04
75.89940643310547,2019-11-05
74.49897003173828,2019-11-06
73.6606216430664,2019-11-07
73.6701431274414,2019-11-08
72.22206115722656,2019-11-11
73.01278686523438,2019-11-12
72.18395233154297,2019-11-13
72.8889389038086,2019-11-14
73.87973022460938,2019-11-15
73.65108489990234,2019-11-18
74.30843353271484,2019-11-19
73.80350494384766,2019-11-20
73.76541900634766,2019-11-21
73.2509765625,2019-11-22
72.96515655517578,2019-11-25
73.49864959716797,2019-11-26
73.93689727783203,2019-11-27
73.84161376953125,2019-11-29
72.92706298828125,2019-12-02
71.96484375,2019-12-03
71.81242370605469,2019-12-04
71.36467742919922,2019-12-05
71.75526428222656,2019-12-06
71.83148956298828,2019-12-09
72.22206115722656,2019-12-10
73.19380950927734,2019-12-11
73.98452758789062,2019-12-12
74.04167938232422,2019-12-13
73.62250518798828,2019-12-16
74.28935241699219,2019-12-17
74.22269439697266,2019-12-18
73.91781616210938,2019-12-19
74.8895492553711,2019-12-20
75.21347045898438,2019-12-23
74.91814422607422,2019-12-24
74.8800277709961,2019-12-26
75.1086654663086,2019-12-27
75.01338195800781,2019-12-30
75.06104278564453,2019-12-31
76.07086944580078,2020-01-02
76.51862335205078,2020-01-03
76.02323913574219,2020-01-06
75.73745727539062,2020-01-07
75.9946517944336,2020-01-08
76.33760833740234,2020-01-09
76.15660095214844,2020-01-10
77.43318939208984,2020-01-13
77.5189437866211,2020-01-14
78.54781341552734,2020-01-15
79.22420501708984,2020-01-16
79.51000213623047,2020-01-17
78.50017547607422,2020-01-21
78.31916809082031,2020-01-22
78.46208190917969,2020-01-23
77.62371826171875,2020-01-24
76.42337036132812,2020-01-27
77.42366790771484,2020-01-28
79.23373413085938,2020-01-29
79.70055389404297,2020-01-30
77.79521942138672,2020-01-31
79.39571380615234,2020-02-03
82.41567993164062,2020-02-04
83.46361541748047,2020-02-05
79.18611145019531,2020-02-06
80.21499633789062,2020-02-07
81.6630630493164,2020-02-10
83.11109924316406,2020-02-11
84.91165161132812,2020-02-12
82.93012237548828,2020-02-13
83.96852111816406,2020-02-14
83.88278198242188,2020-02-18
83.79704284667969,2020-02-19
84.46392059326172,2020-02-20
84.3305435180664,2020-02-21
82.33944702148438,2020-02-24
80.33882904052734,2020-02-25
80.20503997802734,2020-02-26
77.08019256591797,2020-02-27
73.90752410888672,2020-02-28
78.63782501220703,2020-03-02
76.33478546142578,2020-03-03
81.53335571289062,2020-03-04
78.80030059814453,2020-03-05
77.6153335571289,2020-03-06
72.56964874267578,2020-03-09
73.3819351196289,2020-03-10
69.98949432373047,2020-03-11
61.94318771362305,2020-03-12
68.9192123413086,2020-03-13
62.16299057006836,2020-03-16
68.63249969482422,2020-03-17
62.583457946777344,2020-03-18
61.59916687011719,2020-03-19
57.23199462890625,2020-03-20
54.1262321472168,2020-03-23
59.24834060668945,2020-03-24
61.02579879760742,2020-03-25
64.99161529541016,2020-03-26
62.5930061340332,2020-03-27
63.30015563964844,2020-03-30
62.23942947387695,2020-03-31
57.117313385009766,2020-04-01
60.58620834350586,2020-04-02
57.81492233276367,2020-04-03
62.29677200317383,2020-04-06
63.252376556396484,2020-04-07
66.02368927001953,2020-04-08
66.2625961303711,2020-04-09
65.16362762451172,2020-04-13
67.2755355834961,2020-04-14
64.14111328125,2020-04-15
63.62508010864258,2020-04-16
66.50148010253906,2020-04-17
66.18612670898438,2020-04-20
65.05848693847656,2020-04-21
66.10968780517578,2020-04-22
64.98204040527344,2020-04-23
65.47896575927734,2020-04-24
67.62910461425781,2020-04-27
70.19970703125,2020-04-28
70.51508331298828,2020-04-29
68.7089614868164,2020-04-30
66.21480560302734,2020-05-01
65.50765228271484,2020-05-04
62.16299057006836,2020-05-05
60.26129913330078,2020-05-06
60.729549407958984,2020-05-07
60.203956604003906,2020-05-08
59.75481414794922,2020-05-11
56.44838333129883,2020-05-12
55.62654495239258,2020-05-13
56.33370590209961,2020-05-14
55.60742950439453,2020-05-15
59.2674560546875,2020-05-18
57.88180160522461,2020-05-19
59.32480239868164,2020-05-20
59.219669342041016,2020-05-21
59.45858383178711,2020-05-22
62.35411071777344,2020-05-26
66.06714630126953,2020-05-27
65.39553833007812,2020-05-28
63.64934158325195,2020-05-29
63.323143005371094,2020-06-01
65.14607238769531,2020-06-02
67.23765563964844,2020-06-03
67.52548217773438,2020-06-04
69.79937744140625,2020-06-05
69.36762237548828,2020-06-08
67.41995239257812,2020-06-09
65.73133850097656,2020-06-10
61.212364196777344,2020-06-11
61.55776596069336,2020-06-12
61.903167724609375,2020-06-15
64.18663787841797,2020-06-16
64.34974670410156,2020-06-17
63.71651077270508,2020-06-18
62.64192199707031,2020-06-19
62.68031692504883,2020-06-22
61.64411163330078,2020-06-23
59.91712188720703,2020-06-24
59.638885498046875,2020-06-25
60.59832763671875,2020-06-26
61.65371322631836,2020-06-29
62.3253173828125,2020-06-30
61.06845474243164,2020-07-01
62.76666259765625,2020-07-02
64.4264907836914,2020-07-06
63.40947341918945,2020-07-07
63.07368087768555,2020-07-08
63.822052001953125,2020-07-09
63.81245803833008,2020-07-10
64.60877990722656,2020-07-13
70.35585021972656,2020-07-14
71.93893432617188,2020-07-15
71.71824645996094,2020-07-16
71.238525390625,2020-07-17
71.16178131103516,2020-07-20
71.41122436523438,2020-07-21
71.4016342163086,2020-07-22
71.58393096923828,2020-07-23
71.238525390625,2020-07-24
72.20756530761719,2020-07-27
71.32488250732422,2020-07-28
74.04009246826172,2020-07-29
71.64149475097656,2020-07-30
70.02005004882812,2020-07-31
70.63408660888672,2020-08-03
70.79718780517578,2020-08-04
72.94632720947266,2020-08-05
72.71607208251953,2020-08-06
74.02090454101562,2020-08-07
75.79586791992188,2020-08-10
77.04315948486328,2020-08-11
76.85127258300781,2020-08-12
76.25642395019531,2020-08-13
76.39073944091797,2020-08-14
76.00696563720703,2020-08-17
76.11250305175781,2020-08-18
76.16046905517578,2020-08-19
76.16046905517578,2020-08-20
76.17964172363281,2020-08-21
78.0985336303711,2020-08-24
77.65719604492188,2020-08-25
77.67645263671875,2020-08-26
78.16732788085938,2020-08-27
78.90848541259766,2020-08-28
77.1759262084961,2020-08-31
78.6678695678711,2020-09-01
80.06352996826172,2020-09-02
78.60047912597656,2020-09-03
78.80259704589844,2020-09-04
78.3021011352539,2020-09-08
80.284912109375,2020-09-09
78.94698333740234,2020-09-10
81.38220977783203,2020-09-11
81.05494689941406,2020-09-14
81.24745178222656,2020-09-15
82.0174789428711,2020-09-16
82.63348388671875,2020-09-17
82.38322448730469,2020-09-18
80.3330307006836,2020-09-21
80.78543090820312,2020-09-22
79.34162902832031,2020-09-23
79.12024688720703,2020-09-24
79.94802856445312,2020-09-25
80.71805572509766,2020-09-28
80.63143157958984,2020-09-29
80.96831512451172,2020-09-30
79.46675872802734,2020-10-01
81.26669311523438,2020-10-02
83.08589172363281,2020-10-05
83.26876831054688,2020-10-06
84.89544677734375,2020-10-07
86.4643783569336,2020-10-08
87.1958999633789,2020-10-09
88.42794799804688,2020-10-12
86.52212524414062,2020-10-13
87.41728973388672,2020-10-14
87.5616683959961,2020-10-15
88.09105682373047,2020-10-16
87.03227233886719,2020-10-19
88.05255126953125,2020-10-20
87.3691635131836,2020-10-21
87.4557876586914,2020-10-22
88.1584243774414,2020-10-23
86.69538879394531,2020-10-26
85.72322082519531,2020-10-27
84.07730102539062,2020-10-28
83.60564422607422,2020-10-29
83.87516784667969,2020-10-30
85.27082824707031,2020-11-02
88.17768096923828,2020-11-03
83.76638793945312,2020-11-04
87.66609191894531,2020-11-05
87.91707611083984,2020-11-06
90.28199005126953,2020-11-09
91.80712890625,2020-11-10
90.5426025390625,2020-11-11
89.15261840820312,2020-11-12
91.6912841796875,2020-11-13
94.00794219970703,2020-11-16
92.6179428100586,2020-11-17
91.681640625,2020-11-18
91.09282684326172,2020-11-19
91.10246276855469,2020-11-20
91.41133880615234,2020-11-23
94.13340759277344,2020-11-24
93.33224487304688,2020-11-25
93.76661682128906,2020-11-27
92.63724517822266,2020-11-30
93.69905090332031,2020-12-01
92.80135345458984,2020-12-02
93.39016723632812,2020-12-03
94.99251556396484,2020-12-04
94.78981018066406,2020-12-07
95.20487213134766,2020-12-08
95.10835266113281,2020-12-09
94.7994613647461,2020-12-10
95.0600814819336,2020-12-11
93.76661682128906,2020-12-14
96.30529022216797,2020-12-15
95.58132934570312,2020-12-16
96.28598022460938,2020-12-17
96.57556915283203,2020-12-18
97.22229766845703,2020-12-21
95.94813537597656,2020-12-22
96.26669311523438,2020-12-23
96.76861572265625,2020-12-24
96.88444519042969,2020-12-28
96.0543212890625,2020-12-29
97.28021240234375,2020-12-30
98.25513458251953,2020-12-31
96.22806549072266,2021-01-04
96.11222076416016,2021-01-05
100.1663818359375,2021-01-06
104.71280670166016,2021-01-07
103.6510238647461,2021-01-08
102.33824920654297,2021-01-11
102.15483856201172,2021-01-12
101.5563735961914,2021-01-13
101.86526489257812,2021-01-14
99.90576171875,2021-01-15
100.63936614990234,2021-01-19
100.3884048461914,2021-01-20
99.55826568603516,2021-01-21
99.03700256347656,2021-01-22
97.4925765991211,2021-01-25
95.7840347290039,2021-01-26
94.54847717285156,2021-01-27
95.64889526367188,2021-01-28
93.2357177734375,2021-01-29
93.76661682128906,2021-02-01
93.80521392822266,2021-02-02
91.8167724609375,2021-02-03
93.79557037353516,2021-02-04
94.78016662597656,2021-02-05
97.45397186279297,2021-02-08
97.67598724365234,2021-02-09
97.62770080566406,2021-02-10
95.50410461425781,2021-02-11
95.67784881591797,2021-02-12
95.54270935058594,2021-02-16
95.04902648925781,2021-02-17
93.70349884033203,2021-02-18
96.5494384765625,2021-02-19
96.29777526855469,2021-02-22
95.68791961669922,2021-02-23
97.85626220703125,2021-02-24
96.80113220214844,2021-02-25
96.37521362304688,2021-02-26
98.9598159790039,2021-03-01
98.69844055175781,2021-03-02
97.90467071533203,2021-03-03
95.34910583496094,2021-03-04
97.03346252441406,2021-03-05
97.69171905517578,2021-03-08
96.81082916259766,2021-03-09
97.76914978027344,2021-03-10
97.82722473144531,2021-03-11
98.61133575439453,2021-03-12
100.73126220703125,2021-03-15
99.27924346923828,2021-03-16
101.03133392333984,2021-03-17
100.83773803710938,2021-03-18
100.682861328125,2021-03-19
99.15340423583984,2021-03-22
97.18833923339844,2021-03-23
97.87564086914062,2021-03-24
98.6694107055664,2021-03-25
101.40886688232422,2021-03-26
100.93453979492188,2021-03-29
101.5250244140625,2021-03-30
101.8154296875,2021-03-31
101.29270935058594,2021-04-01
103.01576232910156,2021-04-05
103.10289764404297,2021-04-06
102.55111694335938,2021-04-07
102.34783172607422,2021-04-08
104.54522705078125,2021-04-09
104.94212341308594,2021-04-12
103.6836929321289,2021-04-13
104.35160827636719,2021-04-14
104.58393096923828,2021-04-15
105.1357192993164,2021-04-16
104.74848937988281,2021-04-19
104.14834594726562,2021-04-20
105.9778823852539,2021-04-21
105.59069061279297,2021-04-22
106.9458999633789,2021-04-23
106.90717315673828,2021-04-26
107.7977523803711,2021-04-27
107.7009506225586,2021-04-28
108.67862701416016,2021-04-29
107.11046600341797,2021-04-30
108.03005981445312,2021-05-03
112.24091339111328,2021-05-04
113.60580444335938,2021-05-05
114.95135498046875,2021-05-06
115.5224609375,2021-05-07
115.96775817871094,2021-05-10
113.86717224121094,2021-05-11
109.36592102050781,2021-05-12
112.14409637451172,2021-05-13
114.612548828125,2021-05-14
113.7800521850586,2021-05-17
111.45683288574219,2021-05-18
109.55952453613281,2021-05-19
110.16936492919922,2021-05-20
111.77627563476562,2021-05-21
112.19251251220703,2021-05-24
113.03468322753906,2021-05-25
113.39370727539062,2021-05-26
114.11176300048828,2021-05-27
114.61634826660156,2021-05-28
115.7419204711914,2021-06-01
115.24706268310547,2021-06-02
114.98506164550781,2021-06-03
115.70311737060547,2021-06-04
115.4702377319336,2021-06-07
116.20769500732422,2021-06-08
114.9365463256836,2021-06-09
114.72307586669922,2021-06-10
114.65515899658203,2021-06-11
113.79154205322266,2021-06-14
114.58722686767578,2021-06-15
112.06433868408203,2021-06-16
110.56033325195312,2021-06-17
110.05574798583984,2021-06-18
112.87942504882812,2021-06-21
112.92794799804688,2021-06-22
112.62714385986328,2021-06-23
113.45194244384766,2021-06-24
113.38398742675781,2021-06-25
115.664306640625,2021-06-28
115.70311737060547,2021-06-29
116.4017562866211,2021-06-30
116.57642364501953,2021-07-01
117.30416107177734,2021-07-02
116.88693237304688,2021-07-06
117.0906982421875,2021-07-07
115.65460205078125,2021-07-08
117.45943450927734,2021-07-09
118.03193664550781,2021-07-12
117.18772888183594,2021-07-13
117.42061614990234,2021-07-14
116.45028686523438,2021-07-15
115.8195571899414,2021-07-16
113.75273132324219,2021-07-19
117.92518615722656,2021-07-20
118.79850006103516,2021-07-21
118.38125610351562,2021-07-22
119.60387420654297,2021-07-23
120.39955139160156,2021-07-26
120.2734146118164,2021-07-27
119.2836685180664,2021-07-28
121.35047912597656,2021-07-29
122.11705017089844,2021-07-30
121.91328430175781,2021-08-02
124.13536834716797,2021-08-03
122.90301513671875,2021-08-04
123.73751068115234,2021-08-05
124.97956085205078,2021-08-06
124.67874908447266,2021-08-09
125.56175231933594,2021-08-10
126.35741424560547,2021-08-11
127.20162200927734,2021-08-12
127.6285629272461,2021-08-13
128.9870147705078,2021-08-16
127.89055633544922,2021-08-17
126.40594482421875,2021-08-18
126.38654327392578,2021-08-19
127.6673812866211,2021-08-20
128.2786865234375,2021-08-23
129.98648071289062,2021-08-24
131.3672637939453,2021-08-25
130.56988525390625,2021-08-26
131.21168518066406,2021-08-27
132.7091064453125,2021-08-30
132.54380798339844,2021-08-31
132.77719116210938,2021-09-01
134.21629333496094,2021-09-02
133.45782470703125,2021-09-03
131.9020538330078,2021-09-07
131.3769989013672,2021-09-08
130.2393035888672,2021-09-09
130.6282501220703,2021-09-10
129.01409912109375,2021-09-13
128.82937622070312,2021-09-14
130.47267150878906,2021-09-15
129.20858764648438,2021-09-16
127.925048828125,2021-09-17
127.41941833496094,2021-09-20
127.32218933105469,2021-09-21
129.48086547851562,2021-09-22
131.43531799316406,2021-09-23
131.8728790283203,2021-09-24
130.58935546875,2021-09-27
125.35801696777344,2021-09-28
124.24951171875,2021-09-29
120.26278686523438,2021-09-30
117.94855499267578,2021-10-01
116.0038070678711,2021-10-04
119.08623504638672,2021-10-05
118.87229919433594,2021-10-06
118.9792709350586,2021-10-07
118.11385345458984,2021-10-08
115.50788116455078,2021-10-11
115.47872924804688,2021-10-12
116.6261215209961,2021-10-13
119.96135711669922,2021-10-14
121.24488067626953,2021-10-15
121.6338119506836,2021-10-18
122.042236328125,2021-10-19
123.06321716308594,2021-10-20
124.53150939941406,2021-10-21
125.20242309570312,2021-10-22
125.48442840576172,2021-10-25
124.26895904541016,2021-10-26
124.46343994140625,2021-10-27
127.58474731445312,2021-10-28
126.98187255859375,2021-10-29
125.6983413696289,2021-11-01
125.48442840576172,2021-11-02
122.14918518066406,2021-11-03
126.15535736083984,2021-11-04
127.39024353027344,2021-11-05
129.39337158203125,2021-11-08
129.82118225097656,2021-11-09
128.61544799804688,2021-11-10
126.7096176147461,2021-11-11
126.92352294921875,2021-11-12
125.892822265625,2021-11-15
127.23468780517578,2021-11-16
126.5637435913086,2021-11-17
126.64155578613281,2021-11-18
125.53304290771484,2021-11-19
124.3539047241211,2021-11-22
123.34042358398438,2021-11-23
121.8494873046875,2021-11-24
119.5107192993164,2021-11-26
120.64112854003906,2021-11-29
118.01976776123047,2021-11-30
115.57380676269531,2021-12-01
117.26939392089844,2021-12-02
115.07681274414062,2021-12-03
117.62022399902344,2021-12-06
121.0016860961914,2021-12-07
120.98219299316406,2021-12-08
119.958984375,2021-12-09
119.66663360595703,2021-12-10
118.9844970703125,2021-12-13
115.65176391601562,2021-12-14
116.69447326660156,2021-12-15
115.61278533935547,2021-12-16
112.85499572753906,2021-12-17
111.13990783691406,2021-12-20
113.02066040039062,2021-12-21
113.19607543945312,2021-12-22
114.50188446044922,2021-12-23
115.27172088623047,2021-12-27
116.47032928466797,2021-12-28
116.31440734863281,2021-12-29
116.06104278564453,2021-12-30
116.86012268066406,2021-12-31
113.90743255615234,2022-01-03
115.11579132080078,2022-01-04
113.54688262939453,2022-01-05
113.39096069335938,2022-01-06
112.48468780517578,2022-01-07
111.34454345703125,2022-01-10
113.22530364990234,2022-01-11
113.21554565429688,2022-01-12
111.50045776367188,2022-01-13
108.6939468383789,2022-01-14
107.17374420166016,2022-01-18
105.74126434326172,2022-01-19
103.80204010009766,2022-01-20
104.35748291015625,2022-01-21
104.8447265625,2022-01-24
101.21966552734375,2022-01-25
99.92359924316406,2022-01-26
97.86742401123047,2022-01-27
99.11476135253906,2022-01-28
102.34031677246094,2022-01-31
102.24286651611328,2022-02-01
101.5217514038086,2022-02-02
89.31145477294922,2022-02-03
88.20054626464844,2022-02-04
87.17733764648438,2022-02-07
89.03860473632812,2022-02-08
92.74163055419922,2022-02-09
89.4966049194336,2022-02-10
86.96295166015625,2022-02-11
86.98245239257812,2022-02-14
88.70729064941406,2022-02-15
88.64861297607422,2022-02-16
87.80777740478516,2022-02-17
88.63883972167969,2022-02-18
88.00333404541016,2022-02-22
86.18479919433594,2022-02-23
85.74482727050781,2022-02-24
88.90282440185547,2022-02-25
86.96694946289062,2022-02-28
84.82579803466797,2022-03-01
86.16525268554688,2022-03-02
86.93762969970703,2022-03-03
83.34945678710938,2022-03-04
81.5211410522461,2022-03-07
80.53364562988281,2022-03-08
83.68187713623047,2022-03-09
81.37448120117188,2022-03-10
81.75579071044922,2022-03-11
82.11753845214844,2022-03-14
83.60365295410156,2022-03-15
85.158203125,2022-03-16
86.13591003417969,2022-03-17
86.1065902709961,2022-03-18
85.70571899414062,2022-03-21
86.71276092529297,2022-03-22
84.61068725585938,2022-03-23
84.41514587402344,2022-03-24
84.7573471069336,2022-03-25
84.91378021240234,2022-03-28
87.27982330322266,2022-03-29
86.13591003417969,2022-03-30
83.3592300415039,2022-03-31
84.30760192871094,2022-04-01
84.82579803466797,2022-04-04
84.952880859375,2022-04-05
84.77690124511719,2022-04-06
84.78668212890625,2022-04-07
84.73779296875,2022-04-08
83.81875610351562,2022-04-11
82.95835876464844,2022-04-12
84.61068725585938,2022-04-13
82.26419067382812,2022-04-14
80.80741882324219,2022-04-18
83.43743133544922,2022-04-19
84.86489868164062,2022-04-20
84.55203247070312,2022-04-21
82.78237915039062,2022-04-22
82.17620849609375,2022-04-25
79.0084228515625,2022-04-26
80.27945709228516,2022-04-27
81.55047607421875,2022-04-28
78.7053451538086,2022-04-29
80.00569915771484,2022-05-02
80.53364562988281,2022-05-03
88.286865234375,2022-05-04
84.35649871826172,2022-05-05
83.31033325195312,2022-05-06
83.08546447753906,2022-05-09
80.78785705566406,2022-05-10
79.0866470336914,2022-05-11
80.94429016113281,2022-05-12
82.03932189941406,2022-05-13
79.97637176513672,2022-05-16
82.16641998291016,2022-05-17
79.15509033203125,2022-05-18
80.12301635742188,2022-05-19
79.86882019042969,2022-05-20
79.42884826660156,2022-05-23
80.12301635742188,2022-05-24
79.51461029052734,2022-05-25
82.36038208007812,2022-05-26
84.30335998535156,2022-05-27
82.67440795898438,2022-05-31
82.1837387084961,2022-06-01
84.89213562011719,2022-06-02
83.88140106201172,2022-06-03
84.06784057617188,2022-06-06
84.40148162841797,2022-06-07
83.04728698730469,2022-06-08
81.17301940917969,2022-06-09
78.6412582397461,2022-06-10
75.52073669433594,2022-06-13
75.0693359375,2022-06-14
75.02027130126953,2022-06-15
71.70348358154297,2022-06-16
71.54647064208984,2022-06-17
73.41093444824219,2022-06-21
74.10765075683594,2022-06-22
75.39315795898438,2022-06-23
78.12117004394531,2022-06-24
78.06229400634766,2022-06-27
76.44316101074219,2022-06-28
76.57071685791016,2022-06-29
76.71791076660156,2022-06-30
77.27725219726562,2022-07-01
77.32633209228516,2022-07-05
78.02304077148438,2022-07-06
78.82771301269531,2022-07-07
77.28707122802734,2022-07-08
76.72772979736328,2022-07-11
75.34410858154297,2022-07-12
74.6081314086914,2022-07-13
74.03895568847656,2022-07-14
75.83474731445312,2022-07-15
74.46092224121094,2022-07-18
78.28799438476562,2022-07-19
79.68144226074219,2022-07-20
81.40852355957031,2022-07-21
82.76271057128906,2022-07-22
82.72346496582031,2022-07-25
83.33186340332031,2022-07-26
85.60846710205078,2022-07-27
88.29724884033203,2022-07-28
90.30889892578125,2022-07-29
89.49442291259766,2022-08-01
93.58644104003906,2022-08-02
95.49015045166016,2022-08-03
95.87285614013672,2022-08-04
95.40184783935547,2022-08-05
97.79621887207031,2022-08-08
96.21631622314453,2022-08-09
98.60086822509766,2022-08-10
99.24853515625,2022-08-11
101.44662475585938,2022-08-12
101.56438446044922,2022-08-15
102.01579284667969,2022-08-16
100.40646362304688,2022-08-17
100.43589782714844,2022-08-18
97.66863250732422,2022-08-19
95.16632843017578,2022-08-22
94.35184478759766,2022-08-23
94.33222198486328,2022-08-24
95.72566986083984,2022-08-25
91.2313232421875,2022-08-26
90.32852935791016,2022-08-29
89.64160919189453,2022-08-30
89.69083404541016,2022-08-31
90.66552734375,2022-09-01
89.79914093017578,2022-09-02
91.06918334960938,2022-09-06
94.31814575195312,2022-09-07
94.93840026855469,2022-09-08
95.37159729003906,2022-09-09
96.0903091430664,2022-09-12
92.27031707763672,2022-09-13
93.09732055664062,2022-09-14
92.8216552734375,2022-09-15
91.81743621826172,2022-09-16
94.97779083251953,2022-09-19
93.37298583984375,2022-09-20
91.93557739257812,2022-09-21
89.29703521728516,2022-09-22
88.47002410888672,2022-09-23
87.51502990722656,2022-09-26
86.99323272705078,2022-09-27
89.1690444946289,2022-09-28
86.72740173339844,2022-09-29
86.0086898803711,2022-09-30
88.80475616455078,2022-10-03
91.69928741455078,2022-10-04
91.22672271728516,2022-10-05
90.2421875,2022-10-06
87.88915252685547,2022-10-07
87.44612121582031,2022-10-10
87.67256164550781,2022-10-11
85.87086486816406,2022-10-12
86.97354125976562,2022-10-13
84.86663818359375,2022-10-14
89.14936065673828,2022-10-17
92.13248443603516,2022-10-18
91.46300506591797,2022-10-19
89.63176727294922,2022-10-20
92.40815734863281,2022-10-21
94.51504516601562,2022-10-24
96.70071411132812,2022-10-25
97.53756713867188,2022-10-26
98.99466705322266,2022-10-27
100.93419647216797,2022-10-28
100.84558868408203,2022-10-31
103.90747833251953,2022-11-01
102.65711975097656,2022-11-02
105.51226806640625,2022-11-03
105.55164337158203,2022-11-04
107.04813385009766,2022-11-07
106.59525299072266,2022-11-08
103.72042846679688,2022-11-09
110.01158142089844,2022-11-10
109.47992706298828,2022-11-11
107.29428100585938,2022-11-14
110.39554595947266,2022-11-15
110.67121887207031,2022-11-16
109.07627868652344,2022-11-17
110.88780975341797,2022-11-18
110.55219268798828,2022-11-21
111.13460540771484,2022-11-22
111.79600524902344,2022-11-23
112.04279327392578,2022-11-25
108.2027359008789,2022-11-28
108.46927642822266,2022-11-29
110.90756225585938,2022-11-30
112.33895111083984,2022-12-01
112.0724105834961,2022-12-02
110.60154724121094,2022-12-05
109.3873291015625,2022-12-06
109.5551528930664,2022-12-07
109.9105224609375,2022-12-08
109.80194091796875,2022-12-09
111.83549499511719,2022-12-12
113.51366424560547,2022-12-13
113.27674865722656,2022-12-14
109.21951293945312,2022-12-15
108.49889373779297,2022-12-16
107.08724212646484,2022-12-19
106.89968872070312,2022-12-20
109.72296905517578,2022-12-21
108.4001693725586,2022-12-22
108.32120513916016,2022-12-23
109.29849243164062,2022-12-27
107.54134368896484,2022-12-28
110.20667266845703,2022-12-29
109.1504135131836,2022-12-30
109.33797454833984,2023-01-03
109.17015075683594,2023-01-04
106.07047271728516,2023-01-05
109.84142303466797,2023-01-06
110.35475158691406,2023-01-09
111.489990234375,2023-01-10
113.38533020019531,2023-01-11
114.6982650756836,2023-01-12
115.42876434326172,2023-01-13
114.51069641113281,2023-01-17
112.08228302001953,2023-01-18
107.23532104492188,2023-01-19
108.76541900634766,2023-01-20
100.11788940429688,2023-01-23
102.24028778076172,2023-01-24
101.2235107421875,2023-01-25
100.029052734375,2023-01-26
101.10504150390625,2023-01-27
99.802001953125,2023-01-30
102.67463684082031,2023-01-31
103.57295227050781,2023-02-01
104.56998443603516,2023-02-02
103.89871215820312,2023-02-03
102.71411895751953,2023-02-06
106.38636016845703,2023-02-07
104.8759994506836,2023-02-08
104.69831848144531,2023-02-09
104.80690002441406,2023-02-10
105.77432250976562,2023-02-13
105.96188354492188,2023-02-14
106.49494934082031,2023-02-15
104.88587188720703,2023-02-16
105.91252136230469,2023-02-17
102.26856994628906,2023-02-21
102.0111083984375,2023-02-22
102.29827117919922,2023-02-23
101.39717864990234,2023-02-24
101.54571533203125,2023-02-27
101.64472961425781,2023-02-28
100.10000610351562,2023-03-01
101.24864959716797,2023-03-02
102.90229797363281,2023-03-03
102.55572509765625,2023-03-06
101.16943359375,2023-03-07
100.77334594726562,2023-03-08
99.49598693847656,2023-03-09
98.01067352294922,2023-03-10
96.94125366210938,2023-03-13
98.92166137695312,2023-03-14
95.60447692871094,2023-03-15
96.20850372314453,2023-03-16
93.80229949951172,2023-03-17
96.6937026977539,2023-03-20
97.55517578125,2023-03-21
96.6144790649414,2023-03-22
96.27781677246094,2023-03-23
97.6244888305664,2023-03-24
98.43646240234375,2023-03-27
98.99098205566406,2023-03-28
100.48619079589844,2023-03-29
101.39717864990234,2023-03-30
103.6746597290039,2023-03-31
103.43700408935547,2023-04-03
100.18913269042969,2023-04-04
99.28804016113281,2023-04-05
99.27813720703125,2023-04-06
100.55550384521484,2023-04-10
101.72395324707031,2023-04-11
102.47650146484375,2023-04-12
103.55583953857422,2023-04-13
103.41720581054688,2023-04-14
103.6251449584961,2023-04-17
103.1696548461914,2023-04-18
102.72405242919922,2023-04-19
102.99141693115234,2023-04-20
103.2884750366211,2023-04-21
103.51622009277344,2023-04-24
101.91209411621094,2023-04-25
99.9910888671875,2023-04-26
102.81318664550781,2023-04-27
102.82307434082031,2023-04-28
103.47661590576172,2023-05-01
103.49642181396484,2023-05-02
103.13004302978516,2023-05-03
105.2886962890625,2023-05-04
107.90283966064453,2023-05-05
106.28880310058594,2023-05-08
105.75409698486328,2023-05-09
105.76399230957031,2023-05-10
104.09054565429688,2023-05-11
103.72416687011719,2023-05-12
103.61524200439453,2023-05-15
102.2487564086914,2023-05-16
102.93199920654297,2023-05-17
103.40730285644531,2023-05-18
103.9618148803711,2023-05-19
103.31818389892578,2023-05-22
103.1201400756836,2023-05-23
100.07030487060547,2023-05-24
97.92156219482422,2023-05-25
97.7129135131836,2023-05-26
97.95135498046875,2023-05-30
99.5509262084961,2023-05-31
101.46842193603516,2023-06-01
104.37944793701172,2023-06-02
105.47232818603516,2023-06-05
105.60148620605469,2023-06-06
106.38636779785156,2023-06-07
108.3436050415039,2023-06-08
108.99932098388672,2023-06-09
108.1150894165039,2023-06-12
110.10213470458984,2023-06-13
111.05591583251953,2023-06-14
112.60580444335938,2023-06-15
112.70516967773438,2023-06-16
112.51639556884766,2023-06-20
112.7945785522461,2023-06-21
111.70170593261719,2023-06-22
110.31077575683594,2023-06-23
109.95310974121094,2023-06-26
110.88701629638672,2023-06-27
109.8239517211914,2023-06-28
110.61875915527344,2023-06-29
111.8904800415039,2023-06-30
111.10559844970703,2023-07-03
109.50601959228516,2023-07-05
108.83042907714844,2023-07-06
108.8602294921875,2023-07-07
111.01617431640625,2023-07-10
111.93022155761719,2023-07-11
110.89695739746094,2023-07-12
110.0325927734375,2023-07-13
108.74101257324219,2023-07-14
109.91336822509766,2023-07-17
110.19155883789062,2023-07-18
110.73799133300781,2023-07-19
112.81446075439453,2023-07-20
113.03302001953125,2023-07-21
113.22179412841797,2023-07-24
113.60926818847656,2023-07-25
113.09264373779297,2023-07-26
112.16866302490234,2023-07-27
111.8904800415039,2023-07-28
112.01963806152344,2023-07-31
111.20494842529297,2023-08-01
111.35397338867188,2023-08-02
107.69781494140625,2023-08-03
104.9854965209961,2023-08-04
106.26713562011719,2023-08-07
104.46886444091797,2023-08-08
101.6671371459961,2023-08-09
101.77642059326172,2023-08-10
101.6671371459961,2023-08-11
101.44855499267578,2023-08-14
100.36561584472656,2023-08-15
99.3720932006836,2023-08-16
98.86540222167969,2023-08-17
98.81571960449219,2023-08-18
99.2628173828125,2023-08-21
98.85546875,2023-08-22
99.91853332519531,2023-08-23
99.0044937133789,2023-08-24
100.5146484375,2023-08-25
101.16043853759766,2023-08-28
101.62739562988281,2023-08-29
103.15239715576172,2023-08-30
103.20223999023438,2023-08-31
102.24536895751953,2023-09-01
97.42115783691406,2023-09-05
97.49092864990234,2023-09-06
95.38780975341797,2023-09-07
94.90937805175781,2023-09-08
96.34468078613281,2023-09-11
96.27490234375,2023-09-12
94.70006561279297,2023-09-13
96.00579071044922,2023-09-14
95.2383041381836,2023-09-15
95.16853332519531,2023-09-18
94.53060913085938,2023-09-19
93.26476287841797,2023-09-20
91.12177276611328,2023-09-21
90.60346984863281,2023-09-22
90.69317626953125,2023-09-25
89.22796630859375,2023-09-26
90.01538848876953,2023-09-27
90.75298309326172,2023-09-28
90.73304748535156,2023-09-29
91.52046966552734,2023-10-02
89.83597564697266,2023-10-03
90.92242431640625,2023-10-04
89.845947265625,2023-10-05
90.6732406616211,2023-10-06
90.7928466796875,2023-10-09
91.65003967285156,2023-10-10
92.06867980957031,2023-10-11
90.99219512939453,2023-10-12
89.87584686279297,2023-10-13
91.60021209716797,2023-10-16
92.716552734375,2023-10-17
90.04529571533203,2023-10-18
91.85935974121094,2023-10-19
91.510498046875,2023-10-20
89.35755157470703,2023-10-23
89.14823150634766,2023-10-24
87.47371673583984,2023-10-25
88.40068054199219,2023-10-26
87.88236999511719,2023-10-27
88.9787826538086,2023-10-30
93.23485565185547,2023-10-31
94.17179107666016,2023-11-01
94.0023422241211,2023-11-02
96.61380004882812,2023-11-03
95.8463134765625,2023-11-06
96.45431518554688,2023-11-07
96.49418640136719,2023-11-08
96.50415802001953,2023-11-09
98.13880920410156,2023-11-10
98.18864440917969,2023-11-13
100.86986541748047,2023-11-14
99.91300201416016,2023-11-15
100.92967224121094,2023-11-16
100.83000183105469,2023-11-17
100.20999908447266,2023-11-20
101.0199966430664,2023-11-21
102.22000122070312,2023-11-22
103.26000213623047,2023-11-24
103.18000030517578,2023-11-27
102.63999938964844,2023-11-28
103.5,2023-11-29
105.12999725341797,2023-11-30
106.19999694824219,2023-12-01
106.47000122070312,2023-12-04
105.79000091552734,2023-12-05
106.0999984741211,2023-12-06
106.04000091552734,2023-12-07
106.37999725341797,2023-12-08
107.69999694824219,2023-12-11
107.94000244140625,2023-12-12
